Price,Close,High,Low,Open,Volume
Ticker,MARICO.NS,MARICO.NS,MARICO.NS,MARICO.NS,MARICO.NS
Date,,,,,
2017-07-03,285.0693359375,285.9933035609146,275.2575441929997,276.3135302096222,643521
2017-07-04,284.5853576660156,290.34923935681917,282.03342255211317,286.9172979105326,744889
2017-07-05,286.5212707519531,287.75323642377856,281.769387815005,284.2333191586559,354179
2017-07-06,285.0693359375,286.6532881075937,283.4413686847237,286.52129656922585,767628
2017-07-07,281.7694396972656,285.33334584249,280.5374469437556,285.11335097291214,876158
2017-07-10,284.23333740234375,284.9813252401599,281.1973978243768,283.22136649463454,68562
2017-07-11,283.30938720703125,285.99331371689965,281.5494283533888,285.1133342900784,956672
2017-07-12,284.9373474121094,285.99333353942285,282.4734155881684,282.4734155881684,267775
2017-07-13,288.67724609375,294.353124254038,284.3213639553619,285.55332980698154,1099204
2017-07-14,287.7972412109375,293.29711225421977,286.65327877587043,288.8092389667727,828849
2017-07-17,288.105224609375,290.3051729140508,285.20130358913804,287.88522977890744,431513
2017-07-18,289.60125732421875,290.92122656739673,285.2453480797942,287.9293016538286,790944
2017-07-19,291.1852722167969,293.64923144619377,289.9533060295228,291.27327555621264,502939
2017-07-20,286.6092834472656,292.10915435426074,283.35334912838914,292.10915435426074,447725
2017-07-21,290.085205078125,291.0971760214796,285.2893334405436,287.31327532725277,1033196
2017-07-24,290.3932189941406,291.7131881713867,286.47729969304055,288.8532549540202,792802
2017-07-25,291.05322265625,292.90118499646474,287.7532994968821,290.39323802437644,849301
2017-07-26,287.4893493652344,291.71324075182906,285.3773768170905,291.31723918534044,833790
2017-07-27,287.1372985839844,290.0412470314766,285.1133564866644,287.5333000988197,1997793
2017-07-28,292.5051574707031,293.0331505002303,285.55332533731155,286.16932168090005,881810
2017-07-31,294.5291442871094,295.5851035559014,288.28128457442966,293.957136138149,838780
2017-08-01,287.1812744140625,294.6170840202156,278.68947881593016,294.52910756658343,5253719
2017-08-02,286.96136474609375,287.70935280786006,278.51355486730097,278.9535446854168,2181797
2017-08-03,288.4573059082031,289.77727532545515,281.2414892068,285.1133941264366,3186048
2017-08-04,285.8613586425781,290.30524457301726,283.79340135476065,290.30524457301726,2128283
2017-08-07,294.13311767578125,295.23309193784473,285.9933081365113,289.5132257751145,3052279
2017-08-08,293.869140625,297.3010550220928,288.89723537457746,293.0331494267411,2835258
2017-08-09,286.6092834472656,293.0331219247006,285.377290880228,293.0331219247006,2275048
2017-08-10,282.077392578125,285.8613202002363,278.95347637641373,285.11333232163423,1679678
2017-08-11,281.5494384765625,285.1573327723795,277.5015275966731,282.0774046677657,1062783
2017-08-14,280.1414794921875,287.18131549963135,279.5254830995989,281.54945206464487,1144214
2017-08-16,278.0295104980469,281.85739951880805,274.90556742159055,280.141455750325,1454928
2017-08-17,281.46142578125,284.98134349780815,276.00554257864843,276.00554257864843,1557457
2017-08-18,281.5054016113281,283.7933533972819,278.5134770550069,278.5134770550069,928269
2017-08-21,279.70147705078125,281.76943415510675,277.8095265805931,281.4614359727873,947075
2017-08-22,277.2814636230469,283.7053013268132,276.9734655183819,279.305405131128,1800960
2017-08-23,277.14959716796875,279.78953607661487,276.4896124408072,279.61352940743285,1265870
2017-08-24,278.1614990234375,279.48146814864697,277.19351629398244,278.5134854191919,695941
2017-08-28,280.053466796875,281.593430871956,277.7655148000719,277.7655148000719,1213344
2017-08-29,275.12554931640625,279.78945616925273,272.88161262686026,279.21744808519935,982750
2017-08-30,276.97357177734375,277.8975395909773,272.52968565677014,275.34560418941487,1029028
2017-08-31,277.5894775390625,279.3934243401112,273.84956555970666,276.7534864723306,2496373
2017-09-01,276.6215515136719,277.9855089489934,274.68558593949723,277.9855089489934,1355843
2017-09-04,276.8855285644531,277.6775046984646,273.7175971735658,275.43356784295855,1120905
2017-09-05,276.1815185546875,277.4574724724248,274.4215598917356,277.23747763955583,1052762
2017-09-06,280.7574462890625,282.29741040065704,274.99359135617425,274.99359135617425,1501844
2017-09-07,282.3854064941406,284.1013772022257,278.2495190988938,281.6374185738255,1113596
2017-09-08,286.21331787109375,287.1813006430097,281.3734308663558,281.3734308663558,1405499
2017-09-11,285.0693359375,287.6212708136909,281.50540327252924,286.21329840980763,923061
2017-09-12,290.4812316894531,291.71319759035947,284.4533668810971,285.24534304204815,996802
2017-09-13,297.2130432128906,306.848828412802,290.4812061543143,290.4812061543143,2711763
2017-09-14,291.9332275390625,300.95301829196495,290.43725150152085,297.2131050529566,1179317
2017-09-15,287.7972412109375,292.06514651149234,285.20131819141176,291.27317045222753,1393684
2017-09-18,291.5811767578125,293.4291388510149,285.8613107128012,287.88525257140776,737906
2017-09-19,292.10919189453125,296.46507409976243,291.2732006672956,292.06517680871565,993356
2017-09-20,291.5372009277344,293.033176836706,289.55724703018905,293.033176836706,597753
2017-09-21,284.5853576660156,291.3171952982411,281.9454192333905,290.2612360380965,1794428
2017-09-22,282.7374267578125,284.84939922207917,279.87749313853396,284.84939922207917,681677
2017-09-25,279.78948974609375,283.35339594067756,275.4775687587744,283.35339594067756,774814
2017-09-26,278.6015319824219,280.7134775396509,275.609606871777,280.7134775396509,753998
2017-09-27,276.6215515136719,279.61347633798,273.2336251862873,279.04149505396913,719149
2017-09-28,274.06964111328125,277.8535424297694,270.5057078290663,277.23754600390174,1519850
2017-09-29,273.4536437988281,277.76553820135643,272.52967601787367,274.0696402226941,752882
2017-10-03,271.1217041015625,277.1935576116098,270.59371100180954,277.1935576116098,693367
2017-10-04,273.2775573730469,275.2575107726885,271.2976039734052,272.79357950618027,491575
2017-10-05,276.049560546875,277.58952456395707,273.67360532144045,274.37757813017004,311375
2017-10-06,277.1055603027344,278.4255296533554,273.6736453620888,276.31358406333084,784315
2017-10-09,276.0935363769531,280.84541975956455,275.43355182784484,278.0734900242779,461294
2017-10-10,278.64544677734375,279.5694411778059,273.84957558815165,277.1054829647445,846330
2017-10-11,276.3575439453125,279.8334736205869,275.1695931355141,279.8334736205869,576456
2017-10-12,280.9774475097656,282.16542522223074,274.9935975686101,276.3135668369394,963456
2017-10-13,278.9534912109375,285.02534416601156,278.0735117433951,282.03341934733584,801731
2017-10-16,280.1414794921875,281.8134351729868,275.6535786664734,279.17349667019533,774940
2017-10-17,283.2214050292969,283.8813896486654,278.7335042466226,280.7134581047281,614101
2017-10-18,278.5135192871094,283.26540334473583,276.79754847373465,283.26540334473583,553653
2017-10-19,276.7095642089844,280.7134601875911,275.7855696221068,279.70148913468597,62532
2017-10-23,279.3935241699219,281.5054698477961,276.66558202752975,276.66558202752975,446447
2017-10-24,275.6535339355469,280.7134152448187,274.5535597378791,280.7134152448187,621541
2017-10-25,277.1935729980469,279.65750512720217,274.64163753824045,275.78560027216696,661678
2017-10-26,275.82958984375,279.6134910180282,274.72961544950124,278.8655030589703,2377811
2017-10-27,273.7176208496094,277.36955736677476,271.6936786815307,276.57755430941495,523985
2017-10-30,275.3016052246094,278.6015285087748,272.96966480810136,274.6416205677763,1231884
2017-10-31,277.4134826660156,278.42545352047523,272.4416048424931,276.5335033395572,1128607
2017-11-01,278.0295104980469,280.0094642073403,276.5335347313111,278.9534781537808,675593
2017-11-02,274.9055480957031,279.96542944152054,274.1575602649188,277.98547587141803,719731
2017-11-03,274.99359130859375,278.51350927734376,272.88164589831234,278.07351953125004,758927
2017-11-06,277.692626953125,279.1970274438425,274.1528865100969,274.32988433467887,552139
2017-11-07,274.6395263671875,279.06420046040444,273.88732637012714,278.6659689895879,408573
2017-11-08,274.8165283203125,276.5421622149621,270.7900852408909,270.7900852408909,457907
2017-11-09,276.45367431640625,279.15274213060854,275.3917685749111,277.4271081673305,595183
2017-11-10,274.7723693847656,276.0997721354167,273.621964469966,276.0997721354167,352515
2017-11-13,273.4449157714844,275.6130173300306,272.69271561814753,274.77231827522945,800332
2017-11-14,263.40093994140625,274.3741303145852,261.7195685707387,273.444959216765,2130959
2017-11-15,256.6754150390625,263.00272261105545,255.08254266095614,263.00272261105545,1790901
2017-11-16,269.1972351074219,270.3034038463477,256.8523811785804,258.4010174130766,2087903
2017-11-17,272.029052734375,273.7546870350634,269.24151248455877,270.7901489573541,1260937
2017-11-20,268.88751220703125,273.0466906125275,266.321206040904,271.67505212896384,935754
2017-11-21,270.2149658203125,271.1441369679057,266.6752250583135,269.90523310242185,1083457
2017-11-22,267.8255615234375,271.4980362237837,266.0556915949746,270.7016001571897,822711
2017-11-23,270.2591857910156,271.3211187592313,265.52477740067627,267.25041172250747,862415
2017-11-24,273.9759216308594,274.5953600181717,270.08221246033565,271.1883813727615,666537
2017-11-27,276.01129150390625,276.45375911677115,271.67511429904624,274.3299199762356,688160
2017-11-28,275.43603515625,277.11740635518566,272.8254659483232,276.896172592008,826802
2017-11-29,275.12628173828125,276.14395157093753,273.2236769196504,276.0997156240678,415422
2017-11-30,270.7901306152344,274.81657436933807,269.90519554786437,274.3298708847146,1930976
2017-12-01,274.683837890625,277.2501441696495,268.400793548134,271.6750640805247,1001880
2017-12-04,276.1882019042969,278.09080663599394,270.2591269667493,277.8695728996089,556113
2017-12-05,274.1086730957031,276.7192426895222,272.8255062771659,274.77237448334404,817017
2017-12-06,270.5688781738281,275.17055100897664,269.7281791154213,275.17055100897664,380430
2017-12-07,273.88739013671875,274.59532735402877,270.79011755035845,270.87861645404064,729134
2017-12-08,276.0555114746094,277.2059162864565,274.374113202728,274.374113202728,1015961
2017-12-11,277.0289306640625,278.75456496388875,276.27675741108493,276.98469471014977,781079
2017-12-12,272.6485290527344,278.1351108583035,271.71933092817204,278.1351108583035,571039
2017-12-13,272.5157775878906,274.5511175359279,269.68397443698314,272.6485124530102,734023
2017-12-14,272.6927490234375,276.01125568932247,269.4185053167435,274.3298843798227,492675
2017-12-15,270.7458801269531,275.7899935364804,269.329978693971,273.3564222318801,1258942
2017-12-18,272.4715270996094,273.7989298237121,259.3302347297766,270.7901557169614,718596
2017-12-19,277.20587158203125,278.00230763149165,272.4714642240289,272.4714642240289,602188
2017-12-20,282.3385314941406,284.6393681442857,277.1174198304764,277.1616827889091,1370296
2017-12-21,280.480224609375,285.8340718083063,279.24129371493996,284.06420139463256,706780
2017-12-22,280.480224609375,281.5421306539316,278.7545901536114,280.52446056728513,270562
2017-12-26,282.1615295410156,283.0022015855538,279.6836953427304,280.43589549231825,401190
2017-12-27,281.099609375,284.63934952643984,277.3386354640952,282.1615422228616,436788
2017-12-28,280.9226989746094,284.949143460202,279.81652993943777,283.17927300392745,518455
2017-12-29,285.39154052734375,287.86934775119835,281.14386328471494,281.14386328471494,749478
2018-01-01,283.7987365722656,286.67477604451994,282.29433589203916,285.3916091698515,346559
2018-01-02,288.22332763671875,289.2852333864105,281.1880838934469,284.1526214143876,880910
2018-01-03,283.9314270019531,290.2144714973407,282.9579930086831,289.3737723654085,1160639
2018-01-04,286.14373779296875,286.71894014203906,283.3561979428024,283.3561979428024,1060147
2018-01-05,289.3295593261719,290.25873043519493,282.86951650003465,285.03761842919204,1392301
2018-01-08,285.9667053222656,290.25864495528793,285.08177042910927,290.25864495528793,1294585
2018-01-09,286.5862121582031,288.1790843947194,283.8871441385675,286.4534773061724,503640
2018-01-10,284.63934326171875,288.7542856959856,282.51550461881396,286.71894595613384,694363
2018-01-11,279.9049987792969,284.19693998978056,277.9581575024521,283.1792698898299,1244144
2018-01-12,276.7191467285156,281.85175821061404,273.9315802622366,281.1880570531322,1619595
2018-01-15,275.5687561035156,279.4182287897193,274.5510862454803,277.11739236759166,612750
2018-01-16,277.5598449707031,279.0199822543721,275.65724020676646,276.4536762700339,608077
2018-01-17,274.99359130859375,278.09086425977665,270.2591829677131,277.3829269590799,1510355
2018-01-18,275.2147521972656,280.08189411715296,272.16171600872656,279.28545811329445,953935
2018-01-19,277.9580993652344,279.1970030106596,274.5068581365234,277.86960046068816,488384
2018-01-22,279.9491882324219,281.76329415135837,276.5421831349844,277.95808451385,468259
2018-01-23,277.7368469238281,282.8694589693558,276.6749141528565,281.49782056241696,599429
2018-01-24,276.6749267578125,279.1084980465933,275.2147893857587,276.7634256604374,532453
2018-01-25,272.0732727050781,276.8961521832346,269.37420478960144,276.67491843636304,1701755
2018-01-29,274.9493103027344,276.09971497938614,270.87860397554175,272.78120878973004,781405
2018-01-30,279.1527404785156,280.34738105486855,273.0024317802278,274.94929947055425,1182868
2018-01-31,273.7989501953125,279.06432552844683,272.161814645895,278.66609387915514,721880
2018-02-01,274.9493103027344,276.5864184181067,270.7901050759364,272.3387412977759,853132
2018-02-02,269.4627685546875,276.9404818014118,267.0734327108842,272.6485406777321,1147132
2018-02-05,261.4097900390625,269.5069397775857,260.6575898980909,265.4804963848446,1283740
2018-02-06,264.7725830078125,265.92298779317326,251.45429403782052,255.74623451656262,2142356
2018-02-07,265.7902526855469,269.02026027779885,264.46285008549194,269.02026027779885,1609320
2018-02-08,265.5689697265625,269.02021044620443,264.81676965798243,266.9848709722302,1187715
2018-02-09,263.0027160644531,265.03805594204533,260.2594119205992,263.7991522336816,622959
2018-02-12,274.3741149902344,275.79001654132304,267.16189937803165,271.40960403129753,3514638
2018-02-14,279.2855224609375,280.92265779422013,276.9846858038437,278.7545560006734,2266519
2018-02-15,274.2856750488281,282.29432777738504,272.338806813449,280.2589876271897,1559501
2018-02-16,273.6611328125,277.8095357376284,270.449456371033,277.8095357376284,879423
2018-02-19,273.7503662109375,275.8022563464504,270.4494710618005,274.3748414920757,577585
2018-02-20,275.1777038574219,277.3188119254064,272.45668909910165,273.79488504480025,557860
2018-02-21,273.83953857421875,277.4526571419084,271.34155619380965,277.4526571419084,480362
2018-02-22,270.22637939453125,273.88412065294517,268.70977356344986,273.34883679611204,582185
2018-02-23,273.57196044921875,274.06264882519855,267.9069232629154,270.31568780691117,901694
2018-02-26,274.107177734375,278.746268605827,271.2077527461351,274.19639625607033,2912742
2018-02-27,278.880126953125,280.93201714880644,273.52734151151293,274.7317236810106,959055
2018-02-28,274.91009521484375,280.5751311295248,273.7503360877246,275.5791933017981,1018294
2018-03-01,278.4786376953125,279.99527102139376,273.0366340981461,274.9993328465251,824485
2018-03-05,275.22235107421875,277.4526780683372,272.0552976328391,276.515951621076,707255
2018-03-06,276.1145324707031,279.59383777398705,273.30432538826904,276.2483466697378,643097
2018-03-07,272.54595947265625,278.3448096742021,271.96607989763595,277.0066134738454,834538
2018-03-08,270.5832824707031,275.3561880789806,269.6911515990877,273.79495905365354,401183
2018-03-09,275.3115539550781,277.8987276761102,269.9587694733553,271.296965593786,856594
2018-03-12,276.0698547363281,278.5232141500514,272.85817878595674,276.73895275825265,444257
2018-03-13,276.1590576171875,278.3447888041545,274.1963863392265,274.95470290770504,1099876
2018-03-14,271.3862609863281,277.274303803531,269.5127804419102,274.7763478947587,1042434
2018-03-15,268.6206359863281,271.029373229339,267.9961334275793,270.22646081500204,1628521
2018-03-16,268.7544250488281,271.8322874458808,267.23779167695534,268.62061086323314,2642597
2018-03-19,270.53875732421875,272.09998675642777,267.81776834692675,270.3157245481889,1182981
2018-03-20,284.545166015625,285.25885985681856,269.4235361274721,269.78038304806887,3252553
2018-03-21,290.65625,292.6189489625803,282.13641039456104,285.25886869141783,3191086
2018-03-22,288.1136779785156,292.1728625836836,286.5970445954453,290.4778193603939,1363825
2018-03-23,290.4331970214844,292.3513001935463,283.2515543295404,284.4559364623756,1256743
2018-03-26,294.0909423828125,297.7932801304154,291.7268009699341,291.7268009699341,1568176
2018-03-27,290.52239990234375,295.2953052971451,286.8646580471842,294.5369886450542,973104
2018-03-28,290.8793029785156,296.32130754832406,289.09504097042617,290.0763905200109,1374259
2018-04-02,292.9311828613281,298.2839681955665,289.6302876816115,291.94983343824964,1249922
2018-04-03,289.9425354003906,293.28802619347204,286.0171649816432,292.48511384826725,1112660
2018-04-04,290.7008056640625,293.02035102194526,289.5410193722864,290.8346198292795,841290
2018-04-05,288.827392578125,294.22477388892855,285.52649720124754,293.3326429466023,1263348
2018-04-06,286.06170654296875,289.451819574315,283.96519393060584,288.20281480053717,662451
2018-04-09,292.7527160644531,294.5816005366673,286.0617350761188,286.0617350761188,1684842
2018-04-10,289.40728759765625,295.9644558167267,288.02449545396803,293.0650301003609,1232727
2018-04-11,286.41864013671875,290.1210054829416,285.6157277001401,290.031786939838,956091
2018-04-12,285.3034362792969,288.2028615554104,284.2328955896742,286.7308510911335,730620
2018-04-13,281.95794677734375,285.92793998566674,280.9320017357903,285.92793998566674,1633554
2018-04-16,284.678955078125,285.4372717335009,279.4153885933483,279.4153885933483,741956
2018-04-17,285.34808349609375,288.0690719431862,284.768203836545,288.0690719431862,794361
2018-04-18,284.6343078613281,288.5150821093753,283.20692042699966,285.9279083525673,1152263
2018-04-19,285.7494812011719,287.71217982981426,284.94656893515315,285.25882015684687,868756
2018-04-20,282.7162780761719,285.6157035146201,281.4673002555137,285.30345225303694,544868
2018-04-23,282.7608642578125,286.01713619015595,281.91332911861156,283.6529950461625,484381
2018-04-24,282.0917663574219,285.2142241187598,280.66435164996176,283.3853396660021,1260701
2018-04-25,288.33673095703125,289.9425557602021,281.51190747936596,282.6270711553667,1389620
2018-04-26,284.9911804199219,290.61159328309515,282.09175546774975,289.49642983995204,3610030
2018-04-27,286.4632568359375,289.2734639161246,284.1437108937107,284.1437108937107,1158920
2018-04-30,296.6781005859375,298.01629684879816,286.99850273178356,288.1582619359937,1936196
2018-05-02,282.9393005371094,310.2831063117627,278.6124603638842,297.079580299818,7061933
2018-05-03,278.4339904785156,282.98386238846894,271.69838751382304,277.45264128606806,3585505
2018-05-04,282.67169189453125,292.9757932923801,280.1291132873927,280.1291132873927,4073638
2018-05-07,285.52642822265625,287.66756374751594,279.4153545245991,284.589701849782,2301610
2018-05-08,284.545166015625,286.5078376917447,282.9839369155486,285.34807839338646,1495953
2018-05-09,281.28887939453125,284.7235890185326,278.38945378899496,284.36674208144797,1430414
2018-05-10,281.15509033203125,283.87610632512633,280.1291450865633,281.55656018819104,1252574
2018-05-11,276.5158996582031,282.35934439442474,275.2222993544393,281.5564322725596,1475765
2018-05-14,278.83551025390625,280.5751764512669,276.15911747376697,276.8282156688018,396217
2018-05-15,278.6570739746094,281.02121526103593,276.06989997765817,279.4599862873635,1121176
2018-05-16,283.8760986328125,286.3740545737139,276.5606134512502,277.8542143076643,3139692
2018-05-17,286.4632568359375,288.96121263484247,283.07314285093645,285.214278936485,3069877
2018-05-18,283.8760986328125,287.66765543012804,282.047213724583,287.66765543012804,853748
2018-05-21,276.3374938964844,284.99117287648863,274.7762651174082,284.1436377918653,1274274
2018-05-22,279.1031188964844,279.63840280756324,275.13312605045934,277.4526715146873,562513
2018-05-23,276.91741943359375,280.5305658294325,276.11450708752085,279.23696516443954,463529
2018-05-24,280.1737060546875,284.90201629172697,276.025302699332,277.0958706994061,3522416
2018-05-25,283.4745178222656,284.14361581869895,279.10308302403445,279.10308302403445,889468
2018-05-28,285.34808349609375,288.47054175208365,282.3594394345113,284.50054822205493,801486
2018-05-29,286.01715087890625,287.5337569615858,283.5191682078367,284.7235502790959,564273
2018-05-30,284.1436767578125,288.15826559740486,281.77953544185385,285.4818730376766,948210
2018-05-31,287.13232421875,288.6043347002161,281.02122235106054,284.5897458094867,2225475
2018-06-01,289.40728759765625,293.28806284777363,287.3553972117298,288.6043751521058,1586563
2018-06-04,287.84600830078125,291.05768475005425,285.3034299773704,290.3885866241921,1449007
2018-06-05,291.236083984375,293.46641078092966,287.3106870419037,288.1136264691985,2165106
2018-06-06,299.22064208984375,300.6480567062834,289.8978922751544,291.3252796659247,2086409
2018-06-07,297.9716796875,302.34311505215254,296.4104508268619,299.8005368911221,854455
2018-06-08,306.5807800292969,308.63269744600876,296.0982418965322,296.4550888133638,1494578
2018-06-11,311.93353271484375,314.8329578514659,305.5548028594094,308.6772606988486,2464534
2018-06-12,305.3763122558594,311.3535985334444,304.39499031608693,310.4614678786208,1186114
2018-06-13,300.692626953125,307.07138292912,299.8451191646527,305.42093576907695,718879
2018-06-14,307.0267639160156,307.65126627381943,296.7226655919247,298.06086159378935,1294847
2018-06-15,302.0755310058594,308.9003270094532,299.39913828086776,308.6772942823705,1366877
2018-06-18,301.5848388671875,305.59942790404165,300.4696752458391,303.2799093521765,430123
2018-06-19,298.32855224609375,301.7632614804366,295.2507171340253,301.54022876685167,1267306
2018-06-20,299.22064208984375,300.24658698658595,297.0795337780189,299.6667074558768,940278
2018-06-21,299.0868835449219,300.64811261637186,293.2434370534788,299.4883533392788,1154226
2018-06-22,297.57025146484375,300.4696768962757,295.51836128056175,298.7746336276504,800499
2018-06-25,295.4737243652344,298.640777734737,293.8678726305115,297.9716796516868,677808
2018-06-26,304.0381774902344,308.23120330241755,294.6708037285111,294.6708037285111,2227683
2018-06-27,299.4883117675781,305.28716179945934,297.8824600387318,304.1719983317899,1154217
2018-06-28,296.7226867675781,300.82649357796527,294.6261741032388,296.4104355663924,1252925
2018-06-29,295.87518310546875,299.0868595253723,292.97575791991335,297.9716959924664,1240526
2018-07-02,297.525634765625,298.8192353722663,295.07227495871206,295.87518726856723,706904
2018-07-03,304.0381774902344,305.2871824390021,294.40317536844515,298.19473141485696,1593709
2018-07-04,306.7591552734375,308.0527284894423,301.2725567591586,304.12735874410197,1001539
2018-07-05,308.40966796875,311.9781916260075,305.2872097686497,306.7592203321334,1141426
2018-07-06,309.7032165527344,310.9075986353372,305.1087481586379,308.6772715289144,1322634
2018-07-09,310.0600280761719,312.20116363463717,307.51747724541605,310.4614977998015,520788
2018-07-10,312.51336669921875,314.6098792449383,308.6772156607539,308.6772156607539,1108559
2018-07-11,306.04547119140625,315.1452165729537,304.8857119994534,313.13792219987755,805862
2018-07-12,313.0487365722656,315.99278496426075,305.7332793125078,306.8930386263489,4096170
2018-07-13,316.61724853515625,326.69834396319897,313.0933478426032,316.26040162302957,4665729
2018-07-16,313.8070068359375,320.8548346644462,311.8889310736879,316.9294646153996,1904712
2018-07-17,310.4169006347656,315.54665236929895,307.3390387037779,315.54665236929895,2282929
2018-07-18,311.62127685546875,318.2676621909298,308.7664746372318,312.95947305248734,1495189
2018-07-19,308.6772766113281,314.29769012178537,303.85977542726863,312.2012043877672,1315209
2018-07-20,313.45013427734375,314.74370748742894,308.0081314339561,310.01542555626287,2540295
2018-07-23,314.07464599609375,317.10791258110135,308.2757956346071,315.7250934671897,1435129
2018-07-24,315.412841796875,317.73238738339415,311.3982530906322,315.3236504950517,3123945
2018-07-25,319.4274597167969,321.479377134163,314.9222095358038,316.9740997274953,4468795
2018-07-26,325.18170166015625,326.11842818207657,317.64318492893125,318.04465471013907,2664805
2018-07-27,322.1930847167969,334.32607099040297,320.63185556607453,325.6277942935212,2964350
2018-07-30,324.5571594238281,327.94727264541376,322.05920418743466,323.1297719891291,694782
2018-07-31,324.8248291015625,327.4120029714616,320.49798928473456,325.5385228499239,2971376
2018-08-01,328.7502136230469,330.0438142277078,324.8248433831301,326.0738211105119,2772483
2018-08-02,313.4947814941406,330.4006723289156,310.8183888907888,329.59775999304475,6861034
2018-08-03,314.4761657714844,317.9554710965868,308.05281192077496,312.24583835466535,3304951
2018-08-06,323.7988586425781,324.8248035347226,315.81427773610113,316.0373104181181,2142413
2018-08-07,322.68377685546875,326.0738635893834,320.00738399426996,324.73566715878405,1358288
2018-08-08,322.6390380859375,325.22621147735924,320.72096266948694,323.84341988601875,994845
2018-08-09,324.5126037597656,327.54584327073593,321.16711299935565,323.5758772371202,970281
2018-08-10,325.62774658203125,327.32278968074854,324.02192200970364,324.51258306633935,1449246
2018-08-13,320.7656555175781,325.67237548766064,319.9627431494268,322.2376932891425,683166
2018-08-14,325.0478210449219,325.9845473754034,321.61311245704314,322.41602462969416,1019899
2018-08-16,324.1111145019531,329.9099648048693,322.2376615692408,324.7356169633052,1137343
2018-08-17,331.1143493652344,331.87266600958424,324.1557398391732,324.1557398391732,989961
2018-08-20,324.9586181640625,331.42656595181666,323.93267327044913,330.846686422876,1220215
2018-08-21,323.263671875,324.8249011181413,320.7210930910344,324.6910869138647,1608928
2018-08-23,340.7047424316406,342.84585087732665,322.7729081508867,324.7802024235307,4053955
2018-08-24,337.8499755859375,346.0129677034258,335.708839690612,341.10624785704033,3633982
2018-08-27,336.33331298828125,344.67474144784643,333.92454892807007,338.5190443475719,1355792
2018-08-28,331.4266052246094,339.00971732261524,327.7688633557309,336.77939023496646,2112354
2018-08-29,328.9286804199219,334.50449865849066,327.41204696876116,332.7648324777872,796953
2018-08-30,330.2668762207031,336.4225741002034,328.17036312152567,330.8913515269278,1990690
2018-08-31,329.5977783203125,334.50449836596204,323.66508593912346,331.51585434756777,3577081
2018-09-03,322.0592346191406,334.2814380697483,320.7210383534101,332.85402327450123,1996863
2018-09-04,316.2604064941406,325.22631121816164,315.0114286696231,323.75430066692047,1199723
2018-09-05,314.07464599609375,316.6172242920338,308.90029810226685,316.17115887961177,1405367
2018-09-06,317.8662414550781,320.49803860529437,312.3796416464274,316.5280450517157,1289898
2018-09-07,318.89215087890625,322.28223687479516,314.9221581087964,316.7064196278264,1008907
2018-09-10,307.2944641113281,320.6318031995132,305.1533284166365,320.6318031995132,1991897
2018-09-11,300.6034851074219,306.80377785588666,299.44369872755453,306.0008655779302,2588237
2018-09-12,307.20526123046875,313.04870736181704,301.0941595108184,301.0941595108184,3191229
2018-09-14,309.03411865234375,314.0746524715012,307.74054526505296,309.4801840739625,1339073
2018-09-17,305.8670654296875,308.4988350851091,303.5921154411976,308.4988350851091,343467
2018-09-18,307.4283142089844,314.56536142346727,306.0008993209529,306.9822487580792,1985724
2018-09-19,307.0267639160156,315.45740961802994,305.287125448992,309.703155919745,1381822
2018-09-21,301.36181640625,313.49480246486246,285.48189678770404,308.677300901705,2440850
2018-09-24,296.6335144042969,307.2498663167896,294.5816242926719,305.01953914081747,1640077
2018-09-25,295.87518310546875,299.9343947006497,292.1728456213555,298.7746082910242,2992229
2018-09-26,303.0568542480469,309.25714718946585,297.7040692608621,297.7040692608621,2638508
2018-09-27,300.3804626464844,307.87435620566293,298.3731682703291,302.9676366195056,1591531
2018-09-28,297.1241455078125,303.6813121885746,294.71540873624957,300.737291503663,1776744
2018-10-01,297.30255126953125,305.0194762624515,293.10952615280706,297.9716492843914,1903650
2018-10-03,291.9052429199219,298.32856909861704,290.1209811104497,294.40319856291313,1172993
2018-10-04,280.1737060546875,290.5670531095749,277.4527176242057,289.0504196470825,2029729
2018-10-05,274.41943359375,280.5305348867971,271.43079003321316,279.3707485364622,2085811
2018-10-08,276.3374938964844,279.0584817354637,270.62786266385393,273.7949158682836,1964565
2018-10-09,262.82177734375,280.84280578890156,258.7179696218545,277.45271914619565,2916992
2018-10-10,269.20050048828125,271.25239067878374,259.8331259891033,262.9109885005316,2137143
2018-10-11,272.76898193359375,274.41942929721404,252.42841134197823,262.2864454242897,2424170
2018-10-12,280.9765930175781,287.2661039688644,273.39348157740625,274.4194265035896,4795317
2018-10-15,281.28887939453125,283.51920678340537,277.54194571662845,283.51920678340537,1358081
2018-10-16,283.69757080078125,285.57105077007117,280.79814594196824,281.913309349204,712867
2018-10-17,280.8427734375,290.38858417626676,278.3448180122741,284.58973380101105,2426967
2018-10-19,276.560546875,282.4932112257327,274.2410013593012,280.2182885852552,2184763
2018-10-22,277.3634948730469,283.69762978829795,276.5605824980263,276.5605824980263,1387560
2018-10-23,277.9433288574219,283.8760202233285,273.88414476822607,274.77627553294343,1303467
2018-10-24,270.53875732421875,279.5938825858949,268.44224378440197,277.45277338114437,1983217
2018-10-25,265.4534912109375,274.33020297805626,263.26778722992873,267.6392224176159,4219123
2018-10-26,267.95147705078125,269.6019243886086,264.0707028309359,265.5427131279338,1191133
2018-10-29,270.71710205078125,272.59055494955567,265.54272707728,268.575966351031,1346603
2018-10-30,279.0138854980469,280.3074859453798,270.53864357244674,272.0998723482152,2404498
2018-10-31,286.6415710449219,290.2100936958424,277.6310731318814,281.9132894227191,4112882
2018-11-01,285.4819030761719,290.34402762820827,283.34079424823574,289.6749294178735,4859483
2018-11-02,301.5848388671875,308.14200640585085,287.1769303245012,287.26614885934396,3203978
2018-11-05,304.3504333496094,308.6772734075374,294.9384637934926,299.57752786768197,1672884
2018-11-06,298.90850830078125,305.4656772022797,297.0350548080788,305.4656772022797,1365772
2018-11-07,303.01214599609375,304.6625930139229,298.41767895507235,300.5587869015453,144546
2018-11-09,303.7259826660156,306.89303654238944,299.44373791374005,303.9936110518,1929946
2018-11-12,304.3092346191406,313.1935151002612,303.1874813415609,304.9374000226525,1386925
2018-11-13,303.05291748046875,307.4950446295315,301.5273218616644,302.4247246053003,1608732
2018-11-14,312.1166687011719,314.04610654273625,302.64908054605235,304.35414031125356,2075090
2018-11-15,310.9500732421875,315.07813163988646,305.9246120357088,314.53968447730654,1513692
2018-11-16,311.0398254394531,315.79604946982397,308.7065726110112,312.20643816039365,1595773
2018-11-19,316.37933349609375,318.57798122253485,311.6679689850563,313.193564638492,2669674
2018-11-20,315.078125,317.86007912590304,313.55252930260036,316.78318482343747,1709189
2018-11-21,316.24468994140625,317.6805396657944,314.1806747908553,316.78313701137125,485221
2018-11-22,317.72540283203125,319.83430457370804,313.6422316577756,316.7831409876818,1840579
2018-11-26,323.2444763183594,324.41108892001836,317.1870078530478,319.834329491138,2519483
2018-11-27,327.462158203125,329.7954101193748,322.9751458205485,325.5776075251328,2331514
2018-11-28,322.6162414550781,331.3659169882826,321.629093097098,327.3276052037267,1715699
2018-11-29,323.0649108886719,326.60966183776554,321.763666265194,324.8597159491645,1874970
2018-11-30,320.1484069824219,326.9237862806859,317.18698908478945,325.75717374805646,3014933
2018-12-03,323.1995849609375,328.00069500258235,320.3727718629874,321.2701745852927,1852845
2018-12-04,321.5393371582031,326.38533305519167,319.0266208599195,323.60337954787883,1876924
2018-12-05,319.0715026855469,322.07780705385665,316.51392703080745,321.27015014254124,1211028
2018-12-06,315.2575378417969,318.0394915151481,313.7768289566995,316.2446862273802,2844318
2018-12-07,318.443359375,321.2253132730043,315.25756330001406,315.25756330001406,979854
2018-12-10,310.7256774902344,318.21899533445816,309.11036362324705,314.98834021392713,895180
2018-12-11,321.853515625,327.86612546819384,311.2641733131882,311.39877825875453,2190376
2018-12-12,334.46197509765625,336.1670346374414,319.7445498829499,322.1675479671298,2146000
2018-12-13,335.94268798828125,338.9489923474189,332.2184724627327,335.09014451493215,2718867
2018-12-14,333.9234619140625,337.19897542625574,332.3530076040267,334.7311186533424,1077113
2018-12-17,338.1861877441406,342.13475385227224,332.57742128754603,335.9426811615028,1440922
2018-12-18,342.8975830078125,344.5577835084986,336.1221760750791,337.4234209669416,1358797
2018-12-19,353.75616455078125,354.4740757749429,341.7309461468914,343.70524309317244,2437280
2018-12-20,341.46173095703125,355.90992005696614,340.56432824755154,352.63440564467663,2589922
2018-12-21,339.35284423828125,346.2628563638952,336.30168036736336,341.0130448021296,1701786
2018-12-24,332.4876403808594,344.96153018369455,331.0069316702388,340.1155619550491,1478480
2018-12-26,330.01983642578125,332.1287382065612,323.6482719039477,331.1415897786901,1225256
2018-12-27,338.1861877441406,340.1155979278982,330.8723617620522,332.03897423040195,1841056
2018-12-28,339.30804443359375,342.49381379712446,332.17368037211196,336.750440672691,1452608
2018-12-31,335.0901184082031,339.9360868703188,333.2953132454527,339.9360868703188,842223
2019-01-01,334.10302734375,338.23108540277667,331.14160927236026,336.88498130004353,877238
2019-01-02,334.5965881347656,338.9041099594266,331.36593307299194,335.0901486444361,1160137
2019-01-03,339.2630615234375,342.26936588396904,335.13503123482695,335.13503123482695,2388605
2019-01-04,339.9810485839844,343.8847561531902,336.61578815993784,341.3720119379665,2011585
2019-01-07,347.1153869628906,351.0639811338681,341.05791815228247,341.73097024235005,3660860
2019-01-08,342.6732482910156,351.243433667074,341.23739840228075,344.7372636778129,2451013
2019-01-09,344.3782653808594,346.1282114950716,339.66690148965546,344.6026160423453,1277868
2019-01-10,347.3846130371094,348.9550678633291,344.4231675043027,345.5898075214297,1236628
2019-01-11,342.3143005371094,349.9870833324666,341.0579147389761,347.4294799384944,1498377
2019-01-14,342.8975830078125,344.2436870808189,336.97471960927277,342.80783725896725,1027469
2019-01-15,342.3143005371094,345.58981519867825,340.74384567600214,343.7950096431272,911485
2019-01-16,341.3719482421875,345.41025999754436,339.2181874499747,343.7949462500233,884665
2019-01-17,341.1925354003906,344.06420775916166,339.3977299061993,341.3719995178747,986391
2019-01-18,340.4297180175781,343.3462767779732,336.75036148869145,342.89757543022006,1112430
2019-01-21,340.1156005859375,344.0641667249276,338.1413038231649,341.01300322600594,508883
2019-01-22,337.0195617675781,340.9681554248664,332.53254841752886,339.0387177751003,1143741
2019-01-23,337.91693115234375,339.4425264957099,336.52596810546254,337.4233706870771,720808
2019-01-24,335.5837097167969,338.81433713378425,331.72486214520063,337.9169345431647,904818
2019-01-25,331.9492492675781,337.4682703290099,330.01983896305245,337.24391965670327,1340306
2019-01-28,327.6865539550781,333.11585611771284,325.26358336669705,331.14155944283584,1317448
2019-01-29,328.0007019042969,330.01985807197036,321.27018134538514,326.340501355787,1136235
2019-01-30,328.35968017578125,332.17364208894236,324.5008590770894,329.70578438042634,1786445
2019-01-31,329.1224365234375,333.29535355419426,324.9943786725534,329.39164637578693,3594106
2019-02-01,337.8272705078125,340.11563652718485,329.6609001429088,329.79550507583224,2559709
2019-02-04,330.01983642578125,345.1859362797975,324.8597710024006,338.32081123730666,2084615
2019-02-05,326.2058410644531,331.59025659784163,321.53933664756164,329.34675012559643,2212876
2019-02-06,327.5071105957031,331.09672122336264,323.96235914626715,331.09672122336264,1975403
2019-02-07,330.6479797363281,332.4427848321713,324.6802308834077,330.1543919030398,1102826
2019-02-08,327.32763671875,333.8338063313914,325.9366734803254,329.3467928054318,1243996
2019-02-11,325.1738586425781,329.21217060406207,322.0329493392017,327.68657513065693,363715
2019-02-12,323.8626708984375,328.1127296240125,320.3360411027433,327.1632343277924,1274113
2019-02-14,311.97161865234375,316.7190128492272,310.25351960505157,314.6844153362772,1158991
2019-02-15,306.81732177734375,313.7801782701525,300.75875852396234,313.7801782701525,1386168
2019-02-18,306.1390380859375,307.1337355384888,293.2080539907402,306.81723713140565,1913033
2019-02-19,302.65771484375,306.77211238710913,301.57258505851405,305.5513482777179,870293
2019-02-20,301.1655578613281,306.5459476265011,299.49268907349006,302.9740885257913,1899200
2019-02-21,304.51141357421875,306.27474237496136,299.40231891021233,302.83851684459,2342156
2019-02-22,307.1337585449219,310.16305336079273,303.60712876351647,304.7374605906331,2645863
2019-02-25,307.4954528808594,311.0221101856633,303.0193554952096,308.3545160901816,1400061
2019-02-26,308.71624755859375,311.38384192030566,301.2108546703784,305.4608861194182,2639580
2019-02-27,306.81732177734375,313.05677679380756,302.06992714933716,310.52481643460555,1340797
2019-02-28,307.178955078125,310.0273854544973,304.24009264618763,308.71618963877586,2406609
2019-03-01,302.7933349609375,309.98222976383545,299.22147488179013,309.2588283382844,1822470
2019-03-05,303.5166931152344,304.73745699330794,300.3065618025145,303.742759477989,2441292
2019-03-06,304.6018371582031,308.21889913402623,301.1204094872748,304.6018371582031,1505810
2019-03-07,305.4609069824219,307.0886016111784,303.15504075334513,304.6923033033936,1253611
2019-03-08,302.52197265625,304.78263611234513,300.35174125759664,304.737433881619,1399038
2019-03-11,314.5035400390625,315.0913347098782,302.3863874661452,305.0991840539324,2776482
2019-03-12,317.3067321777344,319.2056950898181,315.1817029093547,317.75886489032615,1698262
2019-03-13,310.0726318359375,318.03018472694004,306.31993556154083,317.8041183538319,2055660
2019-03-14,313.3280334472656,315.13656466485446,307.1338085078246,310.07267173640645,1462370
2019-03-15,306.2295227050781,314.59397903484205,304.6922878290966,314.18707609531515,1988067
2019-03-18,308.39971923828125,309.21358021625895,303.8331897755864,306.2294876876539,1559631
2019-03-19,307.67633056640625,311.7455252395843,305.50609892657644,308.7614601843174,1840569
2019-03-20,306.4103698730469,311.8811651039157,305.1444036935724,309.168368606759,1830509
2019-03-22,307.1337585449219,311.24818295322143,305.64172605232636,305.8677924177497,1718938
2019-03-25,302.29595947265625,306.5460185559297,298.8597614534949,306.3651544092394,1741857
2019-03-26,305.7321472167969,306.54598058410517,298.9953587289858,302.02465343684696,1157761
2019-03-27,304.7374572753906,309.7109172605973,302.8384943072952,306.0034233887904,2083168
2019-03-28,305.2800598144531,308.3545572117348,302.0699005058249,304.1949300996502,2680016
2019-04-01,314.6843566894531,325.5355414028826,313.19232431055457,314.0965897033403,1521558
2019-04-02,313.2827453613281,316.40244429922944,311.47421463930226,316.40244429922944,1512017
2019-04-03,320.9238586425781,325.53561876089,318.93449086330384,325.53561876089,5552671
2019-04-04,320.8786315917969,324.0887632124318,319.8839339810668,322.23502989843035,1515780
2019-04-05,322.5967102050781,323.2749093155303,316.8546188840513,321.0142456140231,1433076
2019-04-08,324.9477844238281,326.3493847874137,321.96369197814334,323.72702058677487,982984
2019-04-09,321.91851806640625,325.5355800671524,320.20041913525046,325.5355800671524,1872390
2019-04-10,324.9930114746094,327.7962400118402,322.28021500554587,323.72704530824495,1602144
2019-04-11,324.1340026855469,325.53560327234925,322.37067379609033,325.44517119668575,477415
2019-04-12,325.62603759765625,329.1526678049387,322.64194465611325,322.8228088086899,1169374
2019-04-15,326.5302429199219,328.47440801942105,320.4264514426167,326.43981086031937,2102597
2019-04-16,329.1526184082031,333.0861785704664,326.439822102641,327.3440875378284,1295496
2019-04-18,331.05157470703125,333.13137412788666,327.57014733212935,327.57014733212935,1782666
2019-04-22,329.4690856933594,331.36804844699026,327.43448865646667,330.96111800121633,599607
2019-04-23,328.3388366699219,333.94526669214974,326.4850756786728,330.056935747766,1567850
2019-04-24,328.1579284667969,330.2377555732147,322.6871334963336,328.70049325960116,998259
2019-04-25,322.325439453125,329.92126392041473,321.46637621387526,329.15263274782166,2450422
2019-04-26,324.5408935546875,325.7616575407287,321.14989781345855,321.9185290340026,956639
2019-04-30,324.9930114746094,331.41330197059153,321.55681365219266,324.54087872976544,1664625
2019-05-02,321.19512939453125,328.24838953625135,319.9743654018505,325.7164570740939,504501
2019-05-03,321.9637145996094,322.9584121513927,316.8998499650628,321.01424687963004,897440
2019-05-06,307.08856201171875,321.82807827258,305.234801223235,321.7376462055333,2366260
2019-05-07,324.9930114746094,332.18193315602474,317.4423891165174,318.03018376160867,18534665
2019-05-08,321.14990234375,325.44516367656433,312.9663102112068,324.99303090468914,5316216
2019-05-09,321.60205078125,323.22974539688425,316.62859004835957,321.10471574635926,1523568
2019-05-10,322.9583740234375,324.3147720895552,319.65781091508217,319.65781091508217,715946
2019-05-13,317.7588806152344,322.09937142850777,314.3678851029859,321.3759424949661,2160599
2019-05-14,319.1152648925781,321.737629121734,314.7295720356154,317.39716609388915,1561056
2019-05-15,321.0594787597656,323.59143890681446,317.939779108931,319.1153133084927,3339966
2019-05-16,318.39190673828125,322.64193827988834,315.6791100792149,321.05947356209964,938992
2019-05-17,325.9424743652344,327.07280611487664,318.0301521177386,318.3014206992568,807407
2019-05-20,328.6553039550781,333.44790002208316,326.8467729719075,330.05690442863823,2073389
2019-05-21,326.75634765625,330.5090440046832,324.8573845654786,330.0569112495468,4039362
2019-05-22,329.0169982910156,331.68456488218175,327.0276032094746,328.7004998558624,2238254
2019-05-23,326.2137451171875,334.03563535755615,324.2243501861849,331.86540390300155,1937561
2019-05-24,328.3840026855469,332.54362940188656,324.63130647254184,329.6951986665209,2513710
2019-05-27,330.509033203125,332.4079962318353,327.25367195333484,328.4744358715052,708539
2019-05-28,332.22711181640625,334.93990809296264,330.0568803143593,332.0914775217766,3298421
2019-05-29,331.7749938964844,334.03565756107747,329.1526295647548,333.4026882925866,2834826
2019-05-30,329.604736328125,332.3175325118956,326.25894332974536,330.82550013001975,3275949
2019-05-31,336.3415222167969,339.0995206127178,331.4132648121629,331.4132648121629,2211020
2019-06-03,341.3150329589844,343.2591983157408,336.74847550670285,338.19530586382166,2949392
2019-06-04,340.5915832519531,342.08361575604533,338.1952852792,340.04901845155814,750693
2019-06-06,338.9638977050781,344.02778956878984,336.88407068455854,342.71659367333206,1949514
2019-06-07,338.0596618652344,340.3655278461829,335.75376828829286,338.8282930575482,554298
2019-06-10,341.2697448730469,343.4399762402862,338.6021785910613,339.0543112757357,2323261
2019-06-11,340.8176574707031,343.6208860073299,340.04902628543556,341.76715279226636,814759
2019-06-12,339.8681945800781,342.67142315658344,338.69263286941816,340.3655295679772,758062
2019-06-13,340.9532775878906,342.5809719588454,339.1447466841575,339.1899765143458,888567
2019-06-14,333.7191467285156,342.2644661015477,332.76967906306356,340.0942345833781,479642
2019-06-17,331.72979736328125,335.8894240968256,330.68989757889324,333.44789625870385,705722
2019-06-18,330.1020812988281,331.6845457875013,326.21375102219884,331.6845457875013,783301
2019-06-19,329.1978759765625,334.0357023872052,327.7962753548229,331.6394041003622,721336
2019-06-20,331.8654479980469,332.5888493803535,326.0781541516121,327.7962531315858,724208
2019-06-21,333.9451599121094,336.6579557768576,330.7350291772186,332.13662933561056,2543721
2019-06-24,334.0356750488281,337.29103641546834,332.86014092009384,333.67397436275553,2449869
2019-06-25,335.79901123046875,338.6022399022323,333.6739817085192,334.1261144750619,1051008
2019-06-26,335.3016357421875,338.1048643062076,333.4027002724899,334.6686664509526,590313
2019-06-27,335.34686279296875,338.19529356988016,334.4425973021402,336.7484632653559,708904
2019-06-28,335.0755615234375,336.6580261084684,333.0861940312797,335.48249202655666,818936
2019-07-01,334.8043212890625,341.5863129424534,333.9904878098545,335.6181547682705,1186927
2019-07-02,337.8787841796875,339.0995480719449,334.1712902682359,336.3867516873693,999876
2019-07-03,337.1553649902344,339.77772917055626,336.02503322319996,339.77772917055626,1206740
2019-07-04,338.3761291503906,339.55166315086564,335.70853513917143,336.38673420005864,1970504
2019-07-05,342.5357666015625,346.0624241926019,339.14477091478886,339.14477091478886,2242048
2019-07-08,335.4372863769531,341.67671258665627,334.5782231439974,341.360214153673,1273733
2019-07-09,334.93994140625,341.17936794370786,332.09151055175766,333.94524382004806,1647678
2019-07-10,334.93994140625,338.46657139733543,332.1367127891331,335.0755757143699,1218943
2019-07-11,332.860107421875,336.3415348164475,332.09147629382795,335.43726939427233,440202
2019-07-12,335.48248291015625,337.9692129047733,332.9053208510821,332.9053208510821,764217
2019-07-15,334.0356750488281,336.88410589614074,332.9053431573554,335.4825053891119,768836
2019-07-16,332.90533447265625,334.5330289115104,331.0063714253227,333.719167894087,1011458
2019-07-17,336.7484436035156,340.09423676262645,332.95054532138045,332.99574755488555,1165902
2019-07-18,334.89471435546875,337.42664657275344,333.80958477892307,335.4824813777679,1067632
2019-07-19,330.0116882324219,337.2458118590891,328.2483595600251,335.07555269429565,1447909
2019-07-22,327.2084655761719,333.13139336152295,325.6712032400084,330.23776041743986,1038927
2019-07-23,326.6659240722656,328.65531928494414,324.08876178183925,327.61539184432024,895039
2019-07-24,325.80682373046875,327.1180196437329,320.8785936894224,325.0382201909597,1214284
2019-07-25,326.8919677734375,330.73509602526906,324.5861018607354,327.25366844264676,1444408
2019-07-26,326.48504638671875,328.2483751428253,323.22971267697267,326.43984415030286,382050
2019-07-29,330.0569152832031,333.1314125365055,325.89728836591473,326.34942112657666,1141806
2019-07-30,328.02227783203125,332.0010401211335,325.03821301420214,330.0568750067303,824450
2019-07-31,331.6845703125,334.1713004071428,323.1392779994141,325.8972767023481,1481877
2019-08-01,327.88665771484375,335.84418263706954,316.8546081855843,331.5489217492336,5252286
2019-08-02,336.9744873046875,339.8681475502117,327.2536344994902,329.87599857425255,6133506
2019-08-05,337.8335876464844,340.72722061460445,334.1712959079053,336.5676214981823,2910617
2019-08-06,341.5410461425781,346.51450574827845,338.1952531876203,338.1952531876203,2145343
2019-08-07,342.35491943359375,345.5650508790744,340.8628868969055,341.2697898090972,1948107
2019-08-08,346.33367919921875,347.19274244450673,342.6714150398172,342.7166172754671,2189771
2019-08-09,354.5172424316406,356.280571016948,345.8815188172147,347.1474848701581,1975249
2019-08-13,354.9693603515625,357.6369542344375,352.75392675018156,357.1848215489325,3730684
2019-08-14,355.1502685546875,357.1848658920473,352.5731064081666,356.28060040877625,1247424
2019-08-16,354.6529235839844,355.69282334124557,350.85499762286594,354.8337601179475,1491547
2019-08-19,358.13433837890625,363.2886627405672,354.47207416130016,354.65293829875924,2734988
2019-08-20,357.50140380859375,359.80727000717025,355.60244056482725,359.30993497484843,1285694
2019-08-21,355.91888427734375,358.9029492041451,354.01992132574685,355.3763194917459,775279
2019-08-22,354.11041259765625,356.5519131470858,352.2114493285471,355.3763789117304,1200418
2019-08-23,343.66607666015625,354.4720599337792,341.49584507771925,352.6635290157497,3743198
2019-08-26,340.8629150390625,347.4640426111032,336.431991703205,345.42944509418714,3980718
2019-08-27,348.9560852050781,352.48271548226325,341.8123925726271,343.6209237502601,2762744
2019-08-28,353.5225830078125,355.3311138786114,346.062393165767,349.27252442303865,1411348
2019-08-29,351.5783996582031,354.0651296721323,347.41880062078786,352.98002767819463,1643520
2019-08-30,353.658203125,355.91886662286373,351.0358389866761,352.66350566674197,1669135
2019-09-03,348.9560852050781,354.01997802164954,348.14225169434246,354.01997802164954,1243784
2019-09-04,347.37359619140625,353.4773884901088,340.81767112983687,349.13692500498456,2673544
2019-09-05,348.0517578125,349.04645530276827,345.1128951707021,348.18739210753864,2421019
2019-09-06,345.88153076171875,350.7645586179801,344.52513260186885,349.0464598013684,1232781
2019-09-09,349.9959411621094,350.71937009991507,343.84694696871856,343.84694696871856,1733094
2019-09-11,349.7698974609375,353.115690974639,348.2326626109619,350.0411936786937,1345221
2019-09-12,348.8204345703125,351.1715305104649,347.2831721028297,349.9507665034632,739180
2019-09-13,345.65545654296875,348.41345503356155,342.3096634530121,348.3682528009908,1394423
2019-09-16,344.4347229003906,348.41348557506495,342.3096934594645,344.2990885947981,1315847
2019-09-17,343.66607666015625,344.93207037957035,340.00381258954326,343.16874169609486,2649795
2019-09-18,343.57574462890625,344.52521252265626,339.37088728116237,344.3443483543241,1568749
2019-09-19,343.6208801269531,345.8815438119989,342.1740498493254,344.3442814677709,1261647
2019-09-20,343.8017578125,353.5678142784696,341.17936575768084,345.2937903842463,2409479
2019-09-23,349.40814208984375,351.75923762918535,333.67392978192646,343.80171321478736,3024471
2019-09-24,358.4960632324219,360.80192918505713,347.3735811886704,349.95074334490505,2698045
2019-09-25,354.4720458984375,365.3232309769611,347.3283545742743,359.80720637618015,3164971
2019-09-26,350.9454650878906,354.3364608966579,346.87627011736987,351.7592985627959,1889683
2019-09-27,353.61297607421875,354.8789697197557,348.1421814048247,350.94540968338623,1594589
2019-09-30,356.5066223144531,357.9534524264299,350.8549637489101,353.2964912876203,1891389
2019-10-01,350.67413330078125,359.8072199386637,343.16874104362563,356.2805901744098,2555372
2019-10-03,347.2379455566406,352.66353845596313,343.89215223032807,349.40817719717114,1999508
2019-10-04,342.5357666015625,348.2326559129383,340.72723556861655,347.7805231547018,1796297
2019-10-07,342.9426574707031,344.97725464752335,339.0995294700426,342.5357269969429,647438
2019-10-09,346.876220703125,348.1873890048025,341.8123288308768,342.71659425106435,1453314
2019-10-10,347.6900634765625,351.17149095774977,344.43470235654337,346.2884630757167,1235106
2019-10-11,346.7405700683594,350.62890015352303,344.57031108539525,348.77516716789626,1273100
2019-10-14,348.09698486328125,351.75924878005003,345.92672577602053,347.73525661807736,1873572
2019-10-15,346.2884826660156,348.63955087837604,342.7166229190949,348.59434864198175,1562818
2019-10-16,344.02783203125,348.14222915560043,341.4054399166594,346.69539878796274,1259137
2019-10-17,350.4480285644531,352.5730576756175,342.5357066794707,343.6660383773253,1438251
2019-10-18,354.33642578125,355.285893475213,348.59433459492385,350.6289318785518,1563849
2019-10-22,357.2752990722656,362.52002785317455,354.6077048499113,355.3311337963766,2136931
2019-10-23,356.0545654296875,358.0439607066768,352.4375031777034,357.50139584968014,1445027
2019-10-24,356.6875305175781,360.5758610529179,350.08637593945275,357.90826684184105,1746043
2019-10-25,356.0997009277344,358.08909583186283,349.0464418967148,357.546531076556,2173362
2019-10-27,353.658203125,356.8231320220092,346.9666446905213,352.5730736076294,559133
2019-10-29,331.5036926269531,351.8496636032884,327.5701327189971,351.8496636032884,8461743
2019-10-30,335.4372863769531,336.3867540799109,331.50372607214285,336.3867540799109,1766694
2019-10-31,330.8255310058594,338.42135551013484,329.74040139268044,336.38675818241865,4309485
2019-11-01,334.93994140625,338.1048707103512,331.95587624363776,331.95587624363776,2034159
2019-11-04,333.07232666015625,338.4018537699626,331.2046998631358,337.9918794528973,1641703
2019-11-05,333.8011169433594,334.3477400625261,328.426049843435,333.07230465274165,2459875
2019-11-06,335.0765686035156,335.71430024053956,328.7904719342558,335.2587855862105,1293956
2019-11-07,336.89862060546875,337.7641095526625,332.79898879700755,336.16980829381646,3761245
2019-11-08,337.62744140625,339.31285105824406,334.21108176129144,337.08081830257544,1334062
2019-11-11,338.26513671875,341.63595593830337,334.3021818717899,337.9007305928969,1330587
2019-11-13,333.84674072265625,341.04386755091286,331.47805867980423,338.26521114976305,2924211
2019-11-14,324.8274841308594,332.98120744507395,322.5043705487173,332.98120744507395,3738810
2019-11-15,324.6452941894531,325.6929723161424,321.6844489865791,325.6474319724459,2293732
2019-11-18,323.688720703125,325.4652390772748,320.7278752811484,325.4652390772748,1243758
2019-11-19,325.46527099609375,328.24389969748876,321.7756128447447,324.5542415461397,1446730
2019-11-20,323.73431396484375,329.1549223994961,323.41544810341435,326.14853639724606,1258477
2019-11-21,325.1007995605469,327.2872642413438,321.6388716637455,325.1463399029441,1219942
2019-11-22,325.96630859375,327.0595549960382,322.23111029115574,323.5976543928105,813957
2019-11-25,326.46734619140625,329.3370828466006,324.5086388110296,324.5086388110296,984989
2019-11-26,319.17913818359375,327.0139961504086,317.31151133552225,326.60402182213676,4920150
2019-11-27,325.7841491699219,326.604070145369,319.81688936587364,321.13789323917035,988073
2019-11-28,329.0182800292969,329.7015521162201,323.5976714878198,326.1485428247017,828082
2019-11-29,327.8794860839844,329.5648960888742,323.4154474403603,326.33075273543534,1064035
2019-12-02,322.36773681640625,327.74280435020154,319.86240613687033,327.74280435020154,1420769
2019-12-03,317.3114929199219,321.7299905694023,314.76062201012274,321.59334173537866,1878740
2019-12-04,320.6823425292969,321.4111549140811,315.261706584329,315.261706584329,917241
2019-12-05,317.0382080078125,322.5043840079472,316.21828716827406,319.77129600787987,1508053
2019-12-06,310.7520751953125,318.6324724561193,308.7022594325498,317.4936859212511,2886217
2019-12-09,310.4333190917969,312.3009185479053,309.2489917980328,311.4809975135752,1462923
2019-12-10,309.5221862792969,310.6154324952856,305.6503119844124,309.70440324943036,1408245
2019-12-11,303.6916198730469,311.07096269446066,301.7329124568612,309.7499591008616,1489874
2019-12-12,301.6418151855469,305.69587900193176,301.0951920298521,305.1948239939499,1592030
2019-12-13,304.3749084472656,305.19482929384185,301.231846099246,302.37063277571553,1914038
2019-12-16,300.32080078125,307.01687164314734,299.27312265511546,305.1948130577281,1534303
2019-12-17,300.229736328125,302.59841839708145,298.45324562821645,301.4596316141612,1726476
2019-12-18,308.65673828125,309.61333579762015,300.6396909761824,301.73293733705975,2671082
2019-12-19,304.8304748535156,310.2055433182238,303.0539562157497,308.8389990745312,2345882
2019-12-20,307.4723815917969,308.611168190285,302.05174626203046,305.0125914180996,2031957
2019-12-23,306.65252685546875,309.9322385260582,304.602710536652,307.92796256002765,1944051
2019-12-24,303.91937255859375,307.74567884295305,302.8261263045442,307.4723811806442,1463500
2019-12-26,309.0667419433594,310.0688799021844,304.5571350298531,305.1037582621588,3375398
2019-12-27,310.4787902832031,311.9820109474218,308.83894857984905,309.7499779266923,3938598
2019-12-30,312.1642150878906,312.6197297831312,309.0667207207368,310.47880515501834,1351567
2019-12-31,311.2076110839844,313.21185884092307,310.2054733043113,311.2531514275301,1123389
2020-01-01,314.9883728027344,315.99051056880654,310.66098373313787,311.43536417975764,1119565
2020-01-02,307.1990966796875,316.49157902759896,306.1969588709419,314.9883862156847,2592967
2020-01-03,304.8304748535156,306.8802912190545,301.9151693460059,305.74150434931073,2007575
2020-01-06,302.23394775390625,306.10582199039186,301.1407015544068,304.28376352616334,1812816
2020-01-07,303.05389404296875,306.1969562796148,301.6418097351469,301.6418097351469,1434983
2020-01-08,303.8282775878906,304.83041539828736,300.00194333088785,302.4617336107337,954815
2020-01-09,303.4638671875,306.97133557375173,302.73502706173934,305.0126003252264,1728574
2020-01-10,308.01898193359375,309.02111962661075,303.87378234029717,304.6481627304651,1879696
2020-01-13,312.89306640625,314.3051508907365,308.29235113930093,308.8389743535063,2539404
2020-01-14,313.94073486328125,314.80619610649427,311.7087017260899,314.30514106055045,1694366
2020-01-15,314.7606201171875,315.67164940840945,311.7086664311124,314.30510547157655,1239513
2020-01-16,318.08587646484375,319.49798856985797,314.39621889841595,315.67165436567444,1173218
2020-01-17,318.58697509765625,322.45884983857974,317.1293225758855,317.94924343112865,1641242
2020-01-20,315.3072509765625,320.68231836596493,313.53073269419684,318.58696206578696,985024
2020-01-21,306.78912353515625,314.30511542577256,306.1058515451002,313.39408610569785,1786886
2020-01-22,304.8759765625,307.83682204852926,302.7350519582737,307.6546328539121,915121
2020-01-23,303.64605712890625,305.9236303981072,302.461730149885,304.9215204015852,1760568
2020-01-24,310.25103759765625,311.02541811456405,303.2361282032443,303.2361282032443,1786647
2020-01-27,308.29229736328125,313.1663094859438,306.9257534673426,310.251004720312,1145922
2020-01-28,305.28594970703125,310.251043128834,304.10159483581936,308.79341836797346,1064496
2020-01-29,314.0774230957031,316.4461053785901,306.1514552497697,306.24256376111424,2105271
2020-01-30,307.6546630859375,318.58701672401764,305.2859809038709,316.03611752701784,2483374
2020-01-31,287.2931213378906,310.7976682859201,285.1521967284886,310.43326209339455,6941813
2020-02-03,279.3215637207031,283.5578440227303,277.0439906763438,277.8639114118321,2920695
2020-02-04,279.9137268066406,283.7856009772776,276.9528818526241,281.50802793572643,3344060
2020-02-05,283.8767395019531,286.83758476931445,272.5799815808101,281.59916621936753,9183894
2020-02-06,281.6672058105469,287.1449461283283,279.181489635794,286.3163834352248,3174813
2020-02-07,286.9608459472656,290.3211452582,280.51642553352286,281.98941343745224,3502300
2020-02-10,284.1529235839844,289.0322876784986,282.6338871386475,288.7100610154404,1685622
2020-02-11,280.7005615234375,286.68466675933917,279.87199872524803,284.47515659901853,1827686
2020-02-12,281.3450622558594,285.7640833208744,280.378382082265,281.3450622558594,2739107
2020-02-13,279.3196105957031,282.7259586169886,278.4910478080905,281.89739582937597,1574245
2020-02-14,278.21484375,281.1608476208541,277.01800597193545,280.2402161433166,2688377
2020-02-17,273.0593566894531,279.135531280439,272.5069720729183,278.95139370977785,2862510
2020-02-18,275.9593200683594,277.1101095598871,268.96251434078124,274.3482147802205,2608197
2020-02-19,276.0513916015625,282.58788159775895,274.578375418618,278.8132864087909,2530762
2020-02-20,281.8973693847656,282.6338633278989,273.4275485615178,276.18944299143214,3667812
2020-02-24,280.1021423339844,283.6465793351138,278.21485894016655,282.6338790354419,2922212
2020-02-25,281.6672058105469,282.8179951330357,277.4322954846994,280.0561007590625,2500345
2020-02-26,281.8513488769531,283.7846807885188,276.09740157791583,282.44975377696386,3773560
2020-02-27,282.08148193359375,283.46242916377986,278.03070901080315,282.4497289092214,2162147
2020-02-28,275.0386962890625,279.2275589190517,271.58632771639645,277.84661148998526,4184422
2020-03-02,268.1339416503906,286.68466195149165,266.9831522012473,278.0307309130231,4185685
2020-03-03,272.59906005859375,274.440323513099,267.4435167668889,273.8879388576573,3970650
2020-03-04,271.63238525390625,277.34031331381505,269.0546276048546,274.6704868711292,2578871
2020-03-05,269.9752197265625,276.6037785590508,268.8244302136615,272.00062050744697,1666684
2020-03-06,260.1243896484375,266.98310478541134,258.23710652519964,266.98310478541134,4709414
2020-03-09,244.93402099609375,259.5260371805399,241.4356322249122,259.5260371805399,4922160
2020-03-11,248.34034729003906,254.09429416886294,244.15148520043277,244.93399949959783,3271005
2020-03-12,239.2261199951172,242.6784883957718,228.59282251155634,239.36420911205417,7679023
2020-03-13,239.96261596679688,250.6419479254076,217.31508750299722,226.33727980627552,4096738
2020-03-16,233.13027954101562,250.71890916251164,227.72903772624633,230.82205895150062,4370511
2020-03-17,230.03724670410156,237.28506462463255,227.03656008919862,233.13026777322847,3816942
2020-03-18,229.76028442382812,234.46904600029305,222.97411021671098,234.05356910946682,3570030
2020-03-19,229.2524871826172,235.66933803526902,218.35768244991624,226.20563298194284,3059285
2020-03-20,236.26943969726562,240.88588059864446,228.79081388998765,231.329856385746,3892194
2020-03-23,221.77383422851562,231.8838377208366,216.04944991175375,219.74260290169826,2700491
2020-03-24,230.17575073242188,237.05424499445317,221.58916766764852,224.35903226349413,3671728
2020-03-25,229.1139678955078,242.363159588306,226.6672597292538,232.4839783770252,3178877
2020-03-26,246.37948608398438,250.21112685625724,230.03727206298512,232.4839944870455,3089897
2020-03-27,233.73040771484375,256.1201470936353,231.97616572871675,250.21110810938205,3045141
2020-03-30,238.85467529296875,242.6863157948614,228.23684660765727,231.7453446834654,2096882
2020-03-31,253.7657928466797,259.2593412815254,239.4086429913869,245.04070721133536,3457799
2020-04-01,245.13302612304688,262.4908336513586,241.90151730409897,255.79699395496658,2864584
2020-04-03,241.11669921875,254.55055895685152,237.28505896033627,242.8247879633013,3663015
2020-04-07,262.0753479003906,263.09097050413396,245.22533910582365,251.87299690242673,4852845
2020-04-08,267.2457580566406,282.2030087200297,256.6740977941522,262.2138265235224,5519393
2020-04-09,273.8473205566406,279.1100470595318,265.72236645818526,274.1704771030123,4448630
2020-04-13,268.7230224609375,273.84728893637396,263.5987841620211,273.84728893637396,3570311
2020-04-15,279.89483642578125,285.9423915652427,268.72304260331157,269.6001777398549,4785567
2020-04-16,283.3110046386719,289.2200437927486,273.4779904291468,276.9403213604247,6058559
2020-04-17,277.1249694824219,290.7434715080306,275.7400370730379,289.91251769770463,3122227
2020-04-20,277.30963134765625,284.3266276785286,273.7549659520971,280.72578096458585,3315004
2020-04-21,273.3394470214844,277.77124707146584,270.52342941929703,276.9864465043997,2306068
2020-04-22,285.1575622558594,287.1426262230622,271.03123608559775,274.21659160208833,2983604
2020-04-23,278.55609130859375,291.3436117190695,276.9864899283904,285.29608462624213,5360217
2020-04-24,282.6184997558594,285.80382687058244,276.9864365768271,277.8173902512541,3878958
2020-04-27,274.3551330566406,280.58732954383777,272.37006869972726,280.58732954383777,4969776
2020-04-28,267.845947265625,278.83307263825145,266.0455237710269,276.986495998263,4632034
2020-04-29,267.430419921875,271.169754015795,264.9837118415686,268.67686461984835,2851400
2020-04-30,264.9837341308594,272.37004030872305,261.4290686474581,272.37004030872305,4595484
2020-05-04,262.53704833984375,271.95457261763335,255.84320779260298,259.39787358058055,7171673
2020-05-05,273.93963623046875,278.7407182453219,267.1072806097,268.67688191209743,17067119
2020-05-06,279.8486633300781,282.4800403755772,271.4467349464322,275.9708415602353,7025189
2020-05-07,276.0169982910156,277.7712401062516,271.5390452161771,276.15548587549154,4909366
2020-05-08,277.21728515625,280.6796159450458,275.37070873555894,279.6639932783617,4415728
2020-05-11,279.8486633300781,281.5105708448564,277.2172862845791,278.55606546563723,2485970
2020-05-12,276.2940368652344,280.67965649801585,274.7244354102608,276.0632147792985,1977948
2020-05-13,283.44952392578125,287.14267733198034,281.83376931056915,287.14267733198034,2850231
2020-05-14,293.8364562988281,296.3754987334606,281.4644006162864,282.4338419116296,5750676
2020-05-15,292.2207336425781,297.2988190613275,286.7271572371406,296.37553080337307,4430318
2020-05-18,282.71087646484375,295.4522431814345,280.7719654836613,295.4522431814345,3553027
2020-05-19,288.8045654296875,290.143344718888,281.74141565656083,283.4495046259304,2034947
2020-05-20,292.5900573730469,294.71363737431943,288.06595032693485,289.58937039047464,2305001
2020-05-21,292.4515686035156,295.9138997235257,288.85074987400975,294.52896727552167,2023479
2020-05-22,292.4515686035156,293.559525832528,287.51197057033005,289.91252578217495,1595445
2020-05-26,297.0218200683594,300.71497280442094,292.9593295174762,292.9593295174762,4746694
2020-05-27,298.452880859375,299.8839661559207,294.06726234713364,297.94508367066965,3061553
2020-05-28,304.8235778808594,308.3782429029182,297.48345397515897,298.4528952645758,3718389
2020-05-29,317.4264831542969,322.6892373516706,292.68236978677993,292.68236978677993,6668784
2020-06-01,312.4869079589844,324.99745201450276,310.8711535810714,318.99607861082586,5797008
2020-06-02,305.4699401855469,316.41091219358947,304.68513949397,312.48693691222775,3038412
2020-06-03,309.209228515625,312.76389390453056,305.14676586109914,310.22485122338674,2690013
2020-06-04,307.5934143066406,310.13245649436493,303.30013042451907,308.83985883409935,2861977
2020-06-05,301.36126708984375,309.9478643767114,300.53031333344245,309.44003895364597,2897891
2020-06-08,306.5316467285156,310.08631152015863,301.0842526177399,303.3001384045704,3204193
2020-06-09,308.23980712890625,316.18009220960545,305.4237608848002,310.6865155087523,4422473
2020-06-10,310.04022216796875,311.1481794782639,304.6851609134335,306.6702252658979,2159168
2020-06-11,305.2852478027344,313.4102011376646,304.50044717144556,310.8711585035965,1400621
2020-06-12,307.270263671875,311.3789069241343,290.8357470158704,295.4521874446938,5303466
2020-06-15,305.05438232421875,314.47193220616657,302.28451802676545,309.39384766083555,3105930
2020-06-16,304.86981201171875,311.1943144101628,302.6538975208374,303.8080079112868,2568356
2020-06-17,305.654541015625,307.03947328697177,303.30016742494314,304.6850996962899,991958
2020-06-18,306.5778503417969,308.3782736893341,303.90032006782246,306.8548537210832,1496700
2020-06-19,306.43939208984375,309.3015915574714,304.77748436103997,309.3015915574714,2713290
2020-06-22,305.19293212890625,309.3477294221987,304.03882176965834,306.162401736588,1778475
2020-06-23,311.4712829589844,313.22552492087914,304.68510898714845,304.68510898714845,3583261
2020-06-24,312.763916015625,317.3342044353925,309.39391930862104,314.8874678648266,2513834
2020-06-25,315.4414367675781,317.3341946567373,311.14815187991053,312.7639063778032,2113623
2020-06-26,317.98046875,319.73471079568316,315.7645825777412,318.53444733719505,2263463
2020-06-29,319.4577331542969,323.1508861387396,318.0728007851308,320.8426655234629,2895849
2020-06-30,324.9051208496094,327.44416346919877,320.3810141809178,320.42716732157487,5313355
2020-07-01,324.35113525390625,328.69060108945934,322.96620294594504,327.76731288415186,2834726
2020-07-02,330.21405029296875,332.0606268674313,324.39734535402056,326.10543432070295,4017803
2020-07-03,330.9988708496094,332.2453157475278,327.12104853975745,327.8596961198133,2316369
2020-07-06,325.0898132324219,327.21336503330775,316.4570620673444,327.21336503330775,5867158
2020-07-07,325.3667907714844,329.19843157513606,324.3511680077818,327.16721422425366,2600024
2020-07-08,322.5968933105469,327.21333433724766,321.1196265466986,327.0286936020916,1919717
2020-07-09,316.7340087890625,324.44347096859696,315.7184143004997,322.59689455081724,2407863
2020-07-10,317.2418518066406,323.5202007047313,314.7489622337543,317.88813668279965,1867508
2020-07-13,320.5657043457031,321.3043237042994,315.85692844921493,316.73403541548277,1301823
2020-07-14,321.9044189453125,323.84332976237255,318.90373235449937,320.38099908066505,1563542
2020-07-15,317.84197998046875,325.8284177056033,317.1033606512679,321.9967771043964,1908989
2020-07-16,320.4271545410156,321.488958498982,312.763873847248,319.13455671244895,1561131
2020-07-17,327.85968017578125,329.42925337608784,321.5351497007069,321.8583062402333,2213714
2020-07-20,325.5052490234375,327.7673164214613,321.5351209683772,327.7673164214613,1432549
2020-07-21,326.3362121582031,332.0605818571953,324.2126324795052,325.9207212146591,3144070
2020-07-22,323.9818420410156,328.0443047151323,322.68924412332234,327.6288419075816,3102512
2020-07-23,322.8739013671875,327.2133390893963,321.3043001247058,324.12031792128255,2545022
2020-07-24,329.70623779296875,331.22965776130536,320.611842948051,324.99746211004737,2761933
2020-07-27,323.5663757324219,332.9377457549502,320.7041765464496,332.19909825531676,5332659
2020-07-28,334.1842346191406,340.60107184300136,327.76736921875505,327.76736921875505,10442262
2020-07-29,334.3688049316406,338.33896096619435,331.5989404232854,335.0151179208643,3449410
2020-07-30,336.53857421875,338.7544604301535,331.41433559384694,336.16926454626974,2412389
2020-07-31,335.569091796875,340.23168571723653,333.53784658168706,336.5385330907265,2264432
2020-08-03,335.061279296875,341.3858090484242,333.39937182160816,335.5229233929513,2399353
2020-08-04,339.6777038574219,341.24730497890613,336.8155049646367,338.01579646239475,2771003
2020-08-05,335.38446044921875,344.80201197194583,333.90719359789585,341.61665620429716,3485973
2020-08-06,341.1088562011719,341.61665346950446,334.3226819091085,338.10816938015597,2417288
2020-08-07,341.6166687011719,343.41709214466545,337.46187137913057,340.6933804073849,2555271
2020-08-10,344.6634826660156,346.9717032254626,339.03144704218136,341.6166427981538,2665539
2020-08-11,342.17059326171875,349.37222954504034,340.7856610398093,343.5093441703203,3676024
2020-08-12,336.1231384277344,343.46329264602207,334.46123054038037,341.847537909112,3985010
2020-08-13,338.0158386230469,340.46254688399364,334.5073263187361,339.0314613473611,2575663
2020-08-14,338.200439453125,340.92415077733597,335.93840038231434,338.66208353000695,2196452
2020-08-17,341.6166687011719,342.77077906840555,335.5229603268735,338.52364728168106,1641653
2020-08-18,344.6173095703125,346.37155145860845,339.7700466761554,340.69333484647103,2351793
2020-08-19,344.8481140136719,347.80264727850573,340.97029262564206,346.23304619846573,2092175
2020-08-20,344.5711669921875,345.3097862804683,342.0782775853302,344.0633415770397,1240880
2020-08-21,347.341064453125,348.8183031694616,343.7402175966178,345.586794168561,1479807
2020-08-24,345.1712951660156,351.49582489730824,341.8012989107562,349.00293551587276,2962489
2020-08-25,340.8780212402344,347.8949891534308,338.5698006960197,346.23308163220435,2616237
2020-08-26,341.8013000488281,343.4632075243057,338.4774569213535,341.43196223070464,1781351
2020-08-27,345.90997314453125,346.648620727141,341.2011969452943,342.9092860204569,1454666
2020-08-28,345.5868225097656,347.57191502861775,343.3247829295412,345.9099790716619,2524902
2020-08-31,340.6010437011719,349.1414603624958,336.1692711907695,345.58679481950514,4323447
2020-09-01,344.8481140136719,347.5256439356365,335.56907964615993,340.6009830116672,3613806
2020-09-02,349.83392333984375,352.60378817733505,342.5399515697545,344.8481722676639,2891078
2020-09-03,350.2493896484375,353.4347170811185,347.4333436895662,347.4333436895662,2842345
2020-09-04,345.1712951660156,349.9262237050682,343.18623119454935,349.9262237050682,1928172
2020-09-07,341.7089538574219,346.8331918779054,340.1393527138677,345.2174375969308,1477924
2020-09-08,339.1699523925781,343.8325468960927,337.55419791639673,341.6166606783484,2034463
2020-09-09,336.076904296875,339.0775909423828,332.706908007224,338.4774592485852,1860049
2020-09-10,335.43060302734375,339.44691246720635,332.5684320526681,337.7388236046762,1291497
2020-09-11,338.56982421875,339.7239345710412,334.5073332374672,334.5535145574722,1782552
2020-09-14,342.12445068359375,343.1862547151558,337.7388314843427,339.21609832360525,1663003
2020-09-15,336.53857421875,342.1244569783839,335.2921294196725,342.1244569783839,1514121
2020-09-16,336.4000549316406,338.29278443517177,334.87663506580833,337.00018661496614,1196118
2020-09-17,333.90716552734375,340.4625172576422,332.89154289140697,337.8773216175478,1816429
2020-09-18,334.6919860839844,336.07691844019394,329.10610351788074,335.7537619217742,2445839
2020-09-21,323.4278564453125,335.1997814049984,320.98114826546623,334.2303400318679,2064767
2020-09-22,319.5962219238281,324.9974638186179,317.61115782274027,324.48966655200985,2406398
2020-09-23,314.1949462890625,323.10469948102883,311.1481066635578,320.5194757541744,3326494
2020-09-24,316.31854248046875,319.4115635811297,307.4549701384702,311.8405890818868,3118134
2020-09-25,326.3824157714844,334.1842132182436,316.78022303614273,318.5344651800908,7055891
2020-09-28,332.9839172363281,335.0613158955855,326.61323364991,327.3056998696625,3064523
2020-09-29,329.0599365234375,338.2466661567834,327.5365165005996,334.2303565136492,2172128
2020-09-30,335.15362548828125,336.9540487966364,327.4441631785222,330.86034087972723,3700443
2020-10-01,334.13800048828125,337.09253405674923,331.8759612598945,335.1536231634746,2369734
2020-10-05,347.9873352050781,350.15706822423726,334.27649908030804,334.32268039864323,4331809
2020-10-06,340.50872802734375,350.2032555832779,338.66215135002295,348.8183230752873,5268046
2020-10-07,340.6933288574219,350.3417013382191,338.52359606001806,347.15634593601794,6193441
2020-10-08,343.14007568359375,346.00227492064323,340.4625453688784,341.61665569216274,2796482
2020-10-09,341.01654052734375,349.04913186174605,340.18558668951215,343.46324889627334,4043788
2020-10-12,338.8929443359375,343.8787234778232,337.0463678171714,342.49379108874865,2637457
2020-10-13,339.1699523925781,344.5711944196888,338.061995195445,340.1855751271965,3233536
2020-10-14,333.86102294921875,340.87801899266924,332.93773473762053,339.07759570944467,3168646
2020-10-15,335.01513671875,340.7856881016122,332.38375965286076,335.15362431663465,3067713
2020-10-16,334.6919860839844,336.7232314770335,330.99883313409214,334.4150108833508,2517914
2020-10-19,336.53857421875,338.52363836278806,334.4150224695971,335.1074886716933,2029318
2020-10-20,339.1699523925781,340.37021587570405,335.2459772361376,337.83117312741905,2573493
2020-10-21,332.7069396972656,340.9241998123468,331.50664801882397,340.6933777407067,3448266
2020-10-22,329.3369445800781,335.1536495411754,328.5521438976386,334.2303612504284,3346711
2020-10-23,331.0911560058594,332.84539796036034,328.6906010371381,330.99882155003934,2752766
2020-10-26,323.0124206542969,334.0918803662532,319.22693295074055,331.6451719818341,4430418
2020-10-27,329.15228271484375,330.8141904032435,323.1509086962,323.1509086962,4209038
2020-10-28,335.15362548828125,337.0002019372525,323.0123909715994,326.10541215893033,10855977
2020-10-29,334.461181640625,336.9540712837107,328.22898570943323,335.1536478552019,6146855
2020-10-30,329.2907409667969,338.6159577073337,327.7673210255036,335.5691178247471,4031863
2020-11-02,338.70831298828125,339.86242334453374,329.70625220951194,332.2914481369085,3509440
2020-11-03,342.44757080078125,348.8182534302632,339.77004078856635,339.77004078856635,5388506
2020-11-04,342.90924072265625,345.8175929926499,340.2317105086386,341.6166428444947,1965778
2020-11-05,348.81988525390625,350.7280280336668,343.4677455869017,346.6324833609795,2496797
2020-11-06,354.1720275878906,356.08017038201984,347.19097579575083,348.07525371847754,4301538
2020-11-09,354.1255187988281,362.7820121523246,351.19345415415194,357.3367857627498,4008366
2020-11-10,343.9331359863281,358.77951681822117,342.0715222597445,357.70906620065864,4230895
2020-11-11,349.51800537109375,350.58842766906486,339.09295629856786,345.6086048674032,3268102
2020-11-12,348.4010314941406,350.58843351707424,342.8161897705521,342.8161897705521,3167697
2020-11-13,343.7469177246094,350.40220864048007,342.6764956547873,348.12172076505993,2058840
2020-11-14,345.05010986328125,346.725550827037,344.39853370739246,346.26014740310814,255616
2020-11-17,352.8223571777344,354.63744206249083,346.72558311883944,348.4941106132845,3153244
2020-11-18,351.14691162109375,353.00852546666613,344.67779214534045,352.82235271971973,2807534
2020-11-19,341.9319152832031,353.241213267898,340.4426185842785,347.19096850836877,4171433
2020-11-20,348.4941101074219,350.2161086150293,342.350778667133,345.9809484313764,3477598
2020-11-23,352.0776672363281,353.6134927539181,346.39974015357035,348.49405542463904,2199453
2020-11-24,351.89154052734375,353.70662536198506,347.70290943753076,353.6135389899058,2117162
2020-11-25,343.7469177246094,353.52038849475144,341.7922462953549,352.68266810993276,1752969
2020-11-26,348.07525634765625,350.30918725682045,342.67655921070576,344.3520286970584,2340679
2020-11-27,342.2576599121094,351.844958258893,336.85896361482054,349.33176862322784,6419987
2020-12-01,347.9355773925781,349.3317876203268,337.4174717059262,345.2828006846315,3530432
2020-12-02,352.4500427246094,355.24246354916346,346.35326862005564,347.19098918622717,3617752
2020-12-03,362.6888732910156,364.87627500861333,353.05501698140546,354.6373999445961,3634050
2020-12-04,367.71527099609375,370.74039355694697,363.7593414934395,364.96940756136496,3631106
2020-12-07,372.6950988769531,374.09130930861454,364.31783628698474,367.6687470041669,2758983
2020-12-08,366.7844543457031,377.7214356223687,364.08511996712485,372.32276686521226,3223013
2020-12-09,370.83349609375,372.92781180407536,367.66875803489773,367.66875803489773,1907357
2020-12-10,376.18560791015625,377.3956739396826,366.8775387875198,372.6950819891676,3979948
2020-12-11,386.2383117675781,387.4483493039168,378.0937518723006,379.30378940863926,5433657
2020-12-14,385.4471435546875,391.6835327505448,383.30627063786324,389.03075580630684,4859693
2020-12-15,380.2346496582031,385.35408802569424,377.25605597290934,385.35408802569424,2274426
2020-12-16,384.5628662109375,388.00686311368923,383.0270405025107,383.4924439539111,2722563
2020-12-17,384.7024841308594,386.19178086646764,380.7465547675729,384.42325342054585,1780735
2020-12-18,380.9792175292969,390.008054985624,378.9314595825007,385.44710727915793,2272389
2020-12-21,369.3907470703125,380.7000459320881,362.4096948832938,380.7000459320881,2751655
2020-12-22,371.2988586425781,376.27868113032093,362.13040519605624,376.27868113032093,2867370
2020-12-23,377.30255126953125,380.0949717376823,367.9944830423612,370.46111544136727,2317578
2020-12-24,373.53277587890625,383.7251222033981,371.3919314958298,379.7691931085177,2539386
2020-12-28,378.6522521972656,379.90884724868044,374.277476618602,376.41832122029126,976824
2020-12-29,379.1641540527344,380.93268128403827,374.6497354106912,378.7452796321236,1250583
2020-12-30,375.5340576171875,382.096234942607,373.2535693349218,380.7000245834988,2148370
2020-12-31,374.7893981933594,379.9088362197099,373.90514866875515,376.0459932082945,1749430
2021-01-01,378.0007019042969,379.1176531824753,373.99821504106416,375.6736845672918,1081415
2021-01-04,388.2861022949219,390.38041787192356,378.7918887227646,378.7918887227646,3483313
2021-01-05,390.65966796875,393.359002302229,382.46855019098507,387.6345455385125,3696376
2021-01-06,389.6822814941406,395.4998242980242,386.3313711579096,393.7312969668377,3156306
2021-01-07,388.8911437988281,394.05713956702937,388.14650957929126,391.40433400022056,1588219
2021-01-08,395.313720703125,396.33758561732606,389.8219370056351,389.8219370056351,2514098
2021-01-11,400.5727233886719,402.57395238406923,395.4067284590053,397.4545148393007,3179547
2021-01-12,393.77783203125,402.06203583675824,392.7539672067231,402.06203583675824,1821912
2021-01-13,389.3565368652344,397.3614823378649,386.37797166084266,395.5929548093239,1974208
2021-01-14,389.9615478515625,393.35898723108073,387.12256986683644,391.21811439581614,2541779
2021-01-15,388.0999755859375,392.42822229385285,384.5628920738328,392.42822229385285,2888933
2021-01-18,382.608154296875,389.4495905037854,377.06987043868776,388.05338019241475,2074676
2021-01-19,388.2861022949219,389.5426973223175,382.79434712975643,384.516345618708,2213374
2021-01-20,388.0068664550781,392.94013172001684,384.4697831503916,388.3326545550584,1613007
2021-01-21,387.72760009765625,394.8482955572061,385.58675560514627,390.00808834895906,1647176
2021-01-22,389.775390625,393.21938752843374,384.51633730432883,387.21567164179106,1835701
2021-01-25,381.77044677734375,394.6621281053766,378.93149707671057,390.938900481741,3025651
2021-01-27,383.9113464355469,388.7049966535561,374.41710397182067,383.4924719363334,4684117
2021-01-28,382.9804992675781,386.796784722194,375.3478715464034,382.3289230940736,3473853
2021-01-29,386.8433532714844,392.3351082995842,384.9817394717236,387.2156703502421,5304926
2021-02-01,388.0999755859375,391.45085793659825,385.5867854169677,388.05341819408295,2926362
2021-02-02,394.38287353515625,400.6658197699124,389.7753682672801,390.00806997967845,3204628
2021-02-03,386.9364318847656,397.2218365598373,385.1678760856738,395.40675177907326,2372737
2021-02-04,385.3540344238281,389.44957886694516,384.00435313411003,386.9829464050882,1578268
2021-02-05,379.9554138183594,388.0534173562715,377.90762713651077,386.61067792540604,1683298
2021-02-08,382.7943420410156,385.30753206239734,380.234623036486,381.81700614712975,1605165
2021-02-09,384.2835998535156,390.00805609350317,383.25970667422416,384.88861860301563,1596161
2021-02-10,382.4219970703125,387.9602807417485,380.1415089429168,385.3540329441281,1825990
2021-02-11,387.7741394042969,389.40305139185193,379.6295794665217,383.8647392717765,1851525
2021-02-12,383.1666259765625,388.2860635427417,381.6308003879028,388.14644819940355,1406466
2021-02-15,382.0962219238281,388.5653410630026,381.11888606814114,386.28485285843766,1208693
2021-02-16,380.9327392578125,384.65596700865245,377.6283859913314,384.19056353979744,1358750
2021-02-17,387.4949035644531,389.0772866668749,379.3038141549079,380.14153468902487,2123650
2021-02-18,388.518798828125,391.8697093876941,386.5640986345453,390.9389024770345,2569355
2021-02-19,395.45330810546875,398.29225772317665,388.1464684263209,389.8219094456286,4620093
2021-02-22,391.7766418457031,403.92368965722767,386.8433763444848,398.71116502580566,5212684
2021-02-23,392.89361572265625,395.59295017204727,388.23958101474983,392.9401447073459,2224637
2021-02-24,395.034423828125,396.98912390604295,386.42446041398455,392.89357942267304,1032212
2021-02-25,381.44464111328125,399.08344253036455,378.000672763599,392.8004962048136,6334193
2021-02-26,370.0422668457031,384.19054290124495,363.66626238968473,379.76921018463463,4933943
2021-03-01,373.99822998046875,374.83597898003325,368.6460898915652,373.16050938687874,1971538
2021-03-02,378.5591735839844,379.81574016090127,373.25356294777436,374.18436983791844,2414479
2021-03-03,380.74652099609375,382.0962022568311,377.2559953969144,379.76918519071154,3291643
2021-03-04,378.8384094238281,383.49244393763433,375.76675800710495,379.76921632658934,2464082
2021-03-05,373.7654724121094,378.83838101412147,372.32273318341174,376.9767673482044,1717183
2021-03-08,372.7416076660156,376.6509793213353,372.32273322874516,375.99943158176717,1368015
2021-03-09,373.53277587890625,375.6270912820782,371.43846047573425,372.74161278470666,1546208
2021-03-10,375.83917236328125,378.9456587275099,374.7566106744208,376.7334786917111,1673234
2021-03-12,370.80279541015625,377.48647693187934,369.3907512321068,375.8390920574883,2170868
2021-03-15,369.34375,373.6269398248166,366.5196612201781,370.8969930832787,1359623
2021-03-16,371.6971435546875,373.344528615257,367.3198118536545,369.48493501344245,2210581
2021-03-17,368.59063720703125,373.15625308210576,363.7426239492165,371.9795494404946,2364847
2021-03-18,362.9895324707031,370.1438961082105,360.3536991684029,369.9556120408622,1382602
2021-03-19,371.74420166015625,372.9679906610862,356.87067940358963,361.48335184557936,2834530
2021-03-22,378.1455078125,379.3222114978412,370.8970016195512,371.7442225273734,1625660
2021-03-23,376.6393127441406,379.13391875444347,375.6508644341678,377.91015844089617,947847
2021-03-24,377.2041015625,381.7226317042517,373.2503661423818,373.2503661423818,1872518
2021-03-25,374.6624450683594,379.46340174325064,370.8969933591296,378.2866980841163,2305425
2021-03-26,378.28668212890625,380.1223225228629,373.6740097252744,375.32139477857976,1001171
2021-03-30,384.2643737792969,385.91175896793993,379.46341691248506,379.88701300983683,1467822
2021-03-31,387.18255615234375,388.2651464890555,383.0876504471402,386.57067600210434,1052705
2021-04-01,383.37005615234375,387.46499067454835,382.3816365595882,387.1825645565346,645008
2021-04-05,378.8515319824219,392.54835145936124,375.60381830284206,387.1355144788065,2105709
2021-04-06,379.3692626953125,381.7697266876217,375.79209503459356,379.2280640007267,1032326
2021-04-07,384.0760803222656,389.25357650308047,378.33376063064753,379.3222089565825,1687852
2021-04-08,390.3361511230469,391.2304574389058,384.07609309638866,384.1231497538052,1917274
2021-04-09,395.93719482421875,397.0668129342232,391.6069202489207,392.54828303798064,1583730
2021-04-12,383.51123046875,395.3253518158066,382.1933281861449,390.6655940818969,1469250
2021-04-13,396.5961608886719,399.1378520984693,383.1346835001816,383.1346835001816,2833579
2021-04-15,398.47894287109375,400.26755553770977,392.7366516045684,396.8786430221724,1234047
2021-04-16,399.0907897949219,402.5267584349776,397.72580217785867,401.67953761974815,1321942
2021-04-19,395.27825927734375,399.0907960982635,390.1478489257982,399.0907960982635,1170059
2021-04-20,386.1470642089844,400.36162069026074,383.5583162933974,400.36162069026074,1881478
2021-04-22,387.2296142578125,392.92484801148896,386.0058253154234,386.9001315145495,1732046
2021-04-23,387.4649658203125,390.66559385567575,385.20570066170995,387.22962510112234,974146
2021-04-26,382.5228576660156,389.959619559548,380.9225290878611,388.87705786402876,780607
2021-04-27,383.46417236328125,385.86463620007015,378.9456133324641,382.19332673811033,1357138
2021-04-28,387.2767028808594,389.7242522395816,384.35847205807977,386.05294256555663,1013196
2021-04-29,385.8175964355469,390.1478715899139,383.60538783980445,389.6301047498248,717046
2021-04-30,387.32379150390625,397.4434430657876,378.1455028780139,385.81760506070054,6159980
2021-05-03,419.0476989746094,427.37876657977233,391.70111758228245,395.419483887241,21636785
2021-05-04,433.7329406738281,436.79236998948727,417.96511266235416,426.43737845956406,7944787
2021-05-05,428.6025085449219,440.22834587948995,425.16653977235467,438.6751028703147,4410455
2021-05-06,447.8533935546875,449.4066365728379,428.97907915886805,430.76766289880226,6815727
2021-05-07,446.0648193359375,450.53629314527376,440.8873233461797,449.0301067480846,2909662
2021-05-10,443.1465759277344,446.53548804264017,440.5578280067545,445.2646424085361,1423765
2021-05-11,451.4776611328125,459.0085644753845,437.7337567869954,443.66433167802427,5488935
2021-05-12,441.3109130859375,456.0903220086295,438.7692505097557,452.74849522716033,2360087
2021-05-14,446.7237548828125,451.10111537165733,440.0871578966864,446.2060167765334,2137786
2021-05-17,446.4413146972656,450.44210665817945,441.12262054190876,446.72371205032016,1481703
2021-05-18,444.841064453125,452.56025237595384,441.21683996469415,450.63046975930575,2531987
2021-05-19,445.7823791503906,447.665104905397,438.67510091648757,444.84101627288743,3179272
2021-05-20,441.5462951660156,448.04172272357715,440.6520175700876,447.14741639953075,1356821
2021-05-21,432.7445068359375,442.7229299066414,430.7676391363799,442.15813518800826,2488470
2021-05-24,433.1210632324219,436.1804925669841,429.9204352126566,434.81550491108726,834420
2021-05-25,436.2746276855469,439.8988517034826,433.02691433677523,434.90964005128296,2097702
2021-05-26,432.2267761230469,440.08716219885287,431.14421451780663,438.1102943342615,1086797
2021-05-27,445.40582275390625,448.0887125980679,434.67429210537364,435.28617220678603,6639465
2021-05-28,443.428955078125,449.6890409577319,440.8402072635283,447.14734979397315,1134083
2021-05-31,447.335693359375,451.85422410922,443.5231561065827,446.1119042655418,2255039
2021-06-01,452.5131530761719,455.007758991044,446.2060102168811,447.6180545530105,1307085
2021-06-02,462.2091979980469,464.0919238554727,453.1721081367794,453.1721081367794,3186171
2021-06-03,467.3396301269531,469.36355464634505,462.2091907546217,464.9862228420518,2689526
2021-06-04,458.3495788574219,466.44530534156655,456.5609951375576,465.03326102670815,2176435
2021-06-07,460.60888671875,462.5386980315056,454.0193459718258,458.4437633931506,2108524
2021-06-08,459.479248046875,463.1505576976354,458.0672036636505,462.2562514303466,817978
2021-06-09,458.72613525390625,465.3156756339926,456.51395539451306,459.38510078316136,1118288
2021-06-10,466.4924011230469,468.1397862952293,458.72615673990106,462.1621545100899,1705760
2021-06-11,463.3858642578125,466.58649221148175,459.66746949827143,466.49235018058556,731886
2021-06-14,465.7863464355469,466.86893674143425,458.0671879751654,465.7392897822977,864570
2021-06-15,476.4708251953125,481.5541791001508,465.786350554738,465.97463462563104,4334086
2021-06-16,476.2825622558594,481.6953988343682,469.92836279413166,476.4237609427192,1545379
2021-06-17,487.90838623046875,491.3914404992,476.3296338938605,479.6714607431737,5678797
2021-06-18,490.59130859375,494.12141954269407,479.53026555894206,487.9083897988128,3128347
2021-06-21,489.5086975097656,496.33357838850753,483.95463353629725,483.95463353629725,1522019
2021-06-22,485.60205078125,494.0743172615712,484.3782904475616,491.39145585862985,1192946
2021-06-23,485.2726135253906,489.03806542471466,483.5311150044477,485.74329501280613,1042655
2021-06-24,486.4492492675781,488.5673156649696,482.40140053269783,486.0726811477728,1033753
2021-06-25,481.6483154296875,486.02564710899395,479.95387372418674,485.74324973411564,883218
2021-06-28,479.6714172363281,483.3898118960044,476.56493139698586,482.73084642554335,1081689
2021-06-29,506.1708984375,511.58373570724325,481.036494754575,481.036494754575,8975819
2021-06-30,499.67547607421875,511.9131952497106,496.71021705543893,511.1601163301588,5003080
2021-07-01,503.5350036621094,508.3359311403886,499.15764349479826,500.8050284568273,2035996
2021-07-02,489.3674621582031,507.9593787332319,487.2965098211582,503.535019234791,3742090
2021-07-05,499.4400939941406,500.7580250864816,488.5673635791463,495.1569041283833,2351288
2021-07-06,495.4393005371094,500.4285125946946,492.89760912475947,498.9223548832011,1240787
2021-07-07,501.2286682128906,502.6877691602184,493.2741405242592,497.51027341044085,1893166
2021-07-08,496.2394714355469,506.9239172758604,494.6861996814571,502.68778426241306,1983623
2021-07-09,500.758056640625,505.5119282737395,497.46328615839394,497.46328615839394,2370592
2021-07-12,500.4756774902344,505.747287471612,499.48720034451645,502.73491428672213,1067055
2021-07-13,500.1931457519531,507.77116293800157,497.32200044515645,501.74641749404236,2471182
2021-07-14,500.8520812988281,503.91151049076075,497.463198099486,500.80502464865924,1388764
2021-07-15,502.9701232910156,517.3729623746698,499.4870695038801,507.3945398608243,4990394
2021-07-16,493.9331359863281,505.60600172935796,491.67384199413755,505.60600172935796,1582351
2021-07-19,495.1568908691406,499.86370542112866,490.497132971426,491.3443825732768,1531013
2021-07-20,498.8282470703125,502.3583581107528,495.0156811816495,497.4162026541364,1730588
2021-07-22,498.1693420410156,506.17092803813017,494.26266236581023,503.582179627299,2323717
2021-07-23,502.6406555175781,505.8412544171743,497.22781966562303,500.8049866504531,1435904
2021-07-26,505.5118408203125,509.089008090924,500.89913996069015,502.5936390233939,1573841
2021-07-27,503.81744384765625,508.665428388557,500.3343895691924,506.35913521065595,968098
2021-07-28,499.0635986328125,507.1122404883733,497.3220426746741,506.3120474947738,1308260
2021-07-29,496.8983459472656,502.68775032393677,496.0982105256829,501.6522741952735,654581
2021-07-30,514.64306640625,520.7619247507672,496.8983427334141,500.8050214281735,7140990
2021-08-02,504.09979248046875,519.7735064896632,501.51104471329546,517.7495534346551,2473871
2021-08-03,512.0072631835938,513.325136664043,504.5704738881985,508.33592518587164,2963445
2021-08-04,504.8058166503906,516.1021705894203,503.629113115075,513.9841042258522,2297439
2021-08-05,500.7109680175781,507.6299626060714,498.9694121144058,507.3946218723644,2170594
2021-08-06,493.6036376953125,502.6878131056519,491.8621392279085,500.8050872138704,3116628
2021-08-09,495.34521484375,506.453286589978,491.3444221522864,505.3706961733225,2705676
2021-08-10,490.07354736328125,497.74567867908,486.1669254464453,497.74567867908,1630597
2021-08-11,486.30810546875,495.39228145077004,483.48401645335366,492.3328516840907,2133644
2021-08-12,485.69622802734375,491.90920054661973,484.1900128259009,487.6260105934647,1741264
2021-08-13,485.08428955078125,493.22710159598205,483.06039379506086,490.26178548660727,2564318
2021-08-16,485.1313781738281,490.0264770542532,481.97783524214026,484.47247006719624,619675
2021-08-17,490.07354736328125,492.2387281953382,484.28419947508235,484.28419947508235,2494715
2021-08-18,492.99176025390625,496.7101551853139,489.7440467706203,492.3327947352896,1491558
2021-08-20,506.359130859375,511.8190242309022,487.4847586015254,492.991766083407,5237598
2021-08-23,497.4161682128906,509.7479989444753,496.3335779196207,508.33595462606957,4464213
2021-08-24,491.1090087890625,501.36982934799977,488.5673176108241,498.92230892820186,2002611
2021-08-25,482.3072509765625,494.78030919839813,481.0364340647546,493.2741515654235,3339928
2021-08-26,491.4855651855469,497.6985950278163,483.38986693026,483.8605483975728,5109949
2021-08-27,494.16851806640625,496.8984362911453,489.9794412274885,494.02729063398965,2552792
2021-08-30,494.2626037597656,501.9817914152984,493.4154115813286,496.6160111269259,1875825
2021-08-31,512.5250244140625,514.8784315814921,494.26256181231696,494.68618659370026,5014916
2021-09-01,515.2079467773438,517.1377293925292,509.27737150248083,517.1377293925292,3113020
2021-09-02,529.6578369140625,538.4595566850768,516.1021887283101,516.5728701589788,6119217
2021-09-03,527.916259765625,534.4587428781887,525.5157960576818,530.8815756412313,2426876
2021-09-06,522.2210693359375,531.6817549998533,521.5150471601792,528.8576662968198,1230310
2021-09-07,524.0567626953125,533.7527895324325,521.6091845658676,526.0806585522504,3047365
2021-09-08,528.0574340820312,529.7518755022112,518.5496360497515,526.7865599247303,2092387
2021-09-09,541.2836303710938,542.13087990547,525.751143586532,525.751143586532,4180525
2021-09-13,541.8485107421875,552.9095258069286,536.9063550749628,546.931893839542,5331731
2021-09-14,525.5629272460938,547.9673541248068,523.3036906237044,541.2837001145816,5993393
2021-09-15,529.1871948242188,530.5992392211992,523.4919031247439,527.5398096944082,2376317
2021-09-16,529.7049560546875,537.9418820630937,528.904763054415,532.8114423723249,2340371
2021-09-17,527.25732421875,531.870025296736,520.3383300580014,531.870025296736,2062930
2021-09-20,534.1763916015625,538.4595813254045,523.3977748547638,526.221863568009,3866691
2021-09-21,527.8222045898438,536.576868318531,524.2920936140639,535.5884487365593,2368098
2021-09-22,532.058349609375,534.4117569789704,527.8222163441033,527.8222163441033,1763460
2021-09-23,533.5645751953125,539.4951510296205,529.8461795872471,536.5769485027165,2581525
2021-09-24,524.6685791015625,536.5768425368461,523.9155002874937,536.0591044431883,2833374
2021-09-27,515.3961791992188,528.1045781383775,513.3251693623318,526.9749311858728,1578144
2021-09-28,518.6439208984375,521.4209530499097,513.7017654861719,518.0790686632954,2541724
2021-09-29,520.9972534179688,526.4100895207398,515.1607925637356,524.3390798684344,2090106
2021-09-30,515.3961791992188,523.7272177435083,512.1014091038812,522.4564008320848,1383265
2021-10-01,517.3259887695312,520.3383616488856,509.32440383237065,513.0427989120626,1219031
2021-10-04,521.5620727539062,522.785832961097,513.3251478605843,521.6562435121383,2114180
2021-10-05,525.2333984375,526.9278400271817,521.7032878522352,522.4563666191797,1939884
2021-10-06,531.2110595703125,555.4040969808958,527.6338921318511,530.9757188512527,8610209
2021-10-07,528.3399658203125,538.4125610697375,527.351546195103,538.4125610697375,1449440
2021-10-08,530.7403564453125,531.870003341886,525.6570315950737,527.9162679319927,1050211
2021-10-11,536.9063110351562,539.4009457212464,528.6693855987497,532.6231212994713,1424481
2021-10-12,550.0853881835938,552.5800228535855,536.9063075703907,536.9063075703907,4367841
2021-10-13,549.7089233398438,557.2398271754269,544.4372561811937,555.310044558806,1958852
2021-10-14,545.3314819335938,556.5337227164571,544.2018350339073,553.8508041476732,1015225
2021-10-18,545.2844848632812,572.0662720892892,541.8014304821006,571.3131932259558,1971607
2021-10-19,540.624755859375,555.1217689466926,539.259768027089,546.4612179123043,1964659
2021-10-20,527.96337890625,543.6370947503779,525.7041423368719,542.1779936929439,1227089
2021-10-21,532.1524047851562,535.0235499711492,521.2796754166948,532.5289729056461,2154819
2021-10-22,529.7520141601562,532.8585004862853,524.4332903691235,531.8230241963211,1046820
2021-10-25,523.3507080078125,532.2465987725213,516.4787704306696,531.3993491925563,2156915
2021-10-26,530.22265625,531.8700413337772,518.7380173175641,522.6917530098757,1541807
2021-10-27,541.707275390625,547.7790773973824,532.340703336691,532.8113847720019,2189903
2021-10-28,531.258056640625,547.1671104473028,525.6098800166528,542.9780346266119,2768013
2021-10-29,535.1177978515625,538.8361931164455,520.5737283090057,533.1409011184193,1739744
2021-11-01,541.0482788085938,543.5429132549257,534.2233983886506,537.5181682465542,1130666
2021-11-02,532.6231079101562,540.2952383919794,531.8700290947196,537.9888878365173,1790411
2021-11-03,522.4563598632812,536.7650860751064,518.3143405143071,536.5768020217483,2635942
2021-11-04,525.1392822265625,528.0575417538975,523.6331245362323,528.0575417538975,119471
2021-11-08,531.7171630859375,532.4270026747226,518.23021089902,529.9189374544846,914345
2021-11-09,534.0359497070312,538.1056848683014,524.0035739358173,531.5278268807828,1498615
2021-11-10,526.2277221679688,534.7457968073783,520.5490057416957,534.7457968073783,2948154
2021-11-11,518.8453979492188,527.1741704167881,517.7569542033616,526.227717687135,1656199
2021-11-12,517.5203857421875,522.7731872923023,515.2489336548679,522.7731872923023,1257824
2021-11-15,523.6723022460938,525.1392924754538,516.1006801416372,521.3061703384511,936384
2021-11-16,523.2936401367188,529.5402038854522,519.6497631442247,526.2749310212545,1128877
2021-11-17,522.205322265625,525.28129380593,519.8391903115443,523.1044639615544,892311
2021-11-18,512.7880859375,522.1106801404276,507.9138889585096,522.1106801404276,1977932
2021-11-22,510.6112365722656,512.9300572629967,503.7494544311184,511.65231144554616,1475495
2021-11-23,514.8703002929688,516.857827977784,506.21023445150485,506.7308296818587,937667
2021-11-24,517.7568969726562,522.1106137079529,515.0122190201816,517.141737426513,991160
2021-11-25,519.6025390625,520.5489917748179,498.3073530353484,519.3186148021825,1211317
2021-11-26,514.4442749023438,524.3347156590354,512.4094365684879,516.7157841419146,2061796
2021-11-29,506.1155700683594,513.8291825085544,501.7619108519455,507.2986359170465,1267522
2021-11-30,509.52276611328125,514.9648689051735,501.66722059314435,501.66722059314435,4760651
2021-12-01,496.9349670410156,509.1915407747519,495.4206658629385,509.1915407747519,3003218
2021-12-02,504.3172912597656,506.3048765629867,492.6286236797861,501.3359999552655,2366483
2021-12-03,503.2762756347656,509.6648320250518,501.0994457514544,504.2700395198757,942083
2021-12-06,491.39825439453125,504.9325164787277,489.5526600723934,501.66724310369744,779811
2021-12-07,494.61614990234375,499.67970642546646,490.5937259924917,494.0009903174401,1117432
2021-12-08,501.4306335449219,503.03961470318285,494.5688514064495,497.8814358870913,829926
2021-12-09,501.2886962890625,504.69590290657084,497.17159237877735,503.0869217611797,468492
2021-12-10,498.16534423828125,503.08690972002233,494.33222244360627,500.95739119332654,1052815
2021-12-13,494.0010070800781,502.7083836278916,492.1554127289666,496.9349873953604,941508
2021-12-14,487.470458984375,494.0010058203036,484.8204029375088,493.10186418827146,1619756
2021-12-15,485.8141174316406,489.9785320590137,482.9274484991332,489.9785320590137,1205823
2021-12-16,482.2176208496094,487.4231103779172,481.1765171672593,486.52396881510526,560343
2021-12-17,473.5576171875,482.12300262276585,470.8602211989178,482.12300262276585,919115
2021-12-20,468.7779846191406,472.56379520805655,462.38942925034496,471.04949407924425,939832
2021-12-21,464.6136474609375,475.16658980728675,463.28861939258144,469.9137886178073,1298413
2021-12-22,473.0843811035156,474.1727959162554,464.660957970714,466.41187233390923,839522
2021-12-23,480.7980041503906,482.596258625445,471.4281275627317,474.7407122369962,1090279
2021-12-24,478.5264892578125,485.6248556000575,477.1068102126747,485.4356112742164,1426893
2021-12-27,474.0781555175781,480.3720602471916,473.17904277531585,478.52649479721475,545832
2021-12-28,473.9361877441406,478.4791491336924,468.4940847395898,473.6995745700297,799994
2021-12-29,475.1192626953125,480.3247526252412,473.652272541165,474.17280998078,505862
2021-12-30,479.8988342285156,482.40695701246676,473.2736652698858,475.1192596045962,835434
2021-12-31,485.1990051269531,488.36959860025735,480.7979769165324,481.2712032717652,914258
2022-01-03,486.5713195800781,490.735734649141,486.00347105561025,486.0507821381676,502608
2022-01-04,475.1665344238281,479.9934486448622,471.3334128008129,477.4853549357632,2094024
2022-01-05,474.2674255371094,476.06567978345976,471.33341656493633,476.06567978345976,856040
2022-01-06,475.4031982421875,479.7568866090808,470.4816613398499,470.8602366579612,797577
2022-01-07,477.248779296875,479.4729489433659,475.16657178027833,479.3782978956216,596720
2022-01-10,478.9524230957031,480.419442251097,474.26749911263437,477.95865921902254,702161
2022-01-11,477.48541259765625,482.1703652657192,476.34965774374837,478.90509172331826,743570
2022-01-12,477.1067810058594,480.9872426017099,474.4566962870979,480.9872426017099,1000008
2022-01-13,473.9361877441406,477.6273474835819,471.0021786084766,477.1068100539156,1476130
2022-01-14,472.8004455566406,474.1728135564394,469.48786103079726,473.93620037602204,637918
2022-01-17,474.2201232910156,476.1603686949893,467.8789074039237,475.11926492742356,1183216
2022-01-18,464.2823181152344,476.06566470963475,462.1054886570162,476.06566470963475,2047654
2022-01-19,467.92620849609375,469.15661433456364,458.1777572521218,466.6011804945021,899160
2022-01-20,461.63232421875,469.4405593285495,460.7805225289155,469.3459082778022,1191400
2022-01-21,452.2624206542969,461.82159853575456,449.56502472923273,461.82159853575456,1725811
2022-01-24,446.1578369140625,451.26867617456037,441.70952615620837,451.1740540028514,1225487
2022-01-25,442.46661376953125,450.27484813017,434.42176624644884,444.83274539396723,1736649
2022-01-27,438.4442138671875,444.8327696008163,431.25116756078336,444.8327696008163,2019041
2022-01-28,446.2524108886719,450.13287241221826,437.2611109874155,438.6334788415103,1421740
2022-01-31,456.71075439453125,468.2101781981418,449.0445103700511,453.3508587484169,2647338
2022-02-01,471.002197265625,475.5924988018945,459.1715380914485,460.54390610903107,2794796
2022-02-02,478.2425231933594,479.5675800397646,469.44052490477225,475.59246726743555,1565539
2022-02-03,474.4567565917969,480.5613884414777,472.75315317876533,477.863992301306,1393417
2022-02-04,489.31195068359375,490.3661983481601,472.204504630434,476.1339279967581,1758002
2022-02-07,490.1265869140625,502.20245328151987,487.58682844842224,499.3751567785017,3235609
2022-02-08,484.75958251953125,495.20618475744277,483.41782594940764,493.24147291348675,1564673
2022-02-09,490.8933410644531,491.6121423081546,484.95123908394834,488.4493992870095,515112
2022-02-10,486.4367370605469,493.2893321339971,483.9928245959841,493.2893321339971,774115
2022-02-11,478.5299377441406,486.3888430653218,473.97752985338144,486.3888430653218,1069920
2022-02-14,469.42510986328125,477.6673697868852,466.35824217530785,469.61680188982194,1001194
2022-02-15,482.21978759765625,483.0344348552658,466.7416066954651,468.6584100083829,1520336
2022-02-16,479.39251708984375,485.8137905967972,476.3256201102172,484.9512349613076,1166886
2022-02-17,485.094970703125,486.72426514490945,478.4820054212339,479.39249865307164,855947
2022-02-18,483.7532653808594,485.9096692384264,479.5363036867927,485.81382321735913,1330397
2022-02-21,486.14923095703125,487.7305878103771,478.2424174422052,483.0344256330089,1505281
2022-02-22,484.3282775878906,489.7432410374129,477.8590664782966,480.1592245787551,1586579
2022-02-23,480.15924072265625,485.38254156748127,478.9133302403796,482.0760440788345,812781
2022-02-24,463.33929443359375,474.84011435874066,457.1575920245883,457.1575920245883,3229880
2022-02-25,474.2650451660156,476.66104920419076,464.44142860949734,464.44142860949734,1460932
2022-02-28,493.289306640625,496.4520201663851,465.5914774838312,473.21078177056495,3050846
2022-03-02,491.2287292480469,494.24771769185355,483.27400765324074,492.6184232697387,1985091
2022-03-03,489.7911376953125,496.8354247215087,487.8264260675599,491.2766485116038,1271102
2022-03-04,480.2071228027344,488.7848290510053,478.33825718169135,485.9096241742347,2233264
2022-03-07,461.80584716796875,481.11763482787444,457.0617472368612,469.61681487182966,1540133
2022-03-08,470.23974609375,471.91694891837227,458.30766354743815,461.9495779816651,1797911
2022-03-09,472.108642578125,477.57151424841567,466.7894960527281,474.40880061025246,2526968
2022-03-10,479.967529296875,483.89698186790827,477.18817039232357,479.20081968461835,1022074
2022-03-11,486.4367370605469,487.8264311274374,481.30931172320544,482.0760213302574,1575214
2022-03-14,486.00543212890625,489.1202371681642,483.178135855573,487.34718845004465,1105361
2022-03-15,490.1745300292969,492.4267504827611,486.1492314457366,488.78483595332807,1167973
2022-03-16,503.5921630859375,507.85706216489064,491.851742770994,495.4457489898542,2965305
2022-03-17,502.29827880859375,512.7448801388728,496.9312529944028,511.21146090515936,2070981
2022-03-21,483.3699035644531,502.0587074787203,482.1719014386604,501.24408943166026,1655968
2022-03-22,471.62945556640625,483.99283094285175,466.26240050237107,483.99283094285175,1143012
2022-03-23,464.4414367675781,474.40880789184814,463.6746979130363,473.2108058517172,1755374
2022-03-24,462.3329162597656,465.7831677967681,458.97851073036503,465.7831677967681,2941035
2022-03-25,458.2118225097656,466.6457451058822,453.99486121170736,466.6457451058822,1468764
2022-03-28,454.9532775878906,460.0327946630562,449.01117562425384,459.60150221882066,2003440
2022-03-29,462.4288024902344,463.86640498502265,456.39088371136256,458.1159950058695,861768
2022-03-30,469.6168212890625,470.76691499962186,463.9143196170275,465.3998597638415,1710457
2022-03-31,482.7469177246094,485.14292182439783,471.10231440116013,474.2171197308851,2916586
2022-04-01,496.6916809082031,499.0397767718905,485.2387688966568,486.4367710213751,1839975
2022-04-04,508.0486755371094,509.6779699909046,489.31193555894606,500.90863026262394,2420693
2022-04-05,521.274658203125,525.0602977593217,509.7258720250426,512.5052600878574,1871307
2022-04-06,499.6147155761719,509.869623845229,496.3082185343289,503.16081300516015,3004423
2022-04-07,490.7016296386719,501.10026382140495,489.9349200416,499.61475300904203,1770482
2022-04-08,496.2603454589844,498.3688407150944,489.74322616425627,495.0144350564351,4230498
2022-04-11,497.93756103515625,502.15455165532825,493.7206289111782,498.3209450901515,1167454
2022-04-12,496.35626220703125,503.1608908563236,491.516286840884,500.285685765716,1110786
2022-04-13,498.0813293457031,499.47102338203484,491.9475356317801,499.3272397417897,618477
2022-04-18,496.3082580566406,501.43574184757813,495.06234764350756,499.32724657355675,930605
2022-04-19,483.1302490234375,502.4899436588911,479.91959783632126,498.3688285070136,1077806
2022-04-20,489.40777587890625,492.95384428402014,481.11760780910555,485.62210707149694,1599673
2022-04-21,496.6437072753906,498.8001108165839,492.1871165584487,493.9122276921653,1515422
2022-04-22,501.4356994628906,503.496227684543,487.82638584040404,495.11021417549875,1831082
2022-04-25,494.1039733886719,506.8986708875604,482.07604402913256,496.16456039482955,2516823
2022-04-26,508.2403869628906,510.34888230734305,494.82276376607786,494.82276376607786,2196486
2022-04-27,507.8570556640625,513.271989866781,501.48366131905505,506.9944707840996,1901393
2022-04-28,520.0287475585938,523.6227539925949,504.07139408934773,510.82811448603024,2172557
2022-04-29,499.9981689453125,518.5911264689745,497.79385677706864,515.6201046547583,2965286
2022-05-02,501.1482238769531,504.11924546123265,493.81642818231967,498.1771437964817,923844
2022-05-04,497.93756103515625,514.7574981406304,494.15186285280544,504.11926332074256,1918045
2022-05-05,498.1292419433594,504.1671604494949,494.6790195101941,498.46465911184754,1275107
2022-05-06,482.6990051269531,498.081369794196,478.2424431198448,486.86805832641517,2268170
2022-05-09,469.08966064453125,481.30928067528515,466.78947347556056,481.30928067528515,1502698
2022-05-10,481.1654968261719,483.84903877274047,469.0896604349452,469.0896604349452,1531282
2022-05-11,480.87799072265625,484.95119742035683,473.40247012964363,484.90328904079837,1259082
2022-05-12,479.34454345703125,481.309284241075,467.699970132251,480.15919064806917,1799507
2022-05-13,479.2487487792969,491.6600622447536,476.56523577232696,483.9928487984416,1648726
2022-05-16,474.98382568359375,484.95119619852954,471.9648665766409,484.1365490114229,1159224
2022-05-17,482.1239013671875,494.056012694051,474.4087803754709,477.2839851050192,1302697
2022-05-18,501.96282958984375,504.16714153367326,482.0759967230385,484.90329309490676,2333368
2022-05-19,489.2640686035156,499.3751948548483,486.9159727356598,493.5768762601578,1576556
2022-05-20,506.5631408691406,509.34252883567694,486.3408910310396,494.631029558747,2817153
2022-05-23,509.53424072265625,517.4410540263796,506.56316062596613,511.59476909197184,1501650
2022-05-24,506.70697021484375,514.0387078287672,503.44838116674765,513.6553822618234,1615087
2022-05-25,500.0940246582031,512.3136470490758,497.3146946630977,509.39053339206805,1165592
2022-05-26,508.09661865234375,510.58843935018024,494.9185969891528,502.48993433792674,1753281
2022-05-27,504.21514892578125,512.9845485393674,497.7939038493868,509.5822339475014,1375696
2022-05-30,513.5594482421875,515.5242182207438,504.119216353436,505.65263543816496,980868
2022-05-31,511.4510803222656,528.9419109956641,504.74226855712647,512.2656983524112,7603590
2022-06-01,498.6084899902344,516.1472295967541,496.4520861411656,510.78020341532886,1623158
2022-06-02,496.2124328613281,500.6210568624885,491.8517172413603,499.039729305986,1224004
2022-06-03,492.0912780761719,501.24400100328506,490.8453677843878,501.24400100328506,687824
2022-06-06,491.4204406738281,494.5352460023312,485.2866760303953,492.0434251380062,583249
2022-06-07,478.1465759277344,487.82643841385664,473.2587216775046,487.10763717847277,1084580
2022-06-08,470.8627014160156,477.23609554971836,466.5978317811508,474.8879998953967,1472376
2022-06-09,475.9901428222656,477.1881448072447,463.00381300433065,471.19813488234934,1765431
2022-06-10,472.0606689453125,475.8463667445318,466.7415520736898,470.2397118607629,2168604
2022-06-13,479.34454345703125,482.4593485859858,463.86636381969157,464.8247653978314,2792911
2022-06-14,479.0091552734375,481.8364519718154,474.40883883848556,477.23613553686346,1012537
2022-06-15,473.2586975097656,479.96750869741857,470.57518473394265,479.96750869741857,1234778
2022-06-16,464.63311767578125,473.97753395343483,458.5951988571519,473.9296255691988,1289736
2022-06-17,453.7073059082031,464.63307816175086,451.4550563267909,457.397157871611,2672949
2022-06-20,464.72894287109375,466.7415921364967,453.99486220243875,455.001172211092,912090
2022-06-21,464.72894287109375,474.8880059622877,458.0680691153343,466.7415921364967,1739570
2022-06-22,461.1349182128906,463.53092218287145,453.46770550895195,461.6620566351436,1674643
2022-06-23,456.58251953125,462.3329291708076,454.9053167197124,461.1349271625664,2090775
2022-06-24,462.14129638671875,467.4125055650289,457.15759600980465,458.06808929438824,1442087
2022-06-27,462.6204528808594,468.3229247147052,460.99115850084917,465.3998116043224,1051651
2022-06-28,468.2750549316406,470.383521025804,457.3013442721292,462.62049101133806,1230006
2022-06-29,456.0074462890625,465.687307804259,453.8031344208914,465.687307804259,1689593
2022-06-30,458.0201721191406,462.8121806770896,455.7679222472848,458.0201721191406,2030507
2022-07-01,470.76690673828125,472.49201802574885,457.7326383224342,458.11599313652727,846365
2022-07-04,478.72161865234375,482.0760243886465,470.8148051310588,471.4377603467528,1321306
2022-07-05,471.773193359375,482.4114570988653,470.52728296340325,481.02176306266176,842519
2022-07-06,478.09869384765625,481.0218073331296,460.1765703601772,461.9496193546228,2706381
2022-07-07,478.242431640625,487.5868478901162,476.8527375247949,482.0281299229913,1414095
2022-07-08,482.79486083984375,483.7053541625034,477.3319594000838,480.5426109743954,514837
2022-07-11,486.5325927734375,487.44308604204883,477.2361142981776,483.03443259336296,897184
2022-07-12,479.2008361816406,484.2803533459268,478.1465884924214,482.0760411987305,1086489
2022-07-13,481.3572082519531,482.93856505761664,476.32559980332644,479.20080463111316,1169717
2022-07-14,486.1971130371094,491.1808129851727,479.200793156266,481.54888874196985,1100706
2022-07-15,485.4303894042969,492.61840109340295,481.1175823908332,487.9222393061392,1138146
2022-07-18,486.8201599121094,490.2703826669254,482.74695264780246,488.4015168827499,998231
2022-07-19,486.3409118652344,488.9765163099215,482.65105979305315,486.67632903244487,666595
2022-07-20,491.8038024902344,495.20611645751814,484.2324064817513,488.7848140637173,1729531
2022-07-21,503.92755126953125,506.37146365848304,491.46833042777774,492.8101160707509,1354647
2022-07-22,509.1029968261719,511.0198002340293,503.2088029485312,505.5089904364392,1566939
2022-07-25,500.1418151855469,509.6300137339342,498.65630451282834,509.10290459150985,1087243
2022-07-26,486.7721862792969,500.23774684727545,484.567874210281,499.3272535915837,1616824
2022-07-27,493.57684326171875,494.4873365164888,483.2740256596537,483.9928268877048,880329
2022-07-28,493.0976257324219,496.3562145876337,488.1139256875886,495.63741338394215,1519220
2022-07-29,496.4520568847656,498.99184466692043,491.22875617004024,494.4394368093864,1476670
2022-08-01,501.33984375,502.58581260256875,496.73952785926923,501.91491979646025,705989
2022-08-02,500.71697998046875,504.119294317019,494.8706945113932,502.10667414503087,1194541
2022-08-03,498.8001403808594,503.0170724580865,493.14554736143566,501.24405283982634,1308692
2022-08-04,509.43841552734375,511.2594021686608,494.82278949930236,498.8001799808223,1271045
2022-08-05,498.0813293457031,514.8054491706503,496.4999432877753,514.51788189016,2069247
2022-08-08,501.62744140625,505.94024878308414,498.8959616365388,502.39415101844844,1321518
2022-08-10,489.07232666015625,507.8570331900564,488.1139250564733,506.0360467445823,1647830
2022-08-11,492.0434265136719,493.5289373598724,487.826435889431,493.38515371506196,1220917
2022-08-12,489.0244445800781,493.24143526155916,485.2387463426886,492.04343319252416,2148477
2022-08-16,490.3182678222656,499.135545054777,486.3888153852972,489.0244198036412,1238259
2022-08-17,491.3725280761719,496.0207525895887,489.5036331958624,492.0913292996607,590860
2022-08-18,491.94757080078125,493.5768653565372,490.4141515107734,492.5226469066814,682162
2022-08-19,494.48736572265625,498.27306411322724,489.21615640561237,493.57687241410923,1209484
2022-08-22,493.4810485839844,497.4104720747282,489.455749827493,493.5768653535357,1069955
2022-08-23,491.6600646972656,495.8290886310153,489.0244600619489,489.74326132612623,966053
2022-08-24,501.3878173828125,503.9754548900892,487.9222574360197,491.66001780362114,1632111
2022-08-25,495.9249267578125,505.02974208887144,494.2956323151214,505.02974208887144,1169236
2022-08-26,494.15185546875,499.27933927077083,490.94123341686804,498.368846025908,1300916
2022-08-29,501.2919616699219,504.26304182536546,483.99282392013396,489.0244324856403,2408316
2022-08-30,503.7358703613281,505.17347279785724,499.80644709995903,502.6337435910382,1844365
2022-09-01,504.6943054199219,509.5342807404891,495.3019805782947,495.3019805782947,1382520
2022-09-02,501.7711486816406,507.52155831259336,499.8543454713231,504.69426187813656,351979
2022-09-05,499.1834411621094,502.8733223547804,496.45202004873437,501.6274119959811,505820
2022-09-06,498.84808349609375,501.7232885882903,492.09136322867147,498.36888264739434,945938
2022-09-07,501.00445556640625,502.9212588397354,494.0560437005881,497.45835781150856,537305
2022-09-08,499.9502258300781,503.927557434349,496.45203653708313,502.8733390563958,702230
2022-09-09,499.9981689453125,505.1255945429361,498.84807522825594,505.1255945429361,409296
2022-09-12,500.5732116699219,503.9276177235157,499.327301120684,502.1545979222387,487837
2022-09-13,501.5794982910156,507.71329247159565,499.66269492160893,502.9691924330748,839395
2022-09-14,511.9781494140625,514.1824614077184,498.3688349152163,499.1355445004629,1766362
2022-09-15,501.9150390625,516.3868829796288,499.8065433835014,515.620173231685,1162980
2022-09-16,487.4909973144531,504.07136354067023,485.0470847866826,499.42308040334694,2709742
2022-09-19,490.845458984375,492.8580791761142,484.66375625803585,489.455764806175,635271
2022-09-20,505.3172912597656,511.7865026699191,492.618468862057,493.3372701298518,2557425
2022-09-21,513.0323486328125,521.2746372310972,505.6047364666003,506.4673212779266,3107895
2022-09-22,526.5938110351562,527.935538279909,513.0324039609964,514.6616985046637,3965300
2022-09-23,520.3641967773438,531.2899406830161,517.9202842258246,531.2899406830161,1834851
2022-09-26,504.3589172363281,528.941945341909,502.9213146218778,520.2204543831901,3214256
2022-09-27,514.134521484375,518.8306539660211,501.00440859386816,504.40672238579884,2277210
2022-09-28,524.6290893554688,529.996115225093,508.71958678444895,512.2656846072554,3139646
2022-09-29,516.0034790039062,529.4690106762428,509.86968495930125,527.2167316694008,2384651
2022-09-30,515.4762573242188,519.1182300610162,507.0902436469415,516.0034249808847,1942784
2022-10-03,507.4736633300781,519.2619916855325,501.2919611143541,517.536880449938,1776834
2022-10-04,504.21514892578125,514.6617516406171,498.3689215141917,514.6617516406171,3048584
2022-10-06,503.256591796875,509.342476268972,500.76477135701697,509.342476268972,1156219
2022-10-07,499.6147155761719,507.9528207480665,493.76848952830153,504.8380157151774,1761023
2022-10-10,493.4330749511719,495.44575354997545,489.74325193099196,489.74325193099196,644597
2022-10-11,485.765869140625,495.9249322081286,481.21346142506366,495.9249322081286,1484169
2022-10-12,487.2513427734375,491.13288660459807,481.64468784937947,485.9095864513957,1655770
2022-10-13,494.1039733886719,497.69797968113556,486.86805241908417,487.10765283858177,1374739
2022-10-14,490.2224426269531,502.1066464527509,488.92859455339163,500.28565992428065,831377
2022-10-17,492.5705261230469,494.91862179998435,488.78482801078366,491.6600328814353,1054028
2022-10-18,494.3914794921875,497.1229593572567,491.6121497389155,495.0623723623552,446492
2022-10-19,495.4936218261719,498.1771345778298,493.57681864696036,495.4936218261719,495441
2022-10-20,502.0586853027344,503.11296222458293,492.8101443978424,494.10396323807134,1609093
2022-10-21,497.55426025390625,504.790181306778,494.15188746092304,502.48999385464805,910520
2022-10-24,498.22509765625,502.7295973211665,497.55426326683033,502.68168893566474,61633
2022-10-25,494.91864013671875,501.0044672732675,492.57054437278435,498.17717067980345,720882
2022-10-27,497.8417663574219,500.71697140886965,494.9186529210226,498.36887558428134,1932746
2022-10-28,497.3625183105469,500.28563146951177,491.3245999748082,500.28563146951177,1619952
2022-10-31,502.7295837402344,504.45469504507696,495.01446200455257,498.36886784582254,1483039
2022-11-01,509.29461669921875,510.82803580974036,500.28561856038357,505.26931841386283,1253309
2022-11-02,507.8091125488281,509.5821907747949,504.2630730892885,509.1988066999381,680852
2022-11-03,517.201416015625,518.7348350857636,506.9944161854392,507.9528177283228,1299181
2022-11-04,516.7701416015625,519.4536543157639,510.49262297650483,516.3867575725952,774772
2022-11-07,483.8969421386719,503.16081935799696,478.33822478595465,501.867000649552,5483662
2022-11-09,481.3572082519531,485.9096158959487,475.89430737992006,483.9449042961996,1648043
2022-11-10,483.08233642578125,484.32827611046434,477.4757102130469,482.890673646051,1405812
2022-11-11,478.38616943359375,485.5262733012386,477.331921787297,485.5262733012386,671057
2022-11-14,478.7695007324219,484.51991025016775,474.6483856106087,480.782149913252,1914318
2022-11-15,477.236083984375,481.1655071093831,474.7921423782287,481.1655071093831,1051406
2022-11-16,472.8753662109375,478.1465752630921,471.53360975637213,477.1881736172458,998584
2022-11-17,467.987548828125,474.4088520603022,465.4957277511363,474.4088520603022,2386069
2022-11-18,465.8790283203125,471.15023717361186,461.94957587096104,469.4250967273108,1134351
2022-11-21,469.13763427734375,473.7858883930414,462.28506794089,465.3519358459377,1191076
2022-11-22,465.7831726074219,470.47933454746607,462.09332063735303,468.89797777403527,1726964
2022-11-23,470.1918640136719,470.9106652644323,464.1060075742812,467.70001382808306,1354580
2022-11-24,469.13763427734375,471.43779251815425,466.45412120441466,471.43779251815425,1576614
2022-11-25,466.02276611328125,471.2460663992902,463.9622085754585,471.2460663992902,1512539
2022-11-28,466.2145080566406,469.32931351077065,461.4704080503418,463.9622582632654,2225302
2022-11-29,481.5009765625,487.15554037098474,466.21448800173766,466.21448800173766,4005638
2022-11-30,486.2450866699219,488.0181355855068,479.82378386691624,481.5009867671538,3141017
2022-12-01,480.638427734375,488.73693338048423,479.8237804818159,487.9701945112121,1180104
2022-12-02,482.8906555175781,484.8074587315028,477.859047081026,480.2071134692261,1542730
2022-12-05,480.1112976074219,485.4304148367999,479.0091123588714,483.94490404246073,1003133
2022-12-06,481.2613525390625,482.6510465437146,477.61943819652635,479.2007949703093,873707
2022-12-07,489.2160949707031,490.8932977245969,480.11128002099423,480.15918840043895,1606711
2022-12-08,489.2640686035156,494.3914943079334,486.0055086681169,490.7016711557297,1703231
2022-12-09,501.96282958984375,504.1192331537142,491.22872015045056,492.61841414640514,2940138
2022-12-12,511.5469055175781,512.7449076382281,503.16089067302767,505.7485869528713,4051574
2022-12-13,506.03607177734375,512.4573745389088,502.8254496446585,512.4573745389088,787991
2022-12-14,503.256591796875,507.90487405454996,501.24397209515763,507.90487405454996,1159310
2022-12-15,497.55426025390625,503.92759638818006,495.30198118698803,502.0587013953491,752911
2022-12-16,492.8101501464844,499.2314530312477,491.13294722489223,495.68535515492806,1439095
2022-12-19,503.5921630859375,504.6463815116585,491.851742770994,493.5768540568079,1396813
2022-12-20,504.21514892578125,507.7612471819495,497.6501201850847,503.6401312609764,1129137
2022-12-21,499.9981689453125,506.70698071591346,498.89598361309237,504.21510124625814,796069
2022-12-22,500.6210632324219,505.55685497807826,498.6563516089968,502.5378664740449,685397
2022-12-23,494.1039733886719,501.6274616586136,491.66006080903577,496.0686851293128,598327
2022-12-26,496.88336181640625,500.908660564526,490.7974760614525,492.47467899848607,490218
2022-12-27,497.3146057128906,501.86701324034,496.45202088816086,500.04602683088405,464951
2022-12-28,497.6021423339844,500.09396319523404,492.9538592902386,498.2250683011999,433375
2022-12-29,493.960205078125,498.2730122522779,490.9412166577415,494.7269146542917,762655
2022-12-30,488.6410827636719,498.1292531648108,487.8264355187854,496.6916507025747,406283
2023-01-02,485.1908264160156,491.6600374348958,480.15921784577546,488.64107814237104,651385
2023-01-03,489.3598937988281,492.04343599762353,483.3219457876115,485.19084072519945,490270
2023-01-04,485.094970703125,493.28932204537585,483.9928146974925,489.74322437706667,790246
2023-01-05,494.0560302734375,503.065028811721,483.84905896997793,485.0949693645426,2901670
2023-01-06,491.70794677734375,495.87702898425607,486.53258380175396,494.0560424806125,896307
2023-01-09,493.5289611816406,498.80017046827663,491.7558829602359,493.481052796456,590344
2023-01-10,488.8327331542969,495.3019440704058,487.3951307284949,495.3019440704058,896497
2023-01-11,479.48834228515625,492.9538740068261,474.16922473271956,489.7432518209595,1810341
2023-01-12,480.73431396484375,482.07607053819294,470.00020288185084,475.8464592886934,1961900
2023-01-13,475.8943176269531,483.8490687039702,473.7379139596811,482.0760198390383,787686
2023-01-16,477.3319396972656,478.3861873831188,474.0254714870279,476.94858487916383,548451
2023-01-17,487.1076354980469,488.4014835668938,473.73792086679083,477.18817263435017,2178054
2023-01-18,486.9158935546875,488.78478826789063,484.37613530840457,487.8263867222673,731495
2023-01-19,480.4946594238281,487.0117787594048,479.2008113834735,486.77217835371306,978452
2023-01-20,484.18450927734375,485.5741740750581,474.7442474872171,474.7442474872171,3298721
2023-01-23,482.98651123046875,486.2450709099817,480.73426155924335,485.909624491187,605076
2023-01-24,482.4593811035156,490.27034864219195,481.5968254746729,484.42412201998195,1246731
2023-01-25,484.37615966796875,485.9575164481558,477.5235941217613,481.5488925150514,681724
2023-01-27,482.8427429199219,488.6410904914995,476.4693777528335,485.2866846932322,1000075
2023-01-30,483.2740478515625,487.01180855944625,479.48834951074923,483.0344474312097,1213003
2023-01-31,477.3798522949219,486.0054668663086,472.97119899770496,484.7116188309813,2320622
2023-02-01,484.3282775878906,485.90963445394976,475.9901715696195,477.37986565536374,924112
2023-02-02,478.913330078125,483.75324685159615,474.93593971692417,483.75324685159615,1173574
2023-02-03,473.35455322265625,480.30296495230596,471.6294420097058,478.91330015523374,1168245
2023-02-06,483.705322265625,490.2224417568982,473.06705814914034,473.35456694360056,2365306
2023-02-07,476.9006042480469,487.0596662532591,473.3065985326246,486.86797424919916,1331226
2023-02-08,480.0633850097656,481.596833513358,475.8464235609597,476.90067123518554,936630
2023-02-09,473.6421203613281,481.4051505447253,471.05442413479705,480.1592400641573,1121421
2023-02-10,474.5525817871094,475.8943382775714,471.5336223715453,475.12762863962104,665580
2023-02-13,471.5335998535156,477.90696481492455,470.2397518091763,474.5525591249097,731063
2023-02-14,473.5462341308594,478.09864170895264,470.95853812407336,472.9711873240074,1613823
2023-02-15,472.82745361328125,474.64841087453846,469.0417554466938,473.5462548412588,804095
2023-02-16,473.9775390625,475.55892523270404,471.485718093411,473.5462758554337,1067189
2023-02-17,469.13763427734375,476.3256470599384,467.7958777408792,472.4920402425546,864738
2023-02-20,468.7062683105469,471.8210733612202,465.7831552699219,471.77316498275525,699230
2023-02-21,479.584228515625,480.2071838017712,470.9107044015048,474.12135610468914,1498550
2023-02-22,482.79486083984375,484.37621780984824,477.6194974616022,479.9196557132541,1412597
2023-02-23,480.15924072265625,483.9928474350128,475.5589243670676,483.0344457569237,896170
2023-02-24,478.0507507324219,482.5073419843634,475.12763728046525,481.11764783619475,399292
2023-02-27,469.712646484375,478.7216159907375,464.9206383162996,478.7216159907375,753190
2023-02-28,471.4377746582031,474.8401181285962,466.5499203015905,471.53362067462643,1995562
2023-03-01,475.3193054199219,478.24241872491353,471.5336072397945,474.40881216198835,1161720
2023-03-02,478.242431640625,479.24874169133113,472.1565752080035,477.28402997401054,1047352
2023-03-03,478.72161865234375,480.68633031293945,474.98385811008296,479.4883282642599,689611
2023-03-06,480.1112976074219,482.8427187939103,478.24240277110204,479.39249640085205,675747
2023-03-08,480.111328125,484.0280266250725,476.3880297098569,479.6277836428571,1443804
2023-03-09,476.62982177734375,481.1267797456908,475.80779022086404,480.6432352434338,779119
2023-03-10,480.25640869140625,481.12678289852954,474.937419131724,475.8077933388473,713399
2023-03-13,474.5989074707031,482.5773913965988,473.0515592309171,478.22549107338295,1285925
2023-03-14,469.2799072265625,477.6935927935601,464.3961198943015,474.59889638626595,2082796
2023-03-15,469.618408203125,471.79435837852884,467.10397098668244,471.74598622225864,927685
2023-03-16,472.5196533203125,474.84066083110116,466.13686053073474,469.03812729752354,1104680
2023-03-17,470.1019592285156,474.50220228361434,468.55461095738616,474.50220228361434,2448223
2023-03-20,466.4269714355469,469.0381233087358,462.65533057343856,469.0381233087358,531125
2023-03-21,465.9918212890625,468.55460113047724,463.9609285703745,467.29739728773427,699575
2023-03-22,467.9259948730469,468.9414264663749,465.60498729314526,467.29739295750034,772546
2023-03-23,463.5741271972656,466.13690719517706,461.20474729524074,466.13690719517706,1277275
2023-03-24,461.494873046875,464.97636976419545,459.9475247762806,463.2356214055352,1031979
2023-03-27,463.9609375,467.10397668056277,458.7386629180153,461.49487240976686,1033080
2023-03-28,463.5257263183594,466.088535670694,459.85080007885034,464.20270039505397,1427140
2023-03-29,456.707763671875,464.54119019017077,454.53181350086027,462.84878450160375,1489592
2023-03-31,464.00927734375,464.97636631654916,456.1275081180795,456.65942476104703,1655647
2023-04-03,463.91259765625,467.3457517458383,460.18929916339215,467.3457517458383,1368272
2023-04-05,466.5237121582031,469.52169386098797,463.960932296208,468.0227177662021,2324531
2023-04-06,463.5257263183594,467.29739686963944,462.2685224767412,467.29739686963944,757700
2023-04-10,464.68621826171875,466.4753386363364,457.72316634928677,462.2684960022925,654066
2023-04-11,464.10595703125,466.6203940729381,462.8970959067087,464.686216273672,1121930
2023-04-12,461.5915832519531,465.7017116386979,460.9146386373595,464.1060206382517,2239126
2023-04-13,461.1080017089844,463.6224388933742,457.52979028519474,457.52979028519474,1327298
2023-04-17,463.67083740234375,464.9763839545755,458.4001904953707,460.1893110655588,1056975
2023-04-18,464.2994079589844,466.42698592804913,461.1563688907005,464.7829524310281,1243177
2023-04-19,452.74267578125,462.8971095261627,451.19532759366854,462.41356506211923,2834418
2023-04-20,456.22418212890625,457.04621358493375,447.47203951285167,452.597598805147,2774048
2023-04-21,457.67486572265625,459.2222140133735,455.5472581337683,456.22423223383646,856639
2023-04-24,459.31890869140625,461.5432014715262,454.967008415614,460.0925680462621,2043813
2023-04-25,473.6318359375,476.2429880327933,458.88372874393826,459.31893059755845,3869120
2023-04-26,480.5948791503906,483.0609442376096,473.63182670744607,473.63182670744607,2098348
2023-04-27,481.51361083984375,482.9642443508173,476.4363935514363,482.57741465053385,1077677
2023-04-28,480.06292724609375,483.44773841857676,477.59686233999776,481.5135606057293,1293767
2023-05-02,483.3994140625,485.96219385881443,478.8540842251028,479.5794009323547,572000
2023-05-03,485.9621887207031,487.7513091489839,478.7090217248717,478.7090217248717,802389
2023-05-04,480.9333190917969,486.9292823379865,478.9507985658149,486.4457378669458,795938
2023-05-05,477.3551025390625,482.7708064586497,475.8560969871595,482.33560463414614,906837
2023-05-08,513.234130859375,522.0346169216746,494.18246624578825,494.18246624578825,9360002
2023-05-09,519.2301025390625,522.1797121543989,513.5242538853212,513.5242538853212,2469102
2023-05-10,515.8936157226562,519.3267697134282,513.8626934978657,519.2300844283349,904862
2023-05-11,524.742431640625,525.6128352912353,512.9439938745461,515.8936033160659,1677585
2023-05-12,523.6786499023438,531.4153612582417,522.3731034716053,525.1292832815747,1423611
2023-05-15,519.2301025390625,524.1622327793674,516.4255208564248,524.1622327793674,1256652
2023-05-16,518.5048217773438,521.0192297162135,513.9594914019114,517.7795049842354,1024340
2023-05-17,509.51080322265625,518.3596909606333,507.7217122282322,518.3596909606333,978934
2023-05-18,515.2649536132812,519.3750814342815,506.9480126919438,507.4798997811418,846130
2023-05-19,508.447021484375,517.0541368518849,504.820437878923,515.4584164549157,780885
2023-05-22,512.7988891601562,513.8143206997435,506.07760950072174,508.3503038312876,404455
2023-05-23,509.6075439453125,515.941964886051,507.8667956066524,512.7989257372606,583381
2023-05-24,513.4276123046875,515.2167034786013,504.8204959471232,504.8204959471232,1062897
2023-05-25,511.0097961425781,513.6208889400561,508.59207390311934,513.185746158091,652969
2023-05-26,526.1930541992188,527.0634578318957,511.0098054791447,511.0098054791447,2044193
2023-05-29,526.2413940429688,530.3515214422846,523.485155547578,529.2876883466121,980789
2023-05-30,523.7753295898438,529.4811777644497,522.5664684533953,526.0963665823939,486319
2023-05-31,525.1776733398438,529.9647757288112,522.9533804294794,526.9668234182891,2583502
2023-06-01,537.9915771484375,540.3609569079499,520.970835047008,526.0963947345409,1969756
2023-06-02,531.3670043945312,540.3125766603436,530.1581432775296,539.7322879083297,959977
2023-06-05,529.1427612304688,535.2354100246631,527.0634963042023,530.93185224038,599951
2023-06-06,524.8875732421875,529.9647906710618,519.3268112962777,529.8681053782267,1602972
2023-06-07,531.7054443359375,533.8330516368757,526.2897703212037,527.4502887604809,1074463
2023-06-08,527.4986572265625,533.2528480404759,526.0963665032087,529.1910628173357,775479
2023-06-09,515.65185546875,535.7189517853608,514.7814517769768,527.4986954628937,1110522
2023-06-12,520.2938232421875,521.3575974114821,511.0581361404776,519.1816474072165,787822
2023-06-13,519.6168823242188,526.628277229186,517.2475025855309,521.1642600639287,1231955
2023-06-14,521.6478271484375,525.5161831257298,517.0541544254029,521.2609679401371,1444023
2023-06-15,527.4503173828125,532.8659916914303,522.9533303214898,523.2434451904475,2156123
2023-06-16,530.1098022460938,535.2353615924436,528.562424595785,529.5778561318622,1730503
2023-06-19,517.34423828125,532.7209169526332,512.2670213656526,530.1098240457511,848453
2023-06-20,518.4563598632812,522.6632321903678,514.4913187988973,517.3925856342295,1483920
2023-06-21,509.8009338378906,522.5181173720315,508.83384494435495,519.423421107433,550597
2023-06-22,506.99639892578125,510.3812103635309,503.27312995482754,509.70423627069556,1103762
2023-06-23,511.1065368652344,512.4604850767732,505.11057325566406,506.99640861229733,1008663
2023-06-26,511.2999572753906,514.9265409627614,507.28651438412953,512.5088185045142,752253
2023-06-27,511.4449462890625,514.201185097587,507.963449824679,512.9923239604506,1412587
2023-06-28,505.78759765625,513.0407658826781,503.9017621120919,512.122019435377,2781842
2023-06-30,513.4758911132812,514.491322708078,505.7875221359488,505.7875221359488,1684566
2023-07-03,515.7001342773438,518.6980861309293,511.4933213495029,517.2474528418228,1468638
2023-07-04,509.12396240234375,519.0366236116131,506.02926612197035,519.0366236116131,745262
2023-07-05,520.8257446289062,522.1796927757458,506.9963843851542,509.51079205622716,2691903
2023-07-06,510.33282470703125,524.2105268215714,508.01178773477164,516.9090174265372,2586934
2023-07-07,500.0333557128906,513.0407145699497,496.4067719623962,513.0407145699497,2642703
2023-07-10,509.7525634765625,512.363715454747,499.5497868284815,500.95207761550887,1651270
2023-07-11,514.0560913085938,516.4254709111295,505.0138337337335,512.4604300446653,1518372
2023-07-12,520.0520629882812,521.2609241295836,514.0077572817694,514.0560999221369,1389645
2023-07-13,515.9902954101562,529.7713128927165,513.0890285717225,523.968779215849,1654917
2023-07-14,521.6961669921875,523.582002326279,515.9903183457416,518.3596981743989,912761
2023-07-17,514.15283203125,525.1292673232954,511.88013772366645,521.6477709295107,1234506
2023-07-18,513.0407104492188,517.7794701223745,508.39869509115607,517.5376978742835,803617
2023-07-19,514.3462524414062,516.8607192152303,511.78350205010315,513.5242504157185,636194
2023-07-20,521.406005859375,523.1950967200298,512.6538040627912,515.1682706273915,1271756
2023-07-21,520.9224853515625,524.6457541900834,517.3925870814647,520.6807131146085,1019421
2023-07-24,517.7794189453125,523.2917784358075,513.5725468284767,520.53559869056,822710
2023-07-25,522.8082275390625,524.0654903105038,514.8297442390542,517.7310108936027,843404
2023-07-26,515.1682739257812,525.0325926085372,513.620896254638,524.0171020323653,1290605
2023-07-27,535.815673828125,537.7015092720452,514.2012572728157,518.891615532692,3733012
2023-07-28,555.447509765625,559.1224949633113,534.848527123425,537.6531086634646,7372578
2023-07-31,542.1016845703125,558.0103091762012,538.8619602853182,556.0277886871858,3136108
2023-08-01,539.3455200195312,548.2910928202875,537.4113421166651,544.4710796568417,1697912
2023-08-02,544.2777099609375,545.4382286356614,536.4443122028066,542.3435318452082,1318832
2023-08-03,553.5133666992188,556.07617616516,545.099739602732,549.3065531509754,4242154
2023-08-04,557.2366943359375,562.700711777245,552.7880495142475,556.0761757291302,2397608
2023-08-07,556.8497924804688,558.4455128209297,553.416638594169,557.1883090208455,1120653
2023-08-08,558.2520141601562,559.4608751695979,554.5770884967369,556.8497235839206,1282689
2023-08-09,565.89208984375,568.5515843018227,554.6254806198914,558.9773806421922,2394453
2023-08-10,557.865234375,567.3427532581986,555.1573971339825,565.8921198405366,3293103
2023-08-11,557.9619140625,561.6851824593689,554.238586639213,558.9290028956003,1934577
2023-08-14,549.4031982421875,557.1883113600258,542.5368904407617,557.1883113600258,569222
2023-08-16,541.1829223632812,550.6604407612302,538.8619444297111,549.258150057336,1009445
2023-08-17,540.0708618164062,545.4865365853897,536.8794799337401,545.4865365853897,876508
2023-08-18,532.624267578125,539.8290924446127,529.6263152840351,539.8290924446127,1146881
2023-08-21,536.68603515625,538.7652410237613,528.0789197215087,532.5759070379662,1353123
2023-08-22,540.4093017578125,541.5698203209282,536.0574014159479,537.9432367027077,558087
2023-08-23,535.2354125976562,540.3126297882967,533.1561476613945,540.0708575411234,784166
2023-08-24,544.9546508789062,546.4052843772529,535.2837608899283,535.7673053893772,1481139
2023-08-25,541.7633056640625,552.0144261357871,537.8466067586597,545.4382323033732,1339191
2023-08-28,539.7807006835938,545.9700343141744,534.8485118088626,541.7632211509952,659914
2023-08-29,543.9874877929688,545.0512619363069,534.0264842662215,539.1037008189559,1275303
2023-08-30,552.3528442382812,554.1419350777892,543.7940721288184,546.8887683882893,1897785
2023-08-31,551.2890014648438,556.0761032020412,547.5173902676736,554.1419254517732,3101652
2023-09-01,550.6121215820312,556.9949446650033,544.9546743058437,555.3508814909152,3196294
2023-09-04,558.5422973632812,560.1380179873224,547.9043172734981,550.6121549456105,1902190
2023-09-05,558.6389770507812,563.0875627812039,555.3508508838237,560.9116125600657,1830485
2023-09-06,568.8900756835938,570.6791666331845,556.8498064329016,558.5905547402054,1815156
2023-09-07,564.8283081054688,571.743017937017,563.9579634375656,568.8900936349647,1446101
2023-09-08,567.3427734375,569.6154089287672,563.5711028068575,565.747053010745,443934
2023-09-11,565.2152099609375,572.2749482566628,562.4589707385192,566.7625288382578,1212146
2023-09-12,562.1204223632812,567.3910686664235,557.7685223191784,565.7470057333669,1749729
2023-09-13,564.19970703125,565.2634812468078,556.3179086180089,561.5885551072887,1454573
2023-09-14,561.6852416992188,571.1143588164173,559.0257471277012,564.1997083463262,1729893
2023-09-15,561.0567016601562,565.2635151598423,558.0586903726221,561.3951591963875,1751444
2023-09-18,562.8458251953125,564.7800032887671,555.8344296065393,562.120508410267,1636425
2023-09-20,555.5926513671875,565.6019992825517,553.0298418103612,562.845819139605,1538968
2023-09-21,555.7376708984375,556.7531024580745,549.9351373845991,555.350811720279,729098
2023-09-22,555.0123291015625,556.5113050528754,552.739634828934,555.3507865973227,871842
2023-09-25,559.7510986328125,560.911617232372,552.4979311686009,554.238679554726,1047109
2023-09-26,563.2326049804688,566.7141014470487,557.2849845714367,559.751049487466,1416714
2023-09-27,564.5864868164062,566.665751557562,562.4588794356376,564.5381441767933,1095220
2023-09-28,541.3764038085938,567.439463846809,539.8774276821152,565.166828335028,2174366
2023-09-29,543.16552734375,546.550338637378,537.7014512163237,542.0533514509881,989747
2023-10-03,556.7531127929688,575.417917470335,548.2427419533142,557.4784294956625,5953987
2023-10-04,552.0626831054688,556.5596701674342,541.5697919961133,556.0761257102948,2873209
2023-10-05,524.597412109375,544.9546226773982,523.1951213282564,538.6685445098684,3841011
2023-10-06,519.761962890625,528.1272468103144,518.9883035434897,528.1272468103144,1428800
2023-10-09,520.3422241210938,522.7599466186608,514.9265493371148,517.4409571240133,1105136
2023-10-10,519.2301025390625,523.7753735726492,518.4563841256262,522.2280547986318,627596
2023-10-11,518.4563598632812,522.4698025960606,517.8761301067848,522.228030359783,742475
2023-10-12,521.7928466796875,522.9050226158216,517.3926036316569,520.2938705679092,599258
2023-10-13,524.3556518554688,525.4677687562078,518.601460673019,520.293866372185,1171463
2023-10-16,524.9841918945312,525.8062528849991,522.2280121078644,524.4523047985948,619028
2023-10-17,527.6437377929688,529.9647750167522,522.663264830475,526.0964189947322,956658
2023-10-18,531.076904296875,532.3824507289652,525.7579152341877,528.3206654576285,1088052
2023-10-19,529.0943603515625,531.2703105689172,524.7908615872693,531.0285383225445,399054
2023-10-20,523.7753295898438,529.2877481773335,518.9882867106458,529.0943185902172,1001058
2023-10-23,519.4234008789062,524.7423895862087,517.3925378921404,522.2279821715061,971800
2023-10-25,524.7908935546875,529.5779371033269,517.3926387544487,517.4893240483165,1349601
2023-10-26,519.5685424804688,524.8391891047739,515.8452736042083,524.8391891047739,800857
2023-10-27,520.0520629882812,524.8875075534908,518.4080000308254,519.3750889438674,565260
2023-10-30,514.6847534179688,522.1796928157484,511.59005695811663,519.4718555482873,1068984
2023-10-31,518.8916015625,523.8721336230655,504.6753811717953,514.4913583294419,2533458
2023-11-01,517.44091796875,527.7887812805895,515.0231956541344,520.3905273872963,766079
2023-11-02,516.618896484375,520.8257095423838,514.0077446779047,517.6343280128852,802776
2023-11-03,510.6712951660156,520.1004121870745,508.10854492999226,520.1004121870745,2163631
2023-11-06,516.4254760742188,519.3267427937368,510.6712852752234,514.7330704878332,870723
2023-11-07,510.0552673339844,518.0788269823046,507.8670237935334,518.0788269823046,1603617
2023-11-08,506.06781005859375,512.340787296246,504.75488756323153,512.2435557632231,1648377
2023-11-09,506.1650695800781,507.76974593496396,502.8097508599982,507.6725144079672,785066
2023-11-10,506.943115234375,508.5964667627565,502.0803515390812,506.1650849151097,1054801
2023-11-13,506.6999816894531,508.7423187162148,503.0529088845866,505.7274289414887,524339
2023-11-15,504.85211181640625,509.52041253240117,502.9556814304314,508.8882294971366,2377016
2023-11-16,502.8583984375,508.4019611048869,501.8858456663764,507.6725465265441,2039976
2023-11-17,515.4043579101562,516.2310040296364,503.00430995848774,503.782340310924,1424894
2023-11-20,511.3196105957031,517.3980653103453,508.8396129441109,516.2309901331521,917647
2023-11-21,512.1463012695312,515.0153440165423,510.34710226136076,515.0153440165423,741399
2023-11-22,518.078857421875,520.3157168560032,512.2435409711535,514.4804004052817,1232062
2023-11-23,516.3283081054688,520.0726126621099,511.02788344431656,520.0726126621099,1193876
2023-11-24,509.2773132324219,519.8294876951778,507.4780548807652,516.2310303517785,1124449
2023-11-28,510.736083984375,512.1949130624681,507.04033616527994,509.66624037782907,1284496
2023-11-29,512.5352783203125,514.480383740883,509.7148517165227,510.8819268408463,1839238
2023-11-30,523.8655395507812,525.1298461983374,512.5352767663481,512.5352767663481,2700338
2023-12-01,522.1636352539062,526.7345860414396,518.9541634449048,525.1785252660981,1142691
2023-12-04,521.2882690429688,528.4851830684955,519.7322084017293,524.2059272652242,976283
2023-12-05,521.8717651367188,524.9353299447408,519.5862899916216,519.5862899916216,1284123
2023-12-06,524.6921997070312,530.965176709894,521.8717730360052,523.1847548421345,1892079
2023-12-07,518.905517578125,524.6922184206405,512.049032434601,524.5463117614529,2892095
2023-12-08,515.9392700195312,522.4553857730047,513.0216115651324,518.8569284739301,1761960
2023-12-11,525.8106689453125,528.1447599334236,514.5776371753625,515.9392347716926,1264328
2023-12-12,525.2271118164062,531.8404587835706,523.0874838494062,528.1933858943355,1408876
2023-12-13,524.9839477539062,527.6098519767397,518.5165077649746,527.6098519767397,1948860
2023-12-14,523.281982421875,528.631022415586,521.4827836224989,526.1996406002628,839848
2023-12-15,520.51025390625,524.2059425569328,517.9815810905858,524.2059425569328,2003551
2023-12-18,525.6161499023438,527.5126396523148,516.6200368913699,520.3157254995718,1141718
2023-12-19,532.81298828125,534.9040003903755,522.6984755261766,528.0961312944979,1822275
2023-12-20,516.668701171875,536.7519412531573,514.3832257200689,532.8130547257031,2878587
2023-12-21,512.4380493164062,515.9392153467096,507.6725172685813,514.9666626316357,3343320
2023-12-22,508.4991455078125,515.307014274691,506.55404014584724,512.438031353716,2168308
2023-12-26,514.9180297851562,516.7172285043907,510.00665060895227,512.5352638402934,615361
2023-12-27,519.4403686523438,520.3643055810118,514.1400039729589,515.4529263621833,1801493
2023-12-28,531.0623779296875,532.7643451161226,517.9815325391049,519.3917457941321,1817606
2023-12-29,533.4451293945312,538.6482623365514,525.9564621053439,529.1172582229962,1564905
2024-01-01,527.36669921875,537.2867485864089,525.178455653527,534.9039826100737,965961
2024-01-02,531.9863891601562,532.715803770522,522.6499058914386,529.0687307186929,1243897
2024-01-03,528.6310424804688,536.7032185417502,525.2271078098155,531.6946074280206,1190743
2024-01-04,538.551025390625,540.7392688346501,529.0686371331828,529.9925740148628,1325514
2024-01-05,531.0137939453125,542.1981504111936,530.0412412091489,539.7667685707846,933806
2024-01-08,509.37445068359375,522.1635417812337,505.72737824433176,515.4529047490304,5126083
2024-01-09,516.1337280273438,517.8843110094791,510.5901657839935,510.5901657839935,783243
2024-01-10,516.71728515625,519.8780817219224,513.7510110204474,515.4529784019634,1138901
2024-01-11,515.5501708984375,520.7533635438796,513.7509721181814,516.7172460293717,503249
2024-01-12,518.2733764648438,519.3431607298746,514.0427364496949,515.5501813176595,649640
2024-01-15,515.4043579101562,520.3157375798153,514.6263275577201,520.3157375798153,598886
2024-01-16,516.9603881835938,518.4192172685027,511.65996396977636,515.4043275703206,579717
2024-01-17,513.216064453125,518.3705818187412,508.93680888927094,515.452923759724,909008
2024-01-18,510.1039123535156,515.2584300057925,503.63641288571836,513.216092994861,1188131
2024-01-19,515.696044921875,517.3980120668317,509.1313145056135,512.3893421534265,862529
2024-01-23,506.6513977050781,515.3557572173452,502.8098022376627,510.54160894095946,1757069
2024-01-24,515.1126098632812,517.3980851797912,501.4968707796025,503.8309618637148,1303355
2024-01-25,510.6873779296875,519.7321651539747,507.3321187412171,514.966633376875,990062
2024-01-29,502.42071533203125,509.47172260710084,494.6403231912186,494.6403231912186,2146422
2024-01-30,508.7909851074219,512.5839051434268,501.25370144008593,505.678804495379,1822487
2024-01-31,513.3619384765625,517.9329482124003,508.9368353952366,512.0490160255885,2177564
2024-02-01,521.2882690429688,539.4750171670092,514.6749222778382,516.3768895741539,4714744
2024-02-02,514.9666748046875,526.1510312924191,513.653752352265,526.1510312924191,1577128
2024-02-05,508.8395690917969,519.6834957522323,508.1101545889015,513.5078100383464,760304
2024-02-06,506.50543212890625,513.4592076482264,504.9493715595018,510.5901653234752,971957
2024-02-07,510.4930114746094,513.361994876,507.52667781297123,509.61769017118917,964073
2024-02-08,508.06158447265625,514.2858865072917,506.6513711017145,511.5141348912311,1062206
2024-02-09,506.35955810546875,509.5689699603546,502.46934752744886,509.5689699603546,583337
2024-02-12,510.7846984863281,511.9517736179005,505.5328900742056,506.2136888476151,529409
2024-02-13,510.736083984375,514.0427276121085,508.6450718951453,511.5627300513316,718699
2024-02-14,512.5352783203125,513.4105995035319,501.3509221520324,501.3509221520324,1311331
2024-02-15,507.6724853515625,512.9729091874627,504.60892074772113,512.5352486212136,1143167
2024-02-16,509.423095703125,511.9517683555241,505.5815006411443,508.0615575302083,1673623
2024-02-19,512.0490112304688,514.9666694141181,509.13135304681936,510.05529001028987,960744
2024-02-20,521.4828491210938,522.6499244110158,510.3471071362754,513.4592881227626,1203500
2024-02-21,523.9141845703125,525.9565216258037,519.0028049959856,521.9204632809216,4398178
2024-02-22,524.2058715820312,530.2357098061613,522.9901807852269,530.0411874066921,1119584
2024-02-23,515.5988159179688,525.8106188375709,514.2372184513937,524.6921595357483,2093913
2024-02-26,511.2223205566406,518.1760363384175,510.5901375947052,510.68736911504794,1270303
2024-02-27,508.88818359375,512.9729166718345,505.6301558995099,512.5352560991997,3305817
2024-02-28,508.9854736328125,511.51414647657907,506.40824438194244,508.8882420987838,2328617
2024-02-29,508.2560119628906,512.1462227222236,505.87330536072346,508.9854264802655,3588262
2024-03-01,509.86077880859375,512.0490224944675,507.8670575445572,508.88822605931654,1414893
2024-03-04,509.6662292480469,515.3556981443113,507.672508090172,514.4803769726072,1604843
2024-03-05,504.26861572265625,510.68744031768813,502.90701808860183,509.66627177210273,2321785
2024-03-06,498.01446533203125,504.3178166164346,496.438619996743,503.87462984062677,1262432
2024-03-07,506.8293151855469,509.93177300198806,495.74922463143844,496.38940336649347,1828309
2024-03-11,501.5108947753906,507.22330050596133,500.4274991901442,506.8293166155074,1521855
2024-03-12,495.9954528808594,502.7912542233607,493.4347078666086,501.5108967446108,802956
2024-03-13,488.6579284667969,503.9731352162259,487.18057907303046,497.27579993043446,2217193
2024-03-14,498.408447265625,501.46164213932843,484.71834837803704,488.6579469101056,2326218
2024-03-15,492.5975036621094,501.95404938218905,489.0026263178496,499.34407158741135,2751229
2024-03-18,489.987548828125,495.1582717052057,488.5101994346734,492.59752674520615,1322999
2024-03-19,482.6500244140625,489.9383053100531,478.95665101004687,488.5101889044672,1840899
2024-03-20,485.1615295410156,488.904135848427,479.9415438360216,482.6500176275494,818930
2024-03-21,493.1392517089844,493.9271593822077,484.1273961414555,487.52531185282714,1472539
2024-03-22,490.2337646484375,496.3893870071572,487.52529081060084,493.43468827497173,1090354
2024-03-26,489.0518798828125,492.1543376398276,483.6349321323739,483.6349321323739,1641519
2024-03-27,487.32830810546875,491.9081152725263,485.1615470281973,491.4648984316012,765910
2024-03-28,489.6921081542969,492.4005821373256,483.38872647566524,488.9041704160922,1873929
2024-04-01,488.3132019042969,497.2757941333469,487.22983640689796,489.69208536780457,798915
2024-04-02,491.46490478515625,492.3513084217152,488.5102059587926,489.4951055675805,665814
2024-04-03,488.5594177246094,494.222590229492,487.7222771388524,493.6809074908552,753923
2024-04-04,484.0781555175781,491.71112745096826,483.1424888707849,491.71112745096826,967522
2024-04-05,501.80633544921875,503.13595589208285,485.60472535362453,487.0328417657285,3357470
2024-04-08,511.16290283203125,513.1327020722317,502.2003102777687,503.77615568127936,1952580
2024-04-09,501.8555908203125,511.9015789964792,499.98428754817394,510.96591233203435,609398
2024-04-10,507.4202880859375,508.7991114636608,499.4918282383991,505.4504888776175,937271
2024-04-12,506.78009033203125,511.458363553652,505.2042749764653,508.89764857248167,900595
2024-04-15,501.56011962890625,506.23839271331923,497.7190172130541,502.4465232546028,1163084
2024-04-16,500.4767150878906,507.6665000490771,494.61658062653464,499.04862873230377,1357134
2024-04-18,498.753173828125,508.15898346459903,487.6730528305063,505.05652553986437,3161005
2024-04-19,497.66973876953125,500.32897962092494,494.4195822238274,496.2416524326157,1090283
2024-04-22,498.35919189453125,507.76497094414896,497.620517202988,507.76497094414896,3016169
2024-04-23,502.446533203125,505.6967199707006,497.9652519720258,499.83655523149304,860942
2024-04-24,501.609375,505.4505076442401,500.3290174897545,502.88976256699726,553044
2024-04-25,502.446533203125,503.57916175042743,495.55223588958717,503.57916175042743,642394
2024-04-26,510.0302429199219,510.86744366296864,502.6435258448009,504.2193712442838,1801225
2024-04-29,507.814208984375,516.0873896578788,505.0565021310407,512.6402410628357,1650076
2024-04-30,510.1780090332031,512.0985753370132,507.8142258725902,510.1780090332031,1307750
2024-05-02,510.0302429199219,514.9055080496578,505.64748771247946,509.68555209916866,926594
2024-05-03,509.0946350097656,513.5759162350588,502.7420204706788,512.0985668126433,1104998
2024-05-06,522.292236328125,525.9363768043381,510.42420838735626,513.0342163251373,3372308
2024-05-07,574.6889038085938,577.1511527537891,551.1497798471264,553.5135628799138,35041160
2024-05-08,586.6554565429688,589.4623962894233,564.8399068871918,574.6889026480844,8678579
2024-05-09,572.5714111328125,584.6857254190113,570.6016117514478,581.2878094634557,6584839
2024-05-10,578.2838134765625,579.6134038665404,565.5293518700533,572.2266570033304,1775304
2024-05-13,585.5720825195312,596.110520934633,575.575387009796,581.9279417443179,3806732
2024-05-14,591.1859741210938,603.1525280883118,576.9049301814755,584.9811187769251,4911104
2024-05-15,582.6665649414062,594.0422031315933,577.2989103446162,592.7125526362925,1257277
2024-05-16,582.3218994140625,591.9246706940406,576.2155097569143,581.7802166466103,2586189
2024-05-17,588.0343017578125,590.9397676380667,573.5070324700434,582.4696550139885,2280419
2024-05-21,581.238525390625,588.4775134351803,576.1662683842351,583.0605656127643,2397255
2024-05-22,593.5989990234375,599.1144127202043,581.287754063243,582.0756617179953,4604232
2024-05-23,598.9666748046875,604.4328551879966,592.8110527258491,597.9817752720734,3345604
2024-05-24,594.87939453125,597.44010960138,587.2464221676454,597.44010960138,1841955
2024-05-27,593.4512329101562,603.6449796828535,591.530666696735,603.6449796828535,1748191
2024-05-28,598.9174194335938,606.5996843623093,593.7466965619201,597.834053924929,3123135
2024-05-29,596.3074951171875,605.7132745942844,592.6633544505863,598.8189771598778,2252674
2024-05-30,588.2312622070312,595.7657678863926,581.7309491564635,591.9738685123127,1280510
2024-05-31,586.5569458007812,594.3869096574109,582.6173473937728,588.2312871464601,4303624
2024-06-03,585.1287841796875,599.8038111581844,583.0605192210922,599.8038111581844,1859030
2024-06-04,605.27001953125,610.6377342176371,579.3671728282662,592.9095419338993,9095613
2024-06-05,635.752685546875,657.1250186793616,608.7664127269057,612.0658624225537,13511763
2024-06-06,628.2181396484375,640.1846929544462,617.0887870090057,637.0330024433557,2216040
2024-06-07,643.139404296875,645.0599704365408,624.5247788101116,624.5247788101116,2475400
2024-06-10,641.8098754882812,649.5413136293704,636.7376182886853,645.1092652422102,1431839
2024-06-11,637.5254516601562,651.363277988676,635.7034115810171,641.1695919319311,1434087
2024-06-12,619.9943237304688,640.184766361882,616.3501830377081,640.184766361882,3807297
2024-06-13,602.0198364257812,625.4112002132861,596.2089051658024,625.3619672595906,13174925
2024-06-14,609.99755859375,612.5583336864124,601.5766788241446,605.56551028201,2504833
2024-06-18,614.0848999023438,615.5622493006654,606.4026950537717,615.5622493006654,1998831
2024-06-19,613.05078125,621.0776770948273,608.4217410075737,617.5320625038426,2262576
2024-06-20,618.910888671875,619.9942541094316,606.9443353374697,615.5622062246143,964116
2024-06-21,600.591796875,620.0435650378888,599.8038891746471,618.9109665041017,2029376
2024-06-24,613.6417236328125,614.5281573758149,597.8340960483054,600.7887950403069,1626740
2024-06-25,605.762451171875,615.4637477268714,604.2851018591494,614.3803221627742,1199541
2024-06-26,603.8911743164062,610.539246181903,599.9022831063106,605.516222482096,2712167
2024-06-27,602.4138793945312,611.0317511092453,599.6068793964943,603.7434698422576,2676129
2024-06-28,603.7434692382812,613.2477746509733,601.3796860963519,603.7434692382812,1587880
2024-07-01,611.1301879882812,613.4939710202594,604.925332671213,604.925332671213,2138264
2024-07-02,594.042236328125,612.1151205068604,591.924678076626,611.1302208761173,2968214
2024-07-03,598.3264770507812,599.9515853548369,592.6633046342513,595.2733124890077,1426759
2024-07-04,598.8681640625,604.3343445852701,596.5044411920176,604.3343445852701,2066331
2024-07-05,606.0579223632812,609.3573719691542,597.341585271577,599.8038341803633,6070845
2024-07-08,631.6160888671875,645.897132782521,619.5018360513632,622.4565347924666,7813665
2024-07-09,628.1689453125,634.5707926356088,621.0284232982632,630.2865034724668,2729681
2024-07-10,636.3435668945312,645.1091968203904,622.6042664423603,628.9075874118964,4021275
2024-07-11,635.063232421875,639.8892643732586,628.6121522437188,639.8892643732586,2390064
2024-07-12,640.283203125,644.7152513056903,626.3961428709039,638.4611629183387,4784826
2024-07-15,643.0902099609375,648.9996075987802,636.9345874215179,648.9996075987802,2052411
2024-07-16,657.272705078125,662.7389457914396,643.0901873148335,644.1243198423393,3414923
2024-07-18,674.5084838867188,675.8873674066105,654.2195756646134,654.2195756646134,6427954
2024-07-19,658.5531616210938,675.8381381042683,656.3371374536738,675.6411461555749,929516
2024-07-22,657.962158203125,662.0002825848632,653.5301100540102,659.8334914670403,1127244
2024-07-23,662.3942260742188,669.7317402511412,649.9845149326131,656.9280452169282,1800272
2024-07-24,648.0147094726562,664.3147859715712,639.2983118688276,661.8033039924517,3992281
2024-07-25,664.8072509765625,668.6483835831616,644.0751257651051,647.0790576171875,2901644
2024-07-26,669.4854736328125,671.7014976352749,662.6404096913956,665.5951083613454,1132507
2024-07-29,672.7356567382812,674.6562229723626,665.8413595692206,669.2392751966721,1787407
2024-07-30,670.7166137695312,680.5656095664407,662.935883044573,672.7356458851978,3126859
2024-07-31,663.9207763671875,673.5728402479933,660.6706198075382,671.4552821262147,1711988
2024-08-01,664.708740234375,671.1598203601976,660.4736240155382,665.4474149078699,1148693
2024-08-02,652.3975219726562,667.515706854163,649.6397549896507,661.8525341291,959145
2024-08-05,662.0003051757812,671.7015424100564,646.2419112189472,646.2419112189472,10662953
2024-08-06,619.0093994140625,661.8525320704058,616.7933753111482,661.8525320704058,6060478
2024-08-07,639.2490844726562,641.9083254615957,618.5169595548632,620.9792085976771,2720532
2024-08-08,642.4007568359375,648.950363147277,633.0442107417383,644.1243311164479,2938101
2024-08-09,643.139404296875,649.4920183987704,638.559597357172,647.0790024855236,1218872
2024-08-12,634.9155883789062,641.1696771598719,628.0705237352205,638.2149781867848,1318087
2024-08-13,650.575439453125,655.6969295587478,637.1315955535558,637.2300614712879,4531168
2024-08-14,640.4309692382812,655.1552303807237,631.9115635951704,650.8216480659676,1714599
2024-08-16,651.06787109375,653.2346622448916,640.7756582109531,644.9122485697687,1290553
2024-08-19,659.0455932617188,663.5761073892169,650.8216455102043,656.1401274107467,1453761
2024-08-20,658.79931640625,661.8032479352036,652.3481764258378,659.0455412875331,997284
2024-08-21,669.0422973632812,669.682506159309,657.6174858590318,659.8827429539346,1206265
2024-08-22,672.63720703125,677.1184882764153,667.5649499463967,669.0422993753634,2014766
2024-08-23,667.9589233398438,678.2511362225619,660.3259514101654,672.6371964580337,1708479
2024-08-26,678.152587890625,682.3384110692346,668.5498170691089,670.7166081489713,1839363
2024-08-27,665.5951538085938,681.0088569680221,662.8374468843756,676.133591807019,1403508
2024-08-28,651.905029296875,668.6483214698243,650.0336961262641,665.5950968290116,2436997
2024-08-29,650.7723999023438,655.9431227165508,641.6128457970198,651.905058468951,2123160
2024-08-30,637.3778076171875,654.6627837760291,635.0140245042255,649.0980769257445,7817523
2024-09-02,641.1204223632812,645.7494626194878,633.7829081406617,638.2149564493376,1586559
2024-09-03,630.385009765625,643.3856971849447,629.7940940202712,635.2110421021957,2470124
2024-09-04,635.8511352539062,637.8702274533849,623.441424777665,625.4112239080843,2925734
2024-09-05,634.1768798828125,637.2300446137685,627.2825826458784,630.4342132919614,2658323
2024-09-06,655.2044677734375,663.7731064321828,638.1657164853817,638.2149494433484,6822379
2024-09-09,665.7921142578125,668.0573712629129,650.5261708095934,654.9582189074634,4064358
2024-09-10,669.7317504882812,674.1637988371008,665.1027101901469,669.928742437596,1942309
2024-09-11,670.1749267578125,679.5807056612944,666.0875694827108,667.7619107802284,3149673
2024-09-12,675.7395629882812,677.5124302842405,670.273382461736,673.1296152265606,1231420
2024-09-13,671.6522827148438,679.7777042753836,667.5156924431416,677.610913169873,1550794
2024-09-16,684.7022094726562,686.8690006012107,665.3489084136029,672.735655365379,1850346
2024-09-17,681.550537109375,694.3542321706783,678.8912961124039,687.1644769666469,1738717
2024-09-18,684.8007202148438,685.7856198728871,676.1828482069644,682.5354630240449,972495
2024-09-19,686.4750366210938,691.8919845427811,679.7284982549387,685.4901369989689,1715999
2024-09-20,698.2938232421875,699.7711726566632,686.967477731207,689.4297267553333,2799627
2024-09-23,691.8919677734375,699.2787147603425,686.327260997902,698.343048119301,1228223
2024-09-24,694.4526977539062,698.9832720722939,685.1454444392288,688.4448341195798,1692449
2024-09-25,678.7927856445312,696.9149013968643,671.2582799998762,696.9149013968643,1373871
2024-09-26,683.1263427734375,690.3161579890619,672.932655895287,680.5656278428735,3431866
2024-09-27,681.9937133789062,702.7258371256456,677.6108983075602,684.55442819339,14237170
2024-09-30,684.8992309570312,694.3542434177439,670.2242023344322,670.2242023344322,2531313
2024-10-01,683.1755981445312,688.8880035222136,674.6561929761485,683.5202889422585,1856288
2024-10-03,688.4940795898438,708.9799800276837,679.925440720667,683.5203484430381,4581037
2024-10-04,679.7777099609375,693.3200793417702,674.0653043539045,689.1342560786038,2050300
2024-10-07,668.5498657226562,683.7173442720036,663.6253675070894,675.8873800865516,1932861
2024-10-08,687.3614501953125,689.0357314130875,665.1519162760545,666.875490564294,2796644
2024-10-09,687.6569213867188,692.5321864907022,681.7967566703549,689.4297286663032,1272191
2024-10-10,674.7546997070312,694.0095352001973,673.0311253871265,688.4448283505327,500562
2024-10-11,675.148681640625,682.9786455510613,671.0120912621397,674.7546977518164,503183
2024-10-14,678.9404907226562,680.0731492671974,663.8715394089503,675.1486514448426,578035
2024-10-15,675.345703125,682.043008733181,670.4704378268779,677.6109603009797,1634535
2024-10-16,669.2885131835938,678.3988345111756,666.875497133588,678.3988345111756,3308928
2024-10-17,656.0416259765625,670.7166546538919,651.1664208507179,670.7166546538919,1803690
2024-10-18,659.1932983398438,663.6253465941863,644.7152620196246,654.9582420306168,2268280
2024-10-21,651.9542846679688,659.9811801234871,648.1623852420864,655.0566822562369,1528718
2024-10-22,647.0790405273438,657.2727273943603,645.1584742747679,652.003538552666,1235282
2024-10-23,646.68505859375,654.9582393466877,638.8551548006321,649.048841698447,1273237
2024-10-24,624.6725463867188,651.1170755466538,621.6686147492222,647.5714611734609,1911649
2024-10-25,630.4342041015625,635.7526859379228,621.5208748264497,625.4112402332781,1594085
2024-10-28,624.4263305664062,632.3055271666133,607.5352788093127,630.4341939286643,3375207
2024-10-29,619.6495971679688,628.4644003518202,614.577340266205,624.4263361038045,1207825
2024-10-30,641.3173828125,676.6260085587005,637.2792584837151,657.9129166189402,13797789
2024-10-31,630.3357543945312,640.0862846407224,623.2936980930041,640.0862846407224,2765889
2024-11-01,636.1959228515625,641.1204209615468,632.3055573219744,634.0783646188684,224128
2024-11-04,625.3619995117188,634.7185455092708,615.3652447426185,632.8964452205951,1501436
2024-11-05,624.4263305664062,627.0363384856246,618.4677001601996,624.5247964785091,2574988
2024-11-06,638.9043579101562,640.1847153180927,621.8656075097745,621.8656075097745,814595
2024-11-07,622.1118774414062,638.6089462997662,620.68376095037,638.6089462997662,1004635
2024-11-08,620.3389892578125,627.2332864605155,617.9260333276673,623.4414470444293,457247
2024-11-11,607.781494140625,618.8123812300619,604.1866468164393,615.5622247063122,1270012
2024-11-12,586.5569458007812,609.5543875697941,585.1288293555405,609.5543875697941,5562123
2024-11-13,588.1820678710938,594.0422326605355,580.1551118846941,585.5228268618047,4858275
2024-11-14,583.3067626953125,591.8754008648239,582.666553937795,591.3337181311159,855697
2024-11-18,586.1630249023438,587.4433823681993,570.8477879292012,583.306791997857,2092848
2024-11-19,582.0264282226562,590.7919985581087,581.0907615838465,588.3790426389425,861557
2024-11-21,582.1248779296875,583.060544542447,575.3783399309726,580.1058458369954,918041
2024-11-22,590.1026000976562,592.5648490171767,576.1662471677713,581.0907450068121,730158
2024-11-25,598.6219482421875,604.5805786341019,589.7578520882158,595.0271008700652,7697180
2024-11-26,618.8616333007812,623.441440439457,598.8681836474608,603.2017658886487,3737523
2024-11-27,640.0862426757812,643.828848949428,612.9522119364723,614.9220110398124,4938340
2024-11-28,635.1124877929688,654.0718052356121,633.0934556204784,640.0862789011907,5907307
2024-11-29,635.2109985351562,641.4650868463019,621.1761794673176,625.411235654562,2575758
2024-12-02,636.786865234375,639.3476404268587,627.3810854732927,627.4795513942131,2030938
2024-12-03,632.0100708007812,636.7375767493058,627.3810307645906,636.7375767493058,1018771
2024-12-04,622.0625610351562,633.438199464273,617.5812798942774,632.1085489410447,1433224
2024-12-05,623.6876831054688,625.4112574369881,617.7290524392026,621.5208919231442,939448
2024-12-06,624.0816650390625,629.7448378248489,621.4716570141254,623.7369141057395,942056
2024-12-09,598.57275390625,618.861662366762,591.4814645028418,611.7211400042439,4029912
2024-12-10,604.6298828125,607.6830474984536,596.8491520001019,598.3265013862407,1718121
2024-12-11,623.3429565429688,624.7217798610232,604.728330784496,605.1223146545108,2423839
2024-12-12,626.2976684570312,638.8058450619818,621.4224035017356,623.3429697100036,3551037
2024-12-13,630.1387329101562,632.8472067278576,619.945046405298,620.4867291461384,1877660
2024-12-16,635.3587036132812,637.377795870413,623.9338923760265,629.9910489204206,2951376
2024-12-17,623.8846435546875,638.214920250577,619.6495874337493,635.4079805263561,2068434
2024-12-18,631.1729125976562,634.767820342437,619.5511088251037,621.2254502420358,1481711
2024-12-19,631.2713623046875,634.2752938319688,619.9942507255037,631.1236033306013,1353612
2024-12-20,618.4677124023438,637.7224874525348,616.5471461703271,632.1577806980893,1756903
2024-12-23,626.9378051757812,628.3659215656758,610.8347213566058,615.7099862190393,1262775
2024-12-24,623.7861328125,635.9496788469618,612.410554542773,627.282574456384,1573431
2024-12-26,623.0474853515625,624.6725937954858,616.1039549442148,619.4526377502068,667331
2024-12-27,623.0474853515625,625.5097344402321,619.2556458004126,622.4565696156831,690259
2024-12-30,632.5025634765625,635.1618045383873,618.7139684588825,623.0474908249083,1421436
