Price,Close,High,Low,Open,Volume
Ticker,DABUR.NS,DABUR.NS,DABUR.NS,DABUR.NS,DABUR.NS
Date,,,,,
2017-07-03,268.8416442871094,270.0263590525836,265.5608593368966,266.016523140773,1459354
2017-07-04,269.2973327636719,273.2160307114311,267.47467738117666,271.02884981473954,2258539
2017-07-05,272.36065673828125,272.90931563722955,267.6056501553306,267.74280790358,1073397
2017-07-06,274.96673583984375,276.7041322436465,270.89754634419324,272.3148894327289,2674872
2017-07-07,276.018310546875,277.344205819872,273.320754247346,275.6982572375491,1867619
2017-07-10,277.8471984863281,278.57872510352325,275.24108956539897,275.24108956539897,89024
2017-07-11,278.9902038574219,281.09336364238834,276.2469374043616,276.2469374043616,2494011
2017-07-12,278.62445068359375,282.419297166772,277.3442373009742,280.5447149456222,1478749
2017-07-13,277.5271301269531,280.68189779324746,276.2469446630765,277.1156289858016,1116275
2017-07-14,278.0758361816406,280.1789963786175,275.3325691911725,279.8132330277461,1204568
2017-07-17,276.2926940917969,279.76751559710146,271.2176614574382,278.0758287503306,1668173
2017-07-18,274.2351989746094,276.155491083199,272.13203917840855,274.5095423649505,1336542
2017-07-19,279.9503479003906,280.54471674272827,274.326657012818,275.33252700305513,1116957
2017-07-20,275.2867736816406,281.09335984333046,274.32664159842574,280.4532810898369,1051959
2017-07-21,276.7041320800781,277.5728163284921,274.0523135804786,275.3324989348424,823840
2017-07-24,279.6302795410156,280.45328179263254,275.0581688362512,276.33838215834453,652759
2017-07-25,280.6361999511719,282.51078242084844,279.58461988113356,279.72177764575525,968736
2017-07-26,280.0417785644531,282.0077805715526,278.12148650167853,282.0077805715526,696766
2017-07-27,285.2082824707031,286.7628113941873,279.81319699865145,280.7276192110653,2491847
2017-07-28,283.9281005859375,285.7112350853313,279.355989465391,284.2938638943909,1050326
2017-07-31,283.47088623046875,285.93983736969534,281.8706473565871,283.47088623046875,745445
2017-08-01,275.8811950683594,283.69949389071894,275.42398395814064,283.4251783869683,1760770
2017-08-02,274.96673583984375,278.5329764383752,272.954996063263,276.15547340403833,748776
2017-08-03,278.9902038574219,281.00191584609644,271.766274445553,274.3266453060295,1518665
2017-08-04,281.001953125,282.87653552685083,275.3782617313537,281.27629655027124,3312729
2017-08-07,292.1122131347656,292.6151342343494,282.6479368056826,284.3853335840083,2371502
2017-08-08,287.9972839355469,295.35837150573985,286.3970450806396,292.61510489732746,1102440
2017-08-09,283.9281005859375,288.86597501493736,283.2879938666803,288.86597501493736,643371
2017-08-10,280.3161315917969,284.29387398910444,279.53889499846713,280.95623833378295,566291
2017-08-11,277.4355773925781,281.2761602375176,274.5551542118433,274.5551542118433,649998
2017-08-14,280.8190612792969,284.84251335057064,277.52713580063624,278.12150464537825,554059
2017-08-16,282.6021423339844,285.1625409891851,280.91048375284333,282.5564323907988,920951
2017-08-17,281.59637451171875,284.61395711148236,280.0418453506553,283.5166391265016,741281
2017-08-18,283.5165710449219,284.7967843552969,279.3102515598,279.7674626260914,585195
2017-08-21,278.21295166015625,286.89996247616773,276.8870283205953,284.3853014504802,575264
2017-08-22,275.3324890136719,280.7275736093395,274.78383019415804,278.8072816940146,856971
2017-08-23,273.2750244140625,276.6126591833503,271.12612710037473,276.15544817643564,1160867
2017-08-24,274.3723449707031,276.9784535846516,272.6349485300536,275.19534720054355,767155
2017-08-28,285.9398498535156,286.80853425083495,275.19538837407583,275.19538837407583,1644473
2017-08-29,282.78509521484375,286.2141788269882,279.3560116026993,286.2141788269882,879513
2017-08-30,287.44866943359375,288.5002495480612,283.3337688853647,283.4709266557813,790493
2017-08-31,288.13446044921875,289.59754165017716,285.75695698590545,287.95156483436665,1793314
2017-09-01,286.6255798339844,289.32310792238866,285.3453667415141,289.04879249168454,566713
2017-09-04,284.1567077636719,287.58579112365186,282.19070555180707,286.8542645025702,419178
2017-09-05,286.854248046875,287.58577462599186,283.79092817316644,285.29971918381386,1166163
2017-09-06,282.9679260253906,286.5798765259937,282.3278194020192,286.5798765259937,658591
2017-09-07,283.2879638671875,285.2082559156532,281.5505674065561,285.0710981777518,692275
2017-09-08,280.5904846191406,285.02543829658055,279.26456113932386,283.2880136248334,1050240
2017-09-11,282.9679260253906,284.019505844403,280.9104763293435,282.83074038756286,457082
2017-09-12,280.6361999511719,283.42520472626506,279.44746211651193,283.42520472626506,982043
2017-09-13,281.9163818359375,286.031282155407,279.8132217239235,280.0875372495066,1219806
2017-09-14,281.27630615234375,283.3794662881209,279.85893483827294,282.0535706915498,705764
2017-09-15,283.699462890625,285.1168060150481,279.21880008127783,280.7275909989424,1090461
2017-09-18,282.0534973144531,284.38526241950115,280.3160730649463,283.9280513866724,589016
2017-09-19,287.6315002441406,289.55179250138787,281.27628251219005,281.6420458216772,1574712
2017-09-20,287.7686767578125,291.2434699464415,286.6713589582713,289.68894104808334,928207
2017-09-21,283.699462890625,289.3688912002143,281.6420131194601,288.0429679630842,674189
2017-09-22,278.62445068359375,285.71122261102863,277.5271329001914,283.5165870442239,1004721
2017-09-25,285.5283203125,288.9574034227382,273.1379111698859,278.4415485513411,1491187
2017-09-26,281.687744140625,288.9574117050792,279.2645309211238,287.951541716055,1680991
2017-09-27,279.6302795410156,287.8143688649237,277.2985142439654,287.8143688649237,1442109
2017-09-28,284.2023620605469,286.3969973059443,279.95030510799546,280.7732793720463,1485354
2017-09-29,278.89874267578125,287.3114372237906,277.8928727767445,286.21411953285093,1487559
2017-10-03,284.6596374511719,286.39706206429173,279.813210651292,283.92811080792865,932669
2017-10-04,288.27154541015625,292.0206813202325,285.2996738079897,285.4825693766552,1432297
2017-10-05,289.2774963378906,293.2552388711649,288.63738957402444,290.78628753162815,785261
2017-10-06,289.00311279296875,291.1977483039106,288.18013842934045,289.6432194679851,522193
2017-10-09,290.4662170410156,292.2950615089659,288.1344515067598,288.6831104283352,521923
2017-10-10,290.14617919921875,294.2610794722323,285.4826478812328,289.6432581060096,577431
2017-10-11,290.55767822265625,294.8554740825875,288.18017472367205,290.32907265363764,1246803
2017-10-12,297.8273010253906,300.02190857183734,289.460316151517,289.460316151517,2236883
2017-10-13,294.39825439453125,300.20481335420527,293.5295420951087,299.3361289607351,1254721
2017-10-16,294.39825439453125,297.09578328703634,292.7980154578757,297.09578328703634,709813
2017-10-17,292.56939697265625,295.72413685057467,290.9691581066835,295.72413685057467,659502
2017-10-18,291.74639892578125,292.98087450734465,288.0430000870428,292.98087450734465,606827
2017-10-19,291.28912353515625,293.39231092635913,289.9174905040895,291.7463345455118,123621
2017-10-23,289.6889343261719,292.6150964530828,289.0488555462509,290.55764655614706,699567
2017-10-24,291.28912353515625,293.43802086501654,287.12851450329873,291.517729040334,612851
2017-10-25,295.4498291015625,297.00433015429167,290.9234278852485,291.28919119730523,1404053
2017-10-26,295.17547607421875,298.7417449919868,293.7124228736433,297.9187426842243,1474933
2017-10-27,295.31268310546875,297.18723759561374,292.1579151132264,295.586998623945,510117
2017-10-30,294.6724853515625,297.1871458161608,290.78619190627427,295.35830184190746,500658
2017-10-31,304.3654479980469,305.9656869171681,295.17548774752225,298.010202271156,3629462
2017-11-01,319.63629150390625,329.9692798398941,309.30333107387133,309.89769996481084,6791796
2017-11-02,313.3267517089844,319.3162336801938,311.13214407699354,316.2529138222722,1340030
2017-11-03,311.269287109375,316.93871547117135,308.343153040342,313.64679022580407,1051083
2017-11-06,313.2353210449219,316.2986410704107,310.2177388741129,311.8179777629256,875130
2017-11-07,312.1798400878906,318.6042379118702,308.4169729036437,317.5488067281325,994486
2017-11-08,310.43609619140625,314.9331692929179,309.28888223652297,312.9599668921494,408429
2017-11-09,319.79742431640625,321.03639317893663,308.830045953717,313.87778816098427,1129910
2017-11-10,313.96954345703125,321.2199305740721,312.9599895021674,320.7151676007178,1000630
2017-11-13,309.701904296875,315.7132944857103,308.92179317107883,315.7132944857103,587578
2017-11-14,310.1608581542969,312.2258438197498,308.64651292643623,308.64651292643623,705306
2017-11-15,307.3615417480469,310.068977748804,302.5891487404019,309.2888666970476,1701301
2017-11-16,311.21624755859375,312.04223611137485,304.5165003901319,307.6369451577711,669913
2017-11-17,308.8300476074219,313.4189041840552,307.9122762920952,312.9600185263919,849992
2017-11-20,309.7936096191406,311.72093444378066,307.1779845087184,308.37107568160746,622658
2017-11-21,311.8586120605469,312.7305058185474,310.206635265353,310.206635265353,766870
2017-11-22,311.4456481933594,313.83185880674336,308.9676548625082,312.9599650030338,842038
2017-11-23,312.08807373046875,313.8777387070598,308.87587465013337,313.8777387070598,897818
2017-11-24,316.1722412109375,320.4857779111286,312.36349557592104,314.5202639260166,1121583
2017-11-27,314.244873046875,317.22762963451413,310.3902505692811,316.309858376779,838506
2017-11-28,316.539306640625,317.41120055374597,310.2066904548641,314.24487845678726,697992
2017-11-29,311.95037841796875,317.4111274409305,310.344279059233,317.4111274409305,814738
2017-11-30,315.9886474609375,322.04594364399134,308.73825979086644,312.04224207327377,4490135
2017-12-01,312.7305908203125,318.23721897855717,310.75738799857334,315.75922510408344,894675
2017-12-04,313.373046875,316.44755857156304,311.0327130662591,316.08045562357216,565552
2017-12-05,315.7591857910156,317.5488509228896,312.0422234502383,312.6846745253099,793096
2017-12-06,314.3824768066406,319.33846311698125,312.3174918467157,316.44746176656554,1088413
2017-12-07,317.0440979003906,317.9159638060547,312.1340159814062,314.5202268961437,494152
2017-12-08,322.2753601074219,323.7896770272772,318.46661512470837,319.38438634985164,1075013
2017-12-11,320.8069152832031,323.7437943587484,318.0995070183346,323.5143515562263,804547
2017-12-12,319.52203369140625,321.6788015861252,315.94273165769926,320.6692476770914,724281
2017-12-13,317.3193664550781,322.0458821469941,315.71326698639734,318.741900495506,492970
2017-12-14,315.8968505859375,319.3384925025123,312.08807779173856,319.3384925025123,562831
2017-12-15,314.1072082519531,318.00773603886563,312.5928913010182,315.8968733809752,1375982
2017-12-18,319.0631408691406,320.30213754724343,298.27562952107195,312.9140908500597,523286
2017-12-19,321.26580810546875,325.1204584776972,318.92550267042986,318.92550267042986,1493359
2017-12-20,321.9541320800781,323.8814572395626,317.1358331854443,321.0363608620526,942790
2017-12-21,320.8987121582031,323.0554801986606,319.75149809499766,321.954143494721,527045
2017-12-22,324.47796630859375,326.9559595208546,320.39390165420673,322.09178381755936,1465697
2017-12-26,324.43218994140625,326.7266184416991,323.14731558287434,325.76296967484024,711575
2017-12-27,323.92730712890625,328.2867196679254,322.41296247199006,328.2867196679254,705119
2017-12-28,316.447509765625,323.9732450754558,315.1626356417444,323.9732450754558,2812009
2017-12-29,320.94464111328125,321.31174403885586,316.63110471534526,316.63110471534526,851154
2018-01-01,320.3021545410156,322.9178081095288,319.10906316289265,322.1376969739154,272884
2018-01-02,320.3480529785156,323.0554894484629,317.96187006525116,322.13771817162063,595436
2018-01-03,325.487548828125,331.22361879904275,320.53158997488293,321.219918371393,1819175
2018-01-04,325.8088073730469,326.7265786614217,324.56981053210956,325.02869617629693,1107800
2018-01-05,328.7456359863281,330.39761284730355,323.1472263892294,326.7265282601113,1200209
2018-01-08,331.6366271972656,332.46261567183814,328.56208808976686,328.7456535321848,1129672
2018-01-09,329.8011169433594,331.3613113233294,325.48758069958984,331.31543396233144,758032
2018-01-10,328.3785400390625,332.5544160059251,326.8183457284949,330.351770621023,894740
2018-01-11,330.3058776855469,331.5448745137347,326.72657529934827,328.05735485706055,557387
2018-01-12,328.6997375488281,331.2236082556933,327.32308079962894,330.2140543713166,843519
2018-01-15,331.54486083984375,333.93107166828065,329.47987554741565,330.6729669575563,1334475
2018-01-16,328.9292297363281,333.15098333615884,325.99237836856224,333.15098333615884,919047
2018-01-17,329.3880920410156,332.1873111245661,323.0554760942091,326.31355278905613,1599096
2018-01-18,334.6652526855469,338.29046002272946,331.6366190174311,334.9864781977782,1240349
2018-01-19,333.8852233886719,337.14332865646355,329.2046116654067,332.5085662916738,565302
2018-01-22,333.2427673339844,338.152849430433,331.5907621756934,335.12418731097836,939881
2018-01-23,334.0687561035156,337.05151285443986,330.7188964310322,334.43585902507476,1287281
2018-01-24,329.66339111328125,335.72065798127613,329.02094013848114,333.8851157768774,1374753
2018-01-25,324.66156005859375,334.52760039959696,323.0554604681979,329.5716415508634,991272
2018-01-29,330.122314453125,331.31540581929556,325.2122328926763,325.2122328926763,1118359
2018-01-30,329.11279296875,332.23320977941137,327.27725037328366,329.9387815350784,774775
2018-01-31,326.35943603515625,331.13182934908957,318.1453728004549,329.80107794777075,4361853
2018-02-01,320.94464111328125,329.3422430714914,319.8433043283995,327.96558609446816,2438075
2018-02-02,316.1262512207031,324.7532935394214,312.22572423543926,319.3843272639577,1350425
2018-02-05,311.21624755859375,320.30217765549946,309.3807049932327,319.5679718326178,1270434
2018-02-06,311.3538818359375,313.55652713012455,299.19341334860906,303.41516650055775,1948962
2018-02-07,310.52789306640625,318.466608394494,309.3347736940414,314.01541244498617,835895
2018-02-08,312.3175354003906,314.336643290482,309.47246702092775,311.58332962662377,1463375
2018-02-09,312.5469665527344,315.2085254017546,308.3711188548367,309.74777563543864,744243
2018-02-12,316.401611328125,318.00771087801394,312.8681867167386,316.4933940468922,919718
2018-02-14,312.7305908203125,319.01733023594034,311.6292539853999,316.17223341921544,825559
2018-02-15,311.6751403808594,316.30987426191643,311.1244719969324,314.38254892225086,366437
2018-02-16,314.5660705566406,316.40161290853933,313.3270738674783,315.162616219377,871481
2018-02-19,311.4456481933594,315.7132784781338,310.7573198245844,314.70372460229987,515046
2018-02-20,312.68463134765625,316.6310359548473,311.35385202226644,311.35385202226644,890534
2018-02-21,306.9945068359375,314.88734579717766,305.89317004761267,313.6024715495707,1312888
2018-02-22,300.2030029296875,308.1875965703877,299.4687690723243,308.1417192078715,2278159
2018-02-23,303.41522216796875,306.9027421896053,297.908593918126,302.6809882630939,2071180
2018-02-26,304.4705810546875,309.6559824853372,303.9199127593634,307.45333731219387,778390
2018-02-27,301.1206970214844,306.7191062124504,299.51459763110114,304.7458759834591,698699
2018-02-28,298.3215637207031,301.0748777486124,297.0366894426439,301.0748777486124,2526442
2018-03-01,298.45916748046875,300.6159071196168,297.12838820647676,299.5604759754942,818541
2018-03-05,298.2756042480469,300.294711849294,295.6140736886945,299.1933753380409,5281481
2018-03-06,296.164794921875,302.49741097397305,294.6045725865344,299.5146543979412,678537
2018-03-07,296.8072814941406,299.9276988242511,294.69641836122645,294.7882011079101,2118798
2018-03-08,298.3215637207031,301.8549889914851,292.6772755651209,298.5510065563622,10405395
2018-03-09,300.34063720703125,307.361581566084,298.3215292830496,301.5796339781948,1796651
2018-03-12,300.799560546875,306.16852855643725,300.24889213417345,302.9104234527123,1508106
2018-03-13,298.41326904296875,305.6636551672875,297.67906336258886,300.7994795164304,2618470
2018-03-14,298.2756042480469,300.01936371740527,296.44006206805886,298.2756042480469,2212159
2018-03-15,298.3215637207031,300.70777481318953,297.81680068551657,298.3674690927301,2053015
2018-03-16,294.833984375,299.60640559771645,294.09977865219116,298.3215035705715,2715500
2018-03-19,293.4114685058594,299.00985050829973,291.8971235952715,295.1093228463165,1008579
2018-03-20,293.09027099609375,295.3846992518825,288.7767346719478,292.7690454386518,2312806
2018-03-21,295.93536376953125,299.56054356143267,291.5759501404732,293.68681290496477,1446774
2018-03-22,290.8875732421875,297.3578485584862,289.32735110513204,294.42096971514144,2546884
2018-03-23,292.0348205566406,294.46690874755024,286.29875029121445,287.1247388078047,2284582
2018-03-26,289.60272216796875,294.69636968181686,288.9143936937858,293.5032501883387,2439303
2018-03-27,298.13800048828125,300.57008873442476,291.0252731976193,291.0252731976193,2876080
2018-03-28,301.3960876464844,307.08628087818306,296.1648080703974,297.0825793653064,6429642
2018-04-02,308.279296875,310.02305630672987,299.3769342990527,301.946682092323,1249566
2018-04-03,309.93133544921875,311.26208684141477,306.2143454041842,306.4896935601979,856565
2018-04-04,307.9122619628906,313.4188895985906,306.53560505396564,310.2066901444323,1407850
2018-04-05,309.1971130371094,311.26209824618377,307.8663615961541,309.51833856015185,560831
2018-04-06,314.65789794921875,315.71332934977397,308.7382618206475,310.20670151227796,1278796
2018-04-09,314.0613098144531,317.457046384375,312.63874767686843,316.6310579218618,1204038
2018-04-10,309.33477783203125,316.40162741408494,307.9122436473546,316.40162741408494,768086
2018-04-11,316.0803527832031,316.9981238586527,308.6005241199192,309.33472977701865,1244627
2018-04-12,316.6310729980469,318.4666154502095,314.3366449328436,316.5851956400048,763270
2018-04-13,312.45526123046875,318.37486951787946,311.5374898983283,316.8146750581357,701414
2018-04-16,315.25439453125,316.12628833947394,311.76687531466047,312.6846464777791,669176
2018-04-17,315.48388671875,319.0631892137094,313.51068401072246,316.63110085227277,806533
2018-04-18,326.5888977050781,327.9655545496901,318.9255023351071,318.9713796933321,2552706
2018-04-19,328.8833312988281,332.233190741971,326.8183459972551,329.47987700654033,2551633
2018-04-20,325.9465026855469,329.9388138230066,324.019177170067,327.1854996603668,550428
2018-04-23,328.19500732421875,333.4721920554964,324.6615823807756,325.62523099800734,993987
2018-04-24,327.5525207519531,332.96736498357035,326.40530680423115,330.07639143694155,740202
2018-04-25,329.3880920410156,331.0400970759361,326.8183437753466,328.5621035276331,613774
2018-04-26,327.7361145019531,334.0687304388609,325.8087893016363,331.31541672645267,1573999
2018-04-27,336.3172912597656,338.5658140541035,329.0209984998127,330.39765539730143,1367950
2018-04-30,339.0246887207031,341.3650221756287,336.82204335759786,338.5658031030497,917470
2018-05-02,341.22735595703125,351.5064056546333,337.32682795694717,347.5600002931052,4642509
2018-05-03,339.4835510253906,343.5217385817997,338.2445543411796,340.0342193303904,875515
2018-05-04,339.8966064453125,342.83345779945626,336.822066989688,339.57538088878624,1086906
2018-05-07,338.9788513183594,343.93481097155455,336.6385175875737,339.8966226618458,1158622
2018-05-08,339.3000793457031,341.41094224773474,338.2905252589302,339.850719749253,1266845
2018-05-09,338.24456787109375,339.0246790003687,335.21593408467885,339.0246790003687,729600
2018-05-10,337.6021728515625,341.3650407223925,336.86793901853207,338.24459594628763,1061262
2018-05-11,336.3172912597656,339.483585319096,334.61940881789826,338.19871114973773,919285
2018-05-14,340.03424072265625,341.50268029232035,335.7666101046912,338.29048098724803,784431
2018-05-15,340.1719665527344,346.4587062950853,338.10698088607495,340.99795521776605,1782317
2018-05-16,343.1087646484375,348.15650618851356,336.8679037576329,338.6575687796487,1962889
2018-05-17,340.8143615722656,346.3209891091548,339.20826187400627,345.54087793979767,1228856
2018-05-18,343.75115966796875,351.9652223444573,336.9137816711226,341.0437516855947,893157
2018-05-21,342.46630859375,346.45861880947666,339.667117711266,345.8620731469321,1435221
2018-05-22,343.888916015625,344.39367902545735,335.9042945324914,342.78757925651786,1474387
2018-05-23,337.92333984375,346.59626018077245,336.4549004403141,343.2464011720341,1568630
2018-05-24,339.11651611328125,343.1088271143522,336.63852224829674,340.0342874694742,1137318
2018-05-25,347.1927795410156,348.5235587764701,340.03417650212555,340.49306203046854,1559715
2018-05-28,346.73394775390625,350.58859799268964,344.71486792114456,348.7530555948222,1349683
2018-05-29,353.8466796875,355.1774591485536,344.3936474043792,347.6517240046764,1483955
2018-05-30,350.4967956542969,357.2424191905466,348.8448187919369,354.81033125112396,2348568
2018-05-31,351.78173828125,355.17750339292104,349.44143260169164,351.5522954496008,3223114
2018-06-01,354.9480895996094,360.0417096756673,351.46056947649083,353.34198964666996,1733390
2018-06-04,353.2960205078125,357.288302661557,352.5617867722968,356.09521135255454,926051
2018-06-05,349.5789794921875,355.1315110248732,348.7529911673683,354.90206826752626,790381
2018-06-06,347.46820068359375,354.07613687550463,344.4395387551649,350.58861733045353,1852078
2018-06-07,352.3782958984375,353.34194454393094,347.3764311944879,348.70721076031873,2017889
2018-06-08,350.90985107421875,352.88305370526973,349.2119686212097,352.42416806976223,1416758
2018-06-11,354.4432678222656,357.01301611805354,351.82761415910113,351.8734915183219,2111468
2018-06-12,355.1774597167969,357.1506622247037,353.6172374501796,355.81991076967574,890594
2018-06-13,356.2328796386719,357.9766392874767,353.75491424557674,355.17744837819686,1387211
2018-06-14,355.085693359375,356.9212358714505,350.5886198064212,356.9212358714505,655966
2018-06-15,352.2864990234375,355.9575840141558,349.67084536591955,355.9575840141558,1370715
2018-06-18,354.6268310546875,357.7472479288103,350.9557457890941,352.1029599345921,1639574
2018-06-19,348.6153564453125,356.0951852766848,346.2750233454333,356.0951852766848,1043988
2018-06-20,348.56951904296875,352.88305523874664,347.05520204084473,347.05520204084473,1215628
2018-06-21,353.89263916015625,354.351524836451,348.5695485102416,349.8544508103941,1033023
2018-06-22,353.47955322265625,354.9021153116649,349.7625912641924,353.8925614438868,569600
2018-06-25,352.8371887207031,355.6363799922176,350.95574074423695,353.3419517342033,645746
2018-06-26,354.7185363769531,356.09519305111985,352.0570057418612,354.5349709504702,804351
2018-06-27,361.1430358886719,363.8045672732589,353.6632047876541,355.8658504849619,2173065
2018-06-28,355.59051513671875,362.97856318410527,353.6172843589004,362.51967751636306,2014384
2018-06-29,359.26153564453125,360.59228703593465,354.7185571504683,357.3342105861969,1551244
2018-07-02,352.1487731933594,359.26149903496287,350.86387127996863,359.26149903496287,2244408
2018-07-03,353.11248779296875,355.63635872586195,349.99207115029554,352.8830449808875,1893774
2018-07-04,354.2785949707031,358.19689496692916,352.3661083479248,356.3776781535447,2452019
2018-07-05,351.5264587402344,356.09781830981717,350.7334945220284,355.3514605265245,2379568
2018-07-06,345.18255615234375,354.5584493298486,344.62279496175313,351.4798054875554,2777742
2018-07-09,349.9872131347656,353.905514058093,346.30217220202735,346.30217220202735,1796707
2018-07-10,351.0134582519531,354.978394325231,349.84730058334196,351.8530860792239,2008710
2018-07-11,353.2991027832031,356.797575433668,351.01342259664204,351.47988561670405,4187393
2018-07-12,352.7392883300781,357.07738806905576,350.73350334008194,355.1649013631466,2464624
2018-07-13,350.8734436035156,355.2115434299372,349.89385430681426,354.2319826038754,1577536
2018-07-16,342.6636657714844,351.61975995113755,341.0310454746438,349.8472064658384,906673
2018-07-17,352.50604248046875,353.95206617761477,343.4100153303647,344.5295092818409,3469146
2018-07-18,349.14752197265625,356.28439949319994,347.09507358148846,353.5322851398605,3554218
2018-07-19,350.1270751953125,354.04537532231296,347.5148940910713,349.14751439888175,2130414
2018-07-20,347.9813537597656,351.9462887556879,345.4624424917479,348.5411149827294,1534917
2018-07-23,348.8210144042969,351.7130906047239,346.90852755451704,350.12710506785197,1648451
2018-07-24,348.634521484375,350.2671422835942,347.14183391667376,349.5207842644199,1142955
2018-07-25,346.67529296875,351.8530206665382,345.32253893639194,348.58777980146505,2028167
2018-07-26,348.26123046875,350.22038057193146,345.6490493116009,345.6490493116009,2236860
2018-07-27,360.109375,361.78863012728914,349.28742953903316,349.28742953903316,2835864
2018-07-30,367.0597229003906,369.3453743736164,358.4301579455368,364.77404295652457,2998129
2018-07-31,393.2749328613281,399.7121448569661,358.84997012274454,369.43868561934653,18573319
2018-08-01,403.25726318359375,409.6011485903593,395.28075727810915,395.3740271015223,9757456
2018-08-02,400.1319274902344,407.22217028438837,397.4730828835966,402.09107764621166,3356054
2018-08-03,407.5953063964844,411.74683790102074,393.69471664508643,393.69471664508643,5007266
2018-08-06,406.7556457519531,413.14619312819235,404.983092439363,407.78186981839025,2403824
2018-08-07,413.4728088378906,415.0121310223541,407.17555842546955,407.17555842546955,3264114
2018-08-08,415.2919616699219,416.7846488147573,411.93342271170195,415.2919616699219,2903147
2018-08-09,415.99169921875,416.78469201576235,411.5136657907211,413.5194510038873,3303838
2018-08-10,412.9130554199219,414.7789074295278,410.4874421133057,414.07921292592556,1682527
2018-08-13,411.6069030761719,414.6389121377896,408.9946935714723,410.44074574478043,1636383
2018-08-14,422.61541748046875,423.54834334687155,410.9538441504337,410.9538441504337,2732923
2018-08-16,415.05877685546875,425.274328070469,413.93928272396454,421.0761610183827,2271009
2018-08-17,425.6007385253906,428.21291923705786,414.21903298748083,417.01781023739625,3213894
2018-08-20,422.8952331542969,427.09339904982187,418.23060438149133,426.2537715648438,3313045
2018-08-21,428.02642822265625,430.7319363410867,421.4959463628559,423.7816264020426,3651453
2018-08-23,451.4895935058594,456.52738870734987,431.10515270630714,433.8106326783442,11287480
2018-08-24,443.2331237792969,451.39622582780294,441.88036976585965,450.60323307753424,2451638
2018-08-27,449.6236267089844,457.74006455613875,443.32637719468846,443.32637719468846,4340143
2018-08-28,453.1687927246094,456.15416723529256,450.60324629127393,450.60324629127393,2612757
2018-08-29,445.751953125,455.45440459748676,444.679094107553,453.9617175655167,2647406
2018-08-30,447.711181640625,451.86271372827684,443.51301464123685,445.75203134678213,3133686
2018-08-31,446.6383361816406,450.27674199896563,443.18649848764545,450.27674199896563,2509851
2018-09-03,435.0700378417969,448.7840327087434,433.8105820706891,448.7840327087434,2667557
2018-09-04,418.5105895996094,436.37611596475443,413.9392581088582,433.81056958548544,6220706
2018-09-05,426.2538146972656,429.9855180931193,415.898332079644,415.898332079644,3769921
2018-09-06,423.6417236328125,434.2304399602908,418.4173320755333,426.53380007261376,2407025
2018-09-07,436.88916015625,437.96204765041125,420.74955448766116,426.0205797976474,2225030
2018-09-10,419.7233581542969,436.7959192651893,417.9974395392542,436.7959192651893,1861480
2018-09-11,413.9858703613281,423.87489064887586,412.0733836442526,419.7233589831939,3437600
2018-09-12,423.7349548339844,430.0788395607243,409.9276344424931,416.038316165056,5951399
2018-09-14,436.84259033203125,438.3819125055972,426.0206432650219,427.2800990327182,4145878
2018-09-17,430.8717956542969,436.6092837530786,423.5949571760303,436.6092837530786,2108447
2018-09-18,438.84832763671875,443.2797255604465,430.87182276226423,431.8047486409437,2843314
2018-09-19,435.5365295410156,442.20694506463406,431.47829555357225,439.12830050623893,4251592
2018-09-21,425.13433837890625,435.39652314277976,401.2980648677078,433.81053774556204,3634800
2018-09-24,403.3971862792969,426.8136339681823,400.2252436554103,422.522168784975,2851579
2018-09-25,408.15509033203125,411.8401591072849,393.69473856026787,401.29807912032516,3324143
2018-09-26,407.1755676269531,412.67982538066127,403.07067041476444,411.3737346634387,2052494
2018-09-27,407.96844482421875,410.4873558963829,397.799559201822,408.62150427867203,2875616
2018-09-28,398.26611328125,411.88683890285694,388.6103232549707,411.4203758916419,3675960
2018-10-01,409.7877502441406,411.4203707630416,394.6743374809148,396.4935545902328,1829837
2018-10-03,396.77337646484375,412.81971343756527,393.321567694755,410.4873986723813,2273144
2018-10-04,387.5841064453125,396.4935380894182,382.5929468011175,390.9426171679099,2016129
2018-10-05,391.87554931640625,396.4935443387257,376.855463707382,384.8786044163111,3797505
2018-10-08,382.2197570800781,394.90752669167694,377.6950607181315,392.7618084848846,2069981
2018-10-09,366.08013916015625,383.15270122427717,358.0569702505672,381.5667157120344,5737986
2018-10-10,378.0682373046875,383.99232271969095,365.2871405343852,368.1792166434288,3567594
2018-10-11,366.9664611816406,370.04510570569755,359.176523103323,365.24054232454796,4493264
2018-10-12,380.49383544921875,383.8057110184979,370.6514500845839,370.6514500845839,3680197
2018-10-15,369.7652282714844,383.43258856892464,366.68655536847257,383.43258856892464,2730907
2018-10-16,379.37432861328125,380.91365072342523,371.2578900004129,372.0508542745862,1943053
2018-10-17,376.0158386230469,394.62772498395185,373.87012006458326,381.566760090866,3809686
2018-10-19,377.3219299316406,386.23136179246114,371.30454587777666,377.22863163804544,2437432
2018-10-22,377.5551452636719,386.2313452543169,375.7825631731902,380.6337895259935,2276552
2018-10-23,373.7301330566406,382.1731013304684,370.3715940162694,372.70390884004945,2552727
2018-10-24,377.9749450683594,381.19355100216814,373.73014336030735,376.90208591397004,1262996
2018-10-25,371.817626953125,378.39477200014807,369.4386771626822,376.855449872765,3241540
2018-10-26,371.5377502441406,377.8350002482786,367.57281505635007,368.55237589096004,1294180
2018-10-29,381.93988037109375,388.7502569265513,373.1703820861963,373.8234416431034,5964529
2018-10-30,369.7652282714844,380.1207126349925,362.16188701467183,378.0682640329847,4806534
2018-10-31,358.9432678222656,374.8030093504749,354.04540646796573,371.3045369545464,7847341
2018-11-01,345.7890319824219,361.18231168473693,344.6228744292162,358.9432948767107,6914459
2018-11-02,344.6695251464844,349.75395480921287,340.9378211133732,348.63446068166496,6169192
2018-11-05,342.243896484375,348.214616975493,338.27896112698494,344.24968161810295,4362441
2018-11-06,341.4042053222656,343.82978960745515,339.5849886377377,343.316691809581,3681999
2018-11-07,344.5295104980469,345.46243636288926,342.5703889583882,343.78318119442815,361716
2018-11-09,353.09478759765625,355.62222511171376,343.5466141427773,348.2270857251039,3518530
2018-11-12,352.2522888183594,358.94538620518773,350.56733043279814,353.84366062375886,3151205
2018-11-13,345.9336853027344,351.0354113749848,342.79779181498577,351.0354113749848,3678684
2018-11-14,354.639404296875,356.7456169055926,345.41886782968834,348.2271513079785,3170677
2018-11-15,364.0003662109375,364.9364607473847,351.3162681016759,358.05616019103053,3649804
2018-11-16,370.36572265625,371.6294557380954,363.48542349272054,367.74466991173034,3658867
2018-11-19,382.3945617675781,383.7050882119439,368.1191221911875,370.78699694024203,3624536
2018-11-20,368.914794921875,380.47556604189793,367.97870055697166,380.0543121507582,1734543
2018-11-21,374.90582275390625,377.66731277540714,368.96161735382924,368.96161735382924,1189054
2018-11-22,375.1866149902344,380.28834077338917,369.94450933128627,369.94450933128627,3013407
2018-11-26,392.2703552246094,393.2064496444914,373.73569713788004,375.8419095826145,5599857
2018-11-27,393.955322265625,395.26584867327756,386.9346144739149,393.15963633576456,3658792
2018-11-28,388.2920227050781,399.2911340865901,386.84108752424004,394.09582056310967,2591499
2018-11-29,388.432373046875,394.14252589100005,385.1092208691192,390.1173314980376,2462246
2018-11-30,382.9562072753906,391.66187337113143,380.56914952393527,388.61956670998194,4471587
2018-12-03,386.56024169921875,391.1002772466578,381.59892362542695,386.41980466798867,1489299
2018-12-04,382.8626403808594,389.4153017076711,379.11826247982407,386.79424860388093,2328913
2018-12-05,383.37744140625,386.32616155330317,376.12270997063246,382.3009385841089,2710255
2018-12-06,374.9994812011719,381.786166666189,369.7573460250703,381.786166666189,2984610
2018-12-07,385.15606689453125,387.73032659203005,375.9355309918411,377.714104705737,2219884
2018-12-10,379.679931640625,384.5476058582634,376.4972160815274,381.73932238247085,1450549
2018-12-11,386.0921630859375,389.6961038249585,370.6933981257494,370.9274217356773,2266498
2018-12-12,403.0354309082031,405.2820803132358,387.2622631840954,387.68348852203866,4236256
2018-12-13,406.92022705078125,412.81761005317935,402.754595749162,406.2649495761448,3906222
2018-12-14,415.67266845703125,417.778880662276,398.7761775263339,398.7761775263339,3600390
2018-12-17,414.128173828125,420.0723792253378,410.7582281364714,415.6727239379935,3996750
2018-12-18,414.5962829589844,416.515293984641,410.00942523940864,412.63047863135495,2109797
2018-12-19,427.6079406738281,429.48012960596805,416.84285431402344,417.4513385708377,4720385
2018-12-20,415.67266845703125,424.98681830271266,411.97511305933375,423.81670041091,2723047
2018-12-21,409.7752990722656,419.8383132699284,406.4521755781099,416.5619830660382,2130122
2018-12-24,398.6357727050781,413.7068970015313,397.1380160765323,410.94540732492095,3263009
2018-12-26,395.593505859375,402.3333685132255,387.7303184795489,397.7465115889381,7349664
2018-12-27,402.47381591796875,404.3927980930968,395.3594924602713,400.64842033297555,3386941
2018-12-28,405.5628967285156,409.30727430939055,401.11644835122667,404.25237028867616,1925920
2018-12-31,403.1290588378906,411.78793227827157,401.53771545411337,405.937342115852,2076007
2019-01-01,394.8914489746094,406.21819751955644,394.18937813794736,404.15877830508043,1617567
2019-01-02,389.78973388671875,398.1677908694209,384.73482943246023,394.985075366172,2550167
2019-01-03,395.0318298339844,398.7762073679558,387.0750275742951,389.7896955729577,3271824
2019-01-04,392.45758056640625,398.26137732312344,390.25775299406985,395.96793459651724,1831799
2019-01-07,393.5809020996094,398.5421909951046,391.66189143826955,394.61058308624627,1394010
2019-01-08,389.78973388671875,395.4999159007651,387.54311285897455,395.35950744290665,1412597
2019-01-09,394.5637512207031,399.525039631184,390.3513268304465,392.92558618004773,2975792
2019-01-10,394.2361755371094,396.8104352983324,391.80232423121316,395.49990876972237,1089796
2019-01-11,394.70416259765625,395.73387205864356,391.8958796498717,395.45305519079767,929656
2019-01-14,405.7969055175781,407.481863940545,393.9084957052396,395.3594591052754,3145076
2019-01-15,398.869873046875,410.0093919080792,396.9040688790538,407.1074932381847,4594571
2019-01-16,396.76361083984375,400.0867344800299,392.55118610687526,397.98052211354565,1621386
2019-01-17,393.4404602050781,399.47828044006883,390.95981578810273,398.6358012035741,2118185
2019-01-18,396.99761962890625,399.7122875309898,391.8022788449541,395.92111683965464,2301927
2019-01-21,400.788818359375,406.0309528006427,397.0444406966601,397.93374181848867,2235926
2019-01-22,405.6565246582031,406.5926190829054,396.15517196094186,400.8356440844533,1553097
2019-01-23,403.1290588378906,408.1839630247542,401.25686998591635,405.6565252149898,1537391
2019-01-24,402.89495849609375,406.07767322480373,400.08667575299734,401.95886424839495,1179389
2019-01-25,402.5205993652344,410.43060861690356,400.83564084133695,404.5331966485936,1819072
2019-01-28,400.0867004394531,404.39273995802796,395.49984405617323,403.22262207620497,1613234
2019-01-29,396.1083068847656,398.916589852495,390.91299482139885,397.8400870949984,1910592
2019-01-30,403.5970458984375,404.8139856112479,397.231616177368,398.3549121807347,1919495
2019-01-31,415.29827880859375,419.55752550962853,399.8995429220859,406.6862273868328,10969400
2019-02-01,422.9742126464844,426.8589982548552,413.1452225550897,421.2424324883439,6034606
2019-02-04,418.85546875,428.73125366848626,415.25149944128475,423.11468702654105,2210541
2019-02-05,420.35321044921875,424.05079503373213,415.8131751222629,419.27670752187186,1499771
2019-02-06,424.7060546875,425.922966020625,418.5278257306569,422.17858829736673,1491252
2019-02-07,430.4161376953125,432.4755565343128,424.0507080303976,424.518755169504,2064428
2019-02-08,423.06787109375,434.5350273741317,420.8212217033185,430.50980435571995,1970613
2019-02-11,420.2595520019531,423.5826753763155,413.56645482998726,422.17853391097964,1208431
2019-02-12,417.7321472167969,423.9571695795017,415.6259347098214,422.0849806844124,1103428
2019-02-14,412.0687561035156,416.0003353457637,409.0732426707553,410.47738423598673,1107732
2019-02-15,406.5457458496094,415.1110316071822,402.61416690306015,411.881494823114,1882950
2019-02-18,395.3594665527344,406.7330075403381,390.8194031026264,403.7843159609347,3075577
2019-02-19,393.90850830078125,400.0867369947682,391.0066385425857,393.1596442149244,1806783
2019-02-20,397.559326171875,398.7762375355422,394.3765821733566,395.26588333188425,912999
2019-02-21,399.29107666015625,401.35049587935777,396.0615679445021,398.77623613902364,892660
2019-02-22,407.5754699707031,408.3243625831909,398.2145265695968,398.91659732467974,1427270
2019-02-25,404.2991943359375,411.74115677095887,402.28659694658876,410.47742352781654,1630382
2019-02-26,401.444091796875,405.84371836544506,396.904028213513,399.47828783046384,1333714
2019-02-27,406.82666015625,412.8176590181022,402.05257267182515,403.45671436916564,3023613
2019-02-28,410.05609130859375,411.881486596579,405.32882658254255,409.9625047336863,2950017
2019-03-01,416.8428039550781,417.54487471981315,411.60069843225597,411.60069843225597,2704142
2019-03-05,414.5025634765625,417.35766836189333,411.92830403441116,417.0300296285167,3043292
2019-03-06,408.8392639160156,416.5620433717846,407.43512219678485,414.7366477098501,1699096
2019-03-07,405.4224853515625,413.5664893906854,404.4863909631116,410.71141293284353,1361590
2019-03-08,404.5800476074219,407.7159412764694,403.2694924753187,403.9247700413703,832863
2019-03-11,414.0345764160156,415.6259484564094,405.04809227623264,406.54582058797223,1940292
2019-03-12,418.71502685546875,425.64214848709156,416.28120419282817,419.3703043830011,2683161
2019-03-13,412.1623840332031,419.3703228847187,411.0858811053368,418.71504532827686,1630557
2019-03-14,410.8518371582031,412.63041085110706,407.3414830666817,411.88154673851636,1205591
2019-03-15,398.2613525390625,411.08582799059195,396.43595713006664,410.00932520181624,2771756
2019-03-18,400.2271728515625,401.2568824656409,395.2190903706399,399.47830871441585,1598197
2019-03-19,399.7591247558594,402.42699966057097,398.21457462176386,402.42699966057097,1463935
2019-03-20,398.8230285644531,400.6016308713989,396.48279244198284,399.89956003465784,2261001
2019-03-22,397.8868713378906,400.648360953639,396.9975988920603,399.24421950169864,2909755
2019-03-25,393.11285400390625,396.8104097368933,389.60250001018403,393.67448778903463,3136076
2019-03-26,397.9337158203125,404.11194427361715,393.4404457782125,395.0318176078311,2340305
2019-03-27,384.96881103515625,399.7590907069597,383.2838525900815,398.02733897015133,5120542
2019-03-28,384.6880187988281,390.6321955965273,381.4116882822163,383.79871766024235,6247333
2019-04-01,375.3270263671875,385.06240151262796,373.59524617401183,383.84546176486583,5907663
2019-04-02,376.3099365234375,381.92650274020525,374.06331575019703,376.40355167385025,4074190
2019-04-03,377.66729736328125,382.72220141324556,376.4503575020548,380.89680590507294,3689189
2019-04-04,379.1650390625,380.8032043219902,377.48008050824404,379.67990814159793,2366959
2019-04-05,374.7653503417969,381.1307800125859,374.11007291951114,379.5862301655755,2956038
2019-04-08,375.4674072265625,379.1181690670759,374.8121298284038,375.42058537393444,1381349
2019-04-09,377.8544921875,378.69697141918596,374.4377534011809,376.3099421681868,1468121
2019-04-10,377.5268249511719,382.6285503832139,375.60784303673296,380.75636175748565,2861296
2019-04-11,377.9013671875,380.241603475341,373.7825284670298,377.7141368575377,1319979
2019-04-12,381.271240234375,383.1902509075663,377.24604571447924,378.7438024779291,3346428
2019-04-15,379.8202819824219,384.7347773130632,378.97780278206415,382.86258861567603,1289166
2019-04-16,382.8626403808594,383.7987348561182,380.3819957348907,380.66281265053385,1586331
2019-04-18,379.0714416503906,385.6708957947012,377.7608866263471,383.70509182597016,1435665
2019-04-22,377.7608337402344,379.91386771593045,375.8418519009227,379.773459287964,838599
2019-04-23,377.2928771972656,380.7096449797504,376.3099893981605,378.27579356370785,1045407
2019-04-24,373.174072265625,378.46300055587477,371.6295220311043,378.0417751650077,1863429
2019-04-25,369.85089111328125,376.029119665621,368.63395129249733,373.17401469816616,1937889
2019-04-26,372.518798828125,374.9994434139748,369.289261539816,369.99133237924525,1400795
2019-04-30,372.6591796875,377.3396516037777,371.6294701524522,373.08040501956486,2073958
2019-05-02,357.7284851074219,374.1569596962245,352.81398928952405,372.65920287635043,13091778
2019-05-03,355.9031066894531,361.23882769475574,353.1884100421577,357.72847365152995,5523649
2019-05-06,353.60968017578125,356.6051938570173,351.1290355849047,355.7158926983372,1785915
2019-05-07,351.50347900390625,359.78792090694634,350.5205912219085,354.35855575529894,3510917
2019-05-08,343.7806396484375,351.7374413829827,341.6744274245873,351.5034178025549,5290060
2019-05-09,343.8274841308594,344.95080891109984,341.11281590717,343.54666721946717,1718130
2019-05-10,346.1676940917969,347.71227268959547,343.9678951285491,344.6699659212453,3122309
2019-05-13,339.9427185058594,348.46118433331804,338.91300882256877,344.48278263172875,2096407
2019-05-14,345.0444641113281,347.05706172275285,337.50888568469895,340.41078456429096,2082247
2019-05-15,340.317138671875,347.1506455543243,339.33425088933706,345.41886504321485,1360428
2019-05-16,337.97686767578125,341.7680670911184,334.7005373147246,341.7680670911184,1864739
2019-05-17,346.4017333984375,353.1884180356053,337.93009020932067,337.93009020932067,6586973
2019-05-20,357.9624938964844,359.9750911489208,350.3333302275738,353.4692521902387,4140456
2019-05-21,358.4773864746094,365.0300477236855,357.26044653080794,365.0300477236855,2949046
2019-05-22,361.0047912597656,362.2217310918944,354.6393609145792,358.52414687086207,1811235
2019-05-23,360.8175048828125,368.4934598434367,359.740973746491,365.35753869845706,2477785
2019-05-24,373.5484619140625,380.00753618016614,363.2046301373425,365.07681895248345,5822005
2019-05-27,374.5313720703125,382.30094409941955,372.0039057841851,374.62498722300865,3052919
2019-05-28,372.6591796875,379.96070444995985,370.740169061426,376.3099420687299,3755326
2019-05-29,373.501708984375,375.1398743746574,366.0129529145129,371.34870304122455,1312259
2019-05-30,371.02105712890625,376.30998528827155,369.0084596872249,374.39100300913424,1171056
2019-05-31,370.6466064453125,377.433291162785,369.6168968436772,371.58270088910183,3194649
2019-06-03,382.6753845214844,383.3306620373709,372.6123695839954,374.437765115869,3171471
2019-06-04,379.6330871582031,384.07953572996837,378.3693825232537,382.5818074859787,1662840
2019-06-06,377.19927978515625,382.5818230115113,375.8419313707061,380.0543565043753,1621809
2019-06-07,378.3225402832031,382.2073262705559,375.2334402371958,377.33965260510996,1097730
2019-06-10,383.14337158203125,387.87066476492924,380.89675105747745,381.92646046336915,2216371
2019-06-11,383.56463623046875,387.4962436846566,380.99037692690854,384.7347540957234,1644164
2019-06-12,382.8626403808594,384.21998879691915,380.1947654129045,383.51791794047506,930133
2019-06-13,382.9094543457031,384.73485009792034,380.24160780108417,384.59444163252005,1347458
2019-06-14,374.95257568359375,382.76896911987353,374.43773522459276,381.9264899290846,1247599
2019-06-17,375.2334289550781,378.74378279605617,372.89319306109275,372.89319306109275,1561211
2019-06-18,362.923828125,373.7357075488852,357.8688952629564,372.5655894914372,4943967
2019-06-19,357.5412292480469,362.26849403526984,354.8733547800574,362.26849403526984,2457109
2019-06-20,363.0173645019531,364.8895531349025,352.7671488769541,355.71584026038306,1635129
2019-06-21,367.5106506347656,368.77438373143076,361.23880700973604,363.2046108748448,2511877
2019-06-24,367.276611328125,371.067781888549,363.251388620903,367.51063490759145,1284017
2019-06-25,369.10198974609375,370.13169924168125,363.39183708092474,364.70236345379413,1284969
2019-06-26,369.0552062988281,371.8634894158769,367.51065629791793,368.82118270574074,1161718
2019-06-27,375.4674072265625,377.15236543992893,369.80401990627405,371.2549831258172,1810323
2019-06-28,374.90582275390625,377.33967400834746,369.1020258061876,377.2460588509968,1385118
2019-07-01,376.075927734375,379.44587331055186,373.7824850119859,375.1866266214484,1475814
2019-07-02,376.91839599609375,378.3225375646132,372.3783325444143,377.246034742215,705067
2019-07-03,381.5989074707031,383.7987352030169,376.8716417933078,377.8077362694127,2134582
2019-07-04,377.19927978515625,381.5989066732534,375.18665381186753,381.5989066732534,1981032
2019-07-05,381.271240234375,385.20284816751416,377.8077080716897,377.8077080716897,3490386
2019-07-08,375.7015075683594,382.8158309947881,374.20375075742675,379.30547686010306,1995705
2019-07-09,380.2883605957031,381.2244550217849,371.91030405533775,375.9823205222602,1626488
2019-07-10,383.56463623046875,384.6411389530369,378.18209405029745,378.18209405029745,1681840
2019-07-11,383.09661865234375,385.4836478547655,379.3522411945322,384.7347837901363,1473109
2019-07-12,381.6456604003906,386.6069488006824,380.0542886515183,383.8454591680308,1868831
2019-07-15,384.4539489746094,385.3900432953975,380.1947026746245,380.9903885607607,1439581
2019-07-16,397.8401184082031,399.66551390783314,381.22444287468403,382.4881760230945,3403659
2019-07-17,403.5970458984375,405.56284961349235,397.3720246068725,397.8400717501079,3953381
2019-07-18,401.4908752441406,407.4350802909736,399.3846628819242,402.4269696273479,3432159
2019-07-19,393.3468933105469,407.5755115928753,389.27487680175926,403.50349508408766,12364368
2019-07-22,394.47015380859375,401.49086144128347,391.1002084314362,396.5295728077824,3104361
2019-07-23,396.66998291015625,400.1335434504051,391.5682572487445,395.87429699498205,2420287
2019-07-24,394.04901123046875,396.67006453675555,387.12188872451065,396.67006453675555,2726560
2019-07-25,395.8275146484375,399.10384498135085,392.27033886087446,393.9085040273311,2074309
2019-07-26,400.788818359375,402.05255153400816,394.6105895024286,396.155168142166,1517097
2019-07-29,400.5548095703125,406.1245829765374,397.84014137790683,401.58451917911066,1868355
2019-07-30,395.9211730957031,401.8185569129185,393.6745234821577,400.6484388089205,1587114
2019-07-31,399.1974792480469,402.1461709753972,389.1344641722421,395.92114875824996,1776047
2019-08-01,398.2145690917969,400.64842034944274,394.89144525648675,397.3252965141326,1848165
2019-08-02,399.2442626953125,401.53770540853805,395.5935002387635,396.90402668889215,2240395
2019-08-05,402.1461181640625,404.39273877713595,394.0957014471626,397.18480121922215,1525725
2019-08-06,405.7969055175781,410.9454245033836,398.4017657787059,400.7887949724644,2116448
2019-08-07,404.52880859375,411.4329982009758,403.1667759137769,406.7362744772204,1457292
2019-08-08,408.99072265625,411.3390846704298,405.3272836474352,406.40752444065225,1319364
2019-08-09,412.4193420410156,414.1101799591061,405.18640394652795,409.88312816367437,2005066
2019-08-13,403.2137451171875,411.902684295601,401.1002193710869,411.4330119075786,1357430
2019-08-14,405.5621032714844,407.5347330160698,400.1608708596464,404.2470263306032,1117663
2019-08-16,402.0865478515625,405.4212392380928,401.1941874522459,404.81067082455417,1115520
2019-08-19,405.890869140625,409.5543079046318,402.1334901690229,402.1334901690229,1127677
2019-08-20,405.5621032714844,406.97112042239866,402.2274408142649,405.8908796733365,1064051
2019-08-21,401.1471862792969,405.51516254238373,396.02777430765275,405.51516254238373,1151788
2019-08-22,401.5698547363281,405.65600986870453,399.03361260822555,399.2214930127239,1582956
2019-08-23,398.65789794921875,403.58945778506524,397.2019250833412,400.16085525154386,1681100
2019-08-26,409.4134216308594,410.4936623774947,393.8202927958001,400.16086996066986,1464917
2019-08-27,413.45257568359375,419.7931525882037,409.55430080147215,409.55430080147215,3122216
2019-08-28,408.42706298828125,415.3312522479052,406.87714997078,414.2510115791331,1583233
2019-08-29,415.9888000488281,418.00838539100783,405.79690446947274,408.38010235672056,1652654
2019-08-30,421.5779113769531,423.033912936066,417.06906805379305,417.726620843912,3191823
2019-09-03,416.1767272949219,424.8656672194094,412.7481243012679,420.7795400259825,2282758
2019-09-04,415.37823486328125,419.6991975194431,407.6286411431941,416.64632726607545,2053458
2019-09-05,412.3254089355469,418.61900185760715,410.5876153327401,417.4918053043341,887639
2019-09-06,414.5328369140625,415.8009580910886,410.6345618388935,413.73441679012706,500428
2019-09-09,417.3038635253906,420.0749417278469,411.43295942402045,414.25099339267814,1327946
2019-09-11,421.8597106933594,422.7051151904352,414.9085656435328,418.00839168831925,3044215
2019-09-12,422.8930358886719,424.30205307355214,419.46440447224086,421.8597508864541,1327793
2019-09-13,424.771728515625,427.0731060675216,419.4644074812814,424.3020561172957,2368150
2019-09-16,427.1669921875,429.5623096490444,421.76576029068167,422.61116476731354,2261361
2019-09-17,424.3019714355469,429.139590439546,422.9399102856194,427.40179717924894,1991114
2019-09-18,432.0986022949219,433.9772918701172,424.53688822137195,426.4155777965672,2286519
2019-09-19,430.7365417480469,434.77574154271457,428.716956183977,434.77574154271457,1914739
2019-09-20,418.66595458984375,440.74055558467427,414.34496312989086,430.6895555799921,5241569
2019-09-23,414.0631103515625,424.34894573811073,406.4544416179775,416.129680048662,3523419
2019-09-24,424.4898986816406,426.0398118292483,409.5543224716011,414.25104635315614,3051265
2019-09-25,418.5250244140625,425.80494592247953,415.1434063885344,424.5838092650972,1691954
2019-09-26,420.07501220703125,422.5172857897409,416.12975252237464,418.5250703310048,1913386
2019-09-27,419.9810485839844,421.67185768800925,415.19038456721114,419.13564403197194,1470958
2019-09-30,420.1219482421875,422.00063778156004,415.2373439732079,418.94776728007963,1130716
2019-10-01,412.9828796386719,424.1141197439953,411.4329666619489,418.94772404390227,1043636
2019-10-03,407.3468017578125,412.3253456029543,405.46811245772665,409.6482076170272,1637904
2019-10-04,399.8790588378906,409.60125375830575,398.5169975270511,408.3801170887106,2334293
2019-10-07,406.3135681152344,407.62867372425,395.93381989075897,399.36242256220146,1546043
2019-10-09,416.8812255859375,418.71295947763366,405.0924593936725,406.54843241879456,1488325
2019-10-10,412.74810791015625,416.5524716286353,409.9770578928496,416.50548718774803,571364
2019-10-11,418.5720520019531,419.88712899929396,413.3117153460612,414.62679234340203,846266
2019-10-14,427.4018859863281,429.1396796077101,417.06909313830704,419.74623156405454,2030424
2019-10-15,422.70513916015625,431.2061977144331,420.26283706725883,430.78350977518903,2746832
2019-10-16,428.4351806640625,430.2199300992909,422.70517149493645,424.5838611460251,927864
2019-10-17,434.35302734375,435.48025256402144,426.8382689860155,428.29427061774345,1122519
2019-10-18,438.204345703125,439.33157092074106,433.03794934435285,434.4469665331089,918558
2019-10-22,443.934326171875,450.88547145686306,437.45285325298784,437.7346452060379,1981127
2019-10-23,443.1358947753906,449.1007397918413,439.9421282940987,445.2494205056389,1432436
2019-10-24,441.3041076660156,449.94608996280857,436.13771206101467,443.4176331407887,1429210
2019-10-25,437.31195068359375,444.1222003358094,434.91663296218417,443.51163196236456,649773
2019-10-27,440.8345031738281,442.24352037382954,438.6740216004373,440.2239347871332,153353
2019-10-29,437.59375,441.3980847055052,430.87744088623674,440.8344721318865,1134661
2019-10-30,432.4273376464844,439.42543844972596,429.2335714051944,437.593733487741,1796647
2019-10-31,433.9303283691406,436.79531845367745,430.3608010399253,433.9772841410731,1885493
2019-11-01,435.7151184082031,443.32381749640115,433.0379798278055,434.44699711574845,1818491
2019-11-04,432.4743347167969,439.566405067014,430.21991295861625,436.0438621115668,1679706
2019-11-05,452.15362548828125,454.079270862841,427.5897646866485,431.20621923562516,8858287
2019-11-06,447.644775390625,458.1184933683524,444.7797850737628,455.1125783912103,3883468
2019-11-07,448.7250061035156,451.6369519443663,443.37072947167474,449.52342622124917,1456741
2019-11-08,444.9206848144531,454.9247017863802,442.99503932841463,448.7250486769246,1561299
2019-11-11,448.4902038574219,451.4491343604361,443.4647032465564,445.62518490487673,1100336
2019-11-13,437.0435791015625,452.8238766792009,435.6775407408641,451.2694053545555,1734670
2019-11-14,435.7716979980469,441.61277446192935,428.6587997443794,438.55092589232663,1593020
2019-11-15,434.9709167480469,439.5872363947051,433.41641682804345,437.60880547447135,594085
2019-11-18,428.7530517578125,436.05438356743514,426.02094625018503,434.970965887787,1318573
2019-11-19,427.4340515136719,430.21325052510747,422.6292990055864,429.50667011953107,1811882
2019-11-20,441.65985107421875,443.6382819767026,429.129836609872,431.48510464834544,2389925
2019-11-21,437.373291015625,446.46462023218083,435.63038685214923,442.7904077056408,2168444
2019-11-22,436.9493408203125,437.9856645686521,430.5901167406136,437.2319902521318,1117561
2019-11-25,442.4136047363281,443.44992854204173,436.80805466280964,436.85517727947115,1229982
2019-11-26,435.9601135253906,449.33804747209894,432.4272114708899,443.07301149478656,6724984
2019-11-27,442.1309509277344,443.2143973394225,436.05437600337615,438.1741174597221,1173971
2019-11-28,439.2574768066406,444.4390663453785,437.420356288029,439.9640571982867,893025
2019-11-29,432.521484375,439.8699101068024,430.8256739170834,439.7285997563513,3751777
2019-12-02,427.4811706542969,432.52145026231557,423.24168797012203,432.3330173093528,3468701
2019-12-03,424.9375,428.47040249002606,423.6656781042579,427.33989094371816,2600811
2019-12-04,431.29669189453125,432.1917052913802,420.32114807163043,426.6803720731929,3264668
2019-12-05,439.1162414550781,439.8228219673688,429.2241142830087,429.69516795786916,2047971
2019-12-06,436.9493408203125,444.5333216028972,434.2172354843861,441.6127833124246,1614204
2019-12-09,438.4096374511719,441.37726969360904,434.782518598934,436.99647650231293,1721369
2019-12-10,430.44879150390625,437.985649411616,428.65879350099146,436.80801536353636,1963909
2019-12-11,425.2671813964844,432.56851214612226,422.44085981597937,431.95614822051215,2047964
2019-12-12,431.2024841308594,433.69906250232515,425.5498408365986,426.86878518842667,974325
2019-12-13,433.3693542480469,436.0072431648757,431.15539636204784,433.3693542480469,855397
2019-12-16,432.8982849121094,435.2535530563537,429.6009095101673,434.311445798656,903982
2019-12-17,433.9345703125,435.63035172621994,429.97770867938107,432.4271930831771,1011059
2019-12-18,436.0072326660156,437.3262058435027,430.7314549593963,431.95618290896886,1178799
2019-12-19,433.3693542480469,439.02199799910835,431.9561933102815,436.7609462488503,1348905
2019-12-20,433.1808776855469,435.20643115978555,431.2024755724868,433.275094155414,1603344
2019-12-23,434.31146240234375,436.1014605102345,430.4959393631336,431.4851405212005,1339055
2019-12-24,431.2024841308594,434.3114264423706,428.32903987244515,432.8982656188054,748881
2019-12-26,431.1082763671875,434.4998681624177,430.2603856060877,431.20249284082774,744378
2019-12-27,433.1808776855469,434.2172013524255,429.5066653673681,433.275094155414,1081584
2019-12-30,435.8188171386719,438.6922327346103,431.8148613487861,432.8982789300007,1349981
2019-12-31,431.8619689941406,439.7756643518541,431.0140781970342,435.81883104841353,1167751
2020-01-01,433.1808776855469,434.12298488255834,431.06113649227103,433.0866899665097,495678
2020-01-02,433.3222351074219,435.4419763904221,431.48511449515587,433.18089602122353,502422
2020-01-03,429.22406005859375,434.02881268534685,427.2927229851534,432.4272188928188,1376230
2020-01-06,422.0640563964844,430.02487431768844,419.8972211787103,427.7167000089373,1415568
2020-01-07,427.2456359863281,429.60090410091647,423.1474637167781,424.2308812993224,966767
2020-01-08,430.2132568359375,431.4380134740675,420.7450907626569,423.7598166201745,1291151
2020-01-09,434.02886962890625,437.1378123977807,431.2496414333709,432.5685859792317,1811623
2020-01-10,439.8227844238281,441.8483093026611,433.275127401846,436.1956656868488,1037751
2020-01-13,450.9866943359375,451.6932746829747,442.31929724528345,442.55482402762914,2755979
2020-01-14,454.70806884765625,455.6501761191735,449.9033160127516,453.1065037365762,1804874
2020-01-15,462.1507568359375,463.6110405035647,452.44706246762695,454.0486564899703,1346372
2020-01-16,459.3714599609375,465.7777771903705,457.2517188371183,463.2811989502604,2012701
2020-01-17,461.3028259277344,463.46968993175005,458.5236266900285,459.7483546590741,1015739
2020-01-20,457.91119384765625,464.17622973910136,456.4980330452244,461.3027855236586,1406615
2020-01-21,458.8062438964844,460.0780944705939,452.63545273250116,457.29886650312613,788507
2020-01-22,458.61773681640625,465.40091961476634,458.09958939813794,460.8788169164115,1140015
2020-01-23,461.44415283203125,463.5168004318568,454.8023077408107,458.52364314705034,798731
2020-01-24,471.524658203125,472.8436025458348,461.63253250655595,461.67962636668364,2564212
2020-01-27,464.6473388671875,476.56499064173835,463.18705527966665,471.4304942789772,1640739
2020-01-28,460.1252136230469,470.2999900243063,458.57074228073657,464.69443991776745,1372031
2020-01-29,463.13995361328125,466.81416632663405,460.4078481982668,462.48046700411123,830287
2020-01-30,451.0339050292969,467.473690195973,444.8159906144961,463.51682772723564,7747030
2020-01-31,467.0496520996094,474.3038891595321,452.25855731543675,455.932798456673,7462427
2020-02-03,468.2273254394531,471.901538138409,455.88571412941366,456.8278214240604,3688146
2020-02-04,474.2096862792969,483.3010154195768,469.2636232559971,469.3578397304167,3128490
2020-02-05,481.5580749511719,483.3009789685733,474.3509608395256,475.7641215967437,1728547
2020-02-06,480.14501953125,488.0116218890887,476.04684668606836,484.62005832836576,1730852
2020-02-07,483.9134216308594,487.7289445692538,477.08311518107087,483.11259595136244,1439486
2020-02-10,483.1596984863281,487.54052036564207,479.10864865801915,483.86627895062617,1094750
2020-02-11,479.43841552734375,487.06949066707205,478.4020917119279,485.04393690250885,1212549
2020-02-12,489.80157470703125,492.95761094509743,481.6994179812315,481.6994179812315,2805428
2020-02-13,483.0183410644531,488.7651716045379,481.08700418141,488.7651716045379,1632953
2020-02-14,476.8004455566406,487.02231412423436,474.30386730070654,485.185193638282,1260687
2020-02-17,471.9486083984375,480.47466696882697,471.28912186501117,477.13019794417977,1336491
2020-02-18,475.3402404785156,477.83684789647333,467.28523433060985,470.1115563124482,2041114
2020-02-19,478.6376037597656,480.9457781523088,460.5491607937634,470.11154416846637,3634077
2020-02-20,476.8475341796875,487.0694026350571,473.9269962280349,479.5325453408976,2543540
2020-02-24,471.9957580566406,483.6779115960344,469.6404898028649,474.3981201751585,3415189
2020-02-25,471.2890930175781,480.00358399291565,470.2056755654045,474.3509411981021,2111814
2020-02-26,472.8907775878906,477.6484080214991,468.4628617133934,471.9957641395879,2775398
2020-02-27,477.0360412597656,478.7789455301115,472.37259858381753,473.69154306513786,3265481
2020-02-28,467.3794250488281,475.71708018579795,463.51677946974706,471.9957449478522,4192788
2020-03-02,470.3470458984375,483.9605071999367,465.118362146419,474.6336223977801,3441005
2020-03-03,477.27154541015625,483.3010261460221,471.33625239996906,473.8799535115967,3579242
2020-03-04,484.6200256347656,486.9752939212844,477.271571330327,481.4168377644333,3354621
2020-03-05,487.9644470214844,494.6062914347038,484.76125946676643,489.8957553258019,3594544
2020-03-06,471.57183837890625,483.53661362605175,467.4736942694465,481.4168720173647,2903801
2020-03-09,455.1791076660156,466.2959903585323,450.4214776000608,463.5167624976953,2176031
2020-03-11,459.7483215332031,465.7307081065984,448.86699468577206,452.0230308595671,2848963
2020-03-12,428.894287109375,450.3272251252746,425.5498181720608,449.8561715425076,2856276
2020-03-13,424.51348876953125,445.3811564522971,378.44445475128384,400.3955399095214,4078543
2020-03-16,406.519287109375,428.6117140968802,401.71453428097493,413.9619287941195,3101283
2020-03-17,405.4829406738281,424.7961386331494,399.8302973686609,406.5192643632749,2506801
2020-03-18,390.550537109375,411.93638253430106,388.2423916675715,409.81664128626863,2896377
2020-03-19,394.6016845703125,403.6459212305271,367.8929344139113,377.2669144095553,3097171
2020-03-20,418.6253662109375,426.491967572328,390.9745124141331,394.74294144945003,4011074
2020-03-23,373.12152099609375,403.22185559517715,363.70044960368307,384.3797128103558,2662357
2020-03-24,377.9734191894531,395.3081858756775,368.363914273296,369.4473318004044,4911904
2020-03-25,381.74188232421875,388.195294207915,368.4110412777531,380.2815987860168,4409305
2020-03-26,401.2905578613281,408.8274151706085,377.3610129036998,390.97447291891905,5838526
2020-03-27,398.51141357421875,419.8030456761052,393.80087677074096,415.9403997470865,3674758
2020-03-30,402.7979736328125,409.72246819300995,380.705574203691,390.97453825343376,3175357
2020-03-31,423.9953308105469,429.17692037328396,405.5300528240022,410.6645197765801,3302637
2020-04-01,409.67535400390625,428.4703768768106,405.3887486550867,424.79616425698833,2154766
2020-04-03,403.033447265625,427.95219411976615,399.5005452778449,418.76664895153783,4235746
2020-04-07,449.9033203125,460.69046017479917,409.2513969081827,420.98064405100297,4522049
2020-04-08,460.03094482421875,487.4462994748049,442.7903941686238,446.84144372132357,5642395
2020-04-09,457.251708984375,484.2430729625705,451.5048496445757,471.99568006663,5377864
2020-04-13,452.0230407714844,464.4117739375816,445.3811962515661,457.76990066683214,2769922
2020-04-15,473.7386474609375,476.7062796174806,452.2114905462267,452.2114905462267,4343214
2020-04-16,474.35101318359375,479.53260319850887,463.6580898571933,468.93389634981884,3438673
2020-04-17,461.7267761230469,485.1852412610354,458.99467080591813,485.1852412610354,3429703
2020-04-20,464.3175964355469,471.0065641292384,454.5667799648898,463.8936366430182,3233932
2020-04-21,469.35784912109375,473.8799524753969,455.97991450912946,458.33518266258574,4518995
2020-04-22,473.5972900390625,475.57569211285954,466.8612007134498,469.6404283898096,2801897
2020-04-23,470.11151123046875,486.2686733445657,468.2743906181134,476.8004783628721,4322555
2020-04-24,470.1585693359375,474.58648451311603,465.87199323421515,470.11147547800476,2376828
2020-04-27,463.2812194824219,475.4343967141028,459.0417370468939,472.9378183633468,4482196
2020-04-28,459.3243408203125,465.7777807072775,454.4724946282133,465.4009435881412,2010508
2020-04-29,450.562744140625,462.24486704146557,447.92485562298725,461.6325031446027,2503008
2020-04-30,460.97308349609375,466.6728498263571,450.56280948710634,456.922033667008,4295419
2020-05-04,441.6127624511719,454.8493574840426,438.7393469104886,452.21146875,3267221
2020-05-05,426.30352783203125,448.019088301927,423.948259722462,443.73251184284356,3676031
2020-05-06,429.3182373046875,431.8148154877708,417.44768153228154,428.6116569462208,4087839
2020-05-07,416.3172302246094,430.072003219021,414.52723201833345,430.072003219021,3356812
2020-05-08,420.9334716796875,425.83244045964335,416.081625508687,421.12190461385086,3238325
2020-05-11,420.6979675292969,428.3761643718413,417.8245520090483,423.94824893815496,2890780
2020-05-12,417.49481201171875,425.5969399163523,413.7735057145259,421.12193058685,2465770
2020-05-13,418.34271240234375,432.05039012527584,416.83536380466586,431.48512002573085,2202274
2020-05-14,432.0503234863281,434.3113747849346,419.2376611264553,419.7087146782828,3710845
2020-05-15,418.2013854980469,436.80800292799097,415.79902360869005,436.1956389905893,4049485
2020-05-18,410.85302734375,420.1798845006604,405.2003831576425,420.1798845006604,3056578
2020-05-19,411.7951354980469,421.26330302760573,408.40354322970927,414.9512009248449,3631044
2020-05-20,414.1974182128906,419.1906035448264,410.0521523482779,412.4545141701473,2543929
2020-05-21,414.6684875488281,423.3829793425705,413.679286467168,414.52717721585253,2934438
2020-05-22,406.707763671875,418.2485789697702,405.0119531531116,414.1504061546363,3326987
2020-05-26,408.02667236328125,410.9472107075385,402.65664931897504,406.707727909665,3334407
2020-05-27,404.1169128417969,409.67533981785664,399.5476869692245,406.9903284287507,5829539
2020-05-28,422.44085693359375,425.12586816691913,396.8155586956922,405.0589965825854,10807910
2020-05-29,439.4458923339844,442.79036122160335,414.80976732067273,418.06004849380105,7711038
2020-06-01,442.0838623046875,446.5117782330062,435.2535841976891,442.79044279851496,6224484
2020-06-02,434.1701354980469,449.29094548508203,432.4743251835439,442.0838307132319,3195295
2020-06-03,436.5253601074219,443.3556370451366,430.6371903335299,437.23194048028887,3870392
2020-06-04,435.7716979980469,442.2722610387918,431.48512150093575,438.0798722662339,2631670
2020-06-05,436.0544128417969,439.49309907798477,431.0141325362873,437.13783059417995,2549236
2020-06-08,431.5793762207031,442.319394097177,430.4959585348492,442.319394097177,2555231
2020-06-09,439.5401306152344,448.30174538298735,432.1446116255297,433.65196024073583,5028353
2020-06-10,435.1593322753906,446.46461925592035,432.3330105302582,440.90619224065955,3751933
2020-06-11,424.0424499511719,438.0798412652028,422.0640191114212,435.1593032399355,3476454
2020-06-12,429.2711486816406,430.5429991777366,406.0482114783468,406.37795475523546,2789834
2020-06-15,427.386962890625,433.79330966114526,425.738275146502,429.60092075432806,1990031
2020-06-16,422.5351257324219,431.4851451180584,419.99142451196025,429.2240933392222,3353195
2020-06-17,414.99822998046875,430.91983623182347,412.6429619329065,420.6508732946182,4824055
2020-06-18,414.5272216796875,417.87169117245145,411.22984605269,414.5272216796875,3947046
2020-06-19,417.4006652832031,423.4772694147389,415.9404103372797,417.2593549256679,4482029
2020-06-22,417.8245849609375,423.00617507882964,415.5164105899069,419.2377459021808,3082797
2020-06-23,432.0503234863281,433.36926768127967,415.940286263663,415.940286263663,5596513
2020-06-24,428.7058410644531,437.93850825481354,424.7018857333899,434.2642961717682,3473535
2020-06-25,432.56854248046875,438.78645614378377,426.53906176940006,428.2819659497672,3845591
2020-06-26,433.6990661621094,438.0327651411121,428.70588062621215,435.3477538035146,3102744
2020-06-29,436.9022521972656,441.8483154296875,431.57935180206385,433.3693498883929,5083680
2020-06-30,438.974853515625,445.3340770022721,435.7245722332291,441.377215332471,4999118
2020-07-01,439.5871887207031,443.7324543058791,438.59795899245455,443.63823784354673,2383843
2020-07-02,438.1269836425781,444.2035871624184,437.04356600942174,442.31937258272626,2370799
2020-07-03,440.01116943359375,443.4969776782908,437.7972404479728,440.05829204550264,2323284
2020-07-06,438.974853515625,442.88459257576807,437.13773300803956,442.7903761072815,1892579
2020-07-07,450.8454284667969,454.0014936128257,438.12698015511313,439.0219935736758,5373286
2020-07-08,445.85223388671875,455.8856698500098,443.77958653947536,455.8856698500098,2670696
2020-07-09,445.6638488769531,449.38518422992416,439.02200388080644,439.02200388080644,1944218
2020-07-10,446.70013427734375,450.70408997726344,444.7688259694795,445.99355385971086,2126443
2020-07-13,456.450927734375,457.8640885013545,447.1240724224763,447.45381568493735,3108357
2020-07-14,451.693359375,459.183095207415,448.30176732313595,457.8641507291438,3209743
2020-07-15,451.8818054199219,458.66499015162213,449.7149699157922,456.8278692344595,2305139
2020-07-16,459.41864013671875,460.6904908001376,447.02993432446885,453.15363205494106,3164943
2020-07-17,462.3391418457031,466.67284102936975,455.5088641515995,461.5854675315142,5791083
2020-07-20,471.9486083984375,473.8799166378823,459.08882225243156,465.4009519266677,3529535
2020-07-21,463.1871032714844,473.59740742260516,462.0565916278015,470.20581498988327,3328043
2020-07-22,453.20068359375,466.5315242549107,450.7041051177458,464.4588767932289,3073060
2020-07-23,451.693359375,458.66494768943346,449.0554416676243,454.9907349460946,2331308
2020-07-24,444.2035217285156,454.8493210352515,442.9316713244082,451.2693253615249,2141706
2020-07-27,439.3987731933594,446.7472262838213,436.1485207454108,445.616686192726,3751567
2020-07-28,447.59521484375,449.3852130870113,439.02203207242616,439.398869268244,3183237
2020-07-29,461.25567626953125,463.1869844680654,448.9611604482051,449.14959338257245,6554407
2020-07-30,463.4225158691406,468.9338486196581,452.9180265673544,465.3067302282352,8628513
2020-07-31,483.8191833496094,485.1852504093474,465.4480913438186,467.2852120447307,8509912
2020-08-03,480.8986511230469,488.6239419747483,477.93099032277064,485.04388846912536,4310402
2020-08-04,477.601318359375,486.31581108734844,476.2823451079877,485.1852708006832,2173942
2020-08-05,473.92706298828125,481.5581378237431,471.99575453492855,478.6375994606857,2597217
2020-08-06,477.45989990234375,480.09781721583937,472.278310492883,474.77491748174094,2349815
2020-08-07,482.6415100097656,483.96048309849175,476.75333997377476,478.4962440545941,2754108
2020-08-10,479.108642578125,497.43264055338864,477.0360238263186,485.185245994309,5418102
2020-08-11,483.4423522949219,494.22943417124804,480.4746914938537,480.4746914938537,5206538
2020-08-12,474.44525146484375,489.424752082555,472.9378740047019,484.14897409830894,4289689
2020-08-13,470.5230712890625,481.3445646799952,468.53833430113826,480.96652640669333,3607000
2020-08-14,469.81414794921875,474.0671425978071,461.9224743327895,472.08240599330605,4703261
2020-08-17,468.3492126464844,475.910092060202,464.04897401691886,475.910092060202,2880081
2020-08-18,469.7196350097656,471.70437163041277,465.7029178089779,466.8843052209743,3279512
2020-08-19,467.0733947753906,477.1860549297448,465.9392511868324,469.7196913587337,3390431
2020-08-20,465.5611877441406,469.5779052094197,463.4346902625222,465.7501924370259,1638348
2020-08-21,464.9468994140625,471.13735868832543,464.04903333193135,469.247138593287,1911355
2020-08-24,463.57647705078125,468.2547833102999,459.8432808362183,465.27766359471366,2692195
2020-08-25,464.9468994140625,466.88436347448896,459.60700457160317,465.8920094615817,2055713
2020-08-26,468.727294921875,474.445198627309,465.13585977818013,468.7745388827595,4093077
2020-08-27,466.0809631347656,471.9406563247994,464.0489825235732,471.37358458988217,1859971
2020-08-28,462.2532958984375,468.44375471587927,461.2136691543911,468.0184725313609,1854626
2020-08-31,448.5491943359375,468.2074700349448,445.0522759348555,464.427030181869,4785569
2020-09-01,460.8356628417969,464.04903122024564,447.6513662019121,452.14063890719956,3914565
2020-09-02,462.63128662109375,467.6403574520176,460.8355836161851,461.96969816759156,2111745
2020-09-03,467.5458984375,470.0031612053327,458.1420430059104,464.7105686200317,2149283
2020-09-04,457.24420166015625,468.7745550760296,454.88142668497466,465.9392251058117,2578717
2020-09-07,461.11907958984375,464.001681872454,452.14053621844755,460.1739697612757,2630952
2020-09-08,459.7015380859375,463.4819784136878,455.0705044529376,457.6223132111573,2088168
2020-09-09,465.3249206542969,466.88434640720374,455.5902702152242,458.3783562904733,2157196
2020-09-10,468.3019714355469,470.1921913000698,462.7258286036976,470.0976745383504,2500434
2020-09-11,480.3521728515625,483.61281399275657,464.7106133886616,464.7106133886616,5351472
2020-09-14,476.5245056152344,486.4481612832661,470.901089199695,482.95124251087634,4233220
2020-09-15,477.9893798828125,480.11587737116906,472.1296863779094,476.24092062389235,2657472
2020-09-16,481.6280212402344,484.8413892013407,476.61892135626147,479.170729678518,2763452
2020-09-17,474.9649963378906,482.9039430336908,473.64184816941287,481.72255558996653,2087520
2020-09-18,480.5411682128906,481.9115603423206,471.3735901113326,476.240900611658,3067745
2020-09-21,463.7654724121094,483.8490592138138,460.5048314884928,482.0060832409058,2405043
2020-09-22,465.088623046875,467.45139797716547,453.6527866157755,465.18313981258007,1843708
2020-09-23,459.0871887207031,468.7273223883157,457.7640404712679,467.87670030281504,2096287
2020-09-24,459.6069641113281,463.8127149895344,452.51863937893586,457.4332227303814,2732039
2020-09-25,465.5611877441406,468.7745559478703,461.44995351118484,464.4270442169569,2817278
2020-09-28,475.6265869140625,476.94973508830077,465.0413438352228,467.78218579056903,2319660
2020-09-29,469.9087219238281,482.28964033430077,469.01085585170864,475.4375925661902,2520348
2020-09-30,482.5258483886719,485.78648908390596,469.0580323002562,469.9558982431367,4019124
2020-10-01,485.59747314453125,488.99990352204094,482.38410513350493,487.44044905506576,3703107
2020-10-05,491.45721435546875,493.016668974995,482.62042982885254,487.0624296531224,2820656
2020-10-06,497.8840026855469,505.63391725333446,493.3474856191413,495.4739834019824,8742072
2020-10-07,495.28485107421875,502.1368981192168,492.87483227124045,498.0729369260666,2420627
2020-10-08,493.3946228027344,498.0729284494451,488.10203031823096,497.74216305101305,2229377
2020-10-09,490.6065979003906,495.80470311202424,487.6767798550818,495.80470311202424,1704989
2020-10-12,487.20416259765625,492.78033418632555,484.6051103238569,491.4571572275097,1945978
2020-10-13,486.0227966308594,495.7101737148969,484.652375652716,487.5822511378732,3197252
2020-10-14,488.57464599609375,490.03955501895047,478.46195704598586,485.6447702654414,3519347
2020-10-15,489.18890380859375,496.7970853147428,486.9679184239628,489.75600440898614,3824212
2020-10-16,483.61279296875,495.5683997201332,482.7621709045693,492.21327079575093,2531683
2020-10-19,490.79559326171875,493.34740170407156,482.19511565464455,486.63714402689794,2434568
2020-10-20,499.0652160644531,500.8609477501882,490.275706501744,492.5912370381106,5066334
2020-10-21,487.5350036621094,503.74366434105576,480.21042950524907,501.28640124751456,5603035
2020-10-22,479.3124694824219,487.67669768209015,477.3750057669885,487.5349081262342,4991374
2020-10-23,490.65386962890625,492.3078120953825,481.8170566970578,483.8963101919007,4275575
2020-10-26,485.31396484375,493.158365980966,481.722558529897,491.4099356275571,2134741
2020-10-27,494.4815979003906,497.50596164755245,484.1326311442143,486.7316838248324,3284285
2020-10-28,488.76361083984375,497.1278104318832,487.10966850475666,494.43427027442794,1863446
2020-10-29,491.2209167480469,493.7727252551538,481.2500179017885,487.2041992950807,2966915
2020-10-30,483.3764953613281,495.23761369431014,480.1630984580405,491.92972887001605,3022547
2020-11-02,478.4618835449219,488.43278138353867,476.3826302424073,486.73159511236497,3217501
2020-11-03,487.1097412109375,494.765109516297,481.5808128260095,482.43143494213365,9690523
2020-11-04,489.9923095703125,500.90831894620914,488.95265392002693,495.23765873172374,7074924
2020-11-05,491.03192138671875,496.7971273783674,487.676792202161,492.4023425141974,3293074
2020-11-06,498.261962890625,499.86866129654385,490.2285285459628,492.3077819133323,4929181
2020-11-09,498.5927734375,506.53172058272054,495.3794340196246,500.90830449526743,5212222
2020-11-10,486.7316589355469,500.8138212680455,483.7072953430375,498.7345676928867,4847614
2020-11-11,483.6495361328125,492.4216110528684,479.476879256299,490.09818503825977,4915653
2020-11-12,491.14141845703125,494.9821534553019,484.17113994453405,486.0203998715893,5297239
2020-11-13,488.7705383300781,495.0295089689938,486.11516132533495,493.132844183672,3104681
2020-11-14,490.43017578125,495.0295652559794,488.86540400279193,493.1329002549986,438259
2020-11-17,485.2142639160156,495.2191880436765,483.1753550557574,495.2191880436765,3016364
2020-11-18,479.2872314453125,487.5851696180046,478.3863329503375,486.49456410916594,3492271
2020-11-19,481.0890808105469,483.6495902174346,474.2136699692206,478.907927568244,5496008
2020-11-20,482.1322021484375,487.25319148784774,479.8088050568948,484.6452773025101,4801287
2020-11-23,482.79608154296875,484.97723471666603,479.002751542931,481.75291000479615,3182272
2020-11-24,481.6580505371094,484.8349700655542,480.330390881571,483.6495544908218,2495047
2020-11-25,475.3990173339844,484.12368693140235,474.2136018419878,482.5115102859638,3897557
2020-11-26,478.0544128417969,478.90790629257197,468.52365397584435,475.87323075558186,4957778
2020-11-27,473.9765625,480.8994069768456,470.989320972555,480.804567940569,7150001
2020-12-01,479.85626220703125,480.80459474103725,474.73527231156135,477.0586696553887,2177754
2020-12-02,476.5370788574219,483.1754063240924,471.55833325741895,481.27874133361513,3467739
2020-12-03,475.5887756347656,480.7571996282582,474.64044308115695,474.64044308115695,3471978
2020-12-04,476.3473815917969,480.6148776484494,475.68356623635907,476.9163868541792,3038914
2020-12-07,476.1103210449219,479.38207975309234,473.21791849019405,476.63192128549997,3544985
2020-12-08,476.6318664550781,480.61484514073476,473.26526909583106,477.01119362407286,4020487
2020-12-09,476.20513916015625,483.6495547618089,475.1145626189534,483.6495547618089,4619524
2020-12-10,487.8222351074219,490.2878763231303,476.062889582614,476.062889582614,9250804
2020-12-11,487.2532653808594,492.65877263382146,482.5116025066166,490.61983444524634,4988627
2020-12-14,487.0634765625,492.137089413501,485.9255240366808,490.28782973662425,3013023
2020-12-15,487.30059814453125,490.4775465279647,484.7875519229573,487.395466116919,3113626
2020-12-16,487.1109924316406,492.70611923045226,485.83070887851477,488.770574240729,3925836
2020-12-17,485.0720520019531,490.66723665374377,484.12371954447127,488.5808936709598,2926337
2020-12-18,483.0331115722656,486.87387513960823,477.0586001144465,486.6367920406664,3666563
2020-12-21,477.5802307128906,488.3438098785261,468.6659114131009,482.70122018802,5009242
2020-12-22,478.1966552734375,482.60639553787126,467.1011536292913,478.81306560015435,4879416
2020-12-23,483.79180908203125,486.0203961991063,476.3473933228194,478.90790259619257,3046867
2020-12-24,487.9644470214844,489.1024575295298,482.03736925210086,488.39120819720375,2894330
2020-12-28,497.9219970703125,499.67644702830665,487.44293390033664,487.964505229936,5556022
2020-12-29,501.6204833984375,506.21987283362745,497.4477972795022,500.24538970822323,6040679
2020-12-30,511.6727294921875,512.5736568390881,497.2580655866245,502.61616674323164,6666770
2020-12-31,506.4095153808594,511.90983187421557,504.6551235457638,511.81502178428195,3337284
2021-01-01,506.5992431640625,510.62965636931875,504.79738822553384,506.40956508396107,2285766
2021-01-04,515.2764282226562,515.8928674853514,504.8922339048563,509.2545401463855,3026253
2021-01-05,511.05645751953125,514.3756215950259,507.83210355068525,513.9962654051753,2126666
2021-01-06,506.50433349609375,513.7116947753934,502.23683751234665,511.15118560882144,4825471
2021-01-07,507.54754638671875,511.4356863370651,505.8405595275818,509.6338893841617,1850927
2021-01-08,512.1943359375,514.4229519363511,506.4095311130141,509.2545284788176,3665938
2021-01-11,518.2637329101562,520.634564259242,512.0995714025331,514.9445690214361,2812154
2021-01-12,513.0478515625,522.4837709448254,510.43993734476084,520.6345111050139,3857637
2021-01-13,508.4010314941406,517.2679751224751,506.03020023762696,513.1901569375962,2933547
2021-01-14,520.5870971679688,523.9062606611299,507.59493134698624,508.78034688025804,6273001
2021-01-15,512.8108520507812,524.0011651239225,511.19867505885446,520.1604296807277,2546799
2021-01-18,509.728759765625,516.651575996349,505.65094126382536,513.2376018742905,2572902
2021-01-19,513.42724609375,519.1646462255777,511.1512249081147,511.1986299574773,2174161
2021-01-20,509.8709411621094,516.6988881789925,508.8751458306654,515.89282878666,1606896
2021-01-21,509.3019714355469,517.7895591182979,507.737257496856,512.0995639631518,2903743
2021-01-22,505.413818359375,512.5737171709144,503.84904657891474,509.254553414951,2153095
2021-01-25,505.0818786621094,513.3323831895952,497.87457463903195,510.20289743961746,3036463
2021-01-27,500.2453308105469,509.7286546173819,498.49093905892846,506.3146811995673,1786873
2021-01-28,500.624755859375,507.35789353684083,494.12864342810707,499.581555367989,2380469
2021-01-29,487.9644470214844,504.512859729927,484.92980056804566,502.61619484372426,6467932
2021-02-01,498.06414794921875,508.30612546815024,488.53341967301327,488.53341967301327,5219141
2021-02-02,499.2021789550781,507.9267903879754,497.305514229385,502.61615230868017,2246578
2021-02-03,497.63751220703125,501.8101986349765,495.977930222539,500.19802170228735,2680479
2021-02-04,498.91766357421875,502.5213730795927,496.9735936873412,497.6374379584162,2515981
2021-02-05,494.79241943359375,501.24106804346803,491.0464949549944,499.7711644302902,2592937
2021-02-08,491.6155700683594,499.2970398362694,490.5723696341265,495.7881981604313,2667420
2021-02-09,498.01678466796875,504.5602435207483,492.18451723593677,496.02525189237946,4281247
2021-02-10,497.5426940917969,501.5256444851423,495.4089458603796,500.15060859686247,1871619
2021-02-11,508.1165771484375,509.72875408652476,496.8788593970409,497.5901088213477,4491181
2021-02-12,506.4095153808594,516.3196008068645,504.5602555742124,511.4356656613121,4218265
2021-02-15,500.0556640625,512.9055565349271,499.10733166037824,509.72866614046563,2574672
2021-02-16,495.5985107421875,505.22410817541777,493.5122256763217,502.61619396146676,3119109
2021-02-17,493.1803283691406,498.82291858727996,492.18459077338076,496.1675990380453,2436843
2021-02-18,493.1803283691406,500.71958367696544,491.1414481267038,495.029588407909,3416920
2021-02-19,486.9212646484375,488.39116823865817,481.6105976134091,488.39116823865817,13849233
2021-02-22,474.4981384277344,490.57235579541793,471.368624035747,488.1541196686719,3810112
2021-02-23,474.2136535644531,479.38207724960114,472.9808328946362,476.0629135099897,3011786
2021-02-24,477.6275939941406,480.093263952726,472.31692691583544,476.53701755307617,1464678
2021-02-25,482.7486267089844,484.17112539757676,478.95529687273796,481.75288920329365,4492656
2021-02-26,477.1060791015625,487.1110041851035,475.11457509444165,482.22706873358,5709953
2021-03-01,479.7139892578125,481.61065421173026,476.8215578386016,477.9595683872765,1751572
2021-03-02,484.8349304199219,486.0203458977212,478.71817497815437,481.18384496013846,1420334
2021-03-03,491.33099365234375,493.1328483663288,485.59359420440495,487.63253201856605,3130922
2021-03-04,497.11590576171875,500.2453914208232,488.53350825300345,488.53350825300345,4314919
2021-03-05,497.3055725097656,501.5730686426928,495.64599068029395,498.3013100311245,3785627
2021-03-08,501.3360290527344,503.51718235595183,494.7925112614563,497.87459206950564,1684546
2021-03-09,498.58575439453125,503.70677245679326,492.1845107575116,503.5644994455466,1424487
2021-03-10,503.70672607421875,506.78880606008926,498.0167322541501,499.1072796740304,2158157
2021-03-12,496.40472412109375,506.74151500437665,495.21930833987113,506.3148116284405,1757943
2021-03-15,498.91766357421875,502.6161831690531,494.36567952938856,496.07266631099765,3007071
2021-03-16,501.7626953125,503.32746706743075,498.01682829718226,498.9176978538051,1684209
2021-03-17,500.292724609375,505.9353137239499,498.1115717591465,500.24531956772927,2054354
2021-03-18,494.93475341796875,502.568818443744,492.75354236921396,501.52561796789996,1333801
2021-03-19,497.6847839355469,499.53404351348513,489.3394711968834,489.3394711968834,1899152
2021-03-22,505.9353332519531,507.0733437034447,496.6416873477344,497.96931797312794,1720620
2021-03-23,505.6982421875,509.2070835736566,503.8015774254278,506.21981342074685,1557222
2021-03-24,501.7152099609375,508.1164532184302,500.48238950248356,504.32312388065674,1431667
2021-03-25,490.6197814941406,501.9523661168147,488.3912233364188,500.7195454788915,1569877
2021-03-26,502.4264831542969,503.56449358618187,490.85681654642696,490.85681654642696,1757265
2021-03-30,510.2027893066406,513.2374643137831,504.5127953738528,504.98696153491846,2643994
2021-03-31,512.57373046875,514.7548837029306,508.9226733951189,510.2028991529834,1560926
2021-04-01,510.8193664550781,515.8455175437538,509.06491645624294,512.5263535196965,823482
2021-04-05,509.2545166015625,513.1426564248303,506.5043293927801,510.3925270976662,1359678
2021-04-06,518.6902465820312,519.4489006753427,506.7412275563878,509.25433073967866,1825976
2021-04-07,524.6175537109375,528.6953719089781,519.0697738238158,519.686213105148,3109165
2021-04-08,530.26025390625,532.6784907219854,519.923404293408,524.8547459241366,2009731
2021-04-09,531.5402221679688,537.0879426365261,528.4107373425875,531.0660560464986,2203711
2021-04-12,526.0874633789062,532.4413028139757,521.1087176686958,527.2728790241945,2061407
2021-04-13,531.3032836914062,536.4717073982406,525.6606937340664,526.5142161376252,3181848
2021-04-15,542.4935302734375,547.1877871642546,531.7773858792995,535.8077985230569,5336354
2021-04-16,545.2911987304688,551.8347162678838,541.4978686523438,551.8347162678838,3675431
2021-04-19,539.7908935546875,544.3428781721365,533.5793269915918,535.8078853088103,1876054
2021-04-20,539.6011352539062,546.1920570060022,536.5664599995293,544.342797250865,2321346
2021-04-22,536.8984375,543.6315747145098,534.9069046342637,543.0625983995103,2545878
2021-04-23,531.0188598632812,537.6571881747532,527.3677445629941,536.8985336583394,2408395
2021-04-26,513.3323364257812,533.5318057518127,511.67275466150323,531.9196869146659,3121274
2021-04-27,510.77191162109375,516.1300139261245,507.0260441826971,516.1300139261245,2463374
2021-04-28,513.2850341796875,517.5051259446502,508.44856093637384,513.9962836496825,2614846
2021-04-29,513.9014282226562,518.7853060903053,512.2892513231739,516.3196646310674,1796174
2021-04-30,510.25030517578125,517.0783109545317,508.02174688736136,511.9098870999819,1960727
2021-05-03,514.37548828125,520.065482364531,510.7717790565483,510.9140520612755,1725231
2021-05-04,509.7760314941406,517.5049631223212,507.68968879558776,516.8411189161982,1772835
2021-05-05,513.00048828125,514.4229870612803,509.3019683005218,510.96155021055716,1136917
2021-05-06,517.0783081054688,519.0697832508871,511.15122983740974,514.8022868978846,2142388
2021-05-07,506.97845458984375,519.6861313185261,504.79730174639894,519.6861313185261,8776663
2021-05-10,495.74078369140625,508.0691054283518,492.46902519258543,507.35785609737417,6409447
2021-05-11,498.30133056640625,499.58155630639493,493.51226295175184,495.7408212048057,2458535
2021-05-12,501.8576354980469,505.08193168617754,497.8746269064692,499.77129215182714,3997812
2021-05-14,507.3579406738281,510.62969971805046,502.28438441974123,504.51294287565713,3274059
2021-05-17,506.741455078125,511.3883075436419,504.7025749045141,509.34936948840783,2002740
2021-05-18,503.6592712402344,511.15111970958714,502.09455764355954,509.2544550724458,2056620
2021-05-19,510.25030517578125,511.2935056856818,500.7669798946344,502.61623990078283,2402429
2021-05-20,508.1165771484375,513.0479180666231,506.030233927479,509.2545878036536,2586717
2021-05-21,509.0174560546875,512.0995365990335,507.7846354132733,510.20287164866676,1582534
2021-05-24,505.6982421875,510.34509400722294,504.51282671120487,510.2028209974215,2142262
2021-05-25,503.1377258300781,509.0173980829059,501.95231037110534,507.737172539861,2341520
2021-05-26,504.7025451660156,505.4137945087294,501.43078661320834,505.4137945087294,1533553
2021-05-27,499.9608459472656,506.2198165481252,497.3055268402833,505.4611622149325,7104429
2021-05-28,502.99560546875,505.36643683336206,500.76698925703954,502.616249297762,1322812
2021-05-31,512.5263061523438,516.1773630887277,502.1894588515248,504.7973732008338,2775615
2021-06-01,509.3019714355469,516.8412265924403,507.35790133386337,516.5567384110077,1855968
2021-06-02,504.74993896484375,512.3365984513985,502.37910787529535,510.53474367069435,4073182
2021-06-03,512.8582153320312,513.806547852202,506.40956577119465,507.1682202110066,2070792
2021-06-04,515.9403076171875,516.8412351079207,511.48313309589514,513.9962374834735,1964169
2021-06-07,520.1603393554688,521.5828380045721,514.3755346684289,516.9834488584518,2061081
2021-06-08,527.6046752929688,531.7773607502075,523.3371797541797,523.3371797541797,3966396
2021-06-09,529.738525390625,532.4887128661809,525.613302058915,530.1178815533306,2452001
2021-06-10,531.0188598632812,534.7173223364094,527.3203395085237,531.5404312257139,2602822
2021-06-11,535.9974975585938,536.9458299824831,530.7816692272022,531.7774066959626,1036563
2021-06-14,539.0794677734375,541.8770594285369,531.3031319103429,535.7603049681073,1628291
2021-06-15,545.1015014648438,546.2395120245525,539.6485896694597,539.6485896694597,1774944
2021-06-16,550.6017456054688,552.5932782923978,545.5755956688429,546.2394398978192,2232810
2021-06-17,543.5841674804688,550.9811489537827,540.739170153685,547.8516634706443,1512920
2021-06-18,547.2825927734375,551.8346344979725,542.066764688888,545.0540348354124,3901362
2021-06-21,542.2090454101562,549.7008944635288,540.5494637232865,546.2394580782685,2238942
2021-06-22,537.3726196289062,548.1361700578436,535.8552529412962,544.5799232797867,2681016
2021-06-23,537.1829223632812,540.549490949891,531.3032496573271,537.8941716934785,1172122
2021-06-24,545.480712890625,546.9506162778594,532.3462767131163,537.182805838295,1362412
2021-06-25,535.2863159179688,545.7653789505111,533.8638171022855,545.5282958145639,1190963
2021-06-28,537.7518310546875,539.221734575937,535.1439171718989,539.0795194567518,794690
2021-06-29,538.036376953125,541.0236472377597,532.5360604768999,535.9026290017052,1761569
2021-06-30,539.3641357421875,543.8687153373969,534.3853898737981,539.1744576565904,1346860
2021-07-01,559.279052734375,560.8912294478728,540.4546770794303,542.82550816351,5398923
2021-07-02,559.94287109375,561.4127747215119,553.6838425925475,560.9860135698093,2477693
2021-07-05,557.3350219726562,562.9776119254623,556.197011396033,562.7405288003999,1196198
2021-07-06,561.22314453125,564.6845812016282,557.6194927192524,558.2359319777977,1428646
2021-07-07,563.6889038085938,565.2062127707638,557.7143623011852,560.2748718212708,1255033
2021-07-08,565.3009643554688,568.0511516815335,560.4644918927985,563.4991673846166,1845925
2021-07-09,564.8267822265625,573.7411303801581,561.744701774107,565.2061383579738,2686530
2021-07-12,562.50341796875,569.1417451435165,561.1283243347959,566.1544747622238,1038327
2021-07-13,558.7100830078125,564.5896978602905,555.3434565234699,563.4991502777394,934799
2021-07-14,555.0589599609375,558.0936353146731,551.4553083015844,558.0936353146731,1290445
2021-07-15,554.2529907226562,558.9946536463137,551.9769693666497,555.059050267027,1233095
2021-07-16,550.3173828125,558.4256147688723,548.800073842073,554.6322844611775,2229326
2021-07-19,558.3782348632812,559.5162455831662,546.2395889083114,548.8949086669564,1953706
2021-07-20,557.8092651367188,561.8396788185136,552.8779238791379,560.4645849272222,1877572
2021-07-22,558.0462036132812,564.637125266343,554.3476841585804,560.1799514798513,1191908
2021-07-23,559.6583862304688,563.4042528865543,555.3908904516834,560.3696355269329,666936
2021-07-26,564.5897216796875,568.0511584018968,559.6584390639665,562.3611634930297,1527942
2021-07-27,558.2833251953125,567.8614597928802,557.3823977909981,566.4863661633075,1585300
2021-07-28,559.6109008789062,572.2711725775765,555.865034372937,555.865034372937,2559515
2021-07-29,557.2279663085938,565.6636284948364,554.9403734781242,560.8500901005887,2365089
2021-07-30,572.5741577148438,575.3860450468974,556.7990701034187,559.7062519847431,3145307
2021-08-02,571.0014038085938,580.4855387787976,566.2355126856152,577.5307095535036,5788412
2021-08-03,585.48974609375,590.779873800268,569.9053048166649,574.4805488283187,13194079
2021-08-04,560.564208984375,587.0626157655323,559.2774413804054,586.2047319112899,5849144
2021-08-05,561.9462280273438,568.5231812510975,558.4194568519596,565.6636464890105,3160815
2021-08-06,557.7998657226562,568.6184144679211,556.7513348499006,562.3751092129813,2452586
2021-08-09,554.5114135742188,566.187846434183,552.1284680925934,563.280664582076,2261395
2021-08-10,552.65283203125,558.2289606518121,546.7431142372102,557.275782239141,2070287
2021-08-11,548.1727905273438,555.1310383224719,543.9311938395473,554.7497437499721,2320928
2021-08-12,548.458740234375,557.4185800923835,547.1719148032685,549.0306238632812,2474432
2021-08-13,560.7546997070312,563.8048814534978,549.8407981431659,552.557390804694,5318962
2021-08-16,560.8023681640625,564.9010809474395,555.7028880880657,560.6594263411369,1315500
2021-08-17,568.6661987304688,569.8100244229395,560.8024770886454,561.4220663071396,4557665
2021-08-18,569.4287719726562,572.6218961877242,566.3309423220361,570.3342448670796,1992466
2021-08-20,583.05908203125,587.1577364129429,562.6610464888106,566.8074063195814,4420438
2021-08-23,581.3434448242188,592.8292312371382,577.4830263241367,585.966336120462,3188046
2021-08-24,565.0917358398438,581.9153562235683,561.6126699269212,579.5324104568871,2295973
2021-08-25,572.0022583007812,573.6226730002008,564.4245375730752,565.2347158340926,1533202
2021-08-26,577.1494750976562,580.6762465314184,570.9061687118462,571.859347035707,1793401
2021-08-27,580.247314453125,583.9170277910312,576.7205429597802,579.532430698152,1477611
2021-08-30,587.8726806640625,588.6352116220698,581.4387275315413,581.4387275315413,1299450
2021-08-31,592.4002685546875,594.6402141189777,581.4387189354134,587.1577883019912,3026655
2021-09-01,596.9278564453125,598.3099764909216,586.8241906490869,592.8768490363024,2467985
2021-09-02,610.8442993164062,613.7515397163039,595.2122098716914,597.1662137801073,3017389
2021-09-03,611.2255859375,613.8468262670565,604.3150432504873,613.0842952612084,1676263
2021-09-06,605.0775146484375,615.1812385570863,604.0766891657692,611.225525723944,1420648
2021-09-07,608.1278076171875,620.8527157438633,605.6495670953468,607.1746292353424,2457494
2021-09-08,610.6537475585938,612.4647515597476,604.315088111078,609.0809799731527,1262769
2021-09-09,608.4136352539062,609.2238716327707,597.8333804730456,605.2681588199245,2195875
2021-09-13,610.2247314453125,618.85098303114,607.174549389043,612.3217352450843,2328010
2021-09-14,609.2715454101562,610.9396073377309,605.0298905874185,610.2247236544846,1422838
2021-09-15,607.365234375,613.8468352860209,606.5073506199496,610.4154166205943,1157146
2021-09-16,610.4153442382812,615.419529802114,608.1753405556611,612.1310533675478,1115690
2021-09-17,623.3309326171875,625.1896418532673,610.3676734193722,610.9872625571934,2959141
2021-09-20,615.4194946289062,627.5725160179157,612.8935492653378,624.1886870500545,2804783
2021-09-21,620.8049926757812,621.6152291078753,614.7999812386942,617.6118687573558,785138
2021-09-22,618.0408935546875,623.3786692867981,617.230657013858,623.3786692867981,877503
2021-09-23,617.325927734375,620.5190516570481,612.5600364006035,619.6611679460154,1480529
2021-09-24,621.3770141601562,628.0969101573959,618.6127735651028,618.6127735651028,2416462
2021-09-27,603.552490234375,623.6168811170705,602.4086646786222,623.3785865503464,1468310
2021-09-28,597.023193359375,604.6486196115386,591.9237128241948,604.3150304839605,1906140
2021-09-29,593.9730224609375,598.8818553164098,591.2087823920217,597.6427352838333,1827330
2021-09-30,588.1586303710938,597.4521183535329,587.2530993937384,594.7832308761041,1705501
2021-10-01,589.0165405273438,591.161191696543,580.4855831299404,588.1110095093157,1563570
2021-10-04,594.9738159179688,596.1652886115816,584.584150758714,590.8751614874162,2158448
2021-10-05,587.348388671875,597.0708174540094,585.2513851028064,597.0708174540094,3156201
2021-10-06,586.1569213867188,594.4972302904075,585.2513904988427,587.9202777125474,2026192
2021-10-07,586.34765625,590.3986640369803,585.6327725228858,588.6352492703334,1228502
2021-10-08,578.5792236328125,591.8284251714705,577.6260453401719,587.2054755457323,3407806
2021-10-11,580.1520385742188,582.3919844743175,578.5792709916706,581.4388061036558,1426583
2021-10-12,587.9202880859375,592.4955317012119,581.4386881161837,582.3918662934233,2801156
2021-10-13,594.5925903320312,595.7364158860092,587.2531060528388,592.3526446792537,1499629
2021-10-14,586.3953247070312,598.5007012254881,583.7740842796145,596.6896391137719,2722324
2021-10-18,585.3944091796875,602.408616615356,583.9169364419706,602.408616615356,1464144
2021-10-19,576.9112548828125,591.256578870607,575.8150763981158,586.2047447384216,1524974
2021-10-20,564.901123046875,579.3893861592221,563.3760029136807,578.5792079034577,2784702
2021-10-21,559.8969116210938,570.9537557400996,557.8475551701056,570.4771666284635,1925145
2021-10-22,563.090087890625,569.0474523414357,557.6093125958793,564.1862662205291,1407275
2021-10-25,554.08251953125,565.4730115511109,549.5549227257417,564.2815387075561,1462238
2021-10-26,554.1301879882812,556.6084865040264,547.5532925469219,554.7497771615643,1949684
2021-10-27,563.947998046875,569.953010058973,556.036571143871,556.6561603467197,3252371
2021-10-28,562.0892333984375,566.5214774155236,558.9914040432915,566.1878882943847,1105554
2021-10-29,558.4195556640625,565.9973357599551,555.1787839333408,562.2799748178866,1980982
2021-11-01,569.0951538085938,572.6695728194225,559.5157224950514,560.4689008979391,3104045
2021-11-02,570.0482177734375,576.5775234288856,561.1836720416319,571.7639269187255,6908391
2021-11-03,581.9630126953125,583.6310747583358,572.6218767778595,579.5324196103846,7257690
2021-11-04,583.8693237304688,587.3008003270749,583.1067927681285,587.1578003190309,276957
2021-11-08,578.3885498046875,595.7364055703734,576.1962514676652,595.7364055703734,2428555
2021-11-09,574.9571533203125,580.8668703245661,572.0499711856658,577.6260408836376,876256
2021-11-10,576.9112548828125,578.4840225908738,570.0007111440262,573.0508938090386,1801639
2021-11-11,573.3218994140625,578.7775618935591,569.493372539845,578.7775618935591,2031771
2021-11-12,576.6240234375,578.3946937736437,572.939031219301,576.1933024745047,2304135
2021-11-15,578.1075439453125,580.9789390311336,572.4604435757246,578.1075439453125,1665604
2021-11-16,583.850341796875,585.6689154092894,578.633962305281,579.8303769401107,1793708
2021-11-17,581.9360961914062,585.5731851088655,580.0696776202132,581.9360961914062,1022417
2021-11-18,582.6539916992188,583.8504064665683,575.6669411416354,581.936142838809,841689
2021-11-22,580.7874755859375,590.1673541053043,577.6767977124596,584.8074402138604,3998703
2021-11-23,585.3339233398438,587.2003419785251,573.5133693260068,581.4097064430774,1508700
2021-11-24,577.1025390625,585.3338478709256,576.1932523128219,583.8981503983854,1845329
2021-11-25,580.4046630859375,580.931073816194,568.5840520114392,577.4375198831341,1518710
2021-11-26,576.193359375,586.1475537350011,574.0876576736124,577.1504912012043,1952921
2021-11-29,572.3648681640625,576.1933957103104,563.9899641566452,574.2791319371864,1125420
2021-11-30,569.445556640625,576.6718898000248,566.6698511479717,569.4934015452527,5219689
2021-12-01,551.4036254882812,572.5562740435962,549.6807998730429,569.589130310811,3306382
2021-12-02,553.7485961914062,558.0078444234881,550.446479767941,552.2650535717884,1931467
2021-12-03,556.4285278320312,559.0127952794887,553.2700046934441,555.136423317646,1202147
2021-12-06,542.9808349609375,558.0078152544428,541.7365753585157,558.0078152544428,1525444
2021-12-07,547.8622436523438,550.0157901157277,542.8851468087857,545.5172591529217,889360
2021-12-08,549.4414672851562,552.1214244910853,547.9100798585355,550.7336301938852,1406874
2021-12-09,554.8970947265625,556.0456644330188,547.000758320363,550.8292850627628,1444157
2021-12-10,553.0307006835938,558.629956342885,550.8293093932135,557.050665624414,1258379
2021-12-13,554.0835571289062,558.1513667998098,549.4414333944305,557.9599287786192,1626598
2021-12-14,554.5621337890625,555.5192654950024,548.580060626938,553.2221260332733,1167762
2021-12-15,548.7236328125,553.2700087262574,547.287935155524,552.7914428405987,929113
2021-12-16,545.8043212890625,551.2121384579955,544.6079067312171,549.6328478741677,884563
2021-12-17,540.5401000976562,547.4793045699148,537.4772671296131,546.0436070928957,1884521
2021-12-20,534.2709350585938,539.4873145896844,526.8053193644662,537.908023892278,1332911
2021-12-21,535.1322631835938,540.5879250789928,533.1223101572941,535.0365733894567,641150
2021-12-22,539.8701171875,541.0186868973786,534.079482156103,536.089435334379,912026
2021-12-23,545.0386352539062,546.52217764258,538.5779965514764,541.7365193444839,926683
2021-12-24,539.5352172851562,549.2979735087815,538.0516746515584,549.2979735087815,418659
2021-12-27,537.3816528320312,540.205203283936,534.3188194336716,539.822327202133,571197
2021-12-28,538.3387451171875,541.018702237102,536.6637646149054,537.8601792593927,394545
2021-12-29,542.310791015625,545.8521899447152,536.9508769306705,539.2958612498438,1354842
2021-12-30,547.048583984375,548.0057156363182,537.6687054790681,542.3107706235204,917276
2021-12-31,555.1842041015625,556.3327737698556,547.2878679577323,548.4364376260254,1024258
2022-01-03,556.2371826171875,559.8264269554589,553.7486048247717,555.1364576526415,1161811
2022-01-04,549.4414672851562,558.0078080983623,546.0436612694951,558.0078080983623,3062561
2022-01-05,557.5292358398438,558.4863675751911,549.0586433494935,550.3507478247385,1001768
2022-01-06,557.5771484375,558.438590471373,549.7765588985717,557.5293035286609,1246823
2022-01-07,562.3148803710938,565.5212482363746,557.5770667165708,558.0556325722058,1492507
2022-01-10,563.8463134765625,565.904170190184,560.9270732041393,563.7506236651473,813368
2022-01-11,562.36279296875,565.473471404833,558.964986668459,565.0906537254525,815198
2022-01-12,557.5292358398438,565.090599916562,555.7106621752098,564.8034136610098,1287352
2022-01-13,555.8064575195312,559.7785195067511,552.7914689301115,557.5292831054754,1421440
2022-01-14,551.1165161132812,559.1564471457375,546.5701397551086,551.8822099214455,2009075
2022-01-17,545.1823120117188,553.652964457785,544.5123664103595,551.1165415313972,1486008
2022-01-18,539.7266235351562,546.8093635171787,538.4823055105848,545.1822278393199,1185072
2022-01-19,544.1773071289062,545.1822838978162,535.9938414125074,539.7266790326787,1103105
2022-01-20,535.8502197265625,544.6079991435345,532.4045685827612,544.560154236838,1007594
2022-01-21,527.9059448242188,534.7973043220372,524.4124493863428,531.3994986807741,2389963
2022-01-24,522.6896362304688,530.585973332983,517.8082875709348,528.3367370409538,2431761
2022-01-25,519.5311889648438,522.7376159139476,513.6448627706876,520.7754487638665,1847960
2022-01-27,506.37054443359375,518.7654123723531,504.4562809193046,517.8082806152086,2183776
2022-01-28,511.0605163574219,519.2439812444496,508.33265578262154,510.3905124398207,1426419
2022-01-31,513.740478515625,518.2868544316925,512.3526257627723,515.0325830400851,1749168
2022-02-01,523.024658203125,526.7574369892737,514.9368832051068,517.9518715950646,1500268
2022-02-02,533.5531005859375,538.6258871283761,521.6367987293914,526.9010233037247,1157446
2022-02-03,532.5960083007812,535.2281207829393,525.1303918533072,526.3746515247713,1798123
2022-02-04,544.60791015625,545.8043247216197,532.165198676406,535.9937252855888,2712529
2022-02-07,542.4066162109375,546.2829884134446,535.6109452109971,545.5651395456214,2481096
2022-02-08,538.1473999023438,545.4694821568875,537.1902680216815,542.4066484550294,820398
2022-02-09,546.043701171875,549.8243835298091,537.9080807337314,540.2052204602126,1381438
2022-02-10,540.3966674804688,546.6659283937015,536.3288567541072,546.0437692680732,2044201
2022-02-11,536.807373046875,539.5830787707779,531.7345859412828,537.9080980384517,1053326
2022-02-14,529.3895263671875,535.8980687416131,522.8331975095978,527.4752629438115,1256655
2022-02-15,538.3387451171875,539.7265977885294,527.2838854858627,528.8152728633328,1349136
2022-02-16,537.7645263671875,542.4066510619265,532.1653282058803,538.3388405495614,1053001
2022-02-17,530.6338500976562,540.8751127891392,529.4374354450359,538.0037176228503,1222505
2022-02-18,524.3167724609375,530.9210050481975,522.1153810714133,527.3796058118216,1383430
2022-02-21,529.8681030273438,531.1124210128575,518.4782704772209,522.0675144692378,1157096
2022-02-22,526.4703369140625,528.193162476895,518.956875622884,519.6268795691769,1465489
2022-02-23,519.9617309570312,527.3795007037721,517.4253089019658,526.4702140188236,940986
2022-02-24,510.8211669921875,516.4203637081981,503.8341177170481,509.19403152350816,3036292
2022-02-25,521.4932250976562,523.4553919745784,510.58195789595055,513.0226322424711,1284779
2022-02-28,539.2001953125,545.660835191953,504.36063160636814,519.5311478076814,7992990
2022-03-02,541.0187377929688,545.5651137408088,534.7495363275794,538.8173463861732,1871881
2022-03-03,538.7694091796875,546.2828689861832,535.9937041301141,542.0236216178423,2166986
2022-03-04,515.9418334960938,537.1423241128634,513.9797251861031,533.1223592712466,2103625
2022-03-07,484.2608337402344,504.40844594085155,480.48015154138045,497.70852350899963,3178030
2022-03-08,499.1921081542969,500.3885229751147,483.35158761040714,484.3087194670614,2161459
2022-03-09,505.4612731933594,510.1990872213048,494.35856783501436,497.70852908849463,2952144
2022-03-10,522.306884765625,523.5511445405749,508.7634451362658,515.8462444993565,1658773
2022-03-11,524.0774536132812,525.9917170241004,517.6646595033004,522.1153453009282,1238386
2022-03-14,517.4254150390625,524.8910896311546,509.4333880722893,522.9768260780412,3049209
2022-03-15,532.7875366210938,534.7974903987367,516.6598278101984,516.707672725152,2726150
2022-03-16,540.4923095703125,541.7365691584941,535.4195229916114,539.3437397894195,1685983
2022-03-17,536.2330932617188,546.2351322985756,531.8303103302138,541.9280391800077,1988370
2022-03-21,525.99169921875,536.9030236585332,523.64671493614,530.7295126838843,1119604
2022-03-22,511.10833740234375,525.4653131720725,508.52407008005576,525.4653131720725,2369464
2022-03-23,500.43634033203125,515.4154764314517,499.71849147906266,515.4154764314517,3708515
2022-03-24,501.2977294921875,508.0454963152192,497.3735128770011,498.56992750586073,2528645
2022-03-25,497.5170593261719,504.552012561151,495.5071060697118,503.45128770914204,1185395
2022-03-28,493.06646728515625,501.6806534353244,490.2429168077523,499.76638984639817,2529886
2022-03-29,493.68853759765625,500.5798977785356,491.6307394170817,493.8799756285361,2072288
2022-03-30,505.078369140625,506.89688417311737,496.03346361954317,496.0813085169575,3274773
2022-03-31,513.2139282226562,515.8938847715012,505.078310373755,508.1411428947227,2884367
2022-04-01,519.1961059570312,521.6367801252568,513.2618776920531,515.8939898853457,1488872
2022-04-04,521.3018798828125,522.5939844989873,511.68265815845496,519.6268991632645,2818537
2022-04-05,525.4174194335938,529.2937908473841,522.8809972492226,524.5081327022903,2471895
2022-04-06,518.2389526367188,525.4174401372218,515.5110923353191,525.4174401372218,1813477
2022-04-07,526.9489135742188,532.1652936943493,517.3297504348845,517.3297504348845,2078365
2022-04-08,533.0745239257812,534.0795005495302,526.6138848062305,526.9488575412521,974621
2022-04-11,528.7195434570312,534.6058680157997,525.7045554112791,534.6058680157997,1472046
2022-04-12,530.0116577148438,533.0266458169466,524.603840458272,528.3366773067155,1373926
2022-04-13,532.0696411132812,533.7924668318493,527.3796714839677,530.0596290927064,1405005
2022-04-18,538.5780639648438,539.6787304599671,525.6089400374049,526.422478682439,1332556
2022-04-19,525.46533203125,545.2779709882966,522.5939367742486,543.1244245455456,3225494
2022-04-20,526.7096557617188,532.4524469750074,519.1004457203727,526.422527884793,1341149
2022-04-21,537.7645263671875,538.8652514027169,527.188230718777,528.7675216969377,1293680
2022-04-22,535.8502197265625,540.4923440499135,530.2988669199094,534.0317043412688,1804787
2022-04-25,527.666748046875,535.8981165529826,522.1632402136607,531.7345581844681,1262104
2022-04-26,535.8980712890625,537.4294586675696,530.2509707957855,530.4424088227698,1950606
2022-04-27,535.8502197265625,537.1902276262017,526.1353669195919,531.3995918673766,1704589
2022-04-28,547.7186279296875,552.1214104835359,536.0416092372269,539.8222912229685,2316486
2022-04-29,532.8352661132812,550.4464555662969,530.3466884690804,550.3507657571182,3244210
2022-05-02,533.3138427734375,535.4673892916569,525.7046333919915,528.3367458031485,1089778
2022-05-04,514.9846801757812,540.7793902065372,509.48117310730765,533.888030541408,3409715
2022-05-05,506.37054443359375,520.1532651039499,501.15416467341856,517.3297147366362,3769187
2022-05-06,488.9028625488281,504.3127180290597,486.5579074004515,495.9856605234293,3569229
2022-05-09,482.92083740234375,491.3914888729641,480.5280079053361,488.9029111448628,1443702
2022-05-10,481.0065612792969,486.89294505612946,477.9437571284894,484.1172395444046,2305275
2022-05-11,485.36151123046875,488.0893425315317,473.0145176254571,481.0065442875527,1809222
2022-05-12,476.9866027832031,485.36150540833944,474.2587715148617,485.2657863936123,2176908
2022-05-13,479.3315734863281,490.48218185226773,476.9866182010981,480.4801432814953,2733902
2022-05-16,475.5030212402344,484.2607997430828,474.1630426898049,482.96866609435585,895516
2022-05-17,480.33660888671875,482.0594344760319,473.1102461324804,478.03949836451955,2052078
2022-05-18,487.9457702636719,493.1621501537911,480.4801540557072,482.633700562929,3035188
2022-05-19,471.00457763671875,481.29374477103016,468.3724651139879,477.6566263049222,2053355
2022-05-20,481.77227783203125,485.60080487675293,475.55092138435856,476.3644892232306,2149292
2022-05-23,484.59576416015625,491.1521513040591,482.3943729514555,483.35150464381957,1572782
2022-05-24,480.62371826171875,486.7972299364314,476.84306525021634,486.7972299364314,2089081
2022-05-25,473.2538146972656,483.3515431728825,472.29668292860646,483.2079792494523,1054477
2022-05-26,476.508056640625,480.00158175268916,467.3674307287015,475.98161664250847,2070365
2022-05-27,476.364501953125,479.8580271329224,474.4502383796093,479.7144632067775,1089096
2022-05-30,488.23291015625,488.6157570133145,478.56587366632175,479.90585227071887,1594338
2022-05-31,496.7513122558594,503.6905165214759,482.4900569173567,487.9456896419621,5516299
2022-06-01,495.363525390625,504.4084321093399,493.3057271799104,497.08635085640736,1596876
2022-06-02,499.3356018066406,502.4462797209581,490.0992578628102,495.36348202550136,1883760
2022-06-03,491.9178466796875,500.5320319408288,490.67358715903697,499.1441792983528,2117973
2022-06-06,486.7972412109375,491.15220844344407,483.6865628488662,487.18008809055425,3537326
2022-06-07,479.76226806640625,486.1271880751945,475.4073304839042,486.1271880751945,1213684
2022-06-08,473.5887756347656,479.5708490396578,470.4780974642217,476.65160890180755,1415492
2022-06-09,476.31658935546875,477.1301571503517,467.7502780816843,473.78019616735025,1191289
2022-06-10,480.71942138671875,483.112250761466,469.9516892003562,475.2159138248001,1775867
2022-06-13,476.4601745605469,485.07436033033105,473.2059324449415,479.2837249132689,2658015
2022-06-14,474.40234375,482.01155280941623,470.95666362480506,477.9915877951317,1325521
2022-06-15,475.02447509765625,479.52300599935137,472.1052349484632,477.1301766280971,1213910
2022-06-16,475.6944274902344,480.3365218096227,471.5787731011171,476.9386869448029,1778349
2022-06-17,463.8260498046875,473.73236921447847,461.57678436044046,471.86595062664003,4334329
2022-06-20,479.3315734863281,481.5329940588413,463.8260565076308,465.64460100885947,3139895
2022-06-21,484.2129821777344,488.56794948687417,476.55592761328126,480.1451719403687,1819682
2022-06-22,477.5609130859375,490.43434720450733,473.92379479807374,483.8301145581964,1766236
2022-06-23,483.4951171875,487.18008041561666,477.6566074349529,478.56589431789456,1065402
2022-06-24,487.8979187011719,492.63573263615166,484.6436765320862,485.26580633937056,1581131
2022-06-27,493.59283447265625,496.7513574315479,490.2907183898081,495.3156598667168,664059
2022-06-28,490.14715576171875,493.59286518290776,485.69652808504435,493.59286518290776,1358007
2022-06-29,479.7144775390625,490.91293146243993,476.7473630695967,485.26583038437656,1698999
2022-06-30,474.689453125,481.34150056162366,473.78016637448474,476.3644335111724,1706703
2022-07-01,489.33355712890625,490.7214097081668,470.95661772512136,470.95661772512136,1704654
2022-07-04,502.4941711425781,504.31274484371147,489.33360951741537,490.00361342934275,2119912
2022-07-05,507.949951171875,509.95990495330244,503.4514192024855,505.3656831538257,1891633
2022-07-06,519.6746826171875,521.397508041251,498.7613193407334,507.85407074301315,2355807
2022-07-07,520.2489013671875,528.6238033802416,515.032522143892,518.861048778431,1624706
2022-07-08,520.5840454101562,524.9389837177657,517.4254635166418,521.6368670955325,759628
2022-07-11,522.0197143554688,523.5511018893144,515.9897371965633,515.9897371965633,767902
2022-07-12,520.1531982421875,521.6367405913261,515.9417956846208,515.9417956846208,383407
2022-07-13,521.9240112304688,524.6518721854184,516.8990687762241,518.765487657254,1655868
2022-07-14,525.7046508789062,528.3367633776172,520.7275537430603,522.4982826570434,1608306
2022-07-15,524.8432006835938,531.2081505395158,520.1054449948142,526.6617744763398,848018
2022-07-18,526.51806640625,529.8680269847049,518.9089169701293,526.4223766143361,1156564
2022-07-19,525.8960571289062,529.6767392640193,521.7324989223818,528.0017586842959,986838
2022-07-20,534.3187866210938,535.9937671434169,526.613887902144,528.3367133270824,2544134
2022-07-21,550.092041015625,552.6407318672856,536.6751505122973,536.867518937589,3414847
2022-07-22,554.2758178710938,555.8147066886639,545.9082897022869,552.7850651904836,2036934
2022-07-25,546.1969604492188,553.7950160923237,542.5902717476329,548.2166826410606,1440874
2022-07-26,536.9156494140625,546.3891935939753,534.992082376305,543.9847347967784,1549359
2022-07-27,546.0525512695312,547.4952264380108,534.6554409195835,534.6554409195835,1151735
2022-07-28,550.8134765625,555.814762996709,546.3411593649855,546.7739737232307,1914336
2022-07-29,561.7777099609375,562.8837844494411,549.2264472254822,551.294305198735,2161611
2022-08-01,558.603759765625,563.1722306930599,554.4681030876244,561.7776330904813,993023
2022-08-02,556.1513061523438,567.9331539696653,553.0255097926462,558.603842324816,1291098
2022-08-03,548.0242919921875,557.2093137733345,543.9847890693599,555.9109293743533,1793491
2022-08-04,551.9675903320312,553.9873122602703,544.5618454241414,550.1401781473518,2687696
2022-08-05,557.0169067382812,560.2869352360921,551.1019150589633,551.9675436421912,1455945
2022-08-08,564.0859985351562,565.0477819938692,555.4780248391545,557.834406053522,1395495
2022-08-10,562.5953369140625,568.8469304068875,558.7482024569393,566.4424713711855,1222405
2022-08-11,560.4312133789062,567.4522206395189,558.7961698162043,565.5286537898935,1222897
2022-08-12,559.3732299804688,564.1340697894806,551.3423616692066,559.757966840782,1418557
2022-08-16,557.44970703125,565.4325572425632,555.5261399832435,559.9984568509017,1076292
2022-08-17,562.5953369140625,563.6051979685346,554.1797302891057,557.83449628285,1524111
2022-08-18,571.87646484375,573.2710627061535,561.3449821267977,563.3647040636523,1777307
2022-08-19,564.7592163085938,578.9935986886588,563.6531419330491,574.9540967247298,2461951
2022-08-22,561.8739624023438,569.2797074877749,559.1328440596104,562.1624857272079,1333644
2022-08-23,565.6248779296875,569.327779790313,556.8726711729523,557.0650396219967,1186601
2022-08-24,564.6630249023438,566.0095451773492,557.0649710722462,562.6433031924372,1383496
2022-08-25,557.5458984375,567.0194422912263,555.9108547711813,566.0095813716958,1563845
2022-08-26,550.14013671875,560.2869404369405,546.1006344638608,558.8442652532375,2359504
2022-08-29,551.1500244140625,558.6038465590726,542.3016044497873,543.3596015241912,2612374
2022-08-30,561.2968139648438,563.6051177917907,553.0735769730784,553.0735769730784,1784269
2022-09-01,547.8318481445312,552.5926881233714,543.4557450397286,543.4557450397286,3042496
2022-09-02,548.8898315429688,550.6210300278632,544.8503292764794,549.4188007046582,1659835
2022-09-05,548.3128051757812,552.1118621245031,546.341160542428,550.2845085117466,686752
2022-09-06,549.1782836914062,551.1018503593272,546.6776705041475,549.7072527845653,562408
2022-09-07,550.4766845703125,552.7369106958996,547.3028112115582,548.1684397196719,485140
2022-09-08,548.601318359375,551.9675605264055,545.5716769280057,551.919424390507,853719
2022-09-09,552.9293212890625,555.766535465498,547.7356672493795,555.766535465498,965576
2022-09-12,548.601318359375,556.4878959029054,546.8219837066674,552.9293440026998,835551
2022-09-13,549.1782836914062,551.96747884093,548.0241319501345,551.0537729331483,827907
2022-09-14,545.3311767578125,549.1783102799135,543.407609996762,545.7159135910622,867842
2022-09-15,541.9169311523438,548.072310402757,538.7911347407927,548.072310402757,1225198
2022-09-16,525.5184936523438,541.3397842347676,523.2101899216485,538.8391707786831,1946975
2022-09-19,527.2017211914062,529.7504125938137,519.6516844610785,528.1635048230953,685828
2022-09-20,535.5210571289062,539.1277453621325,527.4901881439657,529.7503559557443,812820
2022-09-21,540.0413818359375,546.96623409154,533.5012664233242,535.5209880925164,1660482
2022-09-22,553.6506958007812,557.8344305488552,537.5408221599307,540.4261726627697,2626545
2022-09-23,546.822021484375,554.8048131485963,545.8602379416349,553.6987972960104,1156625
2022-09-26,534.9440307617188,545.1389130728801,533.88603361832,542.9749000509497,1442609
2022-09-27,539.0795288085938,543.8403677883675,535.7613647498064,537.6368538876073,1734629
2022-09-28,542.4938354492188,546.7737826918988,534.7034145330621,536.7231358957423,1551538
2022-09-29,553.7468872070312,556.0551912426508,542.3497754498585,545.235126143078,2309452
2022-09-30,551.0538940429688,553.7468762293985,546.3892086265053,553.7468762293985,1598546
2022-10-03,535.8577270507812,555.7665995249205,533.7898689423034,549.7554523521468,1606325
2022-10-04,532.6357421875,546.4854494109852,531.0969119193848,546.4854494109852,2948474
2022-10-06,525.5184936523438,536.1942663259541,523.6910816403265,536.1942663259541,2675443
2022-10-07,519.5075073242188,523.691243085451,513.8329598134109,517.3434939230392,3803118
2022-10-10,508.87957763671875,517.2471050259338,506.4270416871041,513.5923398164492,3601832
2022-10-11,499.1175231933594,511.42833936804533,497.24203376263176,511.42833936804533,6628877
2022-10-12,513.2076416015625,518.2570048730836,499.1175488368808,499.1175488368808,3197008
2022-10-13,509.74530029296875,517.968538208116,509.0239626038749,514.5542182202609,2075101
2022-10-14,511.04364013671875,514.5541733988939,506.8599053854525,514.5541733988939,1518166
2022-10-17,509.6971740722656,514.0732772267523,506.85990102618985,511.0436357414738,757924
2022-10-18,511.04364013671875,513.1114981463737,508.4949490788301,511.23600857757606,1247608
2022-10-19,505.9942321777344,515.5159114866058,504.98437133045434,512.197746957599,2677154
2022-10-20,515.4678955078125,516.958648241289,502.05100350130766,504.93635409614274,2273116
2022-10-21,517.3914184570312,519.3630627882065,512.1016094841884,515.5159289897754,1238126
2022-10-24,516.3334350585938,520.3248599607765,514.0732673734474,519.6996772210017,164839
2022-10-25,511.8132019042969,517.4396128755213,510.4666812893735,515.5160455414116,1231137
2022-10-27,528.0671997070312,530.2312125032374,515.5159372295564,520.8057462869492,5098267
2022-10-28,529.99072265625,533.0684412293072,525.3741741479639,531.3853203052633,2012341
2022-10-31,533.5013427734375,537.1561084944717,529.1733168321213,532.2028997694773,1517302
2022-11-01,542.2534790039062,543.4076308453369,533.6455056774289,535.6172086452318,1354247
2022-11-02,540.7627563476562,544.7541812317088,537.1560683328876,544.3213669294156,936356
2022-11-03,537.0433349609375,543.5160170321639,535.6908007869242,543.1779129710517,807402
2022-11-04,538.589111328125,541.3907643720709,535.352769850455,538.4925270016953,620438
2022-11-07,534.8213500976562,544.144036718337,529.0732267972727,538.5890820603158,1295002
2022-11-09,535.352783203125,541.3424267461281,530.3774520073038,536.1739268926294,883098
2022-11-10,535.1112670898438,536.9950742686738,529.4113764942263,532.3096139567859,927378
2022-11-11,534.33837890625,540.5213093371324,531.5367846210022,537.8162993854193,1331351
2022-11-14,534.43505859375,548.733019853306,531.6334051529457,536.6087369294365,2173335
2022-11-15,532.0680541992188,537.1399693776951,523.6148622350913,536.367117905361,1939642
2022-11-16,531.391845703125,532.3096327249199,525.740306037789,530.4257665148765,2344384
2022-11-17,533.1790771484375,535.0145920536172,527.1410827930004,529.6528648589467,2201076
2022-11-18,529.8943481445312,533.2273325921802,524.5809134776307,533.1790404336199,1143913
2022-11-21,532.1162719726562,533.2272863471128,525.7401745112677,528.8799310875897,1022010
2022-11-22,527.9139404296875,530.2808460375597,522.2140501058145,529.8460986459442,1710541
2022-11-23,532.696044921875,533.7587083571227,525.5470359208593,527.5757784662557,1450395
2022-11-24,534.8213500976562,538.1060425248357,531.8265285635944,534.2417262409949,1285517
2022-11-25,537.6712646484375,538.5890515067421,529.121488941374,536.173853966353,815285
2022-11-28,539.6517333984375,543.8059204826053,536.7534962502938,537.6712831401632,1384789
2022-11-29,572.9814453125,578.0050680281878,539.168679486426,540.8593177777298,11072058
2022-11-30,568.3926391601562,578.5848212720268,565.8325648147562,575.2518364418052,6800183
2022-12-01,566.895263671875,571.5324320463175,566.2189964378366,569.5036893089973,2181957
2022-12-02,571.09765625,572.8365867539139,556.9445745256625,565.059662163642,3556471
2022-12-05,567.1849975585938,572.4018481146675,563.0791615172649,570.9527295118455,3137533
2022-12-06,572.4984741210938,573.8993006654445,562.4029942915122,566.0257910623548,1040850
2022-12-07,581.8211059570312,590.032777855138,578.0533740884563,580.6135071484862,6182504
2022-12-08,583.8982543945312,586.4100365665605,578.4881758446966,584.9609178600534,1825451
2022-12-09,578.4398193359375,588.8734610692071,573.8509439424582,586.2167437361402,1253564
2022-12-12,582.0143432617188,583.3185264107743,570.2764590610718,579.6474377645561,1989220
2022-12-13,574.044189453125,584.3328960669842,572.8848827877473,582.738900996278,1713097
2022-12-14,567.1849975585938,577.8602184378782,565.4943591886348,575.7831248545854,1470878
2022-12-15,566.9917602539062,569.9865814178168,562.5477616978825,565.7841615644617,993549
2022-12-16,560.0843505859375,568.006210890848,559.3597912708199,565.156265791761,1749583
2022-12-19,569.0689086914062,569.7934680503117,554.5777215132966,558.3937459298238,2060993
2022-12-20,559.8428344726562,562.6444874286677,550.2303357029895,556.5581419700765,8300358
2022-12-21,557.669189453125,566.7020059215811,555.1574072485209,562.5961695332298,2308329
2022-12-22,558.1521606445312,563.3206598789519,554.964111632422,557.8140565693018,818353
2022-12-23,546.6558227539062,555.9785094434341,543.8542288063045,552.8870446005739,1890316
2022-12-26,546.8973388671875,548.2981653140171,538.3475626691244,541.2457998840322,2149944
2022-12-27,554.0463256835938,557.7174142177469,546.9456683736499,548.7328909996186,756651
2022-12-28,549.843994140625,555.4955338117485,548.7329794870838,555.4955338117485,1041815
2022-12-29,541.922119140625,550.6168316214682,540.7628123502207,549.2160050399294,1761390
2022-12-30,542.405029296875,548.9743542552358,541.1007873570846,544.3854793186543,699061
2023-01-02,542.501708984375,544.3372828676407,539.168724283071,542.4051246599038,564453
2023-01-03,541.825439453125,549.0710327005045,538.3475782802983,545.1584241398773,904153
2023-01-04,540.8593139648438,545.351604978838,538.8788637733778,543.4194469452549,1223101
2023-01-05,553.32177734375,554.6743116032239,541.970348476375,542.0669327957148,2641778
2023-01-06,534.0968017578125,554.4811059523727,529.8943812987875,553.7082544726976,2789534
2023-01-09,530.9087524414062,537.1399743686768,527.1893715285456,537.1399743686768,3024289
2023-01-10,535.7874145507812,536.3670973564142,528.9282769200157,531.5367021334004,1156889
2023-01-11,529.74951171875,536.367189692388,526.6097542832797,535.7875067869622,1862522
2023-01-12,526.46484375,530.6672644599143,523.5183141401343,529.218145737214,1973109
2023-01-13,525.2572631835938,531.2469659065175,520.2819318090764,526.9961939186893,3143762
2023-01-16,534.2900390625,535.0145983937388,524.6292479793166,526.7063416481168,1120373
2023-01-17,537.6712646484375,540.2796897850143,531.3917510434261,534.289988091893,1228285
2023-01-18,538.6857299804688,540.9560514441389,535.2078685003193,537.5747742965738,676706
2023-01-19,536.1255493164062,541.7770878433182,533.0823769005107,537.6229599635999,1182667
2023-01-20,546.80078125,549.2159790470406,532.4061787937218,535.2561239871877,2511076
2023-01-23,545.2550659179688,548.7329270811592,541.5839181776371,548.7329270811592,704349
2023-01-24,547.7186279296875,550.1821181583327,542.2119645590241,546.4627367312406,611251
2023-01-25,544.1923828125,548.2016349402469,541.632308399605,546.4627042331348,854326
2023-01-27,542.9847412109375,548.2498840489467,537.3814942770513,545.2067113269007,1373950
2023-01-30,539.1204223632812,544.5787927872625,532.9375515893005,543.9025256338365,2094290
2023-01-31,538.8306274414062,540.7144935122858,534.676499031768,540.4246815701789,2302382
2023-02-01,542.88818359375,549.4575099416325,534.8213874095784,541.0043174809919,2239694
2023-02-02,535.642578125,541.9220923844613,527.9622373531625,538.5891076384046,1698846
2023-02-03,515.5963745117188,542.9846905980502,510.3312321644859,542.9363984409675,4206140
2023-02-06,526.2232666015625,527.9139049270905,512.2634126349606,515.5963971268155,2259398
2023-02-07,517.4802856445312,527.3825962691944,514.9201524824837,525.981769802504,2293797
2023-02-08,515.8380126953125,518.7845425312552,511.2491363880062,517.4803591666761,1629050
2023-02-09,515.1616821289062,518.4463746679176,512.6499000448075,515.8379492945602,1095213
2023-02-10,514.3404541015625,515.837864673932,512.3116529374153,515.1615976192163,913857
2023-02-13,516.3209838867188,517.3353551430612,511.05584102834615,513.9540783120608,1379183
2023-02-14,512.02197265625,520.0887103376524,511.58722522613016,516.8523686247053,1728878
2023-02-15,516.7073364257812,518.3013903828628,506.22540272249785,511.8286492039505,1530576
2023-02-16,517.4320068359375,520.6684076030027,514.9202244489344,517.6735266410261,1400865
2023-02-17,516.3692626953125,518.4463562808436,512.5049464169566,515.7896388394739,1510520
2023-02-20,516.852294921875,518.0598937417859,511.6837955585707,516.8040027620358,1462577
2023-02-21,516.9972534179688,519.65397094023,514.5820556704584,518.1082090029502,2460231
2023-02-22,515.1134033203125,517.3353735238152,511.63548307741246,517.3353735238152,922754
2023-02-23,521.4412231445312,524.6775647231057,512.0702435618517,512.9880305507107,2803998
2023-02-24,516.7557373046875,522.8903160409146,515.8862425235075,522.5522119397831,1375098
2023-02-27,508.350830078125,515.934527365525,505.5491771249976,515.8862352038757,1746670
2023-02-28,514.5337524414062,516.8523660807704,504.53485642183614,508.6406929748142,2330523
2023-03-01,509.3651428222656,518.2530812419926,508.1575440958022,517.625106318319,1767693
2023-03-02,512.1184692382812,512.7947363509456,507.6262371362379,510.9592215763245,1215381
2023-03-03,516.6591186523438,518.5429847915407,511.9253661868248,513.5193614086129,970153
2023-03-06,518.7844848632812,520.8132274192888,515.0167527280789,517.9149900736838,1070128
2023-03-08,513.8091430664062,519.2192213770327,512.2634401003921,519.2192213770327,1455390
2023-03-09,508.78558349609375,515.0650976694843,508.1576084928391,512.9880040108319,1585845
2023-03-10,511.9736328125,512.9880040784544,506.27374251460157,507.191529456099,909401
2023-03-13,505.79071044921875,511.8769970998205,502.36114137318674,509.6067347583769,1409053
2023-03-14,508.6407165527344,510.6211671888977,504.38994433845465,504.92133508883734,838398
2023-03-15,504.1483459472656,511.152419299983,501.008588927082,508.3991174989679,3297110
2023-03-16,516.3692626953125,519.5090196714767,502.8441557210667,502.8441557210667,2094724
2023-03-17,517.9634399414062,520.9582621835228,514.2922914319718,517.9150888045971,1400977
2023-03-20,518.881103515625,519.6540140307502,511.0558857507279,513.9541232880666,870716
2023-03-21,514.243896484375,521.5377819438949,513.1329408910168,519.7022670208204,1645563
2023-03-22,521.8277587890625,523.6149819126224,513.1813372394271,514.099124369688,784791
2023-03-23,521.1031494140625,525.981837631174,518.3980804544641,522.6005603964716,1927951
2023-03-24,518.204833984375,521.682695032007,516.8522997076366,518.0116063784428,639799
2023-03-27,523.08349609375,527.4791438327327,516.0794232131872,516.0794232131872,1319154
2023-03-28,515.6930541992188,524.3394746482846,513.9541234691616,520.7166777253346,1173081
2023-03-29,517.4802856445312,519.2675083664822,511.2490637511759,514.9201524824837,1804819
2023-03-31,526.4165649414062,529.4113867917195,518.7362237232758,518.7362237232758,1361128
2023-04-03,529.02490234375,531.2952236538415,524.629254142223,528.9283180176993,2436530
2023-04-05,529.4595947265625,536.2221478615622,523.4698930140345,536.1738557035548,1737173
2023-04-06,508.06097412109375,529.4595887790259,507.1914794275903,529.2180690269176,3766812
2023-04-10,505.45263671875,510.089804970982,503.52047836658716,509.9932206392913,1618940
2023-04-11,504.1483459472656,508.78557271813634,502.07131129740145,505.93562762993514,3509174
2023-04-12,500.09088134765625,504.2933019446119,497.9654954851998,504.2933019446119,2122535
2023-04-13,509.2686462402344,509.89656230729565,496.75790948593027,501.3950776014244,8617033
2023-04-17,506.3220520019531,511.9736503310072,503.85856199611516,511.9736503310072,1555572
2023-04-18,503.2305908203125,507.04655582083245,501.6365368332914,506.85338718646534,2893384
2023-04-19,502.4094543457031,503.037429384346,499.89767212071627,502.3611621807596,1138035
2023-04-20,507.4813232421875,508.39911015085664,501.2018092925807,502.4094081290435,2688238
2023-04-21,507.33642578125,510.42783150292917,505.93559939592285,507.5779455385552,1242615
2023-04-24,507.0466613769531,509.6067949279126,503.0857601112995,508.54413135853144,2399145
2023-04-25,508.5440979003906,510.7660681950523,502.55439526254276,504.7763655572044,965836
2023-04-26,515.5481567382812,516.8040478275456,508.15762773005497,508.35085535104747,2552760
2023-04-27,512.4083862304688,516.7073911207943,510.1380649311298,516.5142224696078,1298338
2023-04-28,514.8236083984375,516.6108312600776,510.8143562950276,512.9880344069213,2032847
2023-05-02,518.2531127929688,518.9293799139153,514.0023414311203,516.8522863920333,1099379
2023-05-03,519.7022705078125,523.1318395651896,517.7701122822716,520.6200574579024,2882258
2023-05-04,512.4083862304688,522.5038658113435,510.28300038430945,521.1030982662926,4124229
2023-05-05,487.86993408203125,509.12367378461477,486.56572143107576,499.94592254940824,6512813
2023-05-08,496.46807861328125,497.5307420492182,488.8843222148224,490.7681882737919,2707182
2023-05-09,500.3323974609375,501.0569567975011,497.0959970454131,498.35188810249866,1447224
2023-05-10,496.8544616699219,501.3467530015154,491.8308681168792,501.3467530015154,2751302
2023-05-11,502.5543212890625,503.3271727171685,495.06720883501634,497.1442433627521,1959951
2023-05-12,500.7670593261719,504.6797267078863,499.6078116209982,503.23060811163253,1542764
2023-05-15,514.9684448242188,515.8379395872382,496.226545941065,500.42896637782076,3666778
2023-05-16,512.7464599609375,517.6734395701258,512.0219006675401,516.8522959568564,1530503
2023-05-17,506.1770935058594,512.4083147215625,501.97461456281235,512.0218595435416,2511945
2023-05-18,505.6941223144531,509.5584387574486,504.2932958109094,509.5584387574486,1579098
2023-05-19,501.49169921875,508.061085082692,499.4629564438713,508.01273394988374,1402249
2023-05-22,504.5348205566406,507.38476575437045,497.91720216876445,501.29847908968014,1305271
2023-05-23,507.9161071777344,508.6406665317682,502.3611521301415,505.2593895462769,1500934
2023-05-24,508.83392333984375,510.5728540963141,504.534859133018,508.93050767333864,2304274
2023-05-25,512.1668090820312,515.4514423265449,507.7228102715248,508.8338247153472,2297300
2023-05-26,523.7114868164062,525.257248844689,510.5728338823608,511.58720520307594,2184804
2023-05-29,529.74951171875,531.3435660026763,524.0013875856484,527.4309569914338,2215580
2023-05-30,531.2469482421875,534.1451856925763,528.1554831688144,531.3435325712837,2023557
2023-05-31,536.5604248046875,539.0722072021481,527.5275486778884,529.8944545705704,4905059
2023-06-01,538.0094604492188,544.772013974166,534.4832482395814,536.6086339975222,1385234
2023-06-02,538.29931640625,541.0043262445141,536.9950741694638,538.589128359494,1166828
2023-06-05,533.5172119140625,543.9025628023852,532.8409447144227,539.6034987812374,1570130
2023-06-06,528.9282836914062,535.5459016457404,523.180101509474,534.7730501931212,2685928
2023-06-07,537.6229858398438,539.2653320010446,527.6723835193229,530.3291008797175,2718117
2023-06-08,533.3722534179688,541.0043019782202,532.5994019223863,540.0382228675447,1650679
2023-06-09,531.2952270507812,537.6230335321004,528.0588266003301,536.8018898610493,2146305
2023-06-12,534.8213500976562,536.8501515255449,528.1071477263124,530.3774099571541,1007065
2023-06-13,541.4390869140625,543.805992692295,532.5994388525306,534.8214091681963,2644392
2023-06-14,543.274658203125,544.3856729583476,538.8307171118339,541.9704747642112,1577846
2023-06-15,549.747314453125,551.1481409777531,542.5017210134525,543.2745725207261,2246105
2023-06-16,551.5345458984375,553.5632882905518,546.0761757525905,553.5632882905518,2022971
2023-06-19,549.843994140625,553.5633754332729,547.4287961675304,551.7278013878033,1114637
2023-06-20,552.6939086914062,553.4668192539482,543.9991955459842,548.1050323091002,1068183
2023-06-21,547.8634033203125,555.9784908914362,545.6414333077956,552.5972142309323,1632121
2023-06-22,543.564453125,549.7473242582555,541.0526119755722,547.8634581373825,1815315
2023-06-23,544.2406616210938,546.5592751502016,537.140003505987,541.0043200779725,1536193
2023-06-26,550.2303466796875,550.6650940732295,541.149238401915,541.149238401915,825926
2023-06-27,551.2447509765625,552.3074734427478,544.9169442041789,549.6990478900298,1900084
2023-06-28,554.6260375976562,556.3650273058623,549.4092453674206,551.6312157042688,2195767
2023-06-30,553.5150756835938,558.3937637294478,549.9888631052672,553.5633678494352,1993618
2023-07-03,562.4995727539062,564.0452757740978,553.6599251393112,555.4472069064976,1375594
2023-07-04,559.98779296875,566.2189562040928,557.8141149197353,564.1902136109288,730709
2023-07-05,572.353515625,575.638148847749,557.0411280885847,559.5529688686921,1607408
2023-07-06,571.8705444335938,576.8458165014624,566.8952134009353,572.35358399153,1116191
2023-07-07,552.7904663085938,576.0246565972528,551.2930555141706,575.7831368250946,3008774
2023-07-10,553.2735595703125,556.606544542653,546.8008172550763,552.8388121452605,1999303
2023-07-11,561.919921875,562.6444811868143,553.5633142261595,556.2200317028121,1212325
2023-07-12,563.610595703125,565.9774424320241,559.2148884299321,564.1419274389025,1388783
2023-07-13,558.1039428710938,565.8325761558871,556.9446360854163,564.19022978991,793507
2023-07-14,566.6054077148438,568.0545264046515,557.234428394462,558.055631030894,1133717
2023-07-17,562.4995727539062,574.5755618641232,561.195389515919,568.6825027642536,1721733
2023-07-18,557.4276123046875,562.4512351617424,553.6115882611176,562.4512351617424,1492660
2023-07-19,555.060791015625,561.3403057980735,554.1913551169321,557.4276968419683,607767
2023-07-20,558.8767700195312,560.3258886971964,550.7133896757261,555.0607457087217,1538931
2023-07-21,548.5882568359375,560.2840842518393,547.4720327117274,555.1883866471236,3010552
2023-07-24,548.6853637695312,555.1399385855534,542.8131900128215,548.5883265469544,2410138
2023-07-25,551.6456298828125,552.8588911953385,546.5499323702032,550.2868127575484,594176
2023-07-26,558.1002807617188,559.1194085565921,551.500150159228,553.6840208230783,1273253
2023-07-27,556.935546875,561.9342079493888,555.1884621639995,559.8473744737622,2005022
2023-07-28,564.6033325195312,565.7194974540006,553.2471940564329,555.4310645592873,1812535
2023-07-31,558.6825561523438,562.9047411452375,555.7707289467382,558.1002144077331,1156926
2023-08-01,552.033935546875,561.3032407702194,550.8206741500687,558.8767179766069,1334010
2023-08-02,549.0250854492188,552.1795651640535,545.2396860949048,551.4030304566081,1868482
2023-08-03,538.736572265625,545.4823173984342,529.6128822168952,540.3866195935557,5441318
2023-08-04,552.9559936523438,576.2991297106856,547.2293764984978,547.4235101588661,7508691
2023-08-07,548.6853637695312,551.1118867467902,541.6969657467688,549.413320662709,1988682
2023-08-08,545.8705444335938,550.4323595005039,542.1336641078234,548.2970670186626,1956590
2023-08-09,555.3340454101562,556.1105208770638,544.5117297585498,545.7735097974346,1130663
2023-08-10,554.7515869140625,562.4194220535297,552.276545701616,555.6251587496434,1310628
2023-08-11,546.5985717773438,554.9457868511323,545.4823475475931,554.7031345612979,1198557
2023-08-14,548.2485961914062,551.0633866360395,539.6587282600403,546.4529928244654,1300882
2023-08-16,548.7338256835938,549.7044347742104,543.0557861999976,545.5793461390897,641032
2023-08-17,544.705810546875,548.7338025584166,540.0468989565103,547.1808517753867,2172788
2023-08-18,548.8794555664062,551.2574597508915,541.8910580769866,544.4146773255077,1108955
2023-08-21,551.0632934570312,551.8397688562717,545.53080997037,546.9382049547108,1138890
2023-08-22,557.857666015625,560.9636274615336,548.6368781475982,549.3648350845476,1750504
2023-08-23,550.6265258789062,558.8767031584424,549.1220936350111,558.7311473394525,1933561
2023-08-24,548.297119140625,554.1692925064546,547.4720658385064,554.1692925064546,740364
2023-08-25,541.6484375,551.9369302853241,540.6778283263627,544.7543987038956,2083408
2023-08-28,537.8631591796875,543.3955847132175,535.4851545822935,541.7455963211341,1481763
2023-08-29,533.9806518554688,537.6204361971867,530.0496373733881,537.2806874471906,2642866
2023-08-30,538.5910034179688,539.513034653052,535.7762133830327,537.6689129416085,845829
2023-08-31,536.8439331054688,541.0661187353757,530.437935983156,538.5910770854496,4736298
2023-09-01,537.0865478515625,539.6101671787924,534.2232982606407,535.2909446259389,924117
2023-09-04,541.5028076171875,543.5410629065774,534.8541001422262,537.8630237137952,944485
2023-09-05,543.3954467773438,546.3558517392571,541.5998437517375,543.5410618297008,992447
2023-09-06,545.0455322265625,546.4529272800688,542.2793199679261,543.2984476820933,635877
2023-09-07,549.3648071289062,552.0339824285608,545.0455843412084,545.0455843412084,1352944
2023-09-08,550.432373046875,552.1795167441417,546.9867227395332,549.3647267796791,695069
2023-09-11,552.9559936523438,554.460425847965,550.286818735789,550.5779896057035,690033
2023-09-12,549.0735473632812,556.1104629236205,545.1425925881742,554.217763441895,1086960
2023-09-13,548.8794555664062,550.044198354856,543.735239095472,547.0352745479208,1206619
2023-09-14,550.7721557617188,552.664855389746,546.5985484032993,547.5205796722158,998731
2023-09-15,548.8794555664062,552.4707211469268,544.0264099822648,551.3544969660626,2463912
2023-09-18,549.0250854492188,559.6532081723299,546.6955998094438,554.217820667896,1469701
2023-09-20,544.6573486328125,548.7824375234464,537.9601217962119,548.394170166639,2487342
2023-09-21,543.6867065429688,544.8999679078854,537.2806509914421,543.2984392096844,2150267
2023-09-22,544.8029174804688,548.2971460513979,541.1631330782192,543.0073142052054,956641
2023-09-25,538.0086669921875,546.4529788691506,536.5527531941348,544.8029313831006,1426546
2023-09-26,539.1248779296875,541.5514008664119,536.7953922139191,537.9601350718033,1290222
2023-09-27,544.51171875,545.5308464822922,537.4262839906356,538.7365826119714,1375349
2023-09-28,531.1658935546875,545.3367644144063,529.5158460389239,544.5117702771671,2182058
2023-09-29,535.3880004882812,536.6498398164786,530.6805696574263,532.767403092876,838408
2023-10-03,537.3291625976562,539.1733435448153,530.0495945029918,538.882172669284,1924677
2023-10-04,539.0277099609375,540.8233722406736,534.4173169927681,535.7761933535805,1096308
2023-10-05,534.56298828125,541.5999046045165,531.3599899409849,539.0277666657067,1509964
2023-10-06,531.0687866210938,535.6791797927866,529.7584288064778,534.805607916376,1061490
2023-10-09,525.8274536132812,529.1760666889767,524.2259249819084,527.1863299817961,1076708
2023-10-10,527.86572265625,529.3702141181262,525.8274672917313,528.9334281853646,814992
2023-10-11,527.7686767578125,530.6319853351445,527.1377571718446,528.4481149485605,1039964
2023-10-12,525.0995483398438,530.146727750701,522.9641963689486,529.4187708907104,903301
2023-10-13,523.0127563476562,526.5069850967683,520.7318483691147,525.97316187214,1607850
2023-10-16,521.1685791015625,523.1097973425656,518.839093515847,522.1877068298332,1807237
2023-10-17,524.37158203125,527.0407571364531,520.2464932322998,521.3141395778691,2040439
2023-10-18,518.3052978515625,524.9054283729513,517.6743781932452,522.3333496119031,1251181
2023-10-19,510.20074462890625,512.8213420499524,505.2020836018462,509.56982495863446,4093512
2023-10-20,509.375732421875,510.78312770990345,500.83438270462744,507.6286475862793,7600488
2023-10-23,506.0270690917969,510.5404254467268,503.40647171541957,509.3756825898466,1535943
2023-10-25,502.6784973144531,509.5697985121046,501.1254871456479,502.09609628567097,2014418
2023-10-26,493.5062255859375,502.6784937422299,489.2840699327134,502.6784937422299,2400780
2023-10-27,509.1330261230469,510.3948061904566,494.08858405164244,495.8842169326802,2125985
2023-10-30,508.06536865234375,509.2786300832447,506.3668026490824,509.08449640604437,1711768
2023-10-31,513.355224609375,515.4419988244132,506.90064979531473,509.1815576967314,1687120
2023-11-01,501.9019470214844,516.3640464551804,501.0284343673612,514.9081327903632,2712123
2023-11-02,514.8111572265625,517.8200221309968,502.14465943276633,504.47414527195053,1919439
2023-11-03,519.7611694335938,522.0420771062123,515.7816958477935,518.4022930065373,1337219
2023-11-06,522.13916015625,523.6921109690671,517.6743228971674,521.1200324827589,478913
2023-11-07,520.343505859375,524.0318677689279,517.1890263386575,523.1582958974491,823342
2023-11-08,523.40087890625,523.9347019831671,517.7228402168485,522.8670558293329,776461
2023-11-09,519.1302490234375,524.1289095424365,517.3346459002198,524.1289095424365,1366713
2023-11-10,520.3497924804688,521.9595982379395,513.8619191841119,519.6669023263415,1361649
2023-11-13,517.1790161132812,522.7400929682796,513.1302063112499,522.4474172490587,979880
2023-11-15,513.178955078125,514.6423931629486,504.1056508617086,510.3008482684824,3398705
2023-11-16,521.862060546875,522.349873256473,513.3741074903805,519.2766293670259,1612231
2023-11-17,527.5206909179688,529.3743435381498,518.6912925351958,522.7401024103594,1512369
2023-11-20,529.9597778320312,532.1549351835146,524.1060248947425,527.520714108161,1910044
2023-11-21,527.6669921875,532.3500419089055,526.1060153119987,532.3500419089055,1379849
2023-11-22,527.8133544921875,528.7402105546676,524.4474348692075,527.5206787744175,680568
2023-11-23,527.17919921875,528.7890050642183,522.2035331376804,527.8133795936201,800753
2023-11-24,524.2523193359375,528.8865402905963,522.9352487783314,528.7890015631634,440877
2023-11-28,520.788818359375,524.2522765650118,518.1058485518828,523.4230188071297,2251292
2023-11-29,521.5692749023438,522.9839435330184,519.0326728764365,520.788786551868,1815670
2023-11-30,524.9352416992188,527.2279971488676,520.0083452717065,521.5693221139551,3167951
2023-12-01,527.959716796875,531.1304993935269,524.5937972078623,526.8377237513876,1584387
2023-12-04,533.6671142578125,535.520826407853,528.4963113490826,531.6183246582528,2125643
2023-12-05,538.5452270507812,539.0330397564431,533.4719630024072,535.5695814557333,1748869
2023-12-06,536.6427612304688,541.3745803417752,535.9110421506488,541.2282127068307,1028497
2023-12-07,532.496337890625,537.5208325807491,524.3498895204679,536.6427458910839,1150700
2023-12-08,534.1549072265625,542.6916294881743,532.4963321348167,535.5208066073999,2453675
2023-12-11,537.0818481445312,537.9111060165985,531.7646771571332,534.6427843473263,1278433
2023-12-12,535.6183471679688,540.1062002105058,533.3744206467002,537.081785274985,1418773
2023-12-13,534.2037353515625,535.9598493576406,529.862189928581,534.2037353515625,1628806
2023-12-14,534.1061401367188,536.3012972990373,531.3255720026459,535.3256718935623,2078199
2023-12-15,526.5449829101562,534.642660938236,524.1546890311447,534.5938915830403,2655593
2023-12-18,527.3255615234375,529.8133945388032,524.2035481396177,526.5450730643457,2700975
2023-12-19,534.837890625,538.057442742801,526.5450741910674,528.2524187509947,2155547
2023-12-20,521.9108276367188,537.9598776221278,519.3253964681228,536.5939782222187,3685894
2023-12-21,517.3253173828125,520.9839122723656,514.2033045009052,520.252193294455,6150231
2023-12-22,516.3985595703125,519.6669406878976,513.6668201097987,518.9839909359057,3869597
2023-12-26,517.6668090820312,521.7644476371753,516.1058322740946,517.081457665917,1655240
2023-12-27,521.325439453125,522.9840146405467,517.1302618949069,518.0571179891236,3308899
2023-12-28,529.8621826171875,532.4476139984155,521.3254595342995,521.5205965428279,3512802
2023-12-29,543.6184692382812,546.3502083706451,530.3987573559452,531.4719214462659,4120332
2024-01-01,543.8624267578125,549.2771361729398,541.472132461779,546.3502597812545,1417550
2024-01-02,543.2769775390625,548.6429172130667,537.9110378650583,545.8136392952426,1201767
2024-01-03,537.667236328125,548.9845288479393,533.2769211935541,543.4234511013242,2733401
2024-01-04,552.4479370117188,553.4723318728456,537.4721094697649,541.1307050791139,3064476
2024-01-05,555.1796264648438,557.7162882538937,550.7405427683179,557.0821079197689,2834989
2024-01-08,539.7647705078125,558.5455600826438,537.5696132847803,558.5455600826438,2152367
2024-01-09,534.4963989257812,542.4477704592282,532.8866526016318,541.4721449727907,2107464
2024-01-10,534.0086059570312,537.9599369613849,529.0817089775686,535.4720442408789,1758621
2024-01-11,538.5452270507812,542.4477286960768,535.0817687500713,536.2037022446242,2089001
2024-01-12,536.30126953125,539.4720519348715,534.6426945183281,538.5451959381699,1029614
2024-01-15,540.642822265625,543.9111434340978,534.886608767254,537.5695785330724,1524201
2024-01-16,545.1795043945312,548.2039791003521,539.4721191756126,542.5941326101084,2027207
2024-01-17,536.057373046875,544.2525904507282,532.7889923192071,544.2525904507282,2075918
2024-01-18,526.3012084960938,536.5452766472836,522.3011080609643,532.8866808790015,1520695
2024-01-19,529.0816650390625,530.6914708365883,526.3986950748204,530.0085211180183,1965102
2024-01-23,512.0081787109375,531.1304715586134,509.8617910023534,531.1304715586134,2256565
2024-01-24,523.5205688476562,524.3011168101278,509.47159873490403,512.9350570154376,914551
2024-01-25,518.6424560546875,524.4474392870677,516.1546231115105,523.52058321678,924085
2024-01-29,521.2278442382812,522.8864192459549,502.4470562147213,502.4470562147213,1316110
2024-01-30,522.8865356445312,524.5938803903775,520.2523346985909,521.2279602676459,1603876
2024-01-31,526.4474487304688,532.3012012050734,520.9839702398175,522.8864517035539,3475918
2024-02-01,540.8867797851562,561.4724532080337,533.6671275495993,533.6671275495993,11117689
2024-02-02,531.3743896484375,545.3745901012893,526.5938014439552,540.9842758697047,3318354
2024-02-05,520.642578125,531.5207668517165,519.3254479557638,529.7646528401905,1417520
2024-02-06,519.7156982421875,524.3011498471233,518.3010294053787,521.2279058067268,1247440
2024-02-07,524.3010864257812,525.325481132848,517.7156153193504,520.1546786921026,1784199
2024-02-08,520.9351806640625,527.8133276453301,519.0326992741509,526.5450265678714,1488521
2024-02-09,526.0572509765625,526.8377394217712,515.7644144584608,521.8620734795461,1786915
2024-02-12,523.4717407226562,530.4962547641948,522.3498073605859,526.057171576346,1454041
2024-02-13,525.6182250976562,526.7402182138298,518.2034953004109,523.2767001367085,725665
2024-02-14,531.0328979492188,531.9597539968048,520.2522490945368,520.5449248076036,828939
2024-02-15,530.9354248046875,534.0086094926411,527.7158724683976,532.6427694804806,1006711
2024-02-16,531.2280883789062,534.4964100072508,527.81339910558,531.813439863923,839405
2024-02-19,534.3013305664062,536.7891636897025,527.0816780248259,531.7158991643316,1353397
2024-02-20,534.2037353515625,537.7647922771155,529.7646511966982,537.7647922771155,1057848
2024-02-21,532.984130859375,536.4475890337762,531.0816494671851,534.2524319383525,1636393
2024-02-22,528.3987426757812,533.1793314058124,525.5206951121946,533.1793314058124,1264327
2024-02-23,522.2523193359375,531.2768552298666,521.2279244682799,528.8865608403619,1160683
2024-02-26,516.3497924804688,524.0084287861382,514.0082674768802,521.1303812180226,1180365
2024-02-27,522.5450439453125,525.0817062163339,513.1790620687455,515.0327745149742,2954271
2024-02-28,523.1791381835938,528.252402342137,518.9351913711547,522.3010514753543,2697005
2024-02-29,525.0328369140625,526.2035397652123,519.3253925511858,523.2278941815497,2453976
2024-03-01,527.910888671875,531.6670822511853,525.0328413332167,525.0328413332167,762406
2024-03-04,524.2035522460938,526.5450771891647,518.8376121700549,524.8865019834438,2030164
2024-03-05,521.7156982421875,523.715718462471,520.0571231031289,522.1059722328308,1464768
2024-03-06,518.544921875,522.9352363593603,515.3741391918509,521.7644739207072,1082367
2024-03-07,522.2035522460938,524.6426160118391,517.5693310911774,518.5449565974756,894981
2024-03-11,520.3985595703125,525.2766860771679,518.6423863898904,522.2034425588719,984138
2024-03-12,516.1058959960938,519.3254482771265,513.0326518134297,517.6181036306366,1011782
2024-03-13,507.2763977050781,518.447319543136,503.2275288028201,516.6423769703157,2666699
2024-03-14,516.7400512695312,517.8619848256213,503.5691074942411,504.3983653203709,2047715
2024-03-15,513.715576171875,517.4229410256722,511.4716495141124,516.0571011045115,1710825
2024-03-18,510.8374938964844,513.7156010643037,508.3984301182402,513.7156010643037,1247334
2024-03-19,505.7154235839844,517.0814837919772,503.95930969946414,510.4960120644379,2071489
2024-03-20,507.5204162597656,508.4960417967712,499.5202749468289,505.7154732878312,925067
2024-03-21,511.1789855957031,512.837560832356,505.8618147844281,509.52041035905023,973386
2024-03-22,508.1056823730469,514.4960166570111,506.34956861105286,511.2276954762846,1072318
2024-03-26,508.3984069824219,509.52040008833757,500.1055905137749,500.1055905137749,1961179
2024-03-27,508.93499755859375,511.6179673233478,506.44710522968256,511.2276933567685,2638465
2024-03-28,510.3984069824219,513.1789153091308,505.13000646635453,509.2764140520272,2312982
2024-04-01,516.252197265625,517.6668064385854,510.73989001099704,510.73989001099704,847682
2024-04-02,518.6424560546875,519.5693121249752,514.788783234595,516.2522213832228,1175093
2024-04-03,518.05712890625,519.423028394664,515.7156039396697,517.9595901774147,1176084
2024-04-04,493.7152099609375,518.9839310360059,490.0566147983763,518.0570750186675,10445923
2024-04-05,495.5201416015625,497.5689609248214,491.71520844335294,497.5689609248214,7615006
2024-04-08,490.7883605957031,497.42263138317713,489.95910279927847,495.66648774514346,3602540
2024-04-09,490.88592529296875,496.1055272572045,490.2517747231962,494.15427641253507,2217268
2024-04-10,493.910400390625,494.59335013769294,490.0078984616127,492.6908685378086,1978008
2024-04-12,488.3981018066406,495.27624925742975,486.93466364487904,494.64209867541155,4166549
2024-04-15,483.1297302246094,484.8858441086717,477.27597757943425,483.81265016897777,3600795
2024-04-16,491.61767578125,493.27625101471614,480.3492133425551,483.129751928671,2928056
2024-04-18,491.5688781738281,495.5689483859876,488.7883397474658,493.4225605334946,2604037
2024-04-19,491.9103698730469,493.47134679333936,483.95899853839154,489.3737377169822,2183936
2024-04-22,493.8127746582031,495.6176875459399,491.0322364012814,495.03230636968425,1208372
2024-04-23,494.7884521484375,498.0080340701328,492.88600034235657,494.7396827843302,1904186
2024-04-24,497.0323791503906,497.8616369334419,495.27623554067804,497.47139272252514,1855798
2024-04-25,494.10552978515625,497.81289465111746,491.8615733463049,497.08117555069936,1022931
2024-04-26,496.59332275390625,499.0811555851288,492.9834969069128,494.9835468176021,1372205
2024-04-29,494.34942626953125,500.3007176816464,493.6664765466365,499.9105032310291,1373441
2024-04-30,495.3738098144531,499.91049186216236,492.83717775332195,496.59334159636956,2092290
2024-05-02,512.4960327148438,522.9840062151513,495.6177244796529,495.6177244796529,7092006
2024-05-03,518.788818359375,524.8864772493536,511.22772133580156,523.1791327601595,7008370
2024-05-06,517.8619995117188,522.4474512359792,511.4716644453074,521.9596384897271,3172072
2024-05-07,544.8380126953125,553.0820591766353,518.3497594532245,520.5449165877362,14721222
2024-05-08,543.0330810546875,548.2527127426868,540.5940175221971,544.8380237972001,4085815
2024-05-09,539.3257446289062,551.1796178363488,537.0330486073207,543.0331094828852,5305923
2024-05-10,537.37451171875,538.4965048590326,527.1792133678736,537.5208793622494,2521438
2024-05-13,536.8379516601562,539.7160589034004,530.4476163031796,537.3745337959408,3067643
2024-05-14,541.0330810546875,548.9844522862695,536.8379035317624,536.8379035317624,2872594
2024-05-15,532.5451049804688,541.4721012800107,529.76459638747,541.0330579370507,2436198
2024-05-16,528.8377685546875,536.0086514124122,521.6669452444153,534.3013068578281,3864351
2024-05-17,522.7401123046875,530.7402530282061,521.9596238420777,529.9597645655964,1642503
2024-05-21,526.20361328125,527.8134192476612,520.5937664038488,524.9840813513802,1388390
2024-05-22,540.4964599609375,542.3501719999991,525.6669422907869,529.764580792038,4319988
2024-05-23,546.301513671875,548.301534048504,538.2038338863437,542.4477810159577,2924910
2024-05-24,544.4965209960938,551.130821464626,540.545249969728,545.3746076897082,2805803
2024-05-27,553.5699462890625,557.0821743574475,546.1551565761463,546.2039259428685,3169943
2024-05-28,556.886962890625,564.7895643091447,550.7893041791662,556.1064744850479,4429603
2024-05-29,541.9111328125,556.8869586755105,539.5696080660435,556.8869586755105,2620387
2024-05-30,537.7159423828125,543.8136008986866,535.9597690922836,541.9111195322446,1591522
2024-05-31,531.8134765625,540.9843807769818,527.3743921103413,538.5940862112164,11192196
2024-06-03,531.520751953125,547.5210337151075,529.764637990823,546.3502712244215,2836670
2024-06-04,564.1066284179688,570.2042872785325,523.6669429452196,535.081772241685,17458506
2024-06-05,585.619140625,617.9611461378047,570.2530407252186,570.7408534204498,21568184
2024-06-06,582.6434936523438,590.5460354765613,567.8627452044224,585.6191391764036,7598586
2024-06-07,598.1559448242188,599.8145200132614,583.570391856707,584.8386930433447,5429725
2024-06-10,604.7413940429688,612.156182979071,589.4728919162488,589.4728919162488,5180578
2024-06-11,598.4974365234375,607.7658781793712,593.1802659797538,604.7414035947537,3728825
2024-06-12,604.39990234375,607.8145910575565,596.8388059060356,599.1803305573383,4528718
2024-06-13,594.7901000976562,599.570629240447,573.8141521931349,597.0827961659131,7963596
2024-06-14,593.814453125,603.7170157000796,591.2290218671612,596.0583797473487,1975440
2024-06-18,585.5703735351562,598.7900857176822,583.4239857583283,593.2777784212203,4304663
2024-06-19,583.9606323242188,588.399716448916,579.5215481995215,587.3265522156767,1703051
2024-06-20,586.1069946289062,590.1558641036673,580.4971482383675,583.9118373456519,2886298
2024-06-21,575.5702514648438,589.180238527817,574.2043520032194,586.3509008776462,3868601
2024-06-24,585.1312866210938,587.7654868988643,574.4969467968308,576.3506587268214,1774168
2024-06-25,578.8873291015625,589.2289944600284,578.0580712992696,589.0826268255292,1791877
2024-06-26,587.13134765625,588.3021100334679,575.9116556738538,576.9848793310737,2230523
2024-06-27,584.6923217773438,591.2290242186242,580.5459136041933,587.3265224086003,2405121
2024-06-28,586.0582275390625,594.7900873424845,583.0825817863753,587.1313917293915,1710529
2024-07-01,596.0584106445312,598.3023373831958,586.0582492777514,586.0582492777514,2469588
2024-07-02,588.1069946289062,601.7657505869978,587.326506197934,601.7657505869978,3919339
2024-07-03,594.8388671875,598.351095097239,590.2534155210687,592.204666481469,1786017
2024-07-04,591.1802368164062,598.6437355718671,590.3021501169637,594.9363708749601,2277423
2024-07-05,591.6680297851562,593.1314678704288,588.5460166270852,589.2777356697216,879215
2024-07-08,608.2537231445312,617.5709346567978,595.5218224201024,595.5218224201024,7279634
2024-07-09,614.839111328125,617.9611243771566,602.9852394324464,606.8877408568744,2665679
2024-07-10,616.3026123046875,621.7173216745913,604.4487391983841,614.6440371204277,2882570
2024-07-11,614.0098266601562,620.302622450778,608.5951175556488,620.302622450778,1588742
2024-07-12,614.6441040039062,618.4490675143425,610.7416017562624,618.4490675143425,1630043
2024-07-15,616.9855346679688,623.375869210188,614.7903774899007,617.473347374206,1091279
2024-07-16,625.3271484375,632.8882457276038,614.6440377761853,618.5465396033358,2960104
2024-07-18,629.1320190429688,635.1321391069681,623.6685405900605,625.3271156892306,3161993
2024-07-19,620.1178588867188,634.1290414909407,618.8931041170756,631.973461135873,2176993
2024-07-22,623.7921142578125,626.9274385811922,614.5329563714818,615.5617384027456,1365836
2024-07-23,639.1260986328125,648.973116277501,619.3340470678619,626.9765656482044,7195533
2024-07-24,621.3425903320312,636.8724563071456,605.5677136097066,636.8724563071456,8340915
2024-07-25,618.4522094726562,623.5961797466405,612.37741356955,612.8673155004057,1831371
2024-07-26,619.677001953125,622.4204409721194,612.4754072504687,618.4522470515664,1469979
2024-07-29,628.1522216796875,630.1608674057486,618.3052049889798,623.00825148876,2240896
2024-07-30,621.09765625,635.7456753007743,619.7259070012589,628.1032175780924,3020230
2024-07-31,622.8612670898438,627.8092641562531,617.2763736534365,624.0860217994735,2769613
2024-08-01,630.5037231445312,642.6042757283349,623.8900477269312,625.9966497438979,6852547
2024-08-02,614.8758544921875,636.8724614680008,612.3773667961547,630.5037368533208,4123973
2024-08-05,621.1956176757812,627.0744405559936,601.648519638579,602.5793452217752,4771981
2024-08-06,616.4436645507812,630.0139250178065,614.3370621868813,625.1149053831424,1854542
2024-08-07,626.3396606445312,628.3482467353775,618.4522509887773,618.4522509887773,1788865
2024-08-08,624.5759887695312,628.8381116822027,621.8325498945657,626.0946728072371,1528269
2024-08-09,611.3486328125,629.2300533278443,609.53595978288,628.6421351280424,2679620
2024-08-12,607.8213500976562,614.5820212028673,603.3142758958398,614.2391137449524,1139283
2024-08-13,593.6141357421875,611.6425504163407,590.5277895110424,608.0662424600746,2691122
2024-08-14,592.1934814453125,597.5824027166291,586.5105711717565,597.5824027166291,2012408
2024-08-16,605.1267700195312,606.00861731252,592.1934084055284,594.103977869546,1259712
2024-08-19,608.7521362304688,612.2794660657447,602.4323892694382,605.5187953999944,2332398
2024-08-20,610.5157470703125,612.8183219693414,604.587945815438,612.7693437379749,1340039
2024-08-21,621.53857421875,623.1062963255473,605.4698262908419,612.2794752925165,2105395
2024-08-22,633.1002807617188,634.6189647667153,619.333988845429,624.1350516250758,3452342
2024-08-23,630.2588500976562,638.0483029571445,627.9072968486654,634.8149620916447,3461642
2024-08-26,641.33056640625,642.1634355191351,627.9562803952824,632.9532558626807,2940223
2024-08-27,630.4058227539062,641.7715235243371,628.6911660116657,641.7715235243371,1428673
2024-08-28,631.3856201171875,636.3825957936511,625.1148516033094,632.9043041127809,1149783
2024-08-29,631.1406860351562,634.8149505433114,625.7027267211009,630.9936915338371,1071747
2024-08-30,624.2820434570312,632.5123598695125,623.2532015783005,630.9936758710023,3304453
2024-09-02,623.7921142578125,631.630544671218,621.6365339336304,624.9188527482527,745420
2024-09-03,625.3108520507812,635.4028201168122,622.4204186263762,623.7921679878684,1775357
2024-09-04,636.9214477539062,638.3911534528088,621.3915814564938,625.1638021626859,3104663
2024-09-05,631.7774658203125,641.7714763437177,629.6709235733422,641.7714763437177,2131132
2024-09-06,631.3856201171875,640.4977838932286,630.3567782404326,630.9936746591399,1910995
2024-09-09,648.9730224609375,651.4715699908098,631.0426248965757,631.9734504662853,6213572
2024-09-10,651.8145751953125,656.3706874660377,648.9731198303998,655.83174745365,4126339
2024-09-11,650.4918212890625,657.9383068725086,648.6301699919594,654.5089932849379,3134456
2024-09-12,651.3246459960938,655.9787145458965,649.6099891619558,650.5408148324133,2222824
2024-09-13,647.5523681640625,654.2150221755032,638.0972373858373,652.2064363062241,2559794
2024-09-16,647.9932250976562,654.3619498555321,644.9558572110453,646.6705138766273,806885
2024-09-17,646.8175659179688,658.428218165519,643.1433013076701,647.9932827512772,1793296
2024-09-18,641.18359375,648.9240074431625,637.4113134555543,646.6704707933171,1465661
2024-09-19,651.275634765625,653.3331989413539,641.1836670136302,641.7715254059866,1768324
2024-09-20,654.0680541992188,656.4196073821144,648.7281112064844,655.4398035229881,1798471
2024-09-23,647.6993408203125,657.9383032937195,643.0452724053532,654.5089897248021,1684518
2024-09-24,642.6043090820312,652.5493417397472,639.2240337573446,646.670518841191,1881683
2024-09-25,614.3370361328125,640.7427628042809,609.5850112097163,637.8523293819154,7092888
2024-09-26,613.1122436523438,615.7087477102572,608.0662300312966,614.3859766646773,2581456
2024-09-27,620.2158203125,621.9794552344093,609.4379782533571,615.3168011947078,4628215
2024-09-30,612.5733642578125,622.9592608972038,610.7606912973899,620.2158221436363,2475507
2024-10-01,606.4985961914062,617.0314878053927,601.5995768360636,613.3572232888857,1095384
2024-10-03,568.482177734375,583.7670931206442,559.4679707978026,568.6291124231502,18729275
2024-10-04,560.8887329101562,573.1852594209993,559.5169835820021,572.9403084554348,4745480
2024-10-07,557.9003295898438,569.4130246927749,550.6497572636014,563.3872071647166,4723935
2024-10-08,555.8917236328125,561.0847321904698,553.2952791564685,559.9579337745665,3261216
2024-10-09,553.6381225585938,560.3987926669696,551.8255094583295,556.2836047663268,3580212
2024-10-10,560.1538696289062,564.7589596566431,552.805340798203,555.5487796011694,2379978
2024-10-11,559.3209838867188,563.3382154098135,557.7043434734128,562.8972917325559,1276108
2024-10-14,555.8427124023438,563.5342085099003,554.5689793572491,559.321004110961,1902352
2024-10-15,559.4679565429688,561.3296076398467,555.8426706083771,556.5285452126204,1687923
2024-10-16,566.6205444335938,567.6493264973305,558.9780864997895,561.3296396190277,2647660
2024-10-17,560.9866943359375,567.4043977299806,560.4478141674268,566.3266373929592,1838328
2024-10-18,559.8599243164062,560.545739145541,553.5401777434665,559.957880777003,2159572
2024-10-21,556.7245483398438,563.3872024254223,554.6669244147151,559.467987104202,1511359
2024-10-22,547.8082885742188,560.2028307442971,544.7709206713234,554.1770133662396,1510177
2024-10-23,547.4164428710938,551.531631151305,544.8199386531377,546.7305681906447,1233395
2024-10-24,530.0739135742188,546.7305799896748,524.4400411101674,544.5749994342365,3076408
2024-10-25,527.8203125,534.2869935791218,525.5177377169583,534.2869935791218,1506493
2024-10-28,542.5173950195312,547.2204414637371,526.2526154884496,529.0940705289489,1750115
2024-10-29,525.0278930664062,542.8113576766249,522.0884813822368,542.5174284687047,5088807
2024-10-30,535.6098022460938,540.7537724943454,525.1748672500763,528.1142788205058,5828617
2024-10-31,529.0941162109375,537.8633732456714,522.2354887785735,527.1834866085676,3001455
2024-11-01,531.592529296875,534.140055008366,529.4369490186831,530.7597200042103,159703
2024-11-04,524.1461181640625,534.3850810729234,520.9127771934973,534.042113819956,2308784
2024-11-05,524.048095703125,526.0077035169948,518.0223375569662,524.2440684450089,2117262
2024-11-06,528.7021484375,532.4254510144052,524.5379819576565,525.1748783990962,2368331
2024-11-07,523.7051391601562,533.160269896668,521.5495588064848,530.4167713724613,1695158
2024-11-08,523.458984375,526.9060331902634,520.6028341690775,524.2961007568597,1458407
2024-11-11,514.8413696289062,523.3605287234245,512.4776549345423,521.9816851330852,1589666
2024-11-12,502.7766418457031,516.2201549426948,501.7917708528614,514.8905430353054,4775306
2024-11-13,503.1213684082031,506.4206923483796,499.6250582409589,503.61380391999427,2253481
2024-11-14,500.4129638671875,506.1744652600944,495.04540486527475,503.1213591321039,2083472
2024-11-18,500.8069152832031,501.89027941986853,491.4506405630646,501.3978439082823,3329177
2024-11-19,500.511474609375,506.71615013975514,498.49247094360953,503.2691014993486,2126926
2024-11-21,498.0985107421875,501.69328389899806,494.7991868645041,500.8069060057387,1771693
2024-11-22,505.23883056640625,507.3070356526773,496.76893382838637,498.9848936115724,1050913
2024-11-25,513.6102294921875,520.1596457250453,507.4055541783914,508.5381197679363,4146364
2024-11-26,517.4019775390625,521.8831888667027,511.5420429323169,516.072425677916,894410
2024-11-27,519.5194702148438,521.1937629942857,511.59127041685497,512.0837059336462,1722809
2024-11-28,518.0421752929688,526.2658245632772,516.0724331815886,521.8339048126719,1554564
2024-11-29,519.1748046875,521.6369823439678,510.409428185771,510.409428185771,2225080
2024-12-02,515.9739990234375,520.0119465332523,512.8223994463381,514.5951554235309,1510906
2024-12-03,514.6443481445312,521.0460098823262,513.1178100601778,515.973960110974,3691025
2024-12-04,514.8905639648438,519.2732520834902,512.1329370951445,516.0724212266456,2515588
2024-12-05,515.2352905273438,519.3224691327608,508.83362899214893,517.0572778426584,2760858
2024-12-06,515.8754272460938,517.8944008107992,512.3791471542737,517.0572844901368,1663402
2024-12-09,499.181884765625,512.8715859946325,495.587111537472,511.14806170180367,6086175
2024-12-10,499.2803649902344,503.95850223571705,496.71969438153144,500.2652359892833,3425754
2024-12-11,500.6591796875,503.5152995810384,497.4583489322171,499.32959782413,3602452
2024-12-12,498.9848937988281,504.25395974089,498.09851589639675,502.2842177106522,3491848
2024-12-13,505.0418395996094,506.5191461078639,491.94306724877003,498.9848889269412,2205228
2024-12-16,502.2349853515625,508.1934429608256,501.34857739471903,506.2729324621689,1041908
2024-12-17,497.7538146972656,502.57967675390023,496.473494375096,501.2993564317306,2821249
2024-12-18,497.7538146972656,501.25012490236975,494.84846317976417,500.2652538681227,2300294
2024-12-19,496.32574462890625,497.7537895228122,491.94305672581487,495.3901051713411,1583630
2024-12-20,494.9469299316406,500.6099384208167,492.4355207979228,496.3750049643062,3228278
2024-12-23,501.7917785644531,503.2690850764191,493.32188188467245,495.0946677325584,1777848
2024-12-24,502.2349853515625,508.14421143250235,500.0682570995333,504.2539589068657,3207041
2024-12-26,497.9507751464844,503.76150793653187,496.42420708890796,502.7274054264617,2088931
2024-12-27,499.47735595703125,501.9887952131144,496.42424963608215,498.8371957742225,1299653
2024-12-30,497.6060791015625,502.0872301864099,495.4886124357102,499.329603373562,4298784
