Price,Close,High,Low,Open,Volume
Ticker,HINDUNILVR.NS,HINDUNILVR.NS,HINDUNILVR.NS,HINDUNILVR.NS,HINDUNILVR.NS
Date,,,,,
2017-07-03,960.6470947265625,962.7035713554026,946.0765662997845,956.490343462658,823810
2017-07-04,952.2020874023438,973.117126136521,948.482889752991,966.4663469990254,938993
2017-07-05,959.7281494140625,960.8658292823173,946.9079394282408,951.2396688796712,364842
2017-07-06,956.0527954101562,959.72819592133,950.7146730203447,959.72819592133,653440
2017-07-07,960.6030883789062,971.2794376147633,953.6898416567974,954.7399253343784,780216
2017-07-10,959.3344116210938,966.9477867988388,953.865002204782,964.8038210374057,123910
2017-07-11,968.2606201171875,973.9488069385578,959.9909143143486,964.3664426384796,1088867
2017-07-12,990.313232421875,996.220194976229,966.9916477868398,971.3671756048798,1749266
2017-07-13,992.9821166992188,997.532729158209,989.7442692466497,992.9821166992188,1390586
2017-07-14,997.0077514648438,1001.9520121427329,984.7562743101951,993.2447550375832,1430776
2017-07-17,1008.9527587890625,1011.621873069739,988.9129299810188,997.6201862452443,1177146
2017-07-18,1013.2406616210938,1023.6982341681822,1004.0083646970207,1009.2151985607542,3322231
2017-07-19,1010.1777954101562,1045.7946456985237,993.6820816459903,1041.3753211437504,4799441
2017-07-20,1008.9091796875,1016.0413110708815,1001.995824685054,1011.1406346784003,1295206
2017-07-21,1013.94091796875,1018.7976889633578,1001.995707600598,1014.1596943241213,1690899
2017-07-24,1014.5535278320312,1018.8853640994621,1009.9155328325726,1016.8725787439608,1102676
2017-07-25,1006.0213623046875,1015.9975873698423,1000.2456867904649,1011.228304646407,1686360
2017-07-26,1019.10400390625,1021.2479693383455,998.801495176957,1009.8715994999577,1563285
2017-07-27,1025.5360107421875,1043.5193621110795,1017.0037333324864,1018.4476785666977,2090566
2017-07-28,1009.740234375,1022.6480376181972,999.0201943933615,1022.6480376181972,860381
2017-07-31,1011.4028930664062,1017.3973426662777,999.4576850345569,1015.0782923880347,955459
2017-08-01,1027.3299560546875,1029.9115811156446,1009.8716458088065,1009.8716458088065,1359063
2017-08-02,1022.7797241210938,1028.2491344105115,1014.8599752922491,1027.3740287642045,587711
2017-08-03,1023.7858276367188,1032.2743072771116,1013.3720520239266,1019.9353425163096,597333
2017-08-04,1043.2132568359375,1046.8887640716273,1016.8726023566401,1016.8726023566401,1116836
2017-08-07,1038.1373291015625,1044.0879802959337,1025.0544424230627,1026.498387350705,868190
2017-08-08,1042.2508544921875,1058.002756575193,1033.4997977794067,1034.1123290195324,1329938
2017-08-09,1037.30615234375,1046.1884934143202,1029.4302038362396,1040.9378610759798,833002
2017-08-10,1024.48583984375,1035.774720767181,1020.5478655791385,1028.1175485859917,699787
2017-08-11,1008.8215942382812,1028.0739139235584,1000.7268689160625,1015.1661086800203,861457
2017-08-14,1011.359375,1023.7859370887243,1003.9209783134005,1010.309291138711,526828
2017-08-16,1038.18115234375,1041.9003498725244,1007.2462013222304,1007.2462013222304,1366648
2017-08-17,1030.2618408203125,1037.0001110484152,1019.4979994695391,1037.0001110484152,961319
2017-08-18,1052.0517578125,1055.639775714394,1023.3920535471873,1023.8734042875093,1407292
2017-08-21,1042.6444091796875,1057.1274479891003,1034.6809704645177,1052.1393893500385,965962
2017-08-22,1049.776123046875,1056.5581880011855,1039.6687225966796,1055.6393916826369,916218
2017-08-23,1039.756591796875,1046.144797671645,1035.2497772343984,1045.8385321201831,831796
2017-08-24,1032.361572265625,1041.1126243551,1028.511194805749,1039.6249882296358,780599
2017-08-28,1049.8638916015625,1052.620494939553,1031.5304764466457,1033.8057290913216,630713
2017-08-29,1041.76904296875,1048.8574812311047,1035.249551330443,1045.8821018995993,1002082
2017-08-30,1053.8895263671875,1058.5275211144324,1038.9689358536396,1047.938766632751,666156
2017-08-31,1067.4097900390625,1070.078904184779,1045.1384007897282,1051.7453823313285,1425125
2017-09-01,1064.259521484375,1069.3788670361582,1056.3835723818174,1064.3470106650798,622867
2017-09-04,1047.6324462890625,1063.1217690700264,1044.6570665774927,1063.1217690700264,586791
2017-09-05,1054.6768798828125,1060.190086081249,1043.388106811199,1046.9760172275307,699191
2017-09-06,1055.727294921875,1060.6278643493679,1050.389172745063,1051.8768093629872,670064
2017-09-07,1057.783447265625,1069.159815261036,1053.3641231222755,1058.002223573229,781792
2017-09-08,1056.7337646484375,1066.1848406280924,1051.9643752385198,1059.096506937249,663219
2017-09-11,1067.541259765625,1078.1300153370903,1055.3772715069244,1055.3772715069244,794869
2017-09-12,1093.70654296875,1098.2570473675378,1070.2536804227082,1071.1287856397341,1164498
2017-09-13,1094.7130126953125,1101.7576536073855,1089.681156850799,1093.8817053290165,848136
2017-09-14,1092.0003662109375,1104.4706194648986,1076.4672437367053,1104.4706194648986,1239363
2017-09-15,1090.38134765625,1099.8325288729147,1081.2802299706455,1086.9684151710994,1333125
2017-09-18,1120.1788330078125,1125.3418699752594,1090.3814481359734,1093.8818701203586,781532
2017-09-19,1119.5224609375,1126.785772181816,1114.4906045279834,1126.785772181816,563558
2017-09-20,1102.0643310546875,1121.3166562647011,1098.3451318663895,1120.1352849462444,1179496
2017-09-21,1099.7447509765625,1104.2953624788997,1092.1313778511,1103.5077463703824,913615
2017-09-22,1084.430419921875,1095.850586552209,1079.967404360085,1095.8067885584721,1208698
2017-09-25,1091.3875732421875,1101.7575494636062,1082.942785910415,1085.0430599509953,1271436
2017-09-26,1065.3096923828125,1103.5955592053874,1051.0455363812735,1103.5955592053874,1751337
2017-09-27,1055.2896728515625,1065.440874604061,1039.6252640900407,1065.0033218834844,2299025
2017-09-28,1052.57666015625,1061.458893176032,1043.256767677647,1055.201975962934,3007522
2017-09-29,1027.2861328125,1058.702434440575,1022.9980954785527,1058.702434440575,2274339
2017-10-03,1038.18115234375,1042.9942314986347,1024.7483073399928,1029.5613864948775,1970990
2017-10-04,1047.938720703125,1054.0644585276943,1031.4866963873826,1042.3380247557836,2448425
2017-10-05,1039.31884765625,1054.0643508339663,1035.4245649138757,1053.9330636719756,2305862
2017-10-06,1056.5145263671875,1060.277414545941,1043.2566615275305,1044.0004795655336,508700
2017-10-09,1067.847412109375,1070.5602176058271,1054.54585216422,1065.4408721517427,720819
2017-10-10,1058.1773681640625,1076.6858680605342,1054.5019683485355,1071.2164595110087,802675
2017-10-11,1065.922119140625,1068.0660845281134,1048.901255911155,1063.2530050812436,1096016
2017-10-12,1086.005615234375,1089.5060362343247,1064.3467602971866,1067.6722029768873,982442
2017-10-13,1092.656494140625,1096.5069789591487,1077.4296400272337,1083.3803990035324,840717
2017-10-16,1121.2724609375,1126.6980710547703,1093.837824388626,1093.881622383272,1276141
2017-10-17,1122.0166015625,1127.7047876337745,1112.259153321509,1124.510631013485,654497
2017-10-18,1106.0894775390625,1122.4102153508052,1102.6328537827553,1117.5096462544273,697765
2017-10-19,1100.6202392578125,1111.3840805631094,1097.1198169568263,1107.0085526868768,67835
2017-10-23,1093.837890625,1118.034574942202,1083.9054662571864,1107.8833742366637,791883
2017-10-24,1111.427978515625,1114.8846031189178,1097.3824900401278,1098.1701064935576,1055569
2017-10-25,1113.528076171875,1123.1105465708756,1107.0960713872612,1121.0102717694224,1332232
2017-10-26,1114.621337890625,1124.5100683812288,1096.9442573664362,1124.5100683812288,2321903
2017-10-27,1102.76416015625,1114.6217749733473,1090.3813966067912,1114.6217749733473,875032
2017-10-30,1080.05517578125,1110.902644953599,1076.3797753755823,1102.6329406286452,1063165
2017-10-31,1082.8992919921875,1093.794419901359,1076.7735533012878,1086.005959343763,722440
2017-11-01,1108.0460205078125,1112.450018999497,1090.4300265410745,1091.0465433221127,1243886
2017-11-02,1093.5128173828125,1110.7324943655065,1090.4741014538636,1110.6884113731185,762274
2017-11-03,1091.751220703125,1096.5956190200811,1085.1452229981846,1096.5956190200811,656886
2017-11-06,1092.72021484375,1100.5593545997021,1087.743674449502,1091.3109566618896,532305
2017-11-07,1087.0830078125,1102.9374033033164,1080.1687512829053,1087.875749090941,949224
2017-11-08,1088.052001953125,1099.1500575824803,1082.1505789658027,1092.4999762924501,872203
2017-11-09,1103.5540771484375,1132.752611657859,1093.2486551053742,1100.559336361919,1417669
2017-11-10,1136.8040771484375,1144.378932550396,1095.979035328332,1105.0952901006683,1933002
2017-11-13,1126.9830322265625,1158.2514164735676,1117.9548367749626,1140.6354253484944,1413270
2017-11-14,1130.85888671875,1135.3509442027726,1126.7631461376236,1132.7966032743655,1131348
2017-11-15,1114.2117919921875,1131.8277887035265,1108.5306760605852,1130.858930388305,1195740
2017-11-16,1124.3408203125,1133.589217189336,1097.60857084383,1118.6156222458872,911479
2017-11-17,1125.7940673828125,1142.7494602421555,1119.7606114276707,1129.1851244507839,1134503
2017-11-20,1122.5792236328125,1128.4365631729283,1115.2245676025145,1127.423622008631,707096
2017-11-21,1125.08935546875,1131.827493960035,1120.3770990795056,1123.0194978980894,828746
2017-11-22,1119.0118408203125,1124.7811213731295,1113.0224678806826,1123.019522122741,646368
2017-11-23,1116.413818359375,1123.9006171412723,1111.5694191475593,1123.0198172845785,891839
2017-11-24,1115.0482177734375,1118.6154991841408,1103.641905887975,1118.0870409246434,971523
2017-11-27,1110.0718994140625,1115.8851559013415,1101.4841023816407,1110.688416193208,763155
2017-11-28,1116.721923828125,1121.213980978004,1111.9216082745336,1112.450066612255,975006
2017-11-29,1124.0325927734375,1128.3925084129637,1112.890454726373,1116.7219120337595,819468
2017-11-30,1120.773681640625,1124.0327054679803,1108.0461673210916,1121.2581645467008,2308732
2017-12-01,1101.4403076171875,1126.3229055301708,1096.8161080050402,1120.773822987785,470360
2017-12-04,1117.38232421875,1122.1386634484084,1093.2483942545036,1106.8568122593454,833814
2017-12-05,1110.688232421875,1122.1386265705542,1105.4034351224846,1122.1386265705542,862459
2017-12-06,1123.5482177734375,1129.4496410207635,1105.932221547703,1108.2663625515145,1516859
2017-12-07,1137.9490966796875,1144.0266359387958,1120.4212691693851,1124.9573014783327,1407824
2017-12-08,1168.5128173828125,1172.3442741603565,1137.3765728524727,1141.8686293337134,1267860
2017-12-11,1166.222900390625,1170.582815952401,1155.3009624700142,1170.582815952401,597953
2017-12-12,1157.9434814453125,1166.178938091833,1152.6586826322075,1161.8629975572292,873443
2017-12-13,1158.295654296875,1177.6291641333012,1150.500491166413,1162.1271113748614,917877
2017-12-14,1164.0650634765625,1168.6892627018556,1148.7832075406868,1157.3710061019456,834383
2017-12-15,1166.663330078125,1175.8676442858966,1154.3761092834384,1169.966329078928,1420357
2017-12-18,1173.0047607421875,1184.6753543820103,1145.8760925188103,1162.6553663823447,918171
2017-12-19,1188.8154296875,1190.8413122057111,1168.3809176337838,1174.19417472497,1227087
2017-12-20,1200.221923828125,1204.8900984697723,1174.5465869807736,1185.732701944214,1198943
2017-12-21,1187.71435546875,1202.4237755031295,1184.7636978707947,1202.2916340394454,557871
2017-12-22,1194.804931640625,1197.4473310471285,1181.4168176554772,1181.4168176554772,561400
2017-12-26,1187.406005859375,1192.5146869197688,1180.271550082921,1189.4318880949254,913529
2017-12-27,1191.2374267578125,1201.4107055789777,1182.6056548217966,1189.7841933714922,569851
2017-12-28,1193.0433349609375,1217.9700124311948,1188.0228190840764,1196.126134276082,2608574
2017-12-29,1204.8018798828125,1211.0115609392105,1189.0796263274929,1197.0068238363428,799006
2018-01-01,1184.2354736328125,1204.053471518077,1180.315957058868,1204.053471518077,746852
2018-01-02,1179.03857421875,1188.9035963519186,1170.1866008647632,1184.6757143634884,695988
2018-01-03,1189.387939453125,1195.069162440905,1175.867684583722,1184.4113992841324,832810
2018-01-04,1191.0614013671875,1194.4965417213969,1181.5487215431458,1189.167660497092,640189
2018-01-05,1194.848876953125,1200.485909021824,1187.5381964297574,1189.9603956066028,568451
2018-01-08,1205.28662109375,1207.576679361063,1187.846739828211,1187.846739828211,801796
2018-01-09,1199.0325927734375,1211.8922460117558,1194.3643116742903,1210.2187051920905,708386
2018-01-10,1202.99609375,1206.6954089301698,1193.4834154017371,1199.0764711582112,939525
2018-01-11,1214.3143310546875,1218.0577291728398,1195.2449991371448,1195.2449991371448,629248
2018-01-12,1210.218994140625,1219.379334086349,1195.2453966876478,1216.2084761296212,872539
2018-01-15,1204.2294921875,1211.6282323102148,1201.4109757214712,1211.6282323102148,1324592
2018-01-16,1217.264892578125,1223.8708887390048,1201.190301919984,1206.0787820868227,896453
2018-01-17,1207.75244140625,1225.1923175466288,1203.3925261308998,1223.4307182403072,1409691
2018-01-18,1195.2008056640625,1239.1968039914022,1189.607750496696,1233.1192661045648,2465412
2018-01-19,1200.04541015625,1209.2057477913124,1189.1235807846801,1207.0478317105149,1491194
2018-01-22,1193.57177734375,1202.2917167936268,1185.9528376345265,1200.5301172085813,1014403
2018-01-23,1205.2420654296875,1208.7652636960188,1189.1234978729092,1198.5039272414333,1284895
2018-01-24,1203.0843505859375,1208.4572073362299,1175.9117009190477,1204.9340084810224,1819330
2018-01-25,1209.1177978515625,1213.7419963135699,1197.4912847263133,1205.7267404833228,2125894
2018-01-29,1230.7415771484375,1233.1196935496243,1204.229417721517,1206.695700116418,1406390
2018-01-30,1233.339599609375,1241.9273954288296,1224.3994624575341,1230.7412838820494,1310365
2018-01-31,1206.1229248046875,1233.119454363032,1200.1775274354372,1233.119454363032,1491912
2018-02-01,1207.7965087890625,1219.7313869429593,1189.9603160430436,1209.3379081621754,1563429
2018-02-02,1208.6331787109375,1213.6538009866538,1190.8410696427081,1190.8410696427081,1699619
2018-02-05,1194.14404296875,1199.1645576190228,1181.3724489263036,1190.9291029645137,1585136
2018-02-06,1167.3680419921875,1187.7585797143977,1144.1589878005211,1145.039787637165,1540401
2018-02-07,1156.181640625,1171.4634925007176,1151.249184265736,1164.417095553345,1561287
2018-02-08,1171.067138671875,1178.1135353965658,1149.6636656128342,1167.6759742325326,1146084
2018-02-09,1174.14990234375,1180.271416308604,1155.4329116000501,1161.7746254560066,810004
2018-02-12,1184.191162109375,1188.991585182485,1174.2381896038376,1180.2716462918027,1166428
2018-02-14,1188.5511474609375,1191.898121839589,1173.2252110380725,1188.9034888480312,857401
2018-02-15,1196.2579345703125,1201.806907243266,1179.1704017359393,1191.7217953678626,844856
2018-02-16,1190.9293212890625,1201.4108598251617,1187.3180638154822,1201.4108598251617,1091144
2018-02-19,1176.6602783203125,1197.0067288071768,1170.4066222859242,1197.0067288071768,495950
2018-02-20,1173.0491943359375,1183.2223673207354,1169.5699706804096,1173.357452756173,688130
2018-02-21,1171.9921875,1179.390927293119,1165.2981305517521,1179.390927293119,1406451
2018-02-22,1168.336669921875,1174.810633460203,1156.7101573786351,1171.551610195567,2173259
2018-02-23,1165.4302978515625,1172.873013287728,1162.831873883087,1168.3809557307727,896708
2018-02-26,1174.370361328125,1178.8624185937692,1159.352682433906,1159.352682433906,1109668
2018-02-27,1185.86474609375,1191.281686170626,1175.0749489361972,1180.2716890710824,1316559
2018-02-28,1160.6737060546875,1178.9502982767592,1154.7283085848571,1178.86223981814,1862621
2018-03-01,1166.39892578125,1170.5827240802575,1157.5909293622865,1162.6555273031904,961945
2018-03-05,1144.8194580078125,1163.4923694218367,1139.5346595865415,1162.6556526796019,842790
2018-03-06,1139.05029296875,1151.9981149339476,1135.5270936616773,1145.0397747985774,738512
2018-03-07,1139.622802734375,1151.7338000163445,1137.2006032779811,1138.9182274042191,917890
2018-03-08,1139.0062255859375,1149.928164060504,1131.1230032607314,1145.0396824085747,739272
2018-03-09,1145.7003173828125,1147.6821168939496,1132.7965790619535,1140.6357186321293,852176
2018-03-12,1166.3548583984375,1169.6578570997465,1139.7988348555043,1149.443548055531,874857
2018-03-13,1163.1400146484375,1172.740644766945,1157.106451062336,1166.9714716017259,1067772
2018-03-14,1159.9254150390625,1167.0598727572976,1154.8608155912477,1160.3658149910464,760665
2018-03-15,1144.99560546875,1162.655683671716,1139.9750898425139,1157.2828266374363,536838
2018-03-16,1144.290771484375,1154.4639419049706,1128.392296396264,1147.6818282912402,3646692
2018-03-19,1153.3194580078125,1161.0704329349517,1147.902516896073,1152.0863165931812,1244199
2018-03-20,1156.7099609375,1163.0957574094566,1150.3241644655436,1150.3241644655436,1249242
2018-03-21,1158.7799072265625,1165.3859040838736,1149.4434531721256,1156.7100497151678,1698614
2018-03-22,1155.47705078125,1163.0959895967821,1153.0108761631686,1156.0495920831327,950972
2018-03-23,1146.4927978515625,1157.3706511895161,1130.7705468107608,1136.231461213452,1301609
2018-03-26,1166.443115234375,1171.3755721752907,1143.27803953039,1147.6820381418324,1032138
2018-03-27,1173.929931640625,1180.2716467346834,1163.6685932080243,1179.3908469983141,1040328
2018-03-28,1174.4141845703125,1179.7430654276961,1164.5932470295697,1167.9844116767165,1337677
2018-04-02,1190.224609375,1198.3720061328604,1158.2515390904123,1158.2515390904123,708747
2018-04-03,1187.67041015625,1193.9240669076387,1179.082612552156,1186.5253274679035,979726
2018-04-04,1195.6416015625,1197.8876839777595,1179.8753717375125,1187.3180867661908,912607
2018-04-05,1217.441162109375,1218.8505274826423,1200.265569937631,1215.5034460003558,588716
2018-04-06,1210.9234619140625,1217.2210937084615,1200.045499681205,1217.2210937084615,633937
2018-04-09,1225.7205810546875,1229.9484617258,1204.4933342906443,1204.8896510637921,923543
2018-04-10,1225.6326904296875,1235.5857692993977,1221.6690920775973,1232.0625707642064,969036
2018-04-11,1241.1788330078125,1251.175887408233,1220.3919830278421,1226.953897331692,1015714
2018-04-12,1244.349853515625,1247.2124527185454,1230.5653158499697,1240.1660546805876,510556
2018-04-13,1242.412109375,1245.3186839891819,1232.4149463658398,1243.689225983118,534981
2018-04-16,1250.295166015625,1253.5540818766249,1237.3914289906775,1240.9587107602667,325041
2018-04-17,1273.239990234375,1277.599905539174,1250.5593990122904,1251.1759157658717,1176082
2018-04-18,1277.60009765625,1282.5766379824593,1268.351699844881,1277.60009765625,765225
2018-04-19,1280.85888671875,1292.9259071768463,1275.7062299535662,1278.39271205892,682820
2018-04-20,1292.837646484375,1296.6691030940665,1269.408292004099,1270.1129746649638,674146
2018-04-23,1279.581787109375,1295.6563819224855,1277.1595878909611,1295.6563819224855,395622
2018-04-24,1285.6593017578125,1294.555357211105,1273.3720814488067,1289.4907589433972,1218174
2018-04-25,1285.26318359375,1288.6102662541662,1276.3231505372678,1285.0870666198418,504777
2018-04-26,1313.492431640625,1319.9662873354262,1285.8353021041944,1288.6098424075335,1321586
2018-04-27,1298.2547607421875,1318.9976380580124,1294.6875862327634,1313.4926395686216,818770
2018-04-30,1329.0386962890625,1333.1344364209363,1298.7832479282454,1299.1795647876706,612159
2018-05-02,1296.4931640625,1333.5308369879654,1290.0633903245234,1331.7692374675057,1047583
2018-05-03,1279.097412109375,1293.850808592788,1269.7609558386982,1290.9001508000067,1243694
2018-05-04,1289.666748046875,1295.6562284123872,1275.0895789894116,1281.5634346295196,586841
2018-05-07,1319.349853515625,1322.9611106760221,1290.3715227299417,1296.889461823056,887065
2018-05-08,1317.720458984375,1325.4274565043743,1302.262380950749,1315.9147765576051,906975
2018-05-09,1317.6763916015625,1330.8883875066585,1309.0885942632503,1318.4691328597678,759263
2018-05-10,1309.308837890625,1327.2330914294923,1303.583639474016,1315.9148360636352,932116
2018-05-11,1324.810791015625,1326.4843319289957,1308.0755969209033,1311.5107372126658,591179
2018-05-14,1324.326416015625,1339.872444518063,1315.9588189662588,1334.4115294515373,1479249
2018-05-15,1334.8519287109375,1358.5454618494941,1330.4479302658337,1347.6235242017383,3239290
2018-05-16,1386.4669189453125,1393.7776001627126,1327.0129335058093,1329.1268744920037,2420630
2018-05-17,1382.679443359375,1406.108694405706,1374.2677630262115,1386.4668176433906,2082393
2018-05-18,1414.3883056640625,1420.289621081842,1376.9543156510529,1376.9543156510529,2041908
2018-05-21,1390.474365234375,1426.3669503590177,1385.5419087824932,1420.7298111913728,1510806
2018-05-22,1386.6429443359375,1399.5465733076148,1372.4619838292178,1379.1120642536607,1137466
2018-05-23,1381.18212890625,1397.2127495926009,1374.928471902459,1380.2132706413538,891664
2018-05-24,1375.0164794921875,1384.3089599386587,1365.2837066866077,1382.9436773071673,915840
2018-05-25,1387.920166015625,1401.5725617467003,1371.6694541048212,1379.3323687009163,968884
2018-05-28,1394.1739501953125,1396.6842081363002,1388.140493033428,1396.0676912804463,563972
2018-05-29,1385.2333984375,1407.3415529850806,1377.306202549532,1387.743763150937,944652
2018-05-30,1396.772216796875,1404.699414150956,1371.4051422560176,1382.4151385811301,1089156
2018-05-31,1419.36474609375,1424.8257691784324,1391.39935340147,1404.875632887756,3315162
2018-06-01,1399.4586181640625,1430.771091319576,1392.6324203118886,1420.7299529750592,1444570
2018-06-04,1376.8660888671875,1400.4715645350748,1372.2859732991487,1400.4715645350748,857157
2018-06-05,1376.5135498046875,1385.497662011467,1362.640957193956,1377.570466233906,1531015
2018-06-06,1383.8685302734375,1390.7827867148903,1371.8015093475556,1375.0164498961099,1085135
2018-06-07,1411.966064453125,1415.1808974845142,1387.2595887691507,1387.2595887691507,1479204
2018-06-08,1405.404296875,1410.3808378066055,1392.9850398071173,1409.191779447253,760059
2018-06-11,1410.5126953125,1424.2531494620378,1395.539100049139,1405.75635531318,905198
2018-06-12,1443.1461181640625,1448.9153987779334,1400.8237602372867,1413.5072964782066,1707972
2018-06-13,1427.9522705078125,1448.6951441245942,1426.454954193513,1448.0345444236712,845842
2018-06-14,1417.735107421875,1448.0346371483415,1407.782135802318,1424.9577291261578,1348038
2018-06-15,1428.040771484375,1434.7348285201774,1400.471694490686,1400.471694490686,2101892
2018-06-18,1416.810302734375,1443.6306087419507,1412.362221548333,1435.6593289988816,846403
2018-06-19,1410.16015625,1419.8489518269832,1400.2070777858517,1412.4502137006632,1118708
2018-06-20,1411.3934326171875,1424.7815447822074,1406.6370928282092,1406.6370928282092,1535703
2018-06-21,1414.1002197265625,1429.231211306479,1409.2636842935044,1414.588358163631,1185462
2018-06-22,1427.101318359375,1429.4086553674747,1403.0515630746597,1412.8134651580383,1098709
2018-06-25,1433.35791015625,1445.6490111447024,1426.4802061437445,1434.1122173172737,1082199
2018-06-26,1439.215087890625,1447.246514941394,1432.5592450300242,1433.2248293160842,759142
2018-06-27,1428.166259765625,1470.186787622941,1418.448665363113,1445.6488949045413,2251405
2018-06-28,1422.353271484375,1438.105429069056,1416.3630143747075,1428.7872513429068,1177218
2018-06-29,1456.431396484375,1459.8480404447953,1424.7495229486042,1424.7495229486042,1722592
2018-07-02,1458.4725341796875,1462.2885938698412,1442.143620615382,1456.2096127333803,1099574
2018-07-03,1458.5166015625,1474.135619864407,1450.973315214291,1459.8477697415956,1381265
2018-07-04,1487.3587646484375,1493.0384379218385,1455.1001400765397,1457.1856154849252,1244751
2018-07-05,1498.008056640625,1501.86842303513,1480.6141458955458,1490.0210468599582,1449303
2018-07-06,1489.4000244140625,1506.5720754607332,1484.1640736003303,1498.8956491968584,1458899
2018-07-09,1501.4691162109375,1505.107621223452,1485.5838195330537,1492.6833837841075,773248
2018-07-10,1497.1209716796875,1507.6371820908312,1489.2226828837454,1502.6675075854362,1093651
2018-07-11,1524.7647705078125,1527.2939689529405,1490.0656671384868,1495.3459254420134,1158397
2018-07-12,1546.240966796875,1552.4975022052101,1524.8535474655496,1526.4065774134995,1471465
2018-07-13,1546.507080078125,1553.074199114517,1529.956198147787,1545.9302187781004,976456
2018-07-16,1554.138916015625,1578.7655283893203,1547.57179771649,1552.8521633860557,2218046
2018-07-17,1492.4173583984375,1579.6533121726395,1489.311298514952,1568.1165183196933,6188478
2018-07-18,1458.738525390625,1508.3910572647776,1443.873813420865,1502.4452158091729,2372869
2018-07-19,1462.0220947265625,1482.0340347557149,1458.6498667117978,1465.971292332597,1457149
2018-07-20,1469.4769287109375,1483.3210598520313,1445.4715877199092,1469.5213443278853,1734748
2018-07-23,1499.4725341796875,1511.275496090014,1473.6478879476701,1481.1023445938697,1382893
2018-07-24,1480.1705322265625,1517.2656931657668,1475.333888726664,1508.6575142111021,1084438
2018-07-25,1466.903076171875,1490.420383208906,1453.857669940239,1482.9215116558155,1526620
2018-07-26,1481.9898681640625,1490.5981562479558,1459.8925574238115,1468.722598596661,2088548
2018-07-27,1472.2720947265625,1486.2937770562585,1456.697382761079,1482.0339952943698,1030665
2018-07-30,1498.62939453125,1501.5580084474075,1465.1727375571336,1478.7062834370524,1237254
2018-07-31,1536.745361328125,1541.8924813670758,1492.4173838091658,1499.783226419155,1877744
2018-08-01,1539.096923828125,1546.8176570975124,1525.163963123168,1537.8987856218753,1191134
2018-08-02,1551.69873046875,1561.68249410488,1543.2679967315735,1546.1521951153443,1127209
2018-08-03,1564.56640625,1568.4267724835595,1550.2785554597542,1556.5793968023254,758933
2018-08-06,1535.5472412109375,1561.904333506554,1522.0136951393608,1561.904333506554,1629015
2018-08-07,1535.3250732421875,1545.9300032386504,1529.9559848354957,1535.9906573423189,863577
2018-08-08,1559.375,1564.56653490173,1527.6044053633964,1533.5059400511568,1423256
2018-08-09,1556.7569580078125,1566.341413388042,1542.557829047921,1563.2353539280657,939345
2018-08-10,1555.42578125,1565.0989594677271,1545.4864343641693,1553.0297215832882,730724
2018-08-13,1534.26025390625,1558.7981456129355,1531.5091943020345,1543.2678481189268,691024
2018-08-14,1547.927001953125,1561.2831016875482,1534.393456429384,1534.393456429384,850399
2018-08-16,1541.847900390625,1554.7601679784746,1535.8132273959966,1545.042682663353,638454
2018-08-17,1583.8685302734375,1587.2851741579523,1536.8339136019192,1545.131508273101,1420289
2018-08-20,1576.99072265625,1605.078395629137,1573.618386276062,1588.5275146621764,924623
2018-08-21,1555.24853515625,1576.9909540500178,1553.0299209834166,1576.9909540500178,1169476
2018-08-23,1573.263671875,1582.7592968783244,1559.6857102683796,1566.297136945461,1375102
2018-08-24,1580.49609375,1587.6400736911412,1563.9009054567991,1573.6628064129773,866648
2018-08-27,1590.56884765625,1595.6272444202705,1578.499500410928,1589.415125003729,627163
2018-08-28,1571.8436279296875,1589.3706788033462,1568.8707067894222,1587.6402031886323,991764
2018-08-29,1558.2213134765625,1579.1207003989289,1554.1390854393478,1575.2159181469478,777922
2018-08-30,1573.307861328125,1579.4756730546226,1557.4669795272896,1557.4669795272896,1586926
2018-08-31,1579.7418212890625,1588.4831383977603,1566.3414149856483,1576.990761716429,1335542
2018-09-03,1507.8587646484375,1589.8587579792754,1504.9745665108808,1589.8587579792754,1744229
2018-09-04,1465.3502197265625,1506.838304027678,1441.0786027694965,1505.9952739891605,3852609
2018-09-05,1430.2962646484375,1462.1112812883107,1416.3634097768045,1458.0733598140914,2693195
2018-09-06,1427.5450439453125,1452.3047991254284,1418.7150031032852,1440.723590117236,2008264
2018-09-07,1454.3016357421875,1459.5818943062418,1420.8005606854263,1430.4737404474406,1571003
2018-09-10,1429.0537109375,1455.765802166408,1423.4627602550659,1448.9324059622372,1423511
2018-09-11,1411.6153564453125,1441.2116453533815,1398.6586724327951,1431.449743814658,2381214
2018-09-12,1443.740966796875,1452.659839114064,1408.8200013431224,1419.8686566040249,1789295
2018-09-14,1445.915283203125,1463.3979196875814,1431.0061525143876,1453.5472943503808,1920969
2018-09-17,1424.74951171875,1442.9865623426551,1415.4757484234533,1437.6618886808742,904395
2018-09-18,1477.5523681640625,1482.8770412587369,1435.8868445305357,1439.436626593652,2932792
2018-09-19,1461.711669921875,1489.5774842635572,1452.8816292694194,1482.921642063988,1589108
2018-09-21,1438.8157958984375,1470.4088420120602,1425.5041100361716,1465.1728905734135,3032792
2018-09-24,1411.4378662109375,1454.9671179201787,1388.0536954054855,1439.4812349287845,1817390
2018-09-25,1447.29052734375,1455.4106756453612,1399.546022616763,1419.9128542881572,1229970
2018-09-26,1429.452880859375,1463.3976722254288,1418.1379504040237,1459.3154444723937,980726
2018-09-27,1437.750732421875,1442.0992379439836,1422.7528786811033,1428.7875526706546,1572603
2018-09-28,1427.36767578125,1444.140421062659,1419.9575259030992,1437.7507470679077,1735076
2018-10-01,1457.451904296875,1466.4150828960478,1421.3328045658754,1425.6813095290656,1721675
2018-10-03,1436.64111328125,1457.229913697298,1425.8143216094675,1457.1854980903915,1213562
2018-10-04,1396.795166015625,1422.398062038669,1386.2789557615968,1419.9131706577068,1544573
2018-10-05,1383.128662109375,1397.5939633077328,1356.5495960314572,1383.9716922670607,1638027
2018-10-08,1383.8382568359375,1393.6445739216954,1364.0925924907478,1376.428107837715,1998863
2018-10-09,1342.2171630859375,1393.289704834306,1324.5126652644594,1387.077585131223,1562134
2018-10-10,1355.7064208984375,1369.5061362868835,1322.7822076864995,1342.2615971189919,2294071
2018-10-11,1354.330810546875,1366.6663269825467,1310.9346957706907,1322.2940436389576,1823960
2018-10-12,1392.9346923828125,1399.9455347937337,1366.7550452979217,1380.4217301880526,1728063
2018-10-15,1354.50830078125,1413.656465023388,1331.1684375112468,1375.2744417418137,3913322
2018-10-16,1372.168212890625,1382.2408061573024,1354.6855795655774,1362.85003497681,1374834
2018-10-17,1386.1898193359375,1400.2115010456414,1372.0351074707912,1382.7287603487832,1223188
2018-10-19,1400.7440185546875,1407.2667214052192,1369.3728413548913,1376.6054356169514,932433
2018-10-22,1406.512451171875,1411.0384017377132,1390.2721545365546,1409.263510666345,614209
2018-10-23,1377.3599853515625,1403.93893771107,1373.3220645435401,1398.214956929445,989355
2018-10-24,1407.4444580078125,1411.926102104186,1377.6707199103648,1386.1901769244114,690618
2018-10-25,1402.625,1420.653669550536,1385.7565287963357,1404.8116072703274,2397242
2018-10-26,1390.75439453125,1409.7202414003589,1383.3465142921748,1398.6530901434026,1049382
2018-10-29,1385.9796142578125,1391.8254928195283,1358.4010172814112,1391.8254928195283,1478828
2018-10-30,1421.8138427734375,1431.2297628291433,1376.6527259922873,1386.8720362069837,1366068
2018-10-31,1447.3839111328125,1449.4367284041223,1394.0564206635106,1421.7689090811373,1478902
2018-11-01,1434.844482421875,1449.8832620886358,1413.3350018316653,1449.8832620886358,1037308
2018-11-02,1462.333740234375,1471.035717342121,1435.3799675417902,1437.5665746200211,1332970
2018-11-05,1463.7618408203125,1469.9647450110865,1436.941857600394,1459.2546193643755,764645
2018-11-06,1456.5323486328125,1476.212247139525,1445.9561218563522,1472.6422054293932,656676
2018-11-07,1467.1531982421875,1469.919958690482,1458.7190185475918,1463.717054994353,114827
2018-11-09,1492.81298828125,1499.4175875399826,1462.1999445717279,1472.6422734767687,1125863
2018-11-12,1476.480224609375,1501.1580537926882,1471.9283337124582,1492.2776175311353,805817
2018-11-13,1491.474365234375,1498.1681943904289,1460.6381909582462,1467.3765802725816,673435
2018-11-14,1531.1014404296875,1552.5216879203972,1488.7518696995353,1492.2772418527761,1780843
2018-11-15,1522.6676025390625,1542.6151906919551,1514.2779819366651,1533.1099319495859,997169
2018-11-16,1507.53955078125,1533.3331275099629,1502.363054951864,1521.64126107487,1071547
2018-11-19,1518.5172119140625,1523.5152483496581,1496.7399364278715,1511.2878994849848,910054
2018-11-20,1511.9124755859375,1526.1034114027864,1503.9245518358532,1518.1600477991024,740827
2018-11-21,1508.2978515625,1522.622686536546,1498.2571099308846,1508.387189758441,932133
2018-11-22,1495.0443115234375,1520.5700899442202,1484.244956301072,1510.9310419474048,808599
2018-11-26,1556.538330078125,1561.8933931403203,1497.721865655205,1497.721865655205,2314140
2018-11-27,1546.988037109375,1554.3065774719325,1525.5231223335634,1551.9860726459267,1592918
2018-11-28,1546.006591796875,1560.108300795578,1532.2173486217441,1544.9356228130125,1205956
2018-11-29,1578.4046630859375,1588.6685328204517,1550.736840323334,1558.233949571393,1936534
2018-11-30,1565.46337890625,1605.0016366737464,1554.976380786439,1580.591387933513,2373749
2018-12-03,1629.3670654296875,1640.7020135815812,1560.152944989579,1579.2972506764318,4310053
2018-12-04,1613.3465576171875,1650.207174309933,1607.4113412580498,1637.7566969508725,3155914
2018-12-05,1649.448486328125,1655.428371514861,1595.8086318461442,1609.1962881535783,2847336
2018-12-06,1607.8575439453125,1648.4667686189243,1604.4214005704277,1642.2191955922149,2399579
2018-12-07,1628.2069091796875,1635.7485791418826,1599.468006408348,1607.6791681783163,1774240
2018-12-10,1602.770263671875,1619.9064202402606,1597.5936596308907,1603.66277409625,1216028
2018-12-11,1601.966796875,1624.2795548989177,1579.832497335668,1589.560881623899,2237806
2018-12-12,1641.4158935546875,1646.726395929323,1602.9040470967757,1602.9487161974384,1449484
2018-12-13,1656.0977783203125,1666.7185653188412,1639.5863353019606,1649.359280968347,1586900
2018-12-14,1660.560546875,1665.2907874191305,1635.7487100129606,1639.5418798493022,1573884
2018-12-17,1651.7689208984375,1668.5481596648333,1646.7263243977957,1664.5318629445917,1179613
2018-12-18,1642.8885498046875,1650.1625314917671,1635.9715940741503,1650.1625314917671,1521255
2018-12-19,1646.50341796875,1658.2845130176788,1644.004344983081,1651.0997598956574,1687085
2018-12-20,1637.08740234375,1655.517766158035,1625.2616380907557,1641.3268272646346,1500656
2018-12-21,1609.642578125,1644.539714530197,1606.5187915858053,1635.9716360982118,1439522
2018-12-24,1592.81884765625,1619.0140084171844,1586.4820450470697,1619.0140084171844,1023418
2018-12-26,1599.0216064453125,1605.3138483275884,1554.0837297189094,1570.8182996728099,2212019
2018-12-27,1619.8173828125,1627.0466963162532,1600.4052787834937,1608.9286889762316,1516851
2018-12-28,1626.19873046875,1637.667468112837,1620.5312018772122,1622.4947902625502,963189
2018-12-31,1624.0565185546875,1639.452322456094,1616.559409647677,1633.2939791057274,757071
2019-01-01,1607.5006103515625,1628.6531741840056,1605.046206521465,1628.6531741840056,807345
2019-01-02,1592.774169921875,1614.4175489138106,1580.903845988501,1599.7357951978631,1598707
2019-01-03,1596.1656494140625,1609.5978658025008,1590.989045422788,1590.989045422788,1182624
2019-01-04,1590.1856689453125,1608.303672879781,1581.6622603546782,1605.5369125464285,1454134
2019-01-07,1593.0865478515625,1610.088916183558,1590.8552716373392,1598.9325351124412,909032
2019-01-08,1580.5020751953125,1600.71745825045,1571.800098491693,1599.3786926037392,1262707
2019-01-09,1593.131103515625,1603.8412285812763,1582.778004408634,1586.437275349593,1324628
2019-01-10,1594.2022705078125,1605.7156781736296,1587.7762382496555,1593.1313014477996,1313981
2019-01-11,1579.2078857421875,1602.413155586633,1569.5241699238288,1602.056129645376,1113837
2019-01-14,1574.29931640625,1589.338096767521,1570.90773287565,1580.6361192617042,1018068
2019-01-15,1597.4598388671875,1600.6282946072229,1577.4230224463815,1577.4230224463815,1614600
2019-01-16,1582.0194091796875,1601.8777662836346,1576.8874741977684,1597.5936726321609,2054033
2019-01-17,1563.23193359375,1587.9990966866571,1555.1993401582126,1585.9017190794043,1941204
2019-01-18,1556.6275634765625,1578.7171986668284,1541.6334522319862,1561.8933972915243,3234056
2019-01-21,1559.1265869140625,1569.033431500625,1549.4428699485895,1561.0008371414067,1628067
2019-01-22,1562.0718994140625,1566.355993574395,1554.083973681718,1558.3233987355518,1776472
2019-01-23,1577.24462890625,1592.283519104975,1561.3580061983514,1563.6785118805115,2321782
2019-01-24,1570.3721923828125,1592.2833682858122,1567.8731194547072,1576.8875624781376,1350870
2019-01-25,1567.96240234375,1587.5529631441889,1561.893287703348,1572.6034131047425,1131790
2019-01-28,1555.6458740234375,1581.1270935659734,1553.1022407696616,1569.8368134248192,1289774
2019-01-29,1567.8731689453125,1574.254640880024,1540.5623691359494,1557.4308395605385,1319822
2019-01-30,1547.0330810546875,1571.4878909818815,1542.3474008458816,1570.8185080949092,1259978
2019-01-31,1573.718994140625,1584.1167622975013,1548.7287024429431,1549.3088560043016,1880257
2019-02-01,1605.8939208984375,1635.5252210230406,1572.1123168957188,1573.7188791098915,2342251
2019-02-04,1608.83935546875,1627.046590892238,1601.7885009482532,1606.4296207733169,1116390
2019-02-05,1625.6630859375,1637.711976792852,1610.9366637809585,1610.981332882256,1278708
2019-02-06,1633.2496337890625,1639.0509523512617,1624.3691974157741,1631.8663078090399,859789
2019-02-07,1641.3712158203125,1646.6816088655019,1631.821289629839,1636.8639949373064,927434
2019-02-08,1621.9593505859375,1648.466868453574,1616.3364909417555,1641.416013820896,1222765
2019-02-11,1610.802978515625,1620.2635679349946,1602.7257149885538,1616.3811690870734,797453
2019-02-12,1601.6099853515625,1617.228918059087,1596.7011779291977,1615.443897178227,990035
2019-02-14,1593.1759033203125,1605.180125903278,1585.9911502530579,1602.94884966488,1341658
2019-02-15,1582.24267578125,1597.5938129743497,1559.6621162975844,1597.5938129743497,1177218
2019-02-18,1563.5892333984375,1584.2954343015658,1548.5057835155956,1584.2954343015658,1513430
2019-02-19,1551.1385498046875,1570.4614235446481,1544.4447211845418,1561.8933447006684,1598381
2019-02-20,1547.1668701171875,1558.2785816762887,1536.902999908738,1555.3779227043353,1430235
2019-02-21,1566.088134765625,1569.033463002753,1549.7105888386516,1550.2907424549387,1225418
2019-02-22,1578.449462890625,1582.4210909719393,1563.6337016704085,1570.8184546591162,1360163
2019-02-25,1579.8775634765625,1584.920269847073,1569.9260491071382,1581.5286861954798,1490746
2019-02-26,1581.7513427734375,1593.9341298778718,1572.6031124089698,1573.8526485900159,2190515
2019-02-27,1549.8443603515625,1587.7760535936825,1542.7489460188237,1587.7760535936825,1491740
2019-02-28,1546.408447265625,1567.8287007567626,1541.9012253472476,1561.000973166654,1895136
2019-03-01,1548.1929931640625,1561.0004940095014,1544.979977916452,1548.50534997512,761115
2019-03-05,1539.2235107421875,1552.7897350438138,1532.8867082939225,1552.7897350438138,1406843
2019-03-06,1517.0892333984375,1544.0430041102318,1515.4380019862676,1540.5621917331264,2193045
2019-03-07,1522.0872802734375,1535.117910514746,1517.0892437499385,1522.935121586263,1566441
2019-03-08,1518.69580078125,1533.3329943447784,1512.8944827002017,1522.6228686566892,1419614
2019-03-11,1530.61083984375,1540.4731244576965,1519.945382938272,1525.077318318128,1427771
2019-03-12,1548.3272705078125,1552.0757710561081,1534.0471024014885,1534.1363316623456,1861116
2019-03-13,1559.751220703125,1566.8020749578507,1553.9499028522416,1561.000757106967,1744331
2019-03-14,1550.558349609375,1563.4104121116022,1544.22143865875,1562.562570817713,867427
2019-03-15,1515.839599609375,1558.7693256370005,1512.3141183589075,1557.4305601125484,3571762
2019-03-18,1515.0811767578125,1527.0407297768377,1505.575918557681,1526.1928884184397,1621113
2019-03-19,1516.955322265625,1525.657298660553,1506.7360128221674,1515.125632367082,1456211
2019-03-20,1506.1558837890625,1531.994014825949,1502.4965041971157,1521.7301458073075,2312268
2019-03-22,1497.677001953125,1520.7037030841402,1493.7944948607021,1506.155850083126,1636228
2019-03-25,1493.9287109375,1506.111501315728,1481.5674620350273,1494.0626093052022,2039945
2019-03-26,1502.80908203125,1509.726037755208,1494.0624363748932,1499.328269619066,1452899
2019-03-27,1500.1314697265625,1524.2292496563387,1494.9548660138917,1502.9874593238171,1520533
2019-03-28,1502.8984375,1510.1277506868857,1493.5270773450281,1503.880177250238,1852958
2019-04-01,1508.3427734375,1536.3229563502164,1504.7727313701923,1526.1929837740383,1283162
2019-04-02,1505.7989501953125,1514.5901558866412,1499.5067082662622,1511.1540126203683,1227869
2019-04-03,1491.2064208984375,1505.308019858469,1489.2875017473475,1501.2024938055235,1233102
2019-04-04,1487.413330078125,1505.3080991836978,1479.7823221712729,1488.7074266475774,1212398
2019-04-05,1480.76416015625,1491.8313122312306,1472.6423363335512,1490.4925464709274,1468074
2019-04-08,1485.940673828125,1499.19443225501,1478.8005902097054,1485.940673828125,1647502
2019-04-09,1499.86376953125,1502.8983267667002,1483.5754542715385,1489.4214411361415,1232434
2019-04-10,1512.046630859375,1521.4179907715613,1494.9550336106763,1503.6123415689883,1720236
2019-04-11,1526.5499267578125,1531.994218824592,1515.5274442642028,1519.9453275026394,2026954
2019-04-12,1536.5906982421875,1539.3127898519324,1526.3713878198357,1531.9050181960836,1437818
2019-04-15,1536.9478759765625,1545.1142605611392,1528.9598409779423,1539.5807385875728,1035378
2019-04-16,1551.6741943359375,1554.7533120229582,1531.6819370758005,1540.4731438298656,1625738
2019-04-18,1552.87890625,1556.6274064457402,1543.3736484584124,1551.6740389691568,1475552
2019-04-22,1552.8343505859375,1557.4308013884379,1544.132373328896,1552.9682489489296,717781
2019-04-23,1556.716796875,1560.1083804120324,1546.809951947088,1554.7533173213733,802947
2019-04-24,1564.2138671875,1566.3559141590629,1548.5057043110965,1557.0737832483135,1169461
2019-04-25,1547.791748046875,1573.1390693881724,1541.5441742137614,1567.2485215639022,1704890
2019-04-26,1559.528076171875,1562.6073025210421,1540.6068986585235,1551.1831254513409,772993
2019-04-30,1568.765625,1572.6034636384359,1557.3861163953518,1561.8933378928846,1171594
2019-05-02,1538.2864990234375,1573.0497390384608,1535.3411708260496,1567.6946760970534,793819
2019-05-03,1511.5111083984375,1541.365539217686,1501.2025691743763,1535.117966099838,1442888
2019-05-06,1489.5106201171875,1505.6650364780962,1477.997214231018,1505.6650364780962,2373878
2019-05-07,1515.03662109375,1526.9962839572877,1492.723857896493,1498.3467178018175,2212617
2019-05-08,1507.182373046875,1515.036508689206,1494.955023301573,1515.036508689206,1243338
2019-05-09,1520.6146240234375,1528.8703453864407,1496.7399703520498,1499.5067308568728,1204995
2019-05-10,1506.06689453125,1525.3005405976305,1498.0789686326057,1525.255871490202,1000696
2019-05-13,1519.052734375,1532.440390670902,1507.1823022130234,1510.127630177732,1160287
2019-05-14,1515.9288330078125,1526.192702056732,1499.5958499851422,1517.2675985359324,1442817
2019-05-15,1491.4298095703125,1519.9454782814125,1487.7704291280756,1517.2679466109228,1235429
2019-05-16,1506.736083984375,1517.2677507752499,1492.455916918255,1494.6871930223363,714690
2019-05-17,1550.1121826171875,1554.9316518552484,1504.0585565505837,1508.4318795157028,1502484
2019-05-20,1581.974853515625,1585.6787938623233,1548.3718115651052,1570.8184723201691,1279236
2019-05-21,1593.3543701171875,1604.2429546375197,1582.3318872320485,1582.3318872320485,1337466
2019-05-22,1578.2261962890625,1593.13107650646,1559.5280378928635,1593.13107650646,1162653
2019-05-23,1565.329345703125,1610.8920452741327,1557.430650440552,1593.9789077982152,1551172
2019-05-24,1561.5362548828125,1570.6399268034766,1541.4547698432984,1565.4633226359012,1603085
2019-05-27,1581.48388671875,1585.0539286054814,1549.3981788413657,1561.0008149732423,1373845
2019-05-28,1585.90185546875,1594.0236788511418,1565.9095994089184,1584.2060638078256,2863139
2019-05-29,1589.427001953125,1597.0133397703553,1580.1003125691946,1584.2058383040105,899619
2019-05-30,1592.4619140625,1599.3788706739526,1589.5612548383424,1595.8088285519125,1038433
2019-05-31,1596.2550048828125,1608.8840500548345,1574.3884979666095,1594.6484424277228,1329926
2019-06-03,1641.9512939453125,1646.6816425142572,1599.3785926208936,1601.1636133715865,1415582
2019-06-04,1620.4420166015625,1647.1281019229302,1612.8556774705169,1634.1866998758521,842283
2019-06-06,1640.2110595703125,1651.0550831959388,1617.3181450159968,1626.287918509188,1626007
2019-06-07,1633.9635009765625,1646.4586472355668,1619.9064614351828,1635.971649482474,698970
2019-06-10,1653.3756103515625,1664.4873218860541,1637.7566774602521,1642.0407712043377,814577
2019-06-11,1642.0406494140625,1657.2133259545483,1635.1682540821944,1655.695992931087,591026
2019-06-12,1648.555908203125,1654.044868853552,1626.1985884573178,1640.434085499975,709916
2019-06-13,1647.1279296875,1649.9839193644611,1627.091114951485,1648.5113643757602,697830
2019-06-14,1627.0020751953125,1654.0451886336093,1621.1115273129333,1644.8969554305904,632971
2019-06-17,1622.628662109375,1634.9899100132723,1610.6243312251336,1634.9899100132723,669276
2019-06-18,1615.086669921875,1622.7176768161,1600.2710202470373,1615.8899510079536,995083
2019-06-19,1616.9609375,1628.786699491116,1608.3036307917705,1621.5128273878688,600455
2019-06-20,1622.669677734375,1626.6250185421443,1610.4887116833268,1617.230919519009,603514
2019-06-21,1588.1494140625,1628.9172719626195,1582.441033870185,1627.119350028886,2512357
2019-06-24,1586.1715087890625,1597.9928665167856,1579.20456184622,1590.2618247597577,762144
2019-06-25,1578.9798583984375,1590.891090545884,1568.686799795786,1590.891090545884,941132
2019-06-26,1583.0704345703125,1586.6662788282802,1569.9456249760217,1575.878746054377,1075017
2019-06-27,1595.1163330078125,1606.9376914578324,1582.3960136070148,1589.3629609755444,1235049
2019-06-28,1606.9827880859375,1609.7246632462413,1584.6436274256405,1597.6785629511953,1008229
2019-07-01,1600.330322265625,1617.1409587440503,1593.5432325831102,1617.1409587440503,553283
2019-07-02,1608.4210205078125,1616.3319214148805,1591.1610127387867,1603.7464670768336,763979
2019-07-03,1604.3756103515625,1615.2980081598319,1597.363780578975,1611.8370303487038,815571
2019-07-04,1612.37646484375,1616.96114410221,1600.6450893650244,1600.6450893650244,646633
2019-07-05,1610.398681640625,1632.5130992537113,1605.5442705215464,1618.12972392989,1098940
2019-07-08,1576.3729248046875,1604.420460896081,1572.0128766651544,1604.420460896081,776755
2019-07-09,1564.4169921875,1578.5756289505819,1549.8987490513975,1574.979784693291,1462668
2019-07-10,1544.9542236328125,1577.5865491022507,1531.0203292964388,1563.293048448618,648476
2019-07-11,1556.0115966796875,1566.5743882927823,1535.4253680992174,1535.4253680992174,813618
2019-07-12,1540.099853515625,1562.6188691765612,1535.6500407138562,1552.325810207873,1107445
2019-07-15,1543.470947265625,1550.4378945742196,1530.0315250616875,1541.7180173212655,725180
2019-07-16,1565.3609619140625,1573.7212340596568,1539.6955793590205,1549.3594109036765,1259786
2019-07-17,1582.800537109375,1587.160585606131,1551.4717692298977,1564.192088911728,1278232
2019-07-18,1563.4281005859375,1587.5651823453125,1536.3244035266925,1587.5651823453125,1006299
2019-07-19,1546.572509765625,1583.9242730732858,1536.4591986240555,1571.3838111523194,983217
2019-07-22,1510.8836669921875,1550.4379498975352,1491.421249669964,1548.2805313464012,1729722
2019-07-23,1522.255615234375,1529.6271614110203,1498.837746598092,1512.9513906615543,1556691
2019-07-24,1553.989013671875,1557.0005111890664,1508.9959700168934,1514.7493425828966,2621818
2019-07-25,1561.1807861328125,1573.0920204779356,1553.404750820591,1555.2026729858926,1297267
2019-07-26,1555.7869873046875,1565.9901734334405,1545.5838011759347,1556.1914758888902,771408
2019-07-29,1540.1898193359375,1564.012284198598,1528.2335949631197,1554.303462171314,688427
2019-07-30,1546.1231689453125,1559.1131125349557,1532.7286270315865,1541.718237747314,747251
2019-07-31,1552.1910400390625,1575.9236325001355,1529.177660276018,1545.3139664088012,1371879
2019-08-01,1556.3712158203125,1568.417205374077,1537.2233027164575,1547.1118736696042,1072498
2019-08-02,1561.89990234375,1565.9902191989288,1533.627619950271,1548.1907457175826,1051529
2019-08-05,1565.2708740234375,1576.2831464473381,1535.1556800478727,1553.3147583765024,1539739
2019-08-06,1567.8780517578125,1582.1715553700965,1553.0003112125457,1556.551163706433,1409075
2019-08-07,1597.6785888671875,1606.3535852877212,1564.1922884393903,1567.8780069418692,2507314
2019-08-08,1620.9166259765625,1624.4225959727155,1600.6001284612173,1600.6001284612173,1761732
2019-08-09,1655.3018798828125,1660.0664172629888,1618.9389499109225,1622.6246682072046,1730596
2019-08-13,1640.379150390625,1652.2903841172592,1620.0626529249398,1652.2903841172592,1907934
2019-08-14,1653.2340087890625,1666.8082957892796,1625.950458976291,1641.5025257047591,1910376
2019-08-16,1643.8848876953125,1660.875270817586,1632.5580021926098,1652.2901502446446,1468390
2019-08-19,1636.9180908203125,1658.5830287609022,1628.0183550601594,1645.233479988897,905742
2019-08-20,1657.144775390625,1662.8081640061107,1629.8163382840214,1637.906987508818,1231835
2019-08-21,1663.0777587890625,1668.2467842555689,1650.4923054793073,1656.695157986404,1933855
2019-08-22,1682.94482421875,1690.046637889084,1655.7962465897915,1663.482297106408,2543055
2019-08-23,1672.067626953125,1687.6645799131643,1663.6623627111637,1685.3273030270814,1278546
2019-08-26,1686.9453125,1693.3727958762915,1663.0778539980427,1678.809671535862,855849
2019-08-27,1673.325927734375,1698.1372279100708,1655.8410714833765,1693.6424231776462,2510386
2019-08-28,1643.3907470703125,1661.639701096212,1629.3669760102885,1649.5936005400715,2519453
2019-08-29,1647.750732421875,1657.3696821976232,1630.8053373454818,1633.412346527188,2837369
2019-08-30,1691.754638671875,1695.7999629586388,1642.53652651625,1648.874135390313,1766858
2019-09-03,1655.751220703125,1686.2710111088718,1649.593360080088,1674.7642669368959,1195923
2019-09-04,1660.0213623046875,1671.2134926076956,1633.6818708203457,1660.3809686523352,1147464
2019-09-05,1644.8739013671875,1657.6391037627639,1634.4459756408287,1655.8861736949634,1059065
2019-09-06,1635.3450927734375,1657.0999073094347,1630.8951695253054,1645.9977597683928,631575
2019-09-09,1648.7393798828125,1670.2694508143943,1631.9737361606644,1635.2099736444475,1175372
2019-09-11,1639.974609375,1660.8754527929793,1633.6818823244255,1645.9976042288265,1055039
2019-09-12,1622.9840087890625,1648.3346619305676,1616.781156715926,1641.5025811305427,862635
2019-09-13,1623.118896484375,1640.6036420904347,1612.376247890194,1623.5233849946987,1299932
2019-09-16,1632.7828369140625,1640.3790131378648,1618.1297293591763,1619.0286903199312,945889
2019-09-17,1646.17724609375,1655.8860682385864,1628.9172397656453,1631.3893823756648,1424258
2019-09-18,1644.3795166015625,1657.6391921522504,1634.8955433207414,1653.6388593552697,751391
2019-09-19,1629.5916748046875,1657.3246017845643,1625.546350001697,1645.0987532161512,644684
2019-09-20,1770.728515625,1790.7303988450312,1627.344229171294,1638.8059824771547,4539742
2019-09-23,1833.6556396484375,1888.4022749648518,1783.5385655411203,1783.5385655411203,3783357
2019-09-24,1843.2745361328125,1858.9613616676152,1806.1025207789573,1838.3752425838316,1784798
2019-09-25,1844.21826171875,1854.0618395477047,1808.574440562519,1834.7791723948178,1874109
2019-09-26,1828.846435546875,1865.3442332968616,1813.15949892378,1847.3650117711086,3907951
2019-09-27,1807.720703125,1838.0606369803622,1802.866291760852,1821.2949923248498,1458672
2019-09-30,1781.6956787109375,1814.0133919342582,1772.2117061696542,1805.0237820924078,2169407
2019-10-01,1789.2020263671875,1815.8112485947413,1782.6395675240844,1788.033333235201,1080409
2019-10-03,1763.8065185546875,1784.7073623333106,1760.4802969286907,1784.2128898762244,1423468
2019-10-04,1747.760009765625,1777.5157079735488,1743.1753304097233,1767.3574043287556,1723988
2019-10-07,1744.029296875,1764.6154155718868,1732.8821587518607,1747.535156915343,880275
2019-10-09,1751.176025390625,1764.390708176354,1745.1080386496667,1752.9739473879458,1066739
2019-10-10,1769.8297119140625,1782.190427362351,1740.0291287223497,1751.1762686011905,1492290
2019-10-11,1802.1021728515625,1813.114444993122,1775.8974380123166,1785.2016623234058,1934337
2019-10-14,1810.7325439453125,1826.1946322368276,1803.5408545564271,1818.0590994575339,2135148
2019-10-15,1855.8150634765625,1867.411792453142,1821.1152993848484,1842.8701124272125,5761733
2019-10-16,1861.7484130859375,1869.8390628772333,1845.2076168573462,1856.624378779368,1661705
2019-10-17,1891.279296875,1895.0098974513105,1853.6126971157255,1858.6019748484746,2001245
2019-10-18,1893.975830078125,1902.2012343942251,1879.4574800884154,1887.817860221112,2202270
2019-10-22,1912.4049072265625,1931.867326472355,1898.6057671054507,1905.797455617214,1737401
2019-10-23,1927.67626953125,1931.471486316537,1895.8231869103774,1915.2060824250275,1535786
2019-10-24,1927.766357421875,1942.811764937455,1913.940722599829,1934.679064526089,973453
2019-10-25,1938.3839111328125,1948.6852426724242,1924.1064606413352,1940.597768630564,1612038
2019-10-27,1933.5498046875,1941.0047811514196,1928.8057287559147,1941.0047811514196,85187
2019-10-29,1952.029296875,1955.417922941448,1907.9319322075514,1929.257773831203,1229516
2019-10-30,1960.34228515625,1969.9208878103216,1935.582817288857,1969.9208878103216,1195298
2019-10-31,1965.7196044921875,1976.4727569865167,1951.2162398758462,1956.3669077041072,1752830
2019-11-01,1969.333740234375,1973.8066818997686,1939.558840163935,1956.456962965537,1609685
2019-11-04,1950.1763916015625,1976.1108474389478,1942.6311848567395,1969.3335967386477,1523698
2019-11-05,1962.8272705078125,1966.0804391075274,1936.6219009873628,1945.9745952513204,2167085
2019-11-06,1969.4241943359375,1973.5357713155793,1947.3303970627624,1957.2703666069342,1093243
2019-11-07,1932.1942138671875,1978.9572446482593,1922.9319710554776,1978.9572446482593,1970785
2019-11-08,1885.3409423828125,1938.4294132174612,1882.2686765714623,1929.2576209697897,1537851
2019-11-11,1880.777587890625,1897.675489449001,1868.7592187647597,1880.7323620949533,1050170
2019-11-13,1889.4976806640625,1893.0217631285925,1872.7352348309937,1883.1722460563876,868433
2019-11-14,1869.662841796875,1889.136186849922,1862.7951393022126,1889.136186849922,1291198
2019-11-15,1859.4066162109375,1896.7267240318645,1852.9457249057405,1863.518192774994,958290
2019-11-18,1858.05126953125,1875.3559844577937,1841.6051829718976,1861.304438570973,1200573
2019-11-19,1841.3790283203125,1861.5300980013963,1834.3758692137085,1861.5300980013963,1413218
2019-11-20,1831.21337890625,1855.024211061992,1822.6740860289008,1847.026965943437,989673
2019-11-21,1851.2286376953125,1861.4397401262588,1822.628726342973,1831.6650611290065,1397175
2019-11-22,1832.8848876953125,1855.3401568842032,1814.4959690346368,1852.448573964644,835864
2019-11-25,1863.653564453125,1867.7651408294303,1827.2372021055287,1827.2372021055287,862520
2019-11-26,1859.994140625,1880.2354431893148,1836.4544433507224,1860.58141416643,3188224
2019-11-27,1891.5306396484375,1897.539713592722,1857.7348382854552,1863.7891380230642,1259986
2019-11-28,1886.0186767578125,1896.1395490147545,1867.8105489599561,1895.777963226344,1026831
2019-11-29,1839.1651611328125,1883.6238816919006,1835.2794932675702,1883.1720649776546,1298616
2019-12-02,1846.3035888671875,1863.2919397147575,1833.697947946737,1841.6047396404829,1600494
2019-12-03,1832.9755859375,1855.2502872036264,1825.4754930200727,1844.3162320752008,1199012
2019-12-04,1850.6414794921875,1854.2560136318207,1827.1470075845718,1831.6651752591133,1046309
2019-12-05,1841.108154296875,1850.4608498964556,1831.9363619003811,1850.4608498964556,961085
2019-12-06,1830.8067626953125,1851.5451081440337,1827.1470027658547,1847.026940481408,657658
2019-12-09,1814.631591796875,1836.2284539930292,1799.3149381531716,1834.3759612394924,964222
2019-12-10,1830.1739501953125,1844.857993471374,1817.2068325021228,1820.7310249497407,1610623
2019-12-11,1816.7099609375,1834.3760403254332,1805.4597677685792,1832.478432000255,967708
2019-12-12,1813.90869140625,1838.4423630905733,1809.0742742233117,1816.3033422521762,955318
2019-12-13,1812.869384765625,1828.9541043116462,1807.2669014937214,1823.9388945372739,1212988
2019-12-16,1784.450439453125,1817.207157230148,1778.4864797950893,1807.26718769781,1683941
2019-12-17,1772.341552734375,1802.703616436967,1762.0853345153555,1788.290706156866,2189167
2019-12-18,1742.7025146484375,1777.0857047986344,1723.545417339845,1771.1217454721857,3986106
2019-12-19,1763.0794677734375,1776.9051057634626,1744.0580469701858,1745.7297470430995,2035095
2019-12-20,1755.850341796875,1771.031429670736,1745.3229888009462,1762.0854353988832,2169685
2019-12-23,1762.4466552734375,1772.9287809485697,1757.024854720078,1761.4074547726807,807062
2019-12-24,1758.8321533203125,1775.4590307121139,1753.4103526690828,1763.8924785334304,790621
2019-12-26,1757.5218505859375,1765.9256858707981,1751.6934589026696,1762.8081945624117,862164
2019-12-27,1761.994873046875,1766.1063390295544,1747.6270792378991,1759.2839727171367,937907
2019-12-30,1750.56396484375,1765.92573405389,1741.7535383849931,1761.9949504644244,1117498
2019-12-31,1737.68701171875,1759.0127376951218,1735.0664528222426,1753.04877937305,706593
2020-01-01,1749.9315185546875,1752.9586687529322,1733.169072815313,1744.012674939288,543035
2020-01-02,1751.2869873046875,1764.4347888346845,1744.0126933470121,1753.0490285457015,663275
2020-01-03,1741.70849609375,1753.049141622339,1733.8469280865274,1751.1515331695784,1598825
2020-01-06,1730.8646240234375,1743.4703766627408,1727.069407708035,1741.6178839928325,683129
2020-01-07,1735.6087646484375,1744.9162335279432,1733.1689983980295,1734.2985402374443,808935
2020-01-08,1743.42529296875,1749.4797036785671,1722.732063498574,1725.9400065864254,1889685
2020-01-09,1748.576171875,1759.6456830323164,1744.9164118186238,1754.4497900401066,1544334
2020-01-10,1765.699951171875,1768.8626685869729,1745.503763453972,1753.8623737653024,1003336
2020-01-13,1802.6131591796875,1805.3240595199252,1768.4106552817188,1772.0251890687025,2040089
2020-01-14,1815.2188720703125,1820.7761294002678,1791.3629275389096,1803.2005033698772,1610737
2020-01-15,1826.8304443359375,1831.6648608565106,1804.8721090840509,1817.3422938480276,1559491
2020-01-16,1851.7708740234375,1856.695632273982,1821.815402664098,1827.1468621570773,2468958
2020-01-17,1861.7559814453125,1865.008929392799,1843.457404669706,1856.9666801911935,994719
2020-01-20,1864.0604248046875,1875.8526653058454,1852.4486462643533,1861.9367978671708,829399
2020-01-21,1857.328125,1875.039429057273,1854.3913162556935,1861.259018795527,750000
2020-01-22,1853.98486328125,1864.647783022915,1831.8458418690566,1864.1959662594008,983169
2020-01-23,1858.68359375,1862.2531224427116,1838.894109028515,1854.029969631084,708017
2020-01-24,1873.86474609375,1878.6540477697165,1852.4939020497652,1858.7741107562804,914993
2020-01-27,1862.705078125,1869.3918780475383,1858.5482756129422,1866.9068858229434,429312
2020-01-28,1862.0274658203125,1866.0033653751598,1845.8522921735562,1863.2924646022177,777052
2020-01-29,1874.3165283203125,1884.79876497978,1863.3374697355785,1863.3374697355785,873433
2020-01-30,1859.7681884765625,1877.7504068219396,1851.9516263590915,1874.9490547356972,952768
2020-01-31,1838.2164306640625,1868.9399693847597,1825.3848792034416,1865.0995270446726,1930834
2020-02-03,1968.9722900390625,1983.972695293676,1874.949174542717,1874.949174542717,4012542
2020-02-04,1947.8724365234375,1991.7888917068883,1933.7756658539972,1967.2101049365197,1932121
2020-02-05,1952.1192626953125,1973.5353299831193,1946.3358766129033,1958.5349274163705,1514368
2020-02-06,1948.5950927734375,1984.6049741758216,1928.39901743629,1957.2700621809126,1302116
2020-02-07,1951.802978515625,1962.6918054448013,1935.2214374814494,1956.366371449353,908152
2020-02-10,1951.2158203125,1978.5507331220867,1944.348117609097,1951.9387712202756,1389847
2020-02-11,1945.20654296875,1969.6046471857771,1940.7336013183574,1959.9810387678522,777506
2020-02-12,2042.5279541015625,2053.0551955339124,1947.3300820315055,1949.2278005193104,4753325
2020-02-13,2063.3564453125,2068.3716548732764,2017.858635373308,2038.5969780619848,2950407
2020-02-14,2037.7388916015625,2076.188543475885,2029.7868721976554,2053.959069785318,1728651
2020-02-17,2035.524658203125,2068.416825283283,2027.0303719871317,2031.367856372573,1420851
2020-02-18,2019.0784912109375,2044.87727031553,2007.9639762735815,2035.524796481879,1194605
2020-02-19,2071.26318359375,2085.7665436046223,2025.2683323559115,2033.3558070617812,1299800
2020-02-20,2031.5941162109375,2069.275590889939,2026.3982233306026,2062.2724309207915,1555224
2020-02-24,2001.6834716796875,2044.018785432437,1997.1202994232708,2021.2472674893368,1409245
2020-02-25,2018.3555908203125,2060.0129569606943,2011.2619805945594,2024.0483045811302,2237493
2020-02-26,2020.705078125,2038.3259304118396,1990.117218190129,2023.0546133420328,2896154
2020-02-27,2037.6484375,2041.9406968794576,1987.993817854059,2025.9012013035895,2446802
2020-02-28,1965.1767578125,2014.5602354088492,1947.3299979703127,1979.951252307052,3837330
2020-03-02,1951.3511962890625,2025.9009554101224,1935.4473800447502,1978.9572421226787,1707337
2020-03-03,1957.8575439453125,1978.596110420215,1935.3119309830702,1962.6016200854374,1753148
2020-03-04,1966.1708984375,1974.4842819195107,1944.6191527602023,1969.0172555132344,1515878
2020-03-05,2004.25927734375,2040.9918940685372,1971.5930117226808,1974.4393692498168,2272645
2020-03-06,1977.9632568359375,2033.1753512874684,1951.170612118874,1974.4391744724971,2479414
2020-03-09,1917.058349609375,1960.5232064695872,1908.4738318995992,1933.7755683073592,2485118
2020-03-11,1947.329833984375,1960.3872915326858,1866.9064672908207,1866.9064672908207,2861629
2020-03-12,1857.8251953125,1918.4138638201268,1835.866968095354,1899.7989260246493,3655780
2020-03-13,1837.267578125,1915.7030096228534,1706.1503800466116,1780.1579853570856,3667035
2020-03-16,1754.765869140625,1842.6893401730792,1747.5368013324814,1807.2669520359038,2948679
2020-03-17,1810.9267578125,1886.786745931609,1763.8473642686517,1767.1005331105446,3732382
2020-03-18,1738.409912109375,1864.9185832384587,1725.3523437980386,1838.0354906235284,3910994
2020-03-19,1661.1495361328125,1716.0000464163336,1587.9552213567604,1711.7530130150215,5095006
2020-03-20,1853.98486328125,1878.5636510936893,1671.722025002371,1671.722025002371,4252245
2020-03-23,1689.5233154296875,1793.7575158452014,1671.7217816612088,1762.0851212104633,3574673
2020-03-24,1832.43310546875,1871.379685866418,1744.012592713031,1784.6760987607443,5788124
2020-03-25,1886.922119140625,1932.82674297995,1808.75793524497,1816.348478361834,3959038
2020-03-26,1983.3851318359375,2033.175427209963,1861.4850578011215,1887.69042997405,3201540
2020-03-27,1934.2723388671875,2049.1240009733533,1916.1544467569747,2023.2349947129762,2918646
2020-03-30,1973.851806640625,1999.7408166312698,1900.205680768303,1918.4138064655153,2809606
2020-03-31,2077.001708984375,2090.104395423476,1974.4393013403783,2019.4402961298151,2809269
2020-04-01,1969.604736328125,2100.8575066212056,1950.0863844393089,2072.2123678297153,2774626
2020-04-03,1946.5172119140625,2036.880571259896,1922.887061076925,2018.7174477859153,4121436
2020-04-07,2209.29345703125,2222.9384111336676,2006.066371023066,2006.066371023066,8510114
2020-04-08,2223.70703125,2362.3695754215682,2184.443971335211,2197.6371113180408,9791862
2020-04-09,2143.644775390625,2259.0839660560914,2119.0207601606135,2259.0387402540364,4770068
2020-04-13,2120.33056640625,2189.5037479220555,2091.911339842987,2151.5511447801955,3249551
2020-04-15,2247.83349609375,2274.084092679648,2152.0031218946306,2192.169585757716,29485531
2020-04-16,2201.342041015625,2282.7140753727335,2187.7875361547603,2228.3605991261406,5388243
2020-04-17,2155.166259765625,2257.9998134738244,2127.198842362263,2257.9998134738244,4540936
2020-04-20,2111.384765625,2186.7929323299313,2097.333221461889,2186.7929323299313,2985268
2020-04-21,2094.080078125,2148.8403536847077,2062.091542097772,2062.9951755518027,3227335
2020-04-22,2156.204833984375,2168.6750195176464,2056.3533393564617,2094.5770778028145,2837815
2020-04-23,2094.17041015625,2180.4674000893338,2085.6311186259104,2158.780198430758,4095570
2020-04-24,2063.0859375,2112.695333343742,2060.2845851256334,2088.2972264146224,2169013
2020-04-27,2096.8359375,2104.923411761869,2063.2208214096745,2082.8748465342383,2013715
2020-04-28,2069.275634765625,2113.282545188565,2048.537288604514,2113.282545188565,2164023
2020-04-29,2016.6839599609375,2070.856741378552,2006.9699003352716,2069.320608630244,3642151
2020-04-30,1983.4755859375,2053.055367312073,1951.8484125854213,2053.055367312073,8448047
2020-05-04,1881.9522705078125,1951.8484118344759,1866.9068605787163,1924.7394061145526,8474573
2020-05-05,1844.767822265625,1916.606686762376,1837.1772786725278,1898.7146990291342,4304136
2020-05-06,1816.48388671875,1873.2321105533679,1807.2668698054683,1852.4033157561337,5127656
2020-05-07,1800.0830078125,1813.5922833891605,1718.7107737948097,1762.1755194619066,185669922
2020-05-08,1888.096923828125,1895.823034176884,1839.7977586197026,1874.9942384155584,16100226
2020-05-11,1850.6414794921875,1912.5856024328823,1839.7526512738114,1882.2686532139778,11158755
2020-05-12,1817.7037353515625,1832.432892983456,1793.7122254426918,1825.3393931457115,14881008
2020-05-13,1803.4261474609375,1875.0390860485759,1785.037231979604,1875.0390860485759,8432979
2020-05-14,1812.734130859375,1831.25861867279,1789.781816580412,1796.423501125319,8510002
2020-05-15,1836.273681640625,1841.2888918750366,1812.6888684740875,1820.8215702768127,5491136
2020-05-18,1812.0111083984375,1850.5058741280077,1796.9655882920235,1844.7678233613813,7675561
2020-05-19,1785.1732177734375,1829.6771679656865,1778.4410819663528,1823.5324159991537,5963193
2020-05-20,1798.9986572265625,1816.3032600993204,1784.676088903561,1785.1731314307935,3926496
2020-05-21,1780.97119140625,1810.3392785764304,1766.7840800353335,1806.36326932895,4261625
2020-05-22,1796.3331298828125,1802.7941317323582,1769.3144650708753,1784.6762351966183,5339946
2020-05-26,1787.2064208984375,1825.3397113393307,1784.6762029184051,1811.7399827336017,4628932
2020-05-27,1805.5501708984375,1811.8756057368932,1772.0253883159874,1798.2307612181617,4261645
2020-05-28,1816.258056640625,1820.821449806292,1798.2306129600602,1807.266947698553,5500796
2020-05-29,1859.090576171875,1868.7141852537573,1807.267103727038,1815.3998056938096,8778345
2020-06-01,1905.35595703125,1936.4860787569585,1871.605166479901,1875.0390169951884,6592547
2020-06-02,1904.3170166015625,1920.2210533358202,1888.5938830455832,1917.5101530252284,3268728
2020-06-03,1916.1549072265625,1941.9084629237836,1884.0759167966908,1911.1849227937655,4895117
2020-06-04,1916.2449951171875,1926.9076922946388,1902.3741347692799,1911.184560046088,3264730
2020-06-05,1886.42529296875,1922.9319963839682,1884.0757577352322,1919.317462556179,2981853
2020-06-08,1908.202880859375,1919.769434164173,1877.840926624642,1903.9558473918157,4298456
2020-06-09,1903.50390625,1938.1131123045463,1893.1573471320148,1897.6302886897697,3127904
2020-06-10,1915.341552734375,1924.739252387904,1894.0157150258433,1911.9979324717128,2421659
2020-06-11,1903.865478515625,1932.1492533515489,1893.6996008631204,1911.1849986708942,2566927
2020-06-12,1904.1815185546875,1914.7992112076795,1866.0030066747797,1866.2289150290987,2338438
2020-06-15,1883.443603515625,1926.275748977021,1858.5936788966621,1911.049654805972,2830788
2020-06-16,1876.259521484375,1915.7030358400561,1858.7741248693374,1906.4860181865743,2806772
2020-06-17,1877.9761962890625,1896.7265901651592,1863.5632870467894,1875.9430210494859,2293301
2020-06-18,1866.319580078125,1883.9404337304052,1856.1084771722783,1870.74729608375,2326907
2020-06-19,1903.9853515625,1910.5814064179906,1871.459977619908,1891.4755923538107,4673528
2020-06-22,1911.3092041015625,1927.7764622000198,1898.7539110088385,1919.6793254569473,2487234
2020-06-23,1961.484619140625,1976.0869636411135,1912.037088289782,1924.2283278549517,4308814
2020-06-24,1938.14794921875,1980.544517051946,1933.3259623945744,1976.0865836804778,3023015
2020-06-25,1977.133056640625,1992.3722164717133,1921.4988395975292,1923.5914253713265,8208033
2020-06-26,1959.8924560546875,1983.3198220779548,1945.2447993078317,1983.3198220779548,3176048
2020-06-29,1986.049072265625,1997.8309450002614,1946.9731829476111,1957.2995080693659,3295039
2020-06-30,1983.365234375,2001.5157112473742,1974.2672287127293,1995.9205266127892,2373109
2020-07-01,1974.6309814453125,1994.1008460586872,1965.2602136818184,1986.0945569709102,1532931
2020-07-02,1957.66357421875,1981.2273225139434,1951.5224197510022,1972.2203848089673,2588838
2020-07-03,1977.6334228515625,1990.6436152176539,1961.8485164869187,1970.1731027211285,1946252
2020-07-06,1966.625244140625,1983.3654878509099,1958.8008694233986,1983.3654878509099,2375516
2020-07-07,1959.8470458984375,1979.2713792634086,1957.5725441985255,1979.2713792634086,2014667
2020-07-08,1988.8695068359375,1996.1023766757899,1933.3261396700334,1959.34652385636,3349938
2020-07-09,1979.589599609375,2019.711670269419,1975.2225125807195,1986.0945846417337,3039571
2020-07-10,2023.21484375,2030.6751650759686,1971.9474853897166,1974.2675216016362,3179516
2020-07-13,2060.92578125,2069.796336979914,2033.4043134725746,2037.0435158233086,4556662
2020-07-14,2033.1768798828125,2065.2018164062088,2025.7620938805235,2060.516432189197,2403256
2020-07-15,2069.9326171875,2084.3530446461396,2033.449748673682,2035.4512654450352,2474512
2020-07-16,2081.487060546875,2084.6258276938715,2036.1334190015746,2070.0234859621683,2495150
2020-07-17,2123.97509765625,2128.933466648303,2075.255229668709,2078.8944321758004,3088712
2020-07-20,2120.699951171875,2131.936078950341,2093.0876324962633,2123.975322622894,2816219
2020-07-21,2108.917724609375,2138.0313428956133,2099.8197188949257,2136.2117417527234,3037810
2020-07-22,2045.6866455078125,2119.8353942776084,2039.0905911693949,2119.8353942776084,6950011
2020-07-23,2011.8878173828125,2062.654517500585,2006.6109290285453,2056.149531503065,3936886
2020-07-24,2010.0225830078125,2019.7574053575236,1972.4933068947505,2001.561392696645,4203314
2020-07-27,2021.122314453125,2034.2688905306559,1987.6871377454265,2017.7105617278498,2209409
2020-07-28,2040.273193359375,2042.41109130228,2011.6144770803762,2029.7194185168623,1567837
2020-07-29,2030.0379638671875,2058.150711352917,2015.208170827313,2033.4041813991173,2404978
2020-07-30,2006.0999755859375,2044.8861125060569,2001.0746752694085,2038.718698481226,2044966
2020-07-31,2019.1654052734375,2030.1754250937022,1990.0187551578424,2007.8357274836358,1715659
2020-08-03,2014.2314453125,2031.1804549118158,1999.65812111128,2019.0740513507405,1683773
2020-08-04,2008.1097412109375,2027.388483790565,1987.369004082662,2019.1652663597824,1981720
2020-08-05,2005.14013671875,2019.1651562863688,1992.8053112450007,2011.9470883849006,1715477
2020-08-06,2028.8043212890625,2036.6164208144662,2002.8555965412793,2010.1193924593206,1824483
2020-08-07,2019.759033203125,2041.9160328065227,2014.6880051749351,2031.1344378702406,1777905
2020-08-10,2016.2869873046875,2034.5608016226183,2009.0231907271145,2026.5660078585236,1476289
2020-08-11,2019.85009765625,2040.2711724206174,2015.6015254634492,2018.3883264927813,1665204
2020-08-12,2005.6427001953125,2018.3886418340676,2000.982788036654,2010.1654248969307,1170430
2020-08-13,2008.885986328125,2025.652300050968,2001.850612488888,2010.119558011786,1453227
2020-08-14,1986.2723388671875,2024.7388107355846,1978.1863091368577,2013.7745211467636,1341664
2020-08-17,2006.510986328125,2013.4549034677748,1981.2472985883642,1992.7598933899098,1559579
2020-08-18,2023.23095703125,2025.4694544844754,2000.0688100897269,2013.7741696837634,1339001
2020-08-19,2004.2720947265625,2029.763977122502,2000.9827188378479,2015.6017706649739,1585107
2020-08-20,1997.053955078125,2008.109703086121,1988.328163245092,1997.3281069344225,1768939
2020-08-21,2011.992919921875,2018.0688746627388,1998.6529446882623,2009.206118299964,1374411
2020-08-24,2005.002685546875,2020.763849356964,2002.078920062573,2015.6015863801033,1665474
2020-08-25,1991.0235595703125,2008.2007668442657,1987.2773383485737,2005.0028492883023,1774886
2020-08-26,1994.404296875,1997.328062783107,1973.5721022925486,1993.7647579371392,2148146
2020-08-27,1983.85107421875,1999.1553945379965,1978.140506935449,1993.7647082501742,2172203
2020-08-28,1966.217041015625,1994.038883647063,1959.8669340250206,1990.9324238883544,1939520
2020-08-31,1934.6031494140625,1980.4246501306518,1919.3443358228876,1966.2624438667417,3534275
2020-09-01,1975.07958984375,1987.1859927062371,1929.4865090458472,1964.3894523072859,1738003
2020-09-02,1956.8056640625,1996.4142464636573,1952.145975177616,1983.6225762345994,1667810
2020-09-03,1954.5213623046875,1968.5008745614539,1944.3795294247327,1967.1760676666104,1590711
2020-09-04,1941.27294921875,1956.120423802683,1931.542232026738,1932.4559227703646,1590491
2020-09-07,1975.9478759765625,1986.3638621992975,1922.1770814635568,1942.5067024083287,2362992
2020-09-08,1957.3538818359375,1983.9423701586197,1947.211825943199,1968.0897474499286,1804209
2020-09-09,1948.217041015625,1959.1356005242903,1927.8874224612352,1938.8517111197825,2009898
2020-09-10,1949.7244873046875,1958.5874655126374,1935.3795879888048,1957.125471171177,2137794
2020-09-11,1972.88671875,1981.7952034126433,1941.1359657216046,1941.5928110889197,1934110
2020-09-14,1940.22265625,1982.4351318710576,1932.456283479515,1979.9682110166,2096908
2020-09-15,1941.0902099609375,1952.5570731371527,1926.973732918229,1952.4656148373326,1224058
2020-09-16,1958.4964599609375,1972.6129398660862,1930.3547353999359,1941.5931781744773,2087841
2020-09-17,1944.5167236328125,1959.9125029012887,1939.080307965131,1950.7298657111814,1741644
2020-09-18,1917.5628662109375,1943.9229354153483,1909.6138007450902,1937.0245251576991,4475166
2020-09-21,1861.9190673828125,1917.8368970419785,1847.574055591422,1917.5627452013437,3483963
2020-09-22,1851.8682861328125,1877.4058956291626,1827.4270608216652,1864.4315327880752,2345687
2020-09-23,1875.39599609375,1882.2029475767627,1851.0003861146429,1859.3606787954911,2410295
2020-09-24,1883.0250244140625,1901.3902962241305,1859.406254287477,1867.583741221587,3798089
2020-09-25,1899.6087646484375,1928.8011389784317,1892.116545245368,1902.3041076992397,2528873
2020-09-28,1885.21826171875,1911.7610239242313,1882.2030374817914,1903.217925764355,1523704
2020-09-29,1857.716064453125,1890.6546619549238,1849.9954219128824,1886.7714761082118,2298844
2020-09-30,1889.7408447265625,1916.009453108474,1858.4469373498503,1862.9696618313658,2417367
2020-10-01,1914.18212890625,1926.8823411544354,1891.3398600648866,1909.6136751379772,2131531
2020-10-05,1928.8468017578125,1940.0395128612984,1902.4867357681173,1918.750474883313,1646110
2020-10-06,1933.2781982421875,1955.298234881315,1926.1058595864968,1936.1107288380872,1679499
2020-10-07,1954.704345703125,1964.4350627164126,1930.6285058231535,1939.7654130916019,2428544
2020-10-08,1974.302490234375,1978.139945746278,1961.0082487565585,1961.6935166361473,1617365
2020-10-09,1954.978271484375,1979.9220729030017,1938.0294869824722,1964.4350597204063,2001026
2020-10-12,1953.836181640625,1962.2423148713742,1940.0395853613388,1960.049323262429,1741166
2020-10-13,1953.65380859375,1967.4049010472288,1944.334206166726,1953.4253858721609,1679160
2020-10-14,1971.8812255859375,1978.1400952534802,1947.0746156975365,1948.5366098454115,2123033
2020-10-15,1966.76513671875,1991.5717522137425,1956.257692729432,1973.5720884284572,2344437
2020-10-16,1964.93798828125,1984.4451549430773,1958.998997495712,1984.4451549430773,1640399
2020-10-19,1989.8359375,1996.4144668731403,1966.3541277437234,1967.6789348356185,1605969
2020-10-20,1985.541748046875,2017.8863160932829,1948.4915381092758,1993.7649659979004,5855290
2020-10-21,1976.449951171875,2007.1500479613358,1951.643337860664,2000.9826357279278,3954242
2020-10-22,1991.2515869140625,1998.469653022567,1967.3584452196435,1973.5715855657766,2632958
2020-10-23,1958.816162109375,1999.9777552721703,1955.298363209626,1999.9777552721703,2805684
2020-10-26,1979.7392578125,1984.5361338265836,1957.399565560713,1964.4349391009,1646050
2020-10-27,1988.8302001953125,2000.0686387132544,1966.6732040834822,1970.8305407512514,2334808
2020-10-28,1990.3480224609375,2008.3721534587794,1971.7260132497295,2008.3721534587794,1555483
2020-10-29,1951.494873046875,1986.3478308288818,1945.8851898305156,1969.794932238641,1934367
2020-10-30,1904.7789306640625,1949.5636739314796,1901.7441875897641,1947.9083391170384,2414313
2020-11-02,1905.422607421875,1919.8143437779204,1890.7089193336753,1905.422607421875,1486077
2020-11-03,1890.4327392578125,1923.6305833599517,1878.7537958066528,1923.6305833599517,2227402
2020-11-04,1894.4332275390625,1917.3773383155772,1885.1451228096294,1885.1911479841406,1479878
2020-11-05,1933.3326416015625,1942.2067445448533,1895.5827923127936,1919.2166078906766,2083827
2020-11-06,1925.7918701171875,1953.1961603726604,1918.2971747000747,1935.7696801263937,2127821
2020-11-09,1961.1046142578125,1965.7944672659644,1938.574281112422,1949.5635211521565,2194404
2020-11-10,1964.828857421875,1971.8177232915618,1924.2741721603827,1967.9554257697582,2471703
2020-11-11,1959.817138671875,1966.6683791424925,1935.4017926665424,1964.829168173319,2759942
2020-11-12,2015.8670654296875,2026.810279766589,1952.55214451652,1957.8398755095589,3010512
2020-11-13,2009.6597900390625,2040.0525694936434,2003.1305017660213,2027.7299466976137,2799165
2020-11-14,2011.820556640625,2020.372931201936,2006.578851107248,2020.372931201936,258276
2020-11-17,2002.5328369140625,2041.8459683151018,1997.3829567966634,2041.8459683151018,2733542
2020-11-18,1960.690673828125,1995.5436270952225,1954.9889409974314,1995.5436270952225,3315051
2020-11-19,1959.449462890625,1974.7608050023896,1944.50587318185,1954.8974604665655,2704650
2020-11-20,1949.7933349609375,1969.7947522633312,1931.6311284449707,1963.3575145108366,2827038
2020-11-23,1958.207763671875,1967.9556712881486,1926.5734258638652,1967.9556712881486,3244576
2020-11-24,1983.9107666015625,1987.2672364506966,1951.770378794027,1960.5986802928667,1989749
2020-11-25,1964.1396484375,1996.4636944498232,1956.9206549006096,1988.1872443116156,1786536
2020-11-26,1981.0140380859375,1988.1870055803736,1951.9086150666353,1967.9556854495834,1630887
2020-11-27,1966.30029296875,1993.2447770723836,1955.0811515828777,1992.7849743556426,5687861
2020-12-01,1961.564208984375,1985.4279225768469,1958.3916154743392,1985.4279225768469,2226742
2020-12-02,1967.31201171875,1977.059694917828,1951.494842659206,1972.5537179547607,1634682
2020-12-03,1956.6903076171875,1983.0369114147177,1949.6554164080542,1979.9103429913312,3469163
2020-12-04,2008.6021728515625,2018.9017089574897,1962.0702719315366,1968.875262435529,3712143
2020-12-07,2074.767333984375,2077.940151766919,2011.1767195566804,2013.2458314080761,4147649
2020-12-08,2078.307861328125,2095.044631945955,2060.0536073426756,2077.8480587039376,2768211
2020-12-09,2107.91943359375,2111.413978984223,2062.9047945802954,2078.3081848886513,2123890
2020-12-10,2161.48681640625,2168.3378328394438,2092.1486478598067,2105.8967059062306,3041370
2020-12-11,2183.8330078125,2193.258963525766,2145.439480882856,2176.016361611255,2611218
2020-12-14,2180.154541015625,2199.1443030598116,2166.728212130443,2189.5344713606637,1575632
2020-12-15,2133.53076171875,2173.9013529196377,2121.8057917226697,2171.188561627078,2207176
2020-12-16,2155.5087890625,2165.578422152994,2117.850997086811,2130.8175215680576,1748634
2020-12-17,2129.16259765625,2153.7160188956173,2124.2886437441825,2153.7160188956173,1912868
2020-12-18,2145.852783203125,2155.4626129726657,2126.1272958839636,2135.323348201801,2229891
2020-12-21,2120.56396484375,2161.0726264246564,2082.9982200666973,2154.6353888140297,2003069
2020-12-22,2125.2080078125,2145.7152524443222,2097.6198467418053,2124.288402443477,1764488
2020-12-23,2179.78662109375,2186.1778333440784,2118.0810125889975,2133.4844021302397,1559556
2020-12-24,2209.122314453125,2216.2492570848294,2170.315007219231,2190.9601058110397,2489444
2020-12-28,2196.845703125,2223.0544624278223,2185.0289060068408,2211.651442922354,1532477
2020-12-29,2192.615478515625,2209.812056776441,2164.9352626558957,2202.4552126423537,1749013
2020-12-30,2213.122802734375,2220.525447789037,2184.982783146202,2197.857260824673,1924886
2020-12-31,2202.82275390625,2222.6863209696157,2195.098158111077,2203.3746069686385,1709836
2021-01-01,2195.60400390625,2210.7314684277826,2190.5001488331854,2202.822771871949,830096
2021-01-04,2231.4228515625,2234.6414709651244,2207.6969836348235,2211.651332374948,1614486
2021-01-05,2253.539306640625,2259.4246920450973,2211.6512311439965,2211.6512311439965,2356303
2021-01-06,2222.96240234375,2253.0334570515815,2208.524641011378,2249.171158884962,1641627
2021-01-07,2178.4072265625,2237.1238935440924,2174.866656154248,2236.48021470069,2403881
2021-01-08,2198.96044921875,2207.053021868209,2171.0045340803035,2197.8569676104244,2797948
2021-01-11,2233.8134765625,2245.6302707665564,2208.9841317671244,2230.043004769843,2787672
2021-01-12,2184.890625,2237.4922393875277,2181.3042533431517,2234.457496324699,2036708
2021-01-13,2181.6259765625,2205.2137654410053,2174.4990346600116,2190.4080285867485,1702740
2021-01-14,2205.7197265625,2212.5707423542117,2162.1302929404587,2175.786523861207,2120413
2021-01-15,2162.13037109375,2213.4904278263107,2154.4517999136137,2200.15614814061,2042957
2021-01-18,2145.07177734375,2183.60315616061,2134.0823125296374,2183.60315616061,1733797
2021-01-19,2173.16552734375,2190.5922302155027,2136.473359728051,2153.715961899535,1495269
2021-01-20,2166.544677734375,2183.097577841536,2157.6705738710443,2167.5103084765747,1380562
2021-01-21,2177.303955078125,2206.961233581066,2161.0730071910457,2184.9827511003937,1521133
2021-01-22,2215.6513671875,2227.284285728472,2167.50993454253,2169.3491453482516,2548089
2021-01-25,2206.685546875,2236.8026283548447,2193.2592161657794,2225.4454101137053,2124424
2021-01-27,2199.052734375,2230.0433956302168,2147.2788984728068,2230.0433956302168,2460297
2021-01-28,2115.4599609375,2217.674225640115,2105.8961555385135,2177.533319233941,3867335
2021-01-29,2081.89453125,2135.5996201826633,2070.031711645958,2128.9785063452205,4472694
2021-02-01,2067.82470703125,2101.298252406608,2047.2254122123138,2093.6194578278323,2717591
2021-02-02,2051.134033203125,2092.1025029435996,2027.7301182376427,2088.470106137804,4215607
2021-02-03,2053.34130859375,2075.54969245838,2039.3173241852473,2052.099751316294,2353429
2021-02-04,2065.066162109375,2077.3887857744385,2047.2256810341107,2058.9966761172946,2908003
2021-02-05,2087.0908203125,2101.298681153351,2060.8360369648403,2065.0663122988685,4036942
2021-02-08,2056.83544921875,2104.700958009853,2050.9960892927293,2104.057279094558,2780672
2021-02-09,2038.075439453125,2073.434221689592,2032.7877084765405,2066.353305110512,3131481
2021-02-10,2055.777587890625,2060.835416892369,2034.8565679288663,2041.5237061584378,2055520
2021-02-11,2081.0673828125,2085.6654106136766,2054.444846746303,2061.7556660475584,1824480
2021-02-12,2061.341552734375,2089.5733939330967,2052.5592761618095,2085.6650709386126,1222094
2021-02-15,2037.10986328125,2079.917540102402,2035.0867762779333,2070.0317819257243,2449407
2021-02-16,2019.5455322265625,2049.8464856062656,2013.981874589266,2047.9612496117384,2396356
2021-02-17,1989.9342041015625,2024.5574850571852,1986.3478325424724,2019.4536297515135,2447956
2021-02-18,1974.2552490234375,1994.2106443961266,1970.8985540849558,1990.026394274497,3205806
2021-02-19,2005.75146484375,2017.614284917951,1977.1516465695508,1979.8184124736606,3364030
2021-02-22,1993.336669921875,2027.7298206113878,1987.819037756946,2027.7298206113878,2678023
2021-02-23,2004.0499267578125,2016.0968464542805,1995.7274535715517,2009.3376574352737,2062144
2021-02-24,2003.6824951171875,2012.556598217057,1982.2556424748193,2012.556598217057,924143
2021-02-25,1989.382568359375,2009.3379622581376,1986.3478253901956,2001.9811184603961,2099460
2021-02-26,1960.644775390625,2006.9467734564555,1949.5634852065361,1984.5084910734458,3413194
2021-03-01,1971.08203125,1980.8299378337797,1956.9201985655911,1963.541312229561,1229276
2021-03-02,2002.854736328125,2008.32634410272,1968.4615807337623,1988.1870736338544,2095135
2021-03-03,2017.1546630859375,2027.7301263298345,1998.762553096551,2027.7301263298345,2031893
2021-03-04,2020.2808837890625,2026.3503688447254,1999.2220112858784,2009.337670036635,2290915
2021-03-05,2024.1435546875,2032.281927845838,2000.3716650698236,2008.970065445504,2129837
2021-03-08,1999.727783203125,2037.9374289548173,1994.623928800824,2032.3277467265195,1440724
2021-03-09,2021.7528076171875,2027.730243709756,1988.2332301237839,2001.0616826813737,1711842
2021-03-10,2048.74267578125,2057.064923804253,2016.878218698032,2032.7874346567567,2696085
2021-03-12,2027.5001220703125,2059.824163931164,2023.131996169492,2056.2377924704474,2038930
2021-03-15,2033.1094970703125,2039.178757431345,2007.7743257818606,2028.741371831373,1632022
2021-03-16,2063.640625,2066.813218853807,2036.2823632598884,2042.7656264908264,2633605
2021-03-17,2047.3177490234375,2080.1476201416285,2040.8344854108352,2072.790776215398,3703365
2021-03-18,2037.10986328125,2069.020126167546,2027.7299329836615,2058.0769115725325,2597091
2021-03-19,2126.174072265625,2138.31282071142,2015.3155775030973,2026.902697322719,5382214
2021-03-22,2164.015380859375,2167.050123579854,2116.931629315011,2124.3805228550004,2471516
2021-03-23,2149.3935546875,2182.1773944693514,2145.8069592394504,2173.027366457755,1970612
2021-03-24,2132.197021484375,2161.9000942215976,2129.392180307458,2149.3935963619833,1762743
2021-03-25,2057.203369140625,2135.32380540474,2051.6857365685196,2132.1972367524313,2495833
2021-03-26,2131.552978515625,2138.082265777611,2068.0083886792427,2073.7098964853817,1929236
2021-03-30,2205.9033203125,2212.570459060709,2138.0824261496873,2138.0824261496873,3327203
2021-03-31,2236.020751953125,2242.550040746162,2190.1783284095245,2194.1787021016476,2709756
2021-04-01,2206.225830078125,2250.0909712081952,2199.742565856213,2250.0909712081952,1532653
2021-04-05,2182.40771484375,2222.8703566054387,2157.8542930409735,2207.0531870012087,2545447
2021-04-06,2214.685302734375,2217.16819193307,2186.2235659943653,2190.7755669441385,3683538
2021-04-07,2211.881103515625,2239.2393668269606,2195.4202550595746,2222.686468016741,1713970
2021-04-08,2216.156982421875,2242.917589593707,2203.006804700945,2212.5706111367194,1814515
2021-04-09,2276.94287109375,2283.3801086129974,2229.1233923793416,2229.1233923793416,2604858
2021-04-12,2264.068603515625,2288.208246424758,2241.6303204834026,2245.2166919103975,2261945
2021-04-13,2257.079833984375,2304.439521107568,2251.9301774710602,2271.4257707628462,1811781
2021-04-15,2262.826904296875,2296.25464989857,2226.456690874267,2296.25464989857,3352379
2021-04-16,2261.218017578125,2279.6561539253034,2243.8375623308743,2271.333678719781,1225517
2021-04-19,2240.756591796875,2261.9535429071598,2219.9736427609587,2243.837359944644,1746316
2021-04-20,2204.708251953125,2258.551201100209,2192.155726165919,2258.551201100209,1589508
2021-04-22,2160.521240234375,2197.8573162486846,2144.520193092859,2197.8573162486846,1721265
2021-04-23,2122.21923828125,2161.0725641689687,2115.0922968462246,2151.87651070442,1949756
2021-04-26,2170.8662109375,2179.280734331391,2125.2078965608607,2137.162765732341,1946867
2021-04-27,2188.5234375,2194.592699642703,2163.785912598236,2173.0279936141924,1668456
2021-04-28,2213.076416015625,2248.435198675003,2176.062298736824,2188.660847789982,1951215
2021-04-29,2214.0419921875,2252.067539762248,2192.4770665184005,2237.399878923453,3151150
2021-04-30,2164.521240234375,2246.503972974839,2142.910513035009,2216.2490447009427,4010778
2021-05-03,2214.409912109375,2220.847150225972,2151.876741833861,2154.6355581695457,1692239
2021-05-04,2214.088134765625,2223.7900178794494,2181.4881640675335,2215.5135682205964,1453111
2021-05-05,2202.133056640625,2238.3196201737965,2178.2233154226633,2238.3196201737965,1256857
2021-05-06,2197.85693359375,2222.272502172891,2185.948088416844,2207.052987709205,1377740
2021-05-07,2217.352783203125,2229.1237787526165,2204.432280754524,2215.145819762062,1169518
2021-05-10,2237.307861328125,2250.22836194754,2221.7666200576045,2228.2038577812814,988495
2021-05-11,2208.984619140625,2230.9631023552997,2201.7656256447553,2230.0434967896135,1019077
2021-05-12,2141.715087890625,2196.937440581824,2138.128716407328,2196.937440581824,2053932
2021-05-14,2185.763916015625,2190.8675457476106,2139.001897370654,2141.6686628975117,1388970
2021-05-17,2185.212158203125,2202.454758083739,2176.246006265206,2193.258704814078,811243
2021-05-18,2183.373291015625,2214.7319274034026,2176.6601261701207,2208.98439320572,1153722
2021-05-19,2170.0390625,2188.6610737366245,2155.555275982625,2170.2689638732913,1323590
2021-05-20,2155.693115234375,2172.1081630030208,2151.8768422637886,2170.268952026727,856235
2021-05-21,2172.338134765625,2175.9245064803845,2151.876911991348,2151.876911991348,771492
2021-05-24,2148.7041015625,2170.222778711057,2138.312515353154,2165.6707767580597,1194864
2021-05-25,2155.601318359375,2179.281159997357,2150.0376601787125,2165.670953687283,1098457
2021-05-26,2164.751220703125,2179.6487840313525,2156.7046730475804,2166.360530234234,811095
2021-05-27,2139.3701171875,2163.8317129702023,2136.151497979937,2163.8317129702023,3755182
2021-05-28,2135.0478515625,2161.072729763968,2132.8869135405607,2145.7613893774524,1215325
2021-05-31,2151.9228515625,2156.474853792628,2133.622567775573,2138.0827441653987,1178704
2021-06-01,2168.70556640625,2173.0276670962567,2143.2325404757803,2158.3139799724563,1141451
2021-06-02,2169.165283203125,2182.821288816127,2161.072710702991,2166.59034315585,1113091
2021-06-03,2173.25732421875,2180.4302907880874,2156.474526729279,2178.5450549346106,868532
2021-06-04,2153.76171875,2179.464642948839,2146.312825734713,2179.464642948839,1283795
2021-06-07,2151.23291015625,2164.7510643385103,2143.600140600284,2164.7510643385103,1128300
2021-06-08,2169.349609375,2172.1084261736964,2147.4169260201284,2151.233423966177,1106664
2021-06-09,2166.590576171875,2181.258239117285,2157.026768696885,2172.108209218153,1072858
2021-06-10,2187.5576171875,2207.007183786271,2165.900862671928,2173.947410829609,1944339
2021-06-11,2176.246337890625,2196.523683342776,2170.268902354479,2189.5806171635654,1128097
2021-06-14,2190.233154296875,2199.95887838143,2164.2978900713942,2184.490164879758,1761632
2021-06-15,2215.56591796875,2218.3910541002247,2185.97197815304,2185.97197815304,1215463
2021-06-16,2230.339599609375,2240.482319497836,2207.8778123739994,2209.1283528400472,2153668
2021-06-17,2239.4169921875,2247.012272975136,2210.4250318046466,2221.1697297932656,1555777
2021-06-18,2299.80859375,2312.5910143619353,2227.6531014189045,2241.5469877063406,3937751
2021-06-21,2328.93994140625,2342.509548414385,2285.0814772393387,2291.518933538718,2506277
2021-06-22,2306.617431640625,2347.0949215050528,2298.6515104810155,2332.4138459471405,1945883
2021-06-23,2297.586181640625,2328.6158680284343,2276.930554131086,2311.016941420423,1035668
2021-06-24,2306.5244140625,2320.094247952419,2291.6581337964762,2306.3855656280107,759681
2021-06-25,2268.084716796875,2306.339270647295,2264.703960848163,2304.533110261853,1112942
2021-06-28,2278.782958984375,2283.2290486067304,2257.571712638936,2269.427876252713,694906
2021-06-29,2308.747314453125,2313.3322520675624,2264.7036461682446,2273.9662377681143,1354397
2021-06-30,2289.064697265625,2320.2795910474197,2281.376699700517,2308.747707768522,1447245
2021-07-01,2295.2705078125,2300.828063521489,2281.3766185400273,2300.828063521489,735043
2021-07-02,2303.884521484375,2308.886230640114,2271.1875269496477,2295.270265816161,860231
2021-07-05,2314.768310546875,2328.0599955991747,2301.800680561692,2314.721952355138,761700
2021-07-06,2290.176513671875,2313.749771689236,2286.934605563543,2306.3860542135367,461782
2021-07-07,2298.6513671875,2307.126775707618,2265.491464208337,2276.7454245704653,623145
2021-07-08,2267.06591796875,2287.628828503072,2258.636868169932,2280.635525798011,1114426
2021-07-09,2270.67822265625,2282.76595125314,2258.6368522499642,2260.0725993336014,538094
2021-07-12,2263.916748046875,2278.5053331199697,2250.810268420349,2272.1142339239163,543898
2021-07-13,2257.015869140625,2274.475946457303,2250.8099773934214,2273.966458642325,994396
2021-07-14,2236.777587890625,2261.323461829811,2231.3588799811064,2259.8877145417077,1377829
2021-07-15,2234.461669921875,2246.178759386968,2223.9485366136537,2246.178759386968,693792
2021-07-16,2239.13916015625,2250.810117889205,2228.5798945026445,2241.5475248114712,545405
2021-07-19,2231.034912109375,2238.7692695900905,2221.633468395462,2223.0692158852303,463873
2021-07-20,2255.348876953125,2278.598077877544,2225.801293146235,2225.801293146235,1061476
2021-07-22,2202.783447265625,2323.0583069206527,2200.328950594103,2269.33526792488,3546044
2021-07-23,2184.2119140625,2215.380445745828,2181.062497094106,2206.349418528928,1517589
2021-07-26,2175.505615234375,2185.9723926810825,2165.5946839357503,2183.425179087916,1311535
2021-07-27,2169.669677734375,2185.462443909467,2160.0366715410023,2175.5051565084955,1656945
2021-07-28,2187.268798828125,2193.7989726528413,2170.318433166684,2176.709532402551,912373
2021-07-29,2162.583740234375,2196.531050605837,2158.184008885788,2187.268458293023,1012663
2021-07-30,2161.240966796875,2182.7764964872226,2147.0691536441072,2167.446859157554,1708251
2021-08-02,2160.77783203125,2179.8586387390574,2153.182550676199,2169.299372725637,1229936
2021-08-03,2210.842041015625,2216.5384451019368,2154.571790058691,2158.1841107762275,1733476
2021-08-04,2201.81103515625,2218.159421069075,2192.965213763714,2210.842063178141,1588974
2021-08-05,2183.841552734375,2214.686033306552,2180.41443847914,2214.686033306552,921757
2021-08-06,2196.623779296875,2205.1916772342547,2183.6561499862464,2183.8413566060394,1432661
2021-08-09,2208.6650390625,2218.3907605597346,2199.726728331945,2203.9873849244254,921476
2021-08-10,2206.164306640625,2217.464624159466,2185.1382670859966,2217.464624159466,1061370
2021-08-11,2214.1767578125,2218.3912833486684,2188.009929522479,2213.759986306187,1300594
2021-08-12,2215.889892578125,2235.52654206443,2202.134853231618,2218.390747149082,1226064
2021-08-13,2227.190673828125,2231.9608191685807,2211.907394095056,2223.948766005959,1033159
2021-08-16,2247.4755859375,2257.1551770100336,2216.2143330203194,2226.7274670489633,1146309
2021-08-17,2300.64306640625,2304.0238226487545,2251.7828846818043,2253.5890452242043,1921902
2021-08-18,2302.72705078125,2315.648323197184,2273.0403940503556,2301.754433258001,1545643
2021-08-20,2426.243408203125,2436.061846785861,2293.4179211565743,2306.3855507592366,5779927
2021-08-23,2439.90576171875,2475.752176320514,2403.1796721769115,2431.4305798667924,2163220
2021-08-24,2438.841064453125,2461.9975500632004,2417.5370976918557,2439.7673238775283,1482854
2021-08-25,2449.955810546875,2469.8240269965845,2427.401306486265,2437.914439833412,1746570
2021-08-26,2469.777587890625,2498.8622641897146,2436.9881007078284,2436.9881007078284,2117291
2021-08-27,2480.47607421875,2491.637544132798,2455.6061474254425,2472.186098620981,1176229
2021-08-30,2489.507080078125,2506.2261057021647,2474.5944410025118,2493.1196270374535,1168190
2021-08-31,2523.22314453125,2535.5885709690333,2478.3456988475396,2489.692375699503,2535891
2021-09-01,2531.3740234375,2570.369631545875,2514.794071944883,2542.581851745379,1775792
2021-09-02,2594.498779296875,2602.788755193561,2528.8268561612495,2545.3606758974756,1946183
2021-09-03,2562.681884765625,2601.6311384928686,2552.770954227449,2595.5640940816897,1561823
2021-09-06,2575.556640625,2616.6824621413466,2570.6474212207354,2584.2633873891527,1444978
2021-09-07,2572.870361328125,2601.584399058342,2565.7382100871555,2582.966723180294,1219915
2021-09-08,2594.35986328125,2602.788914277167,2561.1999576677576,2583.244750480066,946711
2021-09-09,2603.390625,2615.431995964337,2576.85338636822,2576.85338636822,879454
2021-09-13,2580.883056640625,2614.320886425208,2570.369921641232,2591.2107588437284,1341412
2021-09-14,2558.837646484375,2597.2310488223798,2548.18566465076,2595.378530242621,1755061
2021-09-15,2570.786376953125,2579.632198660778,2546.3332214316033,2569.443346170556,1362350
2021-09-16,2564.1171875,2591.0250641361094,2549.065474577802,2549.065474577802,1259196
2021-09-17,2521.509033203125,2577.779277951803,2499.973507435112,2565.8306250774517,3095032
2021-09-20,2593.850341796875,2601.8623943504554,2510.2090811155267,2519.425315996169,2671330
2021-09-21,2605.057861328125,2648.4531989598404,2590.4229195074095,2602.788571324403,2277437
2021-09-22,2579.1689453125,2630.48361857461,2569.4432229473423,2619.3685073001443,1580594
2021-09-23,2577.130859375,2609.920342589567,2568.377755699182,2592.599341839076,1054473
2021-09-24,2544.109619140625,2575.0004524332644,2529.984167018464,2565.8305772483,1635284
2021-09-27,2509.69970703125,2561.107100919508,2505.0684102845603,2561.107100919508,1465932
2021-09-28,2522.991455078125,2551.3348536421627,2510.069957085121,2524.0565628055847,1078052
2021-09-29,2487.2841796875,2542.0723276242175,2479.5961821581964,2514.7476778768632,1503894
2021-09-30,2502.567626953125,2505.80953476867,2484.181287887088,2487.2843472512695,1620199
2021-10-01,2504.651123046875,2512.014838130268,2482.4672614258407,2506.4572831786522,956111
2021-10-04,2488.117431640625,2523.1300748227136,2482.096746807164,2500.8998538991655,1025005
2021-10-05,2508.912353515625,2514.7478327774365,2487.9326692282666,2488.117875874863,562784
2021-10-06,2487.979248046875,2532.3933435744448,2478.6702953201225,2495.389323668161,862471
2021-10-07,2472.556884765625,2504.837117045194,2469.4076930914252,2499.0479954841207,1082816
2021-10-08,2445.37109375,2481.0320794768295,2431.8012583038894,2473.5756463246203,1579941
2021-10-11,2450.048828125,2468.9444294201858,2441.15664743459,2447.362540183863,1086252
2021-10-12,2478.808349609375,2489.83096924709,2431.430284240036,2431.430284240036,1174337
2021-10-13,2451.5771484375,2494.9724932249287,2447.7332622547533,2489.8780663555963,1660007
2021-10-14,2454.170166015625,2479.364371617675,2426.7991607876374,2451.576594967435,2158809
2021-10-18,2458.292236328125,2481.3560029509467,2448.1497419973066,2475.705956779055,1758177
2021-10-19,2358.996826171875,2530.5399739045233,2334.6361655294113,2473.0191907776875,5431133
2021-10-20,2295.872314453125,2393.4538132784373,2287.860262692624,2379.559925043462,4864654
2021-10-21,2265.39892578125,2320.279795188401,2248.9578214440867,2318.7976896945383,3254632
2021-10-22,2273.1328125,2314.027066072662,2250.809875135222,2277.6713921635846,1845622
2021-10-25,2274.754150390625,2281.8863022686014,2232.2850680802235,2273.133196503015,1560381
2021-10-26,2271.026123046875,2300.894986853421,2252.57343768493,2300.894986853421,1595060
2021-10-27,2233.515380859375,2288.127610188437,2228.4360624236206,2287.94126536677,3083879
2021-10-28,2227.0380859375,2251.5951020054545,2206.8614244821674,2236.6838761643585,2015791
2021-10-29,2230.2998046875,2238.547667077929,2211.5210715969715,2236.683763941311,2453400
2021-11-01,2243.300537109375,2246.84177077252,2207.0941304776456,2230.1599300044363,1941114
2021-11-02,2254.29736328125,2262.778212832821,2238.5474741451544,2250.6628434889876,1350154
2021-11-03,2247.26123046875,2268.3698398989964,2223.8225148754063,2268.3698398989964,1591607
2021-11-04,2257.97900390625,2264.642366772894,2255.3228508602483,2263.7104151816297,245719
2021-11-08,2266.41259765625,2282.349058162674,2236.7767241249016,2282.349058162674,2555533
2021-11-09,2265.7138671875,2279.7397831949247,2252.0142252258966,2273.775384424244,1696949
2021-11-10,2236.823486328125,2255.3228161408374,2232.9559782948127,2246.981895032872,1794509
2021-11-11,2214.50341796875,2243.1609305947204,2205.1839016676213,2239.200136166741,1282647
2021-11-12,2241.296875,2249.3583925689104,2214.5032674553395,2225.5003414486823,1651974
2021-11-15,2259.74951171875,2264.642257336452,2240.5048033000144,2240.5048033000144,1007999
2021-11-16,2242.88134765625,2268.975993858515,2236.7772463700267,2268.975993858515,1245209
2021-11-17,2228.435791015625,2246.0498112993123,2224.7546280088463,2240.4114590852705,956809
2021-11-18,2236.12451171875,2242.6017571684697,2208.7252265021507,2227.3642579494262,1236943
2021-11-22,2226.0126953125,2245.9097223780036,2215.3883121997865,2245.443746650092,1629290
2021-11-23,2231.2783203125,2236.6836847226928,2177.5047622310713,2225.313921497465,1932539
2021-11-24,2213.152099609375,2242.2755876029714,2205.929474586963,2242.2755876029714,999070
2021-11-25,2189.20068359375,2224.568196980391,2181.698428626349,2224.568196980391,1363272
2021-11-26,2176.199951171875,2204.065208890729,2166.97349517647,2184.4942281775343,2450902
2021-11-29,2170.887939453125,2182.8636083774177,2129.229748948553,2175.5476973960804,1724612
2021-11-30,2159.84423828125,2200.337485337394,2145.352346991394,2163.9913769391906,3931035
2021-12-01,2185.287109375,2196.377243972777,2165.1568609567216,2180.767052464749,1263139
2021-12-02,2221.1201171875,2225.5002438537936,2185.4263282400107,2196.6097465508337,1673117
2021-12-03,2184.168212890625,2227.270973138719,2178.8094913462674,2221.120229273713,1890178
2021-12-06,2149.54638671875,2203.086961164305,2144.420652867914,2184.494572065359,1079171
2021-12-07,2163.61865234375,2182.3040975423087,2154.671827102679,2169.4897646605345,895313
2021-12-08,2181.325927734375,2184.913804749343,2160.4967192105473,2160.4967192105473,839769
2021-12-09,2180.5341796875,2188.7820439606166,2163.5727027780363,2181.6991194137995,716666
2021-12-10,2174.056640625,2187.2903072469094,2162.1276151737666,2187.2903072469094,724539
2021-12-13,2147.542724609375,2191.9501265969234,2144.4205957906124,2191.9501265969234,1804894
2021-12-14,2160.543212890625,2166.7405993688926,2147.2162609047386,2148.1482124068675,1219031
2021-12-15,2163.01318359375,2166.6012885351715,2143.954817442304,2158.4000683313957,755122
2021-12-16,2152.342041015625,2167.066920575215,2147.169664560781,2163.0128404418224,926493
2021-12-17,2078.484619140625,2151.8291491430286,2074.523825672921,2146.284083793682,2439222
2021-12-20,2114.69140625,2119.584152010436,2051.3651148145655,2074.5242024248582,2175705
2021-12-21,2118.186279296875,2146.004897964696,2099.4539611770397,2134.1691581824084,1591415
2021-12-22,2122.6591796875,2159.704250708184,2114.5978904636963,2143.4883861024687,1661605
2021-12-23,2144.09423828125,2148.148318526673,2119.817082473267,2142.5099661548115,1423081
2021-12-24,2140.646240234375,2155.604109325939,2127.9251915598893,2152.8082544500303,895503
2021-12-27,2144.79296875,2151.0372254656045,2123.2183837665043,2140.6458303169975,584302
2021-12-28,2151.96923828125,2160.6362049622685,2141.3914980470654,2152.8079035964406,783710
2021-12-29,2149.872314453125,2163.8515863397383,2142.603047566644,2157.3743416771713,1410236
2021-12-30,2167.3466796875,2171.4471756176845,2140.366499496552,2150.944240912281,963711
2021-12-31,2199.545166015625,2209.0512530102455,2171.4469202685295,2180.7664349477936,1123597
2022-01-03,2200.616943359375,2216.1804866373,2192.8817010334596,2216.1804866373,879278
2022-01-04,2237.848876953125,2244.23283670203,2195.072387661207,2207.7467934568,1484275
2022-01-05,2251.408447265625,2255.3225980046523,2229.227956374846,2240.2250294242795,1202512
2022-01-06,2228.669189453125,2247.8674853555435,2206.5819798164034,2234.820161642866,1198901
2022-01-07,2251.73486328125,2257.093585209599,2225.5005156342363,2225.5005156342363,1026186
2022-01-10,2243.25390625,2259.9823901894633,2238.547505663955,2259.9823901894633,919447
2022-01-11,2240.085205078125,2253.738431515085,2229.228060759648,2252.666550738767,1321335
2022-01-12,2248.938720703125,2251.5948735474635,2235.285721938573,2243.3936546615473,1487554
2022-01-13,2249.917236328125,2257.0932172786993,2239.7124130422185,2253.458697487188,1586299
2022-01-14,2202.853759765625,2256.254627305183,2200.1511913716477,2255.322675786263,1596037
2022-01-17,2226.944580078125,2231.278063207045,2185.426098459101,2203.133175589473,912205
2022-01-18,2208.259521484375,2244.791982095059,2196.9828150651706,2244.791982095059,1667579
2022-01-19,2152.71484375,2207.4205830125657,2148.195015145087,2203.1335147732616,2145255
2022-01-20,2107.887939453125,2167.2998473314365,2090.3672058204297,2166.7872285031203,2829711
2022-01-21,2167.159912109375,2175.501059998497,2096.8908605059737,2110.6837881160795,4596050
2022-01-24,2129.136474609375,2185.37961076667,2112.4544063472613,2179.741258721451,2231103
2022-01-25,2168.884521484375,2174.8955642434294,2088.4104038625874,2128.1116359693074,1843543
2022-01-27,2139.155029296875,2167.3465629989905,2120.1897247045604,2152.808028161554,2620474
2022-01-28,2128.158203125,2160.9162121076724,2123.03246912885,2138.4563142045336,1967721
2022-01-31,2119.02490234375,2154.532348507718,2116.462035501993,2134.1691154995874,1639875
2022-02-01,2148.75390625,2162.1275014183693,2123.3582276234265,2146.563956719639,1270508
2022-02-02,2169.48974609375,2174.242789623745,2140.2732038896747,2165.948512513049,1246111
2022-02-03,2141.764404296875,2173.2644127905533,2134.1690900310223,2170.5152011712885,1448039
2022-02-04,2149.6396484375,2155.371059758247,2127.6454996986613,2149.0803864674167,1014561
2022-02-07,2103.97412109375,2159.052326700844,2084.7758262293273,2139.0620094559067,1207402
2022-02-08,2110.264404296875,2113.665936155022,2093.675622608205,2113.665936155022,1190660
2022-02-09,2122.6591796875,2125.1756306842617,2102.109831746855,2113.2466063344223,1049611
2022-02-10,2127.785400390625,2129.5096020202354,2102.34330139049,2124.849843591307,1195100
2022-02-11,2104.346435546875,2123.917416568347,2095.9588722519584,2123.917416568347,2100036
2022-02-14,2076.900634765625,2084.076616065637,2056.8170337202287,2068.9324036515213,1661501
2022-02-15,2134.262451171875,2147.356189136219,2071.3090750569004,2094.9805546971043,1533070
2022-02-16,2130.906982421875,2146.983144873997,2120.189540787127,2134.262098640158,995668
2022-02-17,2150.52490234375,2155.603992921927,2121.121784647776,2126.7134940976384,869374
2022-02-18,2155.1845703125,2169.3968312380184,2137.896823812407,2137.896823812407,890713
2022-02-21,2138.642333984375,2147.2628853040674,2129.2761759640216,2141.6245332597973,737919
2022-02-22,2115.4833984375,2124.8495571223684,2096.9842964850354,2124.8495571223684,902667
2022-02-23,2106.5830078125,2119.210995712677,2098.9876943571803,2115.5298329185475,1324411
2022-02-24,2023.6392822265625,2089.435145435366,2013.2947576749427,2050.2931846377364,2997629
2022-02-25,2022.9876708984375,2046.5660962928796,2015.019437722987,2045.6341445186115,2193728
2022-02-28,2024.292236328125,2031.5612770554924,1975.7374651592988,2016.7433370776994,2334036
2022-03-02,2002.85693359375,2008.169011303944,1978.5795530414127,1984.077975534433,2034688
2022-03-03,1948.7108154296875,2020.4244462739819,1944.6103193588601,2011.0582870932244,2372998
2022-03-04,1882.0760498046875,1936.5485693455835,1840.8371960270904,1933.7993579325212,6320118
2022-03-07,1811.667236328125,1845.4039519292721,1795.8707024837552,1844.7981606469089,2976453
2022-03-08,1816.373779296875,1824.7613442089691,1772.1527186824517,1793.5876067911372,3211938
2022-03-09,1861.946044921875,1870.4734244506374,1818.2374939947017,1830.3528642775982,2879079
2022-03-10,1958.9154052734375,1970.1454663272466,1909.5686189709218,1912.271187303623,4879791
2022-03-11,1951.879150390625,1966.604029745451,1929.1396245708247,1957.09816985446,2481643
2022-03-14,1919.16796875,1952.4385952495188,1906.8661394143592,1952.4385952495188,1730325
2022-03-15,1899.503662109375,1939.2048903709785,1887.2019467765758,1905.8409783496777,2391023
2022-03-16,1931.143310546875,1938.4592212147568,1893.7721899619114,1919.820190241538,2808685
2022-03-17,1959.0086669921875,1972.661665253573,1940.6492682202406,1955.3275041272914,2995889
2022-03-21,1911.6190185546875,1967.2564818852334,1906.772915886816,1963.1559859802433,1674982
2022-03-22,1857.8453369140625,1913.9954154438203,1835.0125248978125,1913.9954154438203,5356303
2022-03-23,1843.9127197265625,1879.3268773775708,1840.8372342145824,1875.0864524691758,3212162
2022-03-24,1832.12353515625,1855.841656083822,1818.5635948924385,1835.944513675644,3054664
2022-03-25,1820.1014404296875,1842.468278407318,1812.6458277704771,1840.5112028369995,2233647
2022-03-28,1840.697509765625,1846.0097019341574,1799.878099554704,1826.5784208300988,1794533
2022-03-29,1851.8343505859375,1859.1035043300467,1839.7189805821397,1845.2640467322778,1249125
2022-03-30,1878.7210693359375,1881.6100962604849,1859.2899031302493,1863.903017593348,1476829
2022-03-31,1909.2423095703125,1914.2283410020175,1880.6780877030533,1881.9828425285125,2540524
2022-04-01,1936.7349853515625,1943.9111941702524,1899.6900257155633,1915.0671122310337,1714996
2022-04-04,1983.6121826171875,1987.3399887260887,1929.3260061563153,1936.5952735741182,1693019
2022-04-05,1994.18994140625,2011.1514138489274,1982.260916244981,1998.5700681181766,1277652
2022-04-06,1996.2869873046875,2017.1159692259162,1976.9489914398225,1989.7166829632235,1736115
2022-04-07,2017.4886474609375,2026.9945072307826,1989.809733488334,1994.3295617352514,1824732
2022-04-08,2034.4967041015625,2044.2355514672536,2016.2770073395957,2029.5106727212442,1693462
2022-04-11,2015.85791015625,2044.7950522139772,1993.3511429881326,2039.1100565664012,1380107
2022-04-12,1987.15380859375,2017.6752236395678,1980.3971594614695,1995.2150989613647,1370233
2022-04-13,2005.6990966796875,2017.67476307417,1985.708784832729,1992.2324445747702,1071601
2022-04-18,2029.4637451171875,2034.3564896535788,1989.7627545382086,2001.8314788892037,1828131
2022-04-19,1969.260498046875,2056.6776091439533,1958.077078141763,2036.966695044837,1775996
2022-04-20,2017.62841796875,2021.0765931219128,1950.2949199729485,1970.518222654477,1511804
2022-04-21,2048.383056640625,2053.7884216449033,2020.4711505960977,2036.3143284374878,2244813
2022-04-22,1982.2142333984375,2040.0418705285028,1975.7372158613184,2033.5182099100928,3520828
2022-04-25,1957.797119140625,2014.8791486764399,1907.7047258745017,1957.0981555136557,2437310
2022-04-26,2002.158203125,2011.1048014871922,1976.6692372257871,1996.4265645770997,1447088
2022-04-27,1999.129150390625,2005.9322139674175,1960.3598789824648,2001.6453738051985,2214481
2022-04-28,2089.295654296875,2096.8909683491133,2017.6750873225915,2078.2519375193438,5865359
2022-04-29,2082.77197265625,2134.1690086439226,2071.308923305249,2091.671927766584,2678692
2022-05-02,2078.7177734375,2098.75473023145,2055.791676048419,2068.932282910222,1543544
2022-05-04,2023.7794189453125,2097.683221819358,2002.4375920917612,2089.3887165693423,1608395
2022-05-05,2019.1663818359375,2052.1107336333866,2007.0510113103558,2029.7905388243976,1101451
2022-05-06,2002.9500732421875,2022.3347095116133,1962.8761596435704,1980.3968929549208,1585602
2022-05-09,1972.6148681640625,1993.8167628189321,1966.5571839769568,1977.134923529937,1341414
2022-05-10,2032.0272216796875,2048.3363750332396,1974.8054832101245,1988.7847575131693,2162232
2022-05-11,2016.277099609375,2040.6941837594723,1972.0094027147852,2036.314057151137,1858636
2022-05-12,1993.2579345703125,2017.5353169048858,1965.6720788706627,2017.5353169048858,1531515
2022-05-13,2044.7950439453125,2067.068595601174,2007.563396461723,2022.334919952456,2057239
2022-05-16,2066.36962890625,2070.7497558016858,2024.478451130906,2050.293464243432,1396818
2022-05-17,2092.23095703125,2122.053402743945,2070.143753680726,2085.614010877864,2055096
2022-05-18,2135.473388671875,2145.352164715765,2083.9366572667113,2083.9366572667113,2137455
2022-05-19,2110.450927734375,2128.3909950691245,2092.650562121211,2092.7904913700295,1734602
2022-05-20,2167.672607421875,2188.222184085362,2127.365703903267,2134.1689955517377,2599505
2022-05-23,2217.8583984375,2225.5003558289523,2149.4066009213248,2151.8761815783296,2363306
2022-05-24,2152.48193359375,2218.0448200199444,2145.3992379117153,2218.0448200199444,3078655
2022-05-25,2142.27734375,2171.400834598842,2130.9075784280667,2171.400834598842,1884260
2022-05-26,2125.03564453125,2139.760522903361,2104.346367907574,2134.308515926021,2299127
2022-05-27,2172.006591796875,2176.01380184294,2125.3157234370588,2140.6929255579585,1011303
2022-05-30,2189.107421875,2204.065288897061,2172.378938020739,2182.816749274554,939562
2022-05-31,2193.115234375,2206.76823512383,2147.12332914274,2199.405908052693,3123979
2022-06-01,2151.36376953125,2249.544968174599,2145.3527268143075,2208.725439856607,2197599
2022-06-02,2129.322998046875,2149.965634363882,2103.5544005546167,2138.8288585795585,1460335
2022-06-03,2135.986328125,2166.740729542921,2111.009980861968,2128.5773587434023,1845303
2022-06-06,2125.3154296875,2145.3057441762653,2094.654315858785,2117.5801866085376,2131405
2022-06-07,2061.103759765625,2106.0704137796497,2056.86333548788,2096.890601690262,2034730
2022-06-08,2047.5439453125,2067.9535907235354,2037.2458364526208,2064.272428061553,1506843
2022-06-09,2048.150146484375,2058.0755683193356,2023.0340943995625,2047.497825818652,1497867
2022-06-10,2050.199951171875,2058.5410988636936,2015.6246880950494,2015.811032883909,1641981
2022-06-13,2047.404296875,2066.1366142942456,2009.2875689753694,2020.470987726624,1519441
2022-06-14,2023.2666015625,2063.293870906026,2013.0151355941962,2041.765928888914,1592475
2022-06-15,2018.14306640625,2029.7541496219887,2003.5232240960781,2029.5661595626098,1432377
2022-06-16,2018.2840576171875,2034.5492150867924,2007.331054073142,2016.6857977639415,1353485
2022-06-17,1984.202392578125,2031.164327197499,1974.377559676475,2030.788347095803,3252189
2022-06-20,2064.54052734375,2071.121785294525,1982.039758032247,1984.7193620123442,2022000
2022-06-21,2073.0966796875,2098.481536989796,2042.2116781552634,2063.69488068665,1606187
2022-06-22,2071.074951171875,2091.8057300002215,2055.2798862496575,2058.2413605005468,1741378
2022-06-23,2117.848876953125,2122.314730513193,2060.9680052933136,2075.9167706589064,1585753
2022-06-24,2166.080322265625,2180.0891401252234,2124.8535724672506,2129.507416941425,1930048
2022-06-27,2181.827880859375,2192.3580768959264,2160.5799578297406,2177.3152020277726,1450391
2022-06-28,2179.00732421875,2184.9775569482404,2141.588356915346,2181.8278632337433,1404108
2022-06-29,2099.8447265625,2162.3196342609617,2091.9002524100065,2158.8410145799057,1682914
2022-06-30,2097.1650390625,2114.464254622484,2080.9937637575617,2091.8058308665695,2387212
2022-07-01,2145.8193359375,2155.832158421891,2071.780180911018,2092.840115415233,1235612
2022-07-04,2233.114990234375,2236.029639396416,2139.84920101813,2139.84920101813,2410245
2022-07-05,2257.841552734375,2267.713439598298,2229.7302714791517,2241.858497811833,2463079
2022-07-06,2348.94482421875,2359.0049304386744,2256.43123538249,2256.43123538249,4770394
2022-07-07,2325.017822265625,2379.5953110032447,2318.0135279646383,2355.150633766546,3333262
2022-07-08,2347.488037109375,2354.0222408446275,2306.0730708063625,2328.308231372418,1346970
2022-07-11,2341.61181640625,2373.953908533825,2331.6458190748067,2338.227077435098,1587197
2022-07-12,2303.017333984375,2341.6117583184705,2298.222325483538,2326.9448625220853,1116476
2022-07-13,2348.333984375,2368.641958908877,2314.1583584470563,2316.6029176258635,2528792
2022-07-14,2348.380859375,2371.9792317094325,2320.5514489287234,2353.0347029011564,1663307
2022-07-15,2414.851806640625,2419.928685725884,2352.3769050877404,2378.6548844854124,2996964
2022-07-18,2400.7490234375,2449.168281204107,2381.522393202441,2426.6039669051056,1566888
2022-07-19,2414.334716796875,2420.963030418442,2371.8386349468446,2397.411480079387,1473121
2022-07-20,2448.698486328125,2461.3909146504247,2383.9201847050513,2420.963179994211,4012897
2022-07-21,2451.4716796875,2472.5786694816798,2436.6638484047844,2460.4504423407425,1990695
2022-07-22,2482.638671875,2485.0830014366134,2454.8563151138937,2460.4503385664325,1905780
2022-07-25,2466.65576171875,2495.237135205847,2455.749584460314,2487.2456070787753,1253821
2022-07-26,2394.732177734375,2467.9720959286383,2386.2705591197623,2467.9720959286383,1685576
2022-07-27,2427.4970703125,2435.5356531176712,2373.953879221046,2383.684831490896,1404133
2022-07-28,2463.364990234375,2467.9717790742206,2430.364590059756,2467.9717790742206,1442054
2022-07-29,2479.6298828125,2486.7753404444593,2440.70653451562,2482.074441880292,1463059
2022-08-01,2437.885986328125,2480.19407324859,2425.6636501066573,2479.7239833939184,1559918
2022-08-02,2477.60888671875,2481.2286708636548,2443.52736802278,2444.4675478488757,1359934
2022-08-03,2469.241455078125,2504.639134819982,2442.49315456275,2458.805366868603,1767904
2022-08-04,2470.745361328125,2485.3181476490777,2458.5700793091246,2476.4334947993248,1189384
2022-08-05,2487.151611328125,2498.668814156996,2470.369539213423,2480.1943724540997,1176666
2022-08-08,2491.8056640625,2498.997947831553,2468.959248654791,2487.1515903501963,1024511
2022-08-10,2484.70703125,2516.579032217139,2473.8008545899643,2491.80543410414,1098949
2022-08-11,2457.34765625,2508.164415361328,2450.672518046582,2497.164358687816,810674
2022-08-12,2439.71923828125,2469.00597331785,2430.458606065407,2467.8775740621036,1473527
2022-08-16,2486.305419921875,2489.92520387724,2435.5827668671755,2451.9418031702107,1584117
2022-08-17,2524.0537109375,2532.8444842395543,2486.3055822462884,2492.416751194899,1711381
2022-08-18,2521.609130859375,2552.588007548374,2505.2498655755444,2524.382615199773,1465489
2022-08-19,2476.95068359375,2537.4981695694582,2469.3821904627666,2528.1434266721417,1324508
2022-08-22,2469.570556640625,2507.271863349108,2463.3655068734993,2489.5964348980474,1410895
2022-08-23,2437.651123046875,2472.3907199885966,2430.599774701353,2446.394840902538,1305045
2022-08-24,2433.420166015625,2453.8690749737393,2408.08236840922,2421.902964418526,1242489
2022-08-25,2420.210693359375,2471.1683904667857,2411.9841204557224,2445.595546890646,1106593
2022-08-26,2417.71923828125,2458.2879019454017,2408.7404759239685,2444.3731959899155,1048791
2022-08-29,2421.715087890625,2451.89472066656,2397.458404013392,2397.458404013392,1450034
2022-08-30,2500.737060546875,2507.4592535704824,2430.9287179980906,2433.843137339098,2227943
2022-09-01,2450.1083984375,2496.177205622242,2438.8262415759305,2491.4763069299215,1702269
2022-09-02,2447.85205078125,2466.091445832684,2430.3646158892443,2458.5700079498542,937600
2022-09-05,2445.03173828125,2465.527474783493,2431.399130854591,2441.6469991057124,1274074
2022-09-06,2419.176513671875,2463.270850439749,2409.680606746976,2436.1936287719777,1250776
2022-09-07,2411.185546875,2441.5531750680116,2407.6128172240233,2417.9547964822573,1344964
2022-09-08,2422.984130859375,2440.706610814734,2409.6806793213264,2425.6637349391426,1004533
2022-09-09,2433.84326171875,2488.6557867987513,2428.907318053962,2442.5869792607314,1785443
2022-09-12,2426.03955078125,2449.168062688624,2420.02249265279,2436.00554718857,1595709
2022-09-13,2431.868896484375,2452.9288298863,2424.7234389715472,2442.5868532175573,1342130
2022-09-14,2417.578125,2450.1084362675592,2394.3557310085926,2397.458370100643,1610054
2022-09-15,2407.236083984375,2443.339123264628,2398.3984863547657,2425.6636984693437,1199906
2022-09-16,2376.91552734375,2410.4801306486484,2367.9838190266,2402.1594474019203,2516820
2022-09-19,2424.958740234375,2433.185313454129,2358.0179846277065,2379.5950650511595,1166725
2022-09-20,2429.00146484375,2464.6812408283668,2425.287800698982,2443.1512161388982,1253333
2022-09-21,2466.65576171875,2488.4208318033448,2425.663831511336,2427.5441910706472,1960049
2022-09-22,2531.669189453125,2539.6607178573036,2463.31816300931,2466.1857573439092,2620240
2022-09-23,2521.609130859375,2560.8145803167163,2514.0406380052864,2536.5108420952433,1789791
2022-09-26,2501.395263671875,2565.7505212379992,2484.94211815276,2508.869646729059,2678551
2022-09-27,2518.9765625,2551.4127634540914,2494.6728244634487,2515.9209783521505,1898501
2022-09-28,2540.4599609375,2546.712064870694,2493.4039154560223,2510.2330422705436,1526197
2022-09-29,2539.002685546875,2563.870396140543,2530.118032061527,2548.921628659551,2019666
2022-09-30,2535.147705078125,2552.493975996988,2508.305526629742,2545.066647598627,1340054
2022-10-03,2465.621337890625,2570.4513776140966,2460.967494141953,2560.109400601019,1683197
2022-10-04,2508.352294921875,2516.3908769763475,2476.574176292154,2491.476115818166,1327939
2022-10-06,2457.629638671875,2531.2457521797,2449.2150765966394,2520.903775888426,1752351
2022-10-07,2444.185302734375,2456.68973958552,2420.96290831715,2455.6554500238467,1025923
2022-10-10,2449.732666015625,2454.5274454448854,2389.937136789768,2416.262172128129,1043728
2022-10-11,2398.069580078125,2454.3864893467826,2392.757655878528,2453.8693445355434,1129783
2022-10-12,2436.3349609375,2448.7923430031724,2401.4071444430424,2410.1038073945497,882873
2022-10-13,2412.87744140625,2451.189769756758,2409.5868119773722,2428.484518511937,753331
2022-10-14,2421.715087890625,2467.877776693316,2416.449989385028,2435.0655946645825,1001536
2022-10-17,2435.582763671875,2453.8221595047135,2414.3816638241474,2419.6467623821204,778918
2022-10-18,2446.5830078125,2483.9551567453645,2441.6470636138197,2463.271200103276,1123374
2022-10-19,2428.484130859375,2460.920330052038,2424.1592124859308,2458.851980648413,1241979
2022-10-20,2445.313232421875,2453.8689593051386,2414.522347970824,2414.522347970824,1428125
2022-10-21,2495.14306640625,2507.2244685877413,2450.1085460353065,2450.1085460353065,2458302
2022-10-24,2419.176513671875,2482.0744447179154,2397.458270466168,2453.9631630864824,719908
2022-10-25,2355.5263671875,2431.304950498523,2350.4494881076207,2431.304950498523,2923789
2022-10-27,2368.31298828125,2378.6549663960154,2339.1674135941844,2344.8084925658745,1846329
2022-10-28,2373.248779296875,2398.3044782988304,2361.731577139249,2374.988203682049,1164951
2022-10-31,2398.11669921875,2418.142575945424,2389.9842353248187,2392.7577199771013,1324443
2022-11-01,2415.248046875,2438.0111287575533,2411.2728436181856,2431.5275937357715,1280132
2022-11-02,2383.54052734375,2426.7949782049504,2367.5447431708913,2426.7949782049504,1338284
2022-11-03,2410.089599609375,2412.5977001586793,2374.0756881563893,2381.0796063109324,730444
2022-11-04,2385.481201171875,2409.7585267346253,2380.6540197836866,2408.7646680869184,889055
2022-11-07,2397.2646484375,2415.4371702744916,2382.3100930959617,2395.655665189773,1283685
2022-11-09,2374.548828125,2408.716901782784,2359.262910290921,2375.6845673603025,1436444
2022-11-10,2379.092041015625,2402.1862529874106,2367.2135718394065,2370.0056648859245,1459152
2022-11-11,2369.106689453125,2410.5155369158833,2361.487415304746,2408.811812405041,1162847
2022-11-14,2326.278076171875,2379.234029540042,2323.7697445164235,2372.655984654207,2137131
2022-11-15,2325.994384765625,2336.8789973494722,2313.358676857381,2326.2783773960928,1558333
2022-11-16,2345.255126953125,2350.129447190016,2298.167354098633,2331.7203038169064,1330395
2022-11-17,2328.3603515625,2364.3268935785063,2322.9180458627097,2347.2427399056714,960476
2022-11-18,2350.792236328125,2355.382795630736,2317.8072676554602,2337.8253967395817,1075675
2022-11-21,2367.544677734375,2377.5775416383053,2337.872421503324,2350.791888564652,1354881
2022-11-22,2381.07958984375,2388.935485714857,2363.3803121354986,2371.8039621071234,921265
2022-11-23,2373.176513671875,2389.8819325720688,2368.112711008046,2386.095980995717,734152
2022-11-24,2412.739501953125,2423.0089879457746,2376.772962288305,2382.310008851373,999929
2022-11-25,2401.665771484375,2418.6551837521515,2383.4458786822634,2418.276681007505,783480
2022-11-28,2390.07177734375,2406.446068192117,2386.853810135351,2391.775502191339,830905
2022-11-29,2493.23876953125,2498.681075806606,2391.9645484072375,2391.9645484072375,2542932
2022-11-30,2540.705322265625,2553.624791884529,2482.638187217613,2493.0495559020937,3698270
2022-12-01,2520.35546875,2539.427108047889,2505.2116619185554,2536.5876442669933,1675569
2022-12-02,2475.160888671875,2517.658107912561,2467.6361241275126,2517.658107912561,2101890
2022-12-05,2479.656494140625,2484.530814546321,2446.8131781312222,2460.8686163125462,1640511
2022-12-06,2512.49951171875,2517.610453969769,2464.512621202319,2467.3047143038234,1484562
2022-12-07,2562.474365234375,2574.2580945547784,2514.108736268077,2517.705436863666,2368561
2022-12-08,2560.676025390625,2565.9764508529383,2542.03025719028,2550.832642190537,1314703
2022-12-09,2576.576416015625,2594.8910473936003,2566.1650502056623,2578.8952649126195,1883397
2022-12-12,2571.844482421875,2578.2332763334944,2544.7748335658794,2557.599792003697,1163204
2022-12-13,2565.266357421875,2574.447244394373,2553.435257953151,2571.607780521879,1265839
2022-12-14,2540.98876953125,2574.4472108229606,2528.400664721609,2574.4472108229606,886858
2022-12-15,2520.73388671875,2539.6636446214534,2506.7258196555204,2525.5610674143977,990722
2022-12-16,2528.35302734375,2543.875335576085,2511.316246128494,2525.2295712390596,1793864
2022-12-19,2572.64892578125,2574.4471604113696,2528.3532446001177,2528.3532446001177,1546941
2022-12-20,2531.429443359375,2561.243814378814,2511.2692034071883,2561.1964437651377,827567
2022-12-21,2523.5263671875,2550.927149742802,2508.2880483822364,2544.11248206692,779092
2022-12-22,2503.7919921875,2544.63285481951,2500.6211651229855,2533.2749994139554,852567
2022-12-23,2480.839599609375,2507.767134935955,2468.4878859382347,2491.1562255903627,1189702
2022-12-26,2477.385009765625,2496.6935039260525,2467.2576342157854,2480.6977178196216,605144
2022-12-27,2454.479736328125,2493.900864766486,2437.4429541999434,2484.5307270264448,870960
2022-12-28,2445.346435546875,2463.802951141692,2440.1407516611575,2454.2433301210895,822651
2022-12-29,2430.62841796875,2445.0623591572944,2403.511399647527,2442.1755247043534,1345863
2022-12-30,2424.003173828125,2448.0438769468897,2418.466126517221,2441.8917048575186,696432
2023-01-02,2421.49462890625,2441.9862312468067,2402.233738166701,2436.16519182867,681703
2023-01-03,2406.019775390625,2424.902164059462,2399.3469890283905,2413.591679103535,821843
2023-01-04,2400.38818359375,2421.494680028095,2391.822421426849,2414.0175176499197,1672649
2023-01-05,2445.44091796875,2453.2494437087807,2401.7132200398096,2401.760590653467,2008493
2023-01-06,2438.57861328125,2472.1315618763815,2437.1115108754425,2441.938691416838,991782
2023-01-09,2483.631591796875,2488.7425339679457,2432.4738751719024,2450.7885082578377,1267078
2023-01-10,2502.3720703125,2511.3637051593632,2475.1605438022557,2483.6315641006513,1413088
2023-01-11,2454.479736328125,2506.1580678807336,2449.6054160941317,2502.513997050636,1471687
2023-01-12,2451.451416015625,2463.329887238485,2435.0771265627877,2447.7128344396174,1703829
2023-01-13,2483.584228515625,2498.018168868088,2429.3030554809857,2451.5928915519858,1348015
2023-01-16,2458.123779296875,2487.3227919121446,2445.7246955692203,2487.3227919121446,930068
2023-01-17,2524.8037109375,2531.854999206043,2462.5721347887907,2466.026723011459,1892865
2023-01-18,2542.4560546875,2549.3654633986735,2517.658114958408,2525.230019063546,2038075
2023-01-19,2507.95654296875,2535.9253091933156,2472.131880238682,2527.2176659301786,1649842
2023-01-20,2412.361083984375,2465.601029437684,2400.340733626147,2413.5441938833374,4569549
2023-01-23,2457.4609375,2464.6543375207593,2415.436969797611,2423.008872524249,1388360
2023-01-24,2461.341796875,2470.333431972217,2442.6960313623167,2464.654504542396,1462462
2023-01-25,2482.022705078125,2500.6211003928256,2455.1896799466276,2461.3418514653836,1591810
2023-01-27,2472.368408203125,2504.9277323557003,2440.2351884893287,2494.4689942843343,1581382
2023-01-30,2430.722900390625,2470.3335129424054,2394.803729434912,2470.3335129424054,2744039
2023-01-31,2438.86279296875,2451.593009512975,2405.215100575178,2430.581023515572,2366794
2023-02-01,2436.49658203125,2463.708110334017,2410.5629048792493,2461.0578978840813,2014615
2023-02-02,2493.853759765625,2498.4914580898353,2425.848511065157,2432.0006824744128,1980667
2023-02-03,2507.009765625,2515.2441639443396,2490.3514865498996,2498.727996696555,1638238
2023-02-06,2496.45654296875,2503.460460901495,2460.6318840183976,2490.209630484625,1697446
2023-02-07,2462.004150390625,2503.9809789887977,2456.4199645033896,2503.46036445582,1495745
2023-02-08,2444.589111328125,2467.9673173617275,2440.3772861867856,2453.9592495561014,1061956
2023-02-09,2448.280029296875,2460.7736224664864,2428.6877773858782,2448.5640218617564,1102484
2023-02-10,2439.57275390625,2448.233026441154,2418.6081377046994,2446.6714137139306,1523011
2023-02-13,2442.88525390625,2452.1135108708318,2413.5441291983484,2423.0090081363815,1146525
2023-02-14,2441.56005859375,2462.7612932070497,2432.6629344922144,2446.671000361346,1944364
2023-02-15,2412.077392578125,2434.1779806808,2401.240150765664,2413.544495251259,2009134
2023-02-16,2391.869873046875,2424.8074699775007,2387.8472991211815,2423.0092352411875,1982857
2023-02-17,2380.890380859375,2409.9948846206253,2372.750492255035,2389.8820161677286,1395341
2023-02-20,2377.057373046875,2406.9191173161125,2373.9812868764943,2383.256916005494,632091
2023-02-21,2381.50537109375,2407.8177801990973,2377.8615314255153,2392.721344828088,862797
2023-02-22,2360.588623046875,2388.5100211810477,2349.8932616141406,2381.5058707999824,885515
2023-02-23,2357.369873046875,2381.268691278382,2347.384611082342,2358.6477240758454,757215
2023-02-24,2351.265380859375,2376.8679267937805,2339.670903167698,2358.837284658021,732783
2023-02-27,2336.073974609375,2353.915363623792,2324.574239268208,2353.915363623792,853991
2023-02-28,2328.975341796875,2341.942410793656,2305.3131444686555,2337.5884740548054,1780454
2023-03-01,2334.27587890625,2337.825208676508,2317.0024740243284,2326.467353411683,967339
2023-03-02,2323.959228515625,2337.825184242716,2313.216498092793,2334.275854509554,827174
2023-03-03,2338.771484375,2356.660012363278,2324.242803403406,2334.039045110785,1176008
2023-03-06,2351.880615234375,2365.131446197715,2343.125601919311,2349.1356616034195,1214503
2023-03-08,2352.1171875,2367.5447555060214,2335.1749153378546,2353.9154220908404,1448340
2023-03-09,2329.685302734375,2358.600555264015,2325.4261070415814,2351.8806295944114,1038910
2023-03-10,2333.518798828125,2338.298609454509,2314.2579066288986,2318.895605409248,772024
2023-03-13,2323.722900390625,2355.335508781246,2314.1632786699406,2334.0395276891913,1314549
2023-03-14,2311.74951171875,2339.71827763631,2309.19404039773,2330.2533978724096,1250763
2023-03-15,2277.344970703125,2327.887339724695,2264.9458849201847,2320.6939381737066,1738040
2023-03-16,2327.745361328125,2337.1628707375603,2278.9064879697203,2295.186035397131,1628035
2023-03-17,2316.4345703125,2350.3188859263596,2309.2414003707813,2339.3869036341953,2127178
2023-03-20,2376.8203125,2381.9786252187464,2295.233103649422,2316.4343396815416,1561128
2023-03-21,2330.8212890625,2388.2256900843777,2327.177218069935,2380.4171645941583,1595161
2023-03-22,2343.83544921875,2348.615028345868,2323.0598545484304,2340.2861195246614,1063244
2023-03-23,2352.1171875,2366.2671354786817,2334.0391760659477,2342.557567219473,1578627
2023-03-24,2348.047119140625,2364.231922830893,2337.8250040816397,2339.9072311494,1449326
2023-03-27,2365.2734375,2370.952365321128,2332.146358543417,2352.022605917367,1387736
2023-03-28,2349.93994140625,2378.99707046989,2339.623085804889,2375.495111846945,1412387
2023-03-29,2395.4189453125,2403.8899656295807,2347.3373147574616,2352.0223835517227,2613254
2023-03-31,2423.340576171875,2431.0069901140273,2381.8843567038157,2421.8734735972384,2146167
2023-04-03,2400.38818359375,2432.4740326839024,2380.464566021321,2432.4740326839024,918048
2023-04-05,2444.5419921875,2450.031669050181,2368.113082742474,2378.051207190434,1489612
2023-04-06,2427.978271484375,2446.6714089414713,2416.3837938211127,2437.2065292163593,797414
2023-04-10,2396.6494140625,2431.480217475743,2389.8821175265043,2427.978258211828,853322
2023-04-11,2411.414794921875,2418.276832901733,2397.4540969628533,2404.079512943406,913184
2023-04-12,2393.62060546875,2419.2231502023587,2383.871733569996,2419.2231502023587,1109809
2023-04-13,2400.48291015625,2425.233710937876,2389.882290370634,2389.882290370634,1261711
2023-04-17,2415.29541015625,2440.992466020651,2405.404426043704,2435.3135382206806,1566977
2023-04-18,2405.0732421875,2423.009142554852,2394.6145041655373,2423.009142554852,1474786
2023-04-19,2396.12890625,2411.6512156786957,2375.9212967650888,2411.6512156786957,1320243
2023-04-20,2359.2158203125,2396.8858536854373,2347.289980400972,2383.0672690594097,1401364
2023-04-21,2364.279296875,2375.2112778418004,2352.63745001524,2358.647740339417,1206288
2023-04-24,2365.9833984375,2370.8577192491357,2342.6525614664356,2368.1129964558954,1735797
2023-04-25,2357.180908203125,2365.9832925002665,2345.4445498577115,2357.5596420351417,1701098
2023-04-26,2376.442138671875,2383.2568061198904,2349.372489190163,2356.7551418739185,1245903
2023-04-27,2336.831298828125,2387.0425290910475,2325.5208144237527,2379.4232551362525,2743893
2023-04-28,2325.804931640625,2335.7430553117138,2289.554396225135,2305.692062306279,3761927
2023-05-02,2320.50439453125,2345.397073120602,2318.895411277431,2339.5288942134157,1760370
2023-05-03,2352.968994140625,2356.7549458608837,2321.4035292425083,2325.4734735570173,1258140
2023-05-04,2372.6083984375,2375.0693592576763,2347.4317294044986,2353.8678929466923,1150227
2023-05-05,2366.929443359375,2385.149334106018,2361.2031457666326,2366.2195774861293,1354871
2023-05-08,2381.6474609375,2391.632954128573,2363.5220796768936,2371.661967746427,972810
2023-05-09,2381.174560546875,2389.8822039460183,2366.2673745222614,2389.8822039460183,1651327
2023-05-10,2387.704833984375,2399.3466806619854,2371.756652484432,2386.095850867402,2025658
2023-05-11,2453.67529296875,2459.9222059298563,2388.5571062375384,2401.1925818470027,1749356
2023-05-12,2483.016357421875,2498.728149580762,2447.9963038103265,2455.189704550188,2170011
2023-05-15,2519.787353515625,2527.832500479615,2482.685074908687,2496.787651862166,1561055
2023-05-16,2532.70703125,2535.073251142074,2508.761070803139,2527.1228447351696,1477905
2023-05-17,2519.31396484375,2530.9084406845823,2505.4006400499766,2529.0154650370996,839404
2023-05-18,2486.9443359375,2526.3654646700757,2481.5494011052074,2522.863505643931,1434067
2023-05-19,2500.100830078125,2507.2468611183695,2461.484071166161,2487.985736742346,1174757
2023-05-22,2496.929931640625,2513.3513587848156,2482.6852419016027,2493.9957265906437,768232
2023-05-23,2487.654052734375,2508.003541430552,2484.5305966262467,2491.156011550583,703864
2023-05-24,2475.018310546875,2496.834901293877,2468.4402663284422,2479.798120314616,628872
2023-05-25,2458.265869140625,2485.6192789214074,2442.4595663272125,2470.3335907044107,1072231
2023-05-26,2510.41748046875,2514.5345645266775,2463.8029475598632,2464.418072314996,947073
2023-05-29,2508.476806640625,2536.1615763808218,2503.5077454052052,2527.122571156402,698267
2023-05-30,2514.392578125,2522.390354986555,2508.997643093168,2513.398719574783,948051
2023-05-31,2524.8037109375,2536.5874384568956,2496.8349487497353,2514.392344585625,3388305
2023-06-01,2553.529541015625,2585.0950040215016,2512.452059743735,2524.2831581603095,1541080
2023-06-02,2571.323974609375,2591.6734671730474,2547.6144033373953,2564.9825510489545,1509260
2023-06-05,2551.542236328125,2576.3401741550915,2540.515513175117,2571.0871198698524,1000190
2023-06-06,2547.140869140625,2562.9945417736317,2527.2646228544672,2555.5173796488234,655372
2023-06-07,2570.850341796875,2581.072457149329,2535.972401951196,2546.0524054755024,1428490
2023-06-08,2536.49267578125,2575.9140330530045,2531.7602365704365,2562.142588734311,923536
2023-06-09,2495.131591796875,2545.058833244845,2479.8932738110634,2545.058833244845,1413808
2023-06-12,2501.993408203125,2514.8183655410803,2492.1026558034114,2503.4605106722456,775484
2023-06-13,2532.70703125,2552.67801956957,2486.8971065699093,2488.884823709716,1787924
2023-06-14,2554.334228515625,2557.5050554214995,2510.0859190452757,2528.069189204348,1536248
2023-06-15,2545.768798828125,2572.0812121817794,2534.8368159061,2568.721133472249,1830192
2023-06-16,2570.330078125,2578.2333454580303,2539.6165883416616,2545.7687604214993,1748145
2023-06-19,2560.40625,2587.267401923163,2552.533949035684,2578.2978431007173,1068263
2023-06-20,2553.58349609375,2557.6864481081543,2526.8653856788046,2547.762671710834,1129279
2023-06-21,2554.060546875,2582.925647646169,2546.283528707355,2562.982347335304,1201840
2023-06-22,2532.8291015625,2555.3962681763737,2527.437629105136,2546.4742350703746,830052
2023-06-23,2520.6630859375,2538.7454756382135,2507.160757581509,2529.918956603175,991214
2023-06-26,2530.682373046875,2551.77045708576,2521.1877148671288,2521.1877148671288,758700
2023-06-27,2529.966552734375,2539.747289419602,2515.3192099764915,2530.6822163942697,687747
2023-06-28,2539.41357421875,2564.5573208304063,2521.0448710515498,2531.4935153513684,1397573
2023-06-30,2555.53955078125,2562.93474232793,2529.9666876744527,2543.898134552068,1160181
2023-07-03,2577.39111328125,2581.9714072296324,2537.6955430131725,2563.98430099116,980665
2023-07-04,2576.38916015625,2582.7823755535815,2552.533704969618,2577.391135866774,721907
2023-07-05,2629.682373046875,2633.069661354906,2572.667834439286,2576.3414348058154,1717547
2023-07-06,2630.875,2638.41323032986,2610.40683395817,2633.5466244954214,1265020
2023-07-07,2574.576171875,2642.850296475034,2567.801129592601,2627.0581719224147,1178930
2023-07-10,2534.928466796875,2587.2196720077654,2529.632509066761,2585.835869213727,1518183
2023-07-11,2561.598876953125,2592.372415333359,2524.861474545714,2535.453390243356,2476367
2023-07-12,2551.24560546875,2581.1126841590863,2521.5217992981634,2581.1126841590863,2395826
2023-07-13,2533.162841796875,2564.413485784805,2529.823078317249,2562.027940442215,1495067
2023-07-14,2554.3466796875,2563.5072678557194,2529.680278287794,2533.449393693257,1419016
2023-07-17,2558.9267578125,2579.4424479697554,2547.7624520870486,2547.7624520870486,912701
2023-07-18,2559.976806640625,2577.4390474739866,2554.728606185778,2562.6009068680487,1215904
2023-07-19,2549.289306640625,2573.43083950197,2539.0789860492114,2559.928745844099,1166542
2023-07-20,2579.490478515625,2591.943073242828,2536.502899857043,2546.8562610316517,1430764
2023-07-21,2484.784423828125,2553.8222102024315,2473.3338043634794,2528.678465109267,5198952
2023-07-24,2462.121337890625,2486.644697318208,2457.1116926919326,2484.784018551376,1777469
2023-07-25,2450.5751953125,2468.1807061669174,2444.993159034743,2462.073570362009,1653775
2023-07-26,2465.031982421875,2479.8223648804947,2454.5355819673705,2461.4059065812685,1300033
2023-07-27,2452.197998046875,2464.7458755402995,2436.1193264631765,2443.7530728837423,2276136
2023-07-28,2466.2724609375,2475.003464310564,2447.760488019154,2452.3407819867566,966450
2023-07-31,2443.56201171875,2464.6500941483187,2437.0732813698723,2457.159621060771,2003252
2023-08-01,2434.30615234375,2455.9668589723788,2428.4853281165274,2452.3407832060807,1758897
2023-08-02,2451.338623046875,2455.632604639891,2419.8971821973637,2421.8056184609263,2082908
2023-08-03,2434.4970703125,2443.800698259534,2421.042499788336,2440.8425284961268,1475310
2023-08-04,2429.439697265625,2441.796777177096,2418.991053879893,2434.4971006515216,1359318
2023-08-07,2451.577392578125,2456.15768660504,2422.521494509924,2423.7142672792547,803823
2023-08-08,2448.380615234375,2466.844595767983,2438.552122170893,2451.5771061046025,1002061
2023-08-09,2435.35595703125,2451.33911393929,2424.6687584078186,2448.381176916474,1212549
2023-08-10,2420.565185546875,2434.5921460549325,2411.881939976849,2432.3498731332065,1313334
2023-08-11,2387.262939453125,2420.517301160485,2384.59108212417,2418.942934447687,1472199
2023-08-14,2417.130126953125,2423.7141391062746,2374.190309528014,2387.2630517958637,1060479
2023-08-16,2435.7373046875,2438.075092525665,2408.828166908653,2417.988754190398,1155882
2023-08-17,2426.8154296875,2443.418733131073,2417.034693167576,2435.7374630154354,1532873
2023-08-18,2437.788818359375,2450.193654307578,2416.175870450372,2416.175870450372,1970819
2023-08-21,2445.422607421875,2457.0162649652852,2422.80768345719,2437.788862086054,977004
2023-08-22,2448.333251953125,2457.112013330394,2436.119211663105,2455.7762009551248,960025
2023-08-23,2456.205322265625,2465.222637361762,2445.1840558310487,2457.1117829326636,1136112
2023-08-24,2463.075927734375,2473.095219643803,2449.430559779322,2466.6542462734565,1143934
2023-08-25,2446.18603515625,2462.5507835787557,2434.6876596204243,2449.478041248532,802955
2023-08-28,2438.695556640625,2450.4324878127904,2422.7601583164624,2447.5698330373084,619841
2023-08-29,2410.498046875,2441.7486907746006,2406.6336498016562,2441.7486907746006,958564
2023-08-30,2416.03271484375,2419.897345130354,2404.629853993885,2410.4982027140945,1227377
2023-08-31,2390.364501953125,2423.5235865317863,2377.053203801286,2416.1283950070488,3235414
2023-09-01,2390.125732421875,2399.3816021309085,2385.5454385871035,2390.3642869657338,813413
2023-09-04,2386.88134765625,2398.9045903397455,2377.911789628737,2398.9045903397455,1143301
2023-09-05,2392.27294921875,2407.9220355882544,2387.549615397008,2395.087846509409,844088
2023-09-06,2407.969482421875,2410.4505427775584,2392.6542346431925,2398.379543497772,1094146
2023-09-07,2392.654296875,2406.3951782614326,2385.5454181216815,2395.087599794168,1894798
2023-09-08,2398.713623046875,2405.6317046083727,2387.02445075331,2389.36223861934,1018234
2023-09-11,2420.1357421875,2422.664327057058,2394.181055537206,2398.7135916733873,1121083
2023-09-12,2384.4482421875,2432.302191730767,2374.0948815324236,2432.302191730767,3946716
2023-09-13,2391.7958984375,2394.133686652422,2377.9119757424614,2379.820412320104,1231305
2023-09-14,2386.30908203125,2398.9047165277284,2378.9616479885913,2396.042061734736,2081195
2023-09-15,2356.632568359375,2376.003243807194,2353.102007722305,2361.499174212782,3750697
2023-09-18,2374.71533203125,2378.8185174053815,2349.2855069549155,2358.207541444128,1499641
2023-09-20,2353.9130859375,2366.4609611550345,2333.0633266226046,2337.500347739406,1795159
2023-09-21,2360.11572265625,2369.323835274501,2331.0595915476433,2353.1021255686346,2223720
2023-09-22,2368.798828125,2376.003221836102,2345.4682406719435,2355.010422285743,1176741
2023-09-25,2362.501220703125,2385.259184966629,2347.3767690666537,2368.7989210371984,1122778
2023-09-26,2365.459228515625,2375.049168294878,2348.5696124812252,2360.735894882093,1263548
2023-09-27,2387.21533203125,2390.125744073198,2355.9646866334188,2362.6442138940242,1086791
2023-09-28,2347.710693359375,2386.49956755551,2340.8878938819985,2385.5453494157437,1612346
2023-09-29,2352.720458984375,2359.5907833495717,2338.3116711512257,2352.67270148226,1249567
2023-10-03,2355.869140625,2384.5912006529666,2349.0943314136016,2376.003237145213,1585626
2023-10-04,2393.035888671875,2396.0893399142165,2352.290590565099,2354.103744682681,1587335
2023-10-05,2404.200439453125,2409.2100848511195,2381.108406306482,2402.7213546953185,1909928
2023-10-06,2384.972900390625,2404.6298886978925,2379.820215243073,2404.5821311947166,1083342
2023-10-09,2396.328369140625,2401.290257512795,2367.4155091950106,2371.2323822449016,1468771
2023-10-10,2401.00390625,2405.441160876135,2388.7423415554345,2397.187033262411,1092373
2023-10-11,2439.36328125,2446.5676751580454,2401.0515142086524,2403.0554655876986,1697398
2023-10-12,2439.935791015625,2450.002839014336,2422.950661481965,2438.0273547301217,1625010
2023-10-13,2451.816162109375,2458.7342447780748,2426.2908226076215,2436.167075189008,1531977
2023-10-16,2441.176513671875,2463.7914388455088,2435.737516422029,2442.7986380497687,954899
2023-10-17,2439.124755859375,2452.3407710991128,2429.8688859230097,2441.1764647650048,1253538
2023-10-18,2431.586669921875,2453.53368980148,2423.285017690539,2452.388674487406,1084689
2023-10-19,2431.443603515625,2437.4549920889817,2409.4010688685216,2409.4010688685216,1272343
2023-10-20,2380.917236328125,2427.1015328696717,2371.2797731451906,2404.6296496699556,3608160
2023-10-23,2369.801025390625,2395.0400515265787,2366.7953310865787,2379.820317022033,922707
2023-10-25,2363.885009765625,2376.003535421874,2352.1480782389235,2361.7380186191594,1435836
2023-10-26,2363.02587890625,2376.0033397303096,2343.225851075164,2348.331011677226,2650560
2023-10-27,2368.417236328125,2380.7743149372195,2351.050512366958,2354.3425184342077,1784812
2023-10-30,2365.411376953125,2377.911728421933,2349.6667768251305,2357.8731464408493,875135
2023-10-31,2370.278076171875,2377.9118219888537,2354.8197874851803,2357.1098180449,920414
2023-11-01,2359.06591796875,2379.772406079239,2353.8654754309146,2371.232199879601,1267131
2023-11-02,2390.353759765625,2399.196906557308,2367.7651670957143,2379.011355660792,1595123
2023-11-03,2411.932861328125,2415.05681541772,2389.3923779852994,2400.1579574519587,1125583
2023-11-06,2400.54248046875,2420.1033340828108,2394.4870030272687,2417.459988171291,1338677
2023-11-07,2399.629150390625,2408.0397956975985,2388.8635713321037,2399.1966498520997,1473411
2023-11-08,2421.64111328125,2427.071893153558,2400.8306332753555,2401.1190451871635,745022
2023-11-09,2380.645263671875,2424.188425464951,2377.136916718744,2422.314099905442,1823094
2023-11-10,2390.11328125,2392.0838222948596,2369.7355354324045,2380.9336154108005,771062
2023-11-13,2382.0390625,2390.738120537505,2375.1664569890236,2381.125953572758,760809
2023-11-15,2389.968994140625,2405.973392229623,2379.972434809914,2404.8678522745317,1457029
2023-11-16,2394.5830078125,2408.6168655699284,2379.3478638462443,2384.0096240608077,1420578
2023-11-17,2430.724609375,2435.242280505872,2369.3989427459933,2369.3989427459933,1756043
2023-11-20,2409.24169921875,2436.2038762493526,2403.041898056177,2436.155768476979,944231
2023-11-21,2408.088134765625,2419.38243097698,2401.1193136990446,2407.8478305909152,1088806
2023-11-22,2424.09228515625,2426.3512382545014,2406.8866002136365,2410.4911628137966,816610
2023-11-23,2422.169921875,2429.7155670052152,2409.001299729014,2409.001299729014,1023670
2023-11-24,2417.652099609375,2422.0737901202465,2410.2026704841705,2417.5561187464655,735137
2023-11-28,2413.1826171875,2433.5603641585562,2403.041734135041,2433.5603641585562,1880641
2023-11-29,2427.1201171875,2430.580356278902,2410.827542118069,2414.576193135095,1265214
2023-11-30,2446.8251953125,2455.4280377646614,2418.565283786909,2418.565283786909,3095684
2023-12-01,2464.222900390625,2481.81321151669,2443.412654382418,2448.6993458061406,1345599
2023-12-04,2501.3740234375,2507.237303937237,2475.1327631308727,2477.055196344955,2188039
2023-12-05,2463.8388671875,2534.728603442285,2457.1584576206137,2534.728603442285,3108717
2023-12-06,2468.06787109375,2483.495445470624,2463.5983074792334,2470.3268241208075,1573754
2023-12-07,2420.583740234375,2460.522337513956,2401.6959276222537,2452.159799899551,3925967
2023-12-08,2424.476806640625,2435.6748867600672,2411.019773521691,2421.304744756755,1605805
2023-12-11,2406.5498046875,2431.8298477603535,2402.0802414443756,2424.4766347675964,2012243
2023-12-12,2405.68505859375,2420.3436130412797,2400.1580626545174,2403.0417127097694,1677929
2023-12-13,2414.480224609375,2419.094111875286,2401.167513622758,2410.5874845673156,1513205
2023-12-14,2418.757568359375,2426.879801973957,2404.19499556596,2423.5636515244564,2166569
2023-12-15,2425.0537109375,2433.80087747022,2409.7704580639183,2422.266276155195,2543337
2023-12-18,2437.164794921875,2445.81574469679,2417.459853767902,2422.410025603624,1969036
2023-12-19,2461.387451171875,2467.395055289173,2436.684229975954,2436.7323377432995,1656220
2023-12-20,2458.311767578125,2473.162519005037,2448.21899199276,2473.162519005037,1468642
2023-12-21,2454.17822265625,2479.9388749584405,2437.6453437575988,2443.652947621355,1945695
2023-12-22,2475.709716796875,2479.6986720564782,2448.02663012791,2459.945622811475,1174984
2023-12-26,2484.504638671875,2491.1369394280136,2467.4911515683684,2475.7096005380354,893776
2023-12-27,2507.141357421875,2510.697811982238,2480.803881224971,2485.70617985684,1073278
2023-12-28,2531.65234375,2537.6118397726373,2505.747603153392,2512.4761193952136,1635216
2023-12-29,2560.63330078125,2563.661274331084,2519.5893927061984,2531.652709789761,1305681
2024-01-01,2551.7900390625,2565.8717698748246,2535.689659307609,2560.5372049175576,526353
2024-01-02,2512.427978515625,2551.020730868022,2505.891658746745,2545.30153907226,1310629
2024-01-03,2505.45947265625,2526.6543481330496,2494.8860888029035,2498.2022395315885,1008270
2024-01-04,2492.00244140625,2521.2714434435734,2487.6769661887524,2505.459475416242,1376844
2024-01-05,2518.43603515625,2527.903879499855,2494.3575082291054,2494.3575082291054,1150738
2024-01-08,2478.2568359375,2524.1549311245517,2466.9625402631996,2523.145606704356,1189828
2024-01-09,2479.69873046875,2488.589984759606,2471.816800626399,2482.390184107417,1017205
2024-01-10,2477.43994140625,2493.684645178425,2465.520947652891,2479.939198808756,881278
2024-01-11,2437.837646484375,2488.5899330735856,2433.6564948160362,2479.9389831324256,2399600
2024-01-12,2445.33544921875,2455.9088336296804,2414.4324241047198,2435.242673190135,2979841
2024-01-15,2473.40283203125,2478.737631794146,2432.839533134652,2447.2577840224512,1391204
2024-01-16,2469.462158203125,2484.361018503301,2457.2066440852386,2473.4030062534785,1599406
2024-01-17,2463.502197265625,2471.6246661535556,2441.250124432753,2450.1413789463877,3047652
2024-01-18,2449.18017578125,2470.3269433900364,2439.1355081014863,2470.3269433900364,1273095
2024-01-19,2465.905029296875,2474.123478353003,2433.8004879767354,2465.5206365167164,1323064
2024-01-23,2283.418212890625,2384.2978512994473,2273.709831056434,2355.9419607074965,4369332
2024-01-24,2346.95458984375,2351.039760693699,2275.343947885817,2295.3854093361483,1551469
2024-01-25,2334.122314453125,2372.2825665017513,2326.3363661318594,2359.594554328448,2364765
2024-01-29,2349.597900390625,2354.019590877666,2316.5321412883522,2316.5321412883522,1587091
2024-01-30,2363.295166015625,2397.8029837268405,2352.385498102803,2358.825602569055,1793711
2024-01-31,2385.307373046875,2389.488524931115,2347.050901063896,2354.9809389194415,1445004
2024-02-01,2377.66552734375,2414.143651172756,2372.61914008399,2379.1073522751103,1727534
2024-02-02,2357.47998046875,2390.4495228584947,2347.2909904089747,2380.933572171593,1956115
2024-02-05,2325.66357421875,2369.158625565474,2319.1753621394046,2368.4377131122133,1315445
2024-02-06,2332.248046875,2346.666296218703,2324.2699019704123,2330.902202799705,1557511
2024-02-07,2331.383056640625,2345.272591370095,2318.022238043844,2345.272591370095,1149076
2024-02-08,2323.30908203125,2347.099197510304,2305.9590720909005,2347.099197510304,1758661
2024-02-09,2330.13330078125,2334.266579403876,2312.7835275950797,2323.3088032155542,886474
2024-02-12,2293.126220703125,2335.612180915358,2289.617874084773,2330.08518562737,1292460
2024-02-13,2301.152587890625,2307.8329964640893,2287.7917707436964,2297.307721411276,957865
2024-02-14,2295.337158203125,2301.152565631293,2278.083366978348,2292.5016161364383,1397975
2024-02-15,2259.67626953125,2292.213312532259,2255.735187373002,2276.4975610105416,2553695
2024-02-16,2283.1298828125,2289.618095299179,2266.1645025494804,2278.0353875552187,2363302
2024-02-19,2294.568359375,2302.0658965950224,2281.7362571893896,2296.8273124965353,576683
2024-02-20,2310.86083984375,2315.0419911020167,2276.353024326304,2278.1794766046387,1032995
2024-02-21,2313.74462890625,2328.835682964777,2301.2488127974525,2310.8609790349888,1127778
2024-02-22,2295.481689453125,2326.4328201820526,2273.9984023925185,2326.4328201820526,2258516
2024-02-23,2301.2490234375,2312.2068000824784,2291.492533010144,2295.914223752952,1210775
2024-02-26,2311.005126953125,2313.2159721788876,2287.6956232290477,2298.365221895274,831596
2024-02-27,2312.014404296875,2315.52275112335,2296.4906149378007,2310.8128835108178,1120424
2024-02-28,2327.63427734375,2330.9504279253597,2307.8812278139335,2317.5896100629743,629152
2024-02-29,2318.742919921875,2334.6029942925143,2304.276562728189,2330.950324169719,2848084
2024-03-01,2316.24365234375,2344.2151499760976,2310.764764520349,2323.2124728690296,2326244
2024-03-04,2328.066650390625,2333.737734571899,2311.1491440334266,2322.491547068001,1501261
2024-03-05,2306.77587890625,2326.1443005982023,2298.365233191277,2311.726050801106,1587199
2024-03-06,2307.689208984375,2315.427050718229,2283.178181979929,2310.7650556348353,1354111
2024-03-07,2325.711669921875,2331.9114700533587,2309.8034882680217,2311.6778137023744,1820704
2024-03-11,2297.16357421875,2319.4156445318367,2291.1078627337656,2315.5707781505157,2040761
2024-03-12,2285.91748046875,2292.501908960792,2269.240510948934,2287.6958252942077,1012157
2024-03-13,2222.90966796875,2282.889491692188,2214.499022473042,2282.889491692188,2322669
2024-03-14,2244.05615234375,2250.8806487439997,2212.576311722207,2215.459961244791,2292515
2024-03-15,2237.424072265625,2246.315326766892,2226.0816682377067,2239.6830253861167,2751403
2024-03-18,2210.750244140625,2234.8287687773436,2207.914701884541,2230.791705677831,2487402
2024-03-19,2179.030029296875,2214.546937441648,2159.709715510338,2194.6979075652634,4220638
2024-03-20,2154.999755859375,2177.588348542376,2153.1254302094503,2162.7375973086,2995013
2024-03-21,2155.384521484375,2171.532775508243,2147.3582675733664,2147.3582675733664,3504486
2024-03-22,2169.033447265625,2178.116897542949,2145.4836396796577,2152.212156132791,3507809
2024-03-26,2153.125244140625,2171.5324486759623,2145.435511125837,2145.531726657333,3027027
2024-03-27,2152.837158203125,2175.233555934388,2149.280703079669,2162.737737893227,2168861
2024-03-28,2176.53125,2199.16771681085,2153.221743723947,2157.9316119480163,3186360
2024-04-01,2197.2451171875,2205.992282853251,2174.2721323808514,2181.961865828706,1427873
2024-04-02,2198.01416015625,2208.8759556978766,2188.738512957842,2208.8759556978766,1221495
2024-04-03,2177.347900390625,2193.3522983556677,2173.3589451770617,2193.3522983556677,1175309
2024-04-04,2177.107666015625,2193.496457295735,2162.0166111185067,2181.961857169728,1890255
2024-04-05,2179.030029296875,2192.0545617880575,2170.523402780724,2177.1075960043618,1153449
2024-04-08,2180.952392578125,2200.176724886131,2179.2702635011747,2188.6902332665027,1127294
2024-04-09,2176.338623046875,2186.3835249561675,2168.2644969116745,2182.9230510856314,1189343
2024-04-10,2173.21435546875,2188.5938199251173,2170.138509511877,2188.5938199251173,2308993
2024-04-12,2145.72412109375,2177.011772119853,2142.1676661805636,2173.2147783557252,3388551
2024-04-15,2108.957275390625,2141.3502270656313,2105.064301323637,2141.302119302431,4909564
2024-04-16,2134.670166015625,2144.714833933699,2087.810850316233,2098.336126600455,2821129
2024-04-18,2128.90283203125,2150.9146009846795,2123.3758359077597,2129.1431362105322,3392171
2024-04-19,2145.051025390625,2156.7297130319407,2110.831621088865,2133.9008191335524,2337694
2024-04-22,2154.567138671875,2166.149846333918,2142.600038215488,2162.7374802639833,1804108
2024-04-23,2174.992919921875,2185.3259986487164,2161.4877793956443,2165.6210578207865,1991778
2024-04-24,2172.59033203125,2180.3762821944965,2158.5564724959418,2178.1654365591976,1404398
2024-04-25,2144.330078125,2152.981027251255,2129.1909171540537,2151.250790491601,4951866
2024-04-26,2136.447998046875,2167.543449157478,2132.5552585254745,2157.931283085826,2307512
2024-04-29,2139.764404296875,2147.357921699967,2133.900889066216,2147.357921699967,1395292
2024-04-30,2143.94580078125,2153.3657716357725,2138.7072165560066,2145.4838414125384,2119102
2024-05-02,2139.956787109375,2156.2012554778817,2119.530932225164,2119.530932225164,2140383
2024-05-03,2131.065673828125,2148.9441648375323,2118.5217481219383,2145.4358175173165,2595307
2024-05-06,2168.697021484375,2173.7915168110444,2126.211291260681,2138.7071080718874,1619256
2024-05-07,2287.118896484375,2296.9234944521527,2171.3885009699343,2178.1170177945423,8277810
2024-05-08,2250.25634765625,2280.246261031328,2234.8287730626357,2274.623049604483,1813439
2024-05-09,2235.453369140625,2270.489903158512,2229.49387294917,2249.823745544639,1558987
2024-05-10,2270.92236328125,2279.0445967528176,2230.983765948245,2230.983765948245,2610266
2024-05-13,2269.095947265625,2289.2814965269827,2256.840435214087,2281.928283164871,1170617
2024-05-14,2258.474609375,2280.294179184719,2255.735048205718,2269.0479919382315,689430
2024-05-15,2233.194580078125,2264.4341196671453,2227.763565469436,2258.426515900026,812282
2024-05-16,2252.27490234375,2257.0331129272436,2212.0962304942204,2246.3635132828804,1880021
2024-05-17,2230.359130859375,2260.6853282003162,2225.3127434849703,2260.6853282003162,1264582
2024-05-21,2221.083251953125,2234.636500499877,2212.4804099252933,2217.5267973053774,1663959
2024-05-22,2275.103759765625,2281.928492343645,2221.083427058202,2221.3718390084937,1914851
2024-05-23,2290.0986328125,2294.2319112772707,2263.665175350866,2275.103559438179,1614718
2024-05-24,2277.170166015625,2290.819394398735,2272.9887800601164,2286.25361568337,974100
2024-05-27,2292.02099609375,2306.871745716128,2270.874230770176,2277.1702464713717,1116934
2024-05-28,2303.02685546875,2315.5707789766893,2286.301780572845,2297.307663658899,1631747
2024-05-29,2281.351806640625,2302.1141829106496,2277.506939529292,2288.8493444421374,1592495
2024-05-30,2260.20458984375,2280.4382459438207,2243.527622854832,2276.160879064105,1837380
2024-05-31,2238.7216796875,2285.2444715554675,2227.7157960085565,2261.74277145962,5529186
2024-06-03,2264.530029296875,2294.8564590938263,2253.3800578590203,2288.6566591355686,1207445
2024-06-04,2399.4853515625,2412.7020814982593,2251.2657798718847,2281.9284994540258,7826048
2024-06-05,2501.806640625,2618.306051895857,2427.072045942993,2435.2904952507906,11061076
2024-06-06,2450.718017578125,2499.1632419376433,2420.343478153456,2499.1632419376433,4102547
2024-06-07,2477.82421875,2495.7989223831146,2427.07193491907,2456.1968450725035,3974253
2024-06-10,2465.857177734375,2493.0594206488636,2447.2575420592607,2478.977690876211,1449122
2024-06-11,2457.2060546875,2476.766670941292,2452.35186410996,2466.481700651621,1402423
2024-06-12,2430.62841796875,2468.4042780366603,2419.3822304588293,2468.4042780366603,1754677
2024-06-13,2390.93017578125,2408.6167027553947,2351.568401318949,2391.4588918675045,3123098
2024-06-14,2406.799072265625,2436.5472954840825,2397.724041974404,2400.2476482358666,1729552
2024-06-18,2413.10791015625,2424.512241154475,2400.3931995365956,2406.944623727065,1820933
2024-06-19,2384.718505859375,2421.600599153089,2379.380308145811,2421.600599153089,986976
2024-06-20,2409.17724609375,2416.7478288529137,2374.6730278925506,2384.7186407596823,2163310
2024-06-21,2369.48046875,2405.1007594830376,2355.1643928006965,2402.189015222162,3646215
2024-06-24,2370.35400390625,2395.2495606319985,2355.6497895105103,2363.3658647573675,1945519
2024-06-25,2360.64794921875,2374.7213790151695,2356.4744019564196,2367.5877481554376,833789
2024-06-26,2373.654296875,2394.424646941484,2360.8424310457776,2365.3072008903105,1738656
2024-06-27,2389.716796875,2410.1475818616186,2364.336189135392,2377.875751693822,3402726
2024-06-28,2400.296630859375,2417.233230677223,2390.3967469308704,2390.542239372817,2129791
2024-07-01,2431.40380859375,2448.777122647256,2378.021826134139,2388.649646159423,3312865
2024-07-02,2412.04052734375,2441.012479991009,2406.411344193174,2441.012479991009,1305210
2024-07-03,2436.499267578125,2445.71979146585,2401.5097584861905,2413.496297365214,1406405
2024-07-04,2422.522705078125,2462.2196282687923,2419.5623842855302,2441.060905421345,1977010
2024-07-05,2472.071044921875,2478.8651153240944,2422.5228126683,2422.5228126683,1754286
2024-07-08,2511.03955078125,2518.6587094834504,2461.637052765858,2484.688360800629,2818809
2024-07-09,2513.951171875,2537.099631698892,2492.4528899015895,2511.039427844741,1479529
2024-07-10,2533.654296875,2548.746885802939,2497.3060689912268,2505.0707205854474,1764036
2024-07-11,2532.1015625,2540.060283161406,2513.854583474437,2540.0117066962384,1432671
2024-07-12,2545.107177734375,2561.8497075526293,2524.4823221611628,2524.4823221611628,1912642
2024-07-15,2543.214599609375,2551.9012561227323,2536.760090845706,2550.688029320354,920101
2024-07-16,2609.359619140625,2644.834418084959,2547.3395600466733,2548.698279276291,3298003
2024-07-18,2657.840087890625,2670.2635775618123,2576.8936915714958,2620.5698558354193,5569762
2024-07-19,2646.775390625,2662.3046925135222,2636.050419116571,2658.4223670413917,1668862
2024-07-22,2654.831298828125,2669.050221276368,2626.0534187066073,2626.101995167326,1911629
2024-07-23,2684.96826171875,2728.595853311204,2651.6286919831223,2665.2168331572675,3906259
2024-07-24,2637.1181640625,2676.3295567061523,2596.402322900649,2667.1576101328446,3611927
2024-07-25,2627.557861328125,2644.688764839163,2591.452281427988,2637.118182692761,2166670
2024-07-26,2631.294921875,2646.7756488135715,2608.1950356707994,2643.863904425438,2135309
2024-07-29,2631.82861328125,2639.9814022401224,2613.581635609391,2631.4402385470876,957011
2024-07-30,2612.22265625,2673.3209442701027,2606.399167914487,2635.7109154365803,1560399
2024-07-31,2626.0537109375,2629.9360368935118,2596.3540595490326,2625.4229277529967,1751085
2024-08-01,2635.662353515625,2644.7857238415877,2615.910927352041,2634.157904962315,1886392
2024-08-02,2613.3388671875,2678.3192413238753,2602.274097597715,2632.216627095615,1738872
2024-08-05,2636.001953125,2661.334222675603,2587.764104503914,2597.227273238811,3118731
2024-08-06,2669.1474609375,2690.20903019787,2628.96524828348,2640.0785950237046,2296031
2024-08-07,2663.323974609375,2700.0119994244997,2655.025456133828,2699.8662700374903,1713875
2024-08-08,2652.793212890625,2678.076907446923,2640.3697227462762,2672.9813547553963,1464161
2024-08-09,2666.38134765625,2676.8636748479075,2638.622859990569,2674.9225119219846,1284031
2024-08-12,2667.837158203125,2682.1046579872973,2642.3108189254185,2657.451984181087,1297178
2024-08-13,2660.751708984375,2676.5236564605643,2649.784328921455,2661.334152597603,1051237
2024-08-14,2641.97119140625,2661.8681104387065,2626.9757559173618,2660.363661851899,946995
2024-08-16,2667.400390625,2672.593096011396,2630.9550108698363,2657.3547781329457,1727926
2024-08-19,2661.867919921875,2678.561871694314,2656.5297225147483,2669.147280022503,1130327
2024-08-20,2670.1181640625,2675.165140246076,2654.588860754042,2661.8682216798816,1097889
2024-08-21,2709.086669921875,2712.872079436205,2662.2561188648465,2668.613474223842,1417729
2024-08-22,2710.639892578125,2727.333845951709,2700.254718563504,2720.4911994091617,1552947
2024-08-23,2732.769287109375,2738.010332274373,2689.821056977102,2716.851608794936,2111401
2024-08-26,2738.15576171875,2751.549833114722,2721.1222468451892,2732.7692242402322,1152244
2024-08-27,2685.50146484375,2741.018908091678,2678.367834036984,2726.363034801577,1357212
2024-08-28,2683.02685546875,2699.9148774708824,2664.9739461905906,2678.804731489039,1723549
2024-08-29,2703.31201171875,2727.333902856005,2664.246107950083,2688.462067987683,2129934
2024-08-30,2696.275390625,2733.448709240914,2678.902076663861,2713.4546356789924,4029712
2024-09-02,2707.000244140625,2726.2661437739175,2697.245853163385,2711.804574932889,957950
2024-09-03,2712.095703125,2744.7556730503247,2693.363434369963,2698.216341458918,2022116
2024-09-04,2757.66455078125,2760.188157340057,2690.111986931693,2698.216436840079,1640986
2024-09-05,2754.946533203125,2771.0097016322748,2740.581882104223,2756.49955811697,1945173
2024-09-06,2755.43212890625,2782.123118479223,2744.9014624679285,2744.9014624679285,1672730
2024-09-09,2835.844970703125,2851.7624119394613,2759.5571728010573,2769.166071475763,3342754
2024-09-10,2813.327392578125,2851.180067874474,2802.553844056592,2847.6858799868537,1536584
2024-09-11,2818.7138671875,2863.2151189897136,2812.8420393067595,2825.944888156373,1913665
2024-09-12,2869.427001953125,2876.221072335061,2809.0568810938826,2825.3626974022027,2454564
2024-09-13,2846.666748046875,2869.426835111309,2832.641893822737,2869.426835111309,1902001
2024-09-16,2782.754150390625,2824.3919995176966,2724.810248668883,2824.3919995176966,1489057
2024-09-17,2788.965576171875,2828.176968869778,2775.9598805530186,2782.753950166105,1098661
2024-09-18,2791.246826171875,2808.42607086622,2777.512956142777,2789.451155662023,464796
2024-09-19,2826.090576171875,2847.9772355641235,2788.8203427591193,2791.6349342197495,1713010
2024-09-20,2890.00341796875,2901.4077499970376,2810.2214332765097,2838.7566700584757,3641632
2024-09-23,2939.45458984375,2945.7147930006277,2882.5784203092207,2892.33281157887,1300470
2024-09-24,2863.7490234375,2931.15585489431,2859.429983559541,2931.15585489431,1929308
2024-09-25,2862.196044921875,2873.260815338254,2819.636191624619,2863.749069984707,1055354
2024-09-26,2898.25341796875,2904.8048428813454,2854.674167856613,2864.2830665701063,1902889
2024-09-27,2878.9873046875,2940.8618738147916,2865.884454754662,2898.253441779502,2977081
2024-09-30,2871.271240234375,2909.706124674832,2856.0331583870834,2876.9975761841415,1627702
2024-10-01,2837.737548828125,2875.541649372102,2806.339143756762,2875.541649372102,1184642
2024-10-03,2808.23193359375,2837.106731735907,2776.9306818262016,2823.1787931428157,1233447
2024-10-04,2764.94384765625,2828.2742859395566,2734.176463728675,2805.9509130580846,2456486
2024-10-07,2750.04541015625,2782.1231747563133,2741.9411971515387,2761.3042498599384,1280975
2024-10-08,2735.875244140625,2801.0982750877915,2716.366460746994,2760.333851126015,1761488
2024-10-09,2687.491455078125,2742.717681686061,2679.484158126076,2740.3395675699758,1476282
2024-10-10,2673.66064453125,2705.398610217547,2652.793143577846,2688.5105879502285,2065078
2024-10-11,2701.322021484375,2707.92202219178,2656.529786044002,2683.4634190604256,679307
2024-10-14,2707.048828125,2722.1897566323278,2683.657720300339,2709.475281759991,874010
2024-10-15,2699.623779296875,2716.9487533001934,2683.9004068922713,2710.9311955846492,1082666
2024-10-16,2699.4296875,2715.2502127006615,2674.5343678170534,2707.09718625598,1170797
2024-10-17,2658.08251953125,2700.157315839255,2643.3297304021567,2697.6822860049597,1368242
2024-10-18,2637.1669921875,2659.3932129429836,2614.212598375217,2658.0828331824578,1137277
2024-10-21,2614.309814453125,2657.4521142040253,2601.595102176689,2635.128739979521,792345
2024-10-22,2602.80810546875,2630.275606612126,2595.0920306934213,2606.1082244195836,1272253
2024-10-23,2581.0673828125,2613.8245078342925,2543.8940646553547,2543.8940646553547,1431962
2024-10-24,2431.40380859375,2569.1292285561976,2380.4482798823033,2569.1292285561976,9216267
2024-10-25,2453.678466796875,2465.276867660535,2426.5507628298415,2428.6859946148834,2761166
2024-10-28,2500.023681640625,2513.4177526958706,2445.9623436655493,2469.159144937238,852829
2024-10-29,2472.70166015625,2509.632330583052,2461.394481395327,2509.632330583052,1695654
2024-10-30,2479.787109375,2487.891559530861,2458.871031051871,2481.776848804237,1200637
2024-10-31,2453.87255859375,2488.0855548126483,2449.8447403470686,2479.7870359976687,1901355
2024-11-01,2462.8505859375,2471.0519523196854,2437.4699741899085,2469.1107892962864,118532
2024-11-04,2450.52392578125,2472.0707851149646,2429.850494909821,2472.0707851149646,1097260
2024-11-05,2447.175537109375,2455.813616889939,2433.247599068502,2445.865157420273,702046
2024-11-06,2455.3740234375,2476.386285924596,2449.77738556988,2469.6112066402106,1219166
2024-11-07,2430.630859375,2464.407253718044,2421.401332931118,2455.374054274254,1322446
2024-11-08,2462.247314453125,2469.6605169147483,2422.579669604473,2438.927788649835,1700877
2024-11-11,2445.899169921875,2469.316739128912,2430.189173754933,2463.5237739285594,1175577
2024-11-12,2416.884765625,2451.692178555918,2411.484454346943,2449.7775706822567,1624222
2024-11-13,2420.272216796875,2427.980029788182,2405.985890652603,2417.4740174733843,1262017
2024-11-14,2345.89501953125,2420.026560463074,2340.4947086024417,2415.804451248359,2443393
2024-11-18,2378.984375,2381.0464079817834,2332.6890737165863,2357.62859793872,1374215
2024-11-19,2366.661865234375,2395.970682267616,2361.507022871615,2387.8210740176746,1133370
2024-11-21,2339.611328125,2380.800928160588,2333.0328148891485,2380.800928160588,1291829
2024-11-22,2400.92919921875,2407.6551370493976,2334.7509378705845,2347.613353088314,1696471
2024-11-25,2426.654296875,2460.2835069783887,2413.0554754508216,2425.2306264341637,4368045
2024-11-26,2434.263916015625,2449.7284438602323,2415.80462213737,2441.186181184411,982442
2024-11-27,2441.82421875,2447.7646089278323,2413.4481343744396,2430.2871904428803,948232
2024-11-28,2417.57177734375,2493.1269856575846,2408.7349052669156,2440.9404425567004,2540530
2024-11-29,2450.906494140625,2462.050868133835,2410.600728530422,2410.600728530422,1795164
2024-12-02,2434.21484375,2445.359218749969,2415.9521160801214,2439.9589072851527,1006993
2024-12-03,2437.847900390625,2446.291879693493,2421.3032144140357,2435.0494613734018,1641588
2024-12-04,2419.830322265625,2447.8137526509245,2412.024465943355,2436.12953900783,1321495
2024-12-05,2449.384765625,2469.414913971408,2405.642199026858,2420.910398823739,2071795
2024-12-06,2438.78076171875,2450.5632597319986,2430.1402152325936,2449.777711921342,1308086
2024-12-09,2357.23583984375,2432.054648922866,2340.1021731538126,2420.3212934353196,3385021
2024-12-10,2353.897705078125,2369.2639501866993,2345.0116899782884,2365.0418405006158,2063838
2024-12-11,2357.824951171875,2365.6799489199275,2341.77120363809,2361.4086980082207,1718225
2024-12-12,2302.447021484375,2356.450129788821,2295.623040287186,2341.8202926979993,3231056
2024-12-13,2346.779052734375,2351.1483476463695,2291.155701547438,2302.447261734775,2260902
2024-12-16,2323.262939453125,2349.626373461965,2320.170129749529,2346.975359470951,1247552
2024-12-17,2320.41552734375,2336.861929579234,2310.6950631027157,2310.6950631027157,2131569
2024-12-18,2316.43896484375,2339.8076328717684,2307.454906369584,2307.454906369584,988403
2024-12-19,2317.0771484375,2343.685809457716,2293.659340534284,2304.459962428923,1655915
2024-12-20,2291.597412109375,2330.479748587135,2282.515070557055,2309.467724557705,2069691
2024-12-23,2296.5068359375,2309.124022795506,2273.285593186901,2294.641369734494,1066199
2024-12-24,2293.217529296875,2314.229552226785,2288.848234775878,2288.848234775878,683646
2024-12-26,2290.46826171875,2299.403417590653,2282.564122249837,2289.9773243568984,1033769
2024-12-27,2298.814208984375,2303.134361905232,2286.049837508968,2300.5324897599107,556816
2024-12-30,2301.0234375,2316.389681190017,2282.8587549338595,2299.05968803339,924180
