Price,Close,High,Low,Open,Volume
Ticker,BRITANNIA.NS,BRITANNIA.NS,BRITANNIA.NS,BRITANNIA.NS,BRITANNIA.NS
Date,,,,,
2017-07-03,1629.26171875,1648.1112695447423,1618.3743134070198,1639.0493861795478,148906
2017-07-04,1648.7490234375,1657.4808776477971,1632.0550241261267,1632.0550241261267,245562
2017-07-05,1642.3265380859375,1657.964832260031,1634.2104939893911,1653.565880728431,226042
2017-07-06,1641.4249267578125,1649.6070205381982,1637.047990942576,1645.2080684834295,246406
2017-07-07,1624.2470703125,1637.2679036795607,1617.4506036155815,1636.4541620045316,239420
2017-07-10,1634.6285400390625,1649.0791402563884,1626.7324427117555,1649.0791402563884,34224
2017-07-11,1626.314453125,1643.0743945961865,1621.9155014428595,1623.4771507692756,164310
2017-07-12,1628.5579833984375,1638.4776417088206,1624.0930900449393,1626.2925660607098,360402
2017-07-13,1639.753173828125,1655.7212815613268,1629.3716055212615,1638.1695083588493,127802
2017-07-14,1636.0579833984375,1642.876358069228,1629.8774352014661,1642.876358069228,77932
2017-07-17,1626.6004638671875,1642.1287859475567,1616.7907794019584,1636.3881320931005,108708
2017-07-18,1646.505615234375,1653.1260590629922,1608.278767683954,1627.612139045522,131062
2017-07-19,1674.328857421875,1688.7574394675628,1651.6742577520183,1651.6742577520183,525198
2017-07-20,1667.6865234375,1686.9978773012915,1656.2052172201727,1673.801022980812,415898
2017-07-21,1686.579833984375,1691.396663862546,1667.2903908411167,1679.9593912330463,240816
2017-07-24,1684.5565185546875,1701.5144986489688,1678.2659962143455,1687.0419906753325,203984
2017-07-25,1693.81640625,1695.0481342446446,1680.8615145584838,1693.5964586579664,195416
2017-07-26,1693.860595703125,1698.875358307711,1689.329653408079,1698.875358307711,156286
2017-07-27,1704.98974609375,1723.6852919114235,1689.6374467219873,1694.476293874797,280736
2017-07-28,1728.3265380859375,1737.9268412556023,1696.7166293809853,1713.8820155161613,238964
2017-07-31,1734.9407958984375,1750.425018242459,1716.0942420702547,1734.0559831930648,255936
2017-08-01,1728.7027587890625,1751.0442787682941,1718.9919613108525,1734.14437832647,228940
2017-08-02,1709.502197265625,1738.2143224319113,1699.1276833037994,1729.8086028782827,321538
2017-08-03,1713.8599853515625,1720.9606285700277,1696.2080159383536,1704.3261073112117,149358
2017-08-04,1733.08251953125,1741.9749299966907,1694.4162493682095,1694.4162493682095,193840
2017-08-07,1817.3165283203125,1863.349033841371,1725.4067267163189,1733.7018449124691,1782682
2017-08-08,1801.6334228515625,1832.070891300554,1760.7771559414894,1820.9444155415001,750352
2017-08-09,1795.68310546875,1802.761607126529,1766.4842861304107,1800.1514528439686,348022
2017-08-10,1822.360107421875,1873.1262300698168,1782.012566674593,1782.012566674593,653174
2017-08-11,1814.728759765625,1839.083142200606,1792.1880704966695,1805.34965901735,297426
2017-08-14,1840.4102783203125,1860.871570477119,1814.5295087814332,1824.1961300095259,198656
2017-08-16,1902.324951171875,1907.63382647907,1845.2986094321382,1847.046200628232,589396
2017-08-17,1880.4478759765625,1919.9769199375066,1873.5905786991511,1919.600831399201,341412
2017-08-18,1880.8682861328125,1895.246490390436,1862.9948994099193,1862.9948994099193,160612
2017-08-21,1871.2901611328125,1892.3487451145863,1863.4374489729373,1874.1217343885246,192688
2017-08-22,1857.59765625,1884.186316942832,1849.5457755280224,1878.0146629151745,212366
2017-08-23,1878.9659423828125,1888.057521790679,1838.640649870553,1869.4764565128726,237424
2017-08-24,1864.3443603515625,1891.0213728083775,1855.1644299795216,1873.5906084623132,246838
2017-08-28,1852.9305419921875,1884.1424414942212,1847.4669960523768,1880.2271018548463,300058
2017-08-29,1845.984619140625,1866.6228303747534,1832.535510470599,1849.700788954635,330262
2017-08-30,1876.39990234375,1885.7567518795433,1849.2582341012296,1849.2582341012296,202468
2017-08-31,1871.7989501953125,1889.959641712058,1863.5258662925132,1888.0573811018944,269094
2017-09-01,1877.5504150390625,1884.7835856595998,1858.7701800788345,1866.9546971159543,192344
2017-09-04,1866.799560546875,1884.2082903496396,1836.4284135340113,1878.0146026142804,229534
2017-09-05,1884.9166259765625,1889.893697646326,1866.9548841246024,1876.6878242788064,274206
2017-09-06,1879.2757568359375,1883.3237315188278,1862.088227851244,1871.378760705812,231278
2017-09-07,1885.1375732421875,1900.1351039673152,1877.572382127424,1880.6692263015266,229848
2017-09-08,1897.14892578125,1924.4675163874394,1888.7874894310335,1893.9414799206043,278692
2017-09-11,1901.1527099609375,1915.6194839260208,1897.92323003294,1897.92323003294,142188
2017-09-12,1909.95654296875,1919.379710643721,1903.6300033397354,1915.6192571366398,226842
2017-09-13,1915.597412109375,1928.8916361759898,1893.499129090192,1913.4074143259534,185576
2017-09-14,1920.3310546875,1924.025190865198,1908.2977317368727,1924.025190865198,189126
2017-09-15,1927.5645751953125,1938.1160104390895,1915.6196030745245,1922.2556986971845,279594
2017-09-18,1941.4781494140625,1950.56951310736,1929.9090510450508,1937.6954456733097,435432
2017-09-19,1933.4041748046875,1944.375765069267,1912.5225102148897,1933.4262087130749,217864
2017-09-20,1924.9317626953125,1940.8143209994673,1920.596267548634,1933.3154481284262,94136
2017-09-21,1914.7789306640625,1935.0853385438027,1905.0237412186068,1935.0853385438027,160572
2017-09-22,1889.207763671875,1922.5653755183027,1882.0186604323392,1904.5150666964166,385618
2017-09-25,1893.9857177734375,1910.5096368373968,1872.529011502472,1872.529011502472,267888
2017-09-26,1913.8497314453125,1920.0434198965918,1886.8629460504526,1894.0740826255296,211236
2017-09-27,1903.121337890625,1927.7191718508534,1890.3801226112937,1916.4598448902668,315854
2017-09-28,1919.910888671875,1935.527746136067,1896.1535817003846,1896.5959880423586,352834
2017-09-29,1921.9234619140625,1927.1660194813112,1912.9867687434714,1922.2552666206138,312358
2017-10-03,1920.065185546875,1953.2236208519353,1915.619089080154,1953.2236208519353,145814
2017-10-04,1920.8619384765625,1945.7030103319696,1915.6193803404794,1915.6193803404794,227520
2017-10-05,1930.506591796875,1939.9520113844455,1922.2777897763074,1939.9520113844455,148214
2017-10-06,1929.709716796875,1933.3152844783804,1914.0706128823142,1930.43964389506,201946
2017-10-09,1922.0343017578125,1943.5573265205826,1912.5005317484774,1929.71009479134,368164
2017-10-10,1923.848388671875,1942.3408885773476,1917.3892124497231,1937.2974991502856,174918
2017-10-11,1935.9481201171875,1946.1454999003563,1903.3647201897613,1925.3524018109458,645590
2017-10-12,2010.4932861328125,2025.5571334138244,1941.7431780699615,1944.3312979866994,852122
2017-10-13,2027.1943359375,2059.8438361074923,2012.9487659555605,2012.9487659555605,711828
2017-10-16,2008.56884765625,2042.8996190874548,1997.508690366474,2030.7111961429032,222746
2017-10-17,2041.8375244140625,2052.7650454384166,2004.1003568612125,2004.1003568612125,212614
2017-10-18,2073.049560546875,2090.3697236245966,2037.3030026459496,2044.3594693903199,358176
2017-10-19,2047.4564208984375,2090.3698333502844,2043.9614542220802,2083.733738641236,29398
2017-10-23,2059.48974609375,2100.080521200344,2051.924555703934,2053.959667741353,242700
2017-10-24,2046.5050048828125,2074.000510252497,2035.975606469556,2074.000510252497,145054
2017-10-25,2054.6455078125,2061.569123369003,2024.0088708063063,2056.746937787654,307034
2017-10-26,2037.1263427734375,2063.184033411365,2029.317913951622,2046.8149985702466,300778
2017-10-27,2033.8968505859375,2059.2246138022756,2021.8412777013052,2039.006557456155,187416
2017-10-30,2099.615966796875,2109.149951949826,2035.0689323421955,2035.0689323421955,315004
2017-10-31,2052.544189453125,2110.2782161205746,2048.651100115987,2101.430089428245,238030
2017-11-01,2078.093017578125,2099.4611557167127,2053.6500692102095,2053.6500692102095,271256
2017-11-02,2061.01611328125,2089.8168072716294,2028.3443640776125,2080.2607877700175,168102
2017-11-03,2060.772705078125,2083.2468573566416,2048.3853294244286,2083.2468573566416,115566
2017-11-06,2054.1142578125,2079.5085494412015,2043.9831978657983,2058.1624478251056,240006
2017-11-07,2056.746826171875,2097.8906108210435,2038.6081684233168,2065.152545616329,408354
2017-11-08,2058.737548828125,2073.7130440632,2035.1573813723687,2065.594845917807,198650
2017-11-09,2104.947265625,2123.4617975568744,2058.7821222938182,2063.8255112074958,345826
2017-11-10,2155.845947265625,2175.665663533599,2097.4483143825832,2114.2597541519435,487212
2017-11-13,2159.960205078125,2179.558933897263,2073.8015776347434,2112.490095209997,668372
2017-11-14,2118.39599609375,2174.4930218076693,2113.0648712060247,2170.8874540982392,558680
2017-11-15,2101.319580078125,2134.6106582192647,2090.9009968480896,2114.702372287686,195022
2017-11-16,2095.5458984375,2130.6506636985464,2091.696877420557,2097.00575274396,258546
2017-11-17,2101.452392578125,2136.756552214962,2094.7942627965867,2109.8360801007225,398036
2017-11-20,2107.27001953125,2123.1080805048964,2090.0824895745113,2113.3751407734712,318362
2017-11-21,2131.02685546875,2142.994075451182,2109.8356369800294,2110.2780432784107,301546
2017-11-22,2112.556396484375,2139.676032237367,2100.5451086644757,2134.610393703895,242728
2017-11-23,2115.7421875,2127.974680662221,2106.318802026364,2115.3440649630834,143060
2017-11-24,2097.890869140625,2121.139235954001,2083.0922906258497,2117.3787820552884,291786
2017-11-27,2122.1787109375,2134.14593081525,2106.1857665946563,2109.8356185243747,388640
2017-11-28,2121.2060546875,2147.3080323145714,2114.7911618808466,2128.859599007938,302222
2017-11-29,2128.4833984375,2137.2872421399306,2116.9365487889654,2132.3987380794224,305992
2017-11-30,2130.451904296875,2159.8276405550037,2074.9299114886708,2129.744010985618,6269128
2017-12-01,2126.1826171875,2152.3066224669005,2107.8890737085276,2141.710905307503,331530
2017-12-04,2107.2919921875,2128.3062932695148,2101.4301082014645,2108.0662032799955,132580
2017-12-05,2106.672607421875,2128.2399158221046,2094.9265898511367,2107.291933074754,200320
2017-12-06,2106.05322265625,2121.293990553406,2086.0563708676696,2121.293990553406,156706
2017-12-07,2189.889404296875,2189.911438206942,2108.0882971537194,2110.278294999417,279804
2017-12-08,2148.2587890625,2196.0607059067706,2139.4769803377267,2189.8892673054856,233564
2017-12-11,2154.164794921875,2189.468730476823,2140.27306459288,2154.562917379366,202690
2017-12-12,2150.138671875,2171.7722944275297,2135.0525754547275,2157.1728880889455,131964
2017-12-13,2130.1201171875,2155.846001541658,2121.42687618638,2150.0947193705024,146554
2017-12-14,2077.031005859375,2144.564276062753,2061.613104992765,2144.564276062753,359052
2017-12-15,2080.90234375,2100.6337081979714,2070.925951940181,2100.6337081979714,255604
2017-12-18,2079.088623046875,2084.0214106010776,2034.3612982621028,2084.0214106010776,373042
2017-12-19,2104.327392578125,2114.45866866514,2069.709103013078,2085.9454990312497,548372
2017-12-20,2099.39501953125,2110.278258786598,2085.945909890736,2110.278258786598,263210
2017-12-21,2093.776611328125,2101.4301547473992,2081.9642754192128,2092.648345528552,172134
2017-12-22,2099.9482421875,2134.588792041683,2094.794250961744,2126.6475109552493,569018
2017-12-26,2099.4833984375,2112.4901005649867,2090.944827163262,2112.4901005649867,142748
2017-12-27,2094.8603515625,2101.4301289588843,2089.8612462947813,2099.4835842536986,188500
2017-12-28,2064.289794921875,2097.51455069574,2059.887981922271,2097.4925167885917,395054
2017-12-29,2083.402099609375,2092.1175910945963,2064.268025009788,2064.2900589197543,263158
2018-01-01,2096.2314453125,2112.0474689857806,2086.0340675054513,2101.429718827494,112320
2018-01-02,2059.8662109375,2098.001728629272,2054.535300280318,2096.232103047635,176798
2018-01-03,2070.8818359375,2083.7116185107748,2060.0869495091647,2061.1709313409383,166046
2018-01-04,2046.7486572265625,2074.399053598881,2039.5595541697596,2061.171147178108,334700
2018-01-05,2054.5791015625,2070.240241077888,2041.417514390352,2062.4981309766245,264116
2018-01-08,2076.544677734375,2084.1761868030126,2047.301576592259,2061.6134643392147,176830
2018-01-09,2053.6279296875,2085.215695057786,2046.0627390521674,2079.3095279820136,244280
2018-01-10,2068.138671875,2083.291086338173,2049.0046010565407,2060.2196429943338,388758
2018-01-11,2088.84326171875,2100.9874003773007,2049.2258661923893,2066.0373046456084,223456
2018-01-12,2082.98193359375,2109.8360880542778,2062.21108305525,2094.7942706934377,257274
2018-01-15,2088.091552734375,2117.356688160345,2081.521775552533,2082.981630029069,177464
2018-01-16,2069.288818359375,2111.6049309583154,2035.5110595724304,2089.927025737918,336198
2018-01-17,2101.341064453125,2102.7568508232766,2052.786979795466,2070.46119542456,205684
2018-01-18,2049.00537109375,2114.1717515246573,2037.7240071807864,2105.7219615656445,355846
2018-01-19,2072.43017578125,2076.124095388305,2048.3410675320633,2063.825287265027,131186
2018-01-22,2082.561767578125,2102.3151697296853,2066.0378456729018,2068.249877627584,161802
2018-01-23,2095.435302734375,2106.0971212237705,2056.857388868844,2072.67341331409,200710
2018-01-24,2087.82568359375,2103.7080246758687,2070.9256785311372,2095.4129075349283,160134
2018-01-25,2046.3944091796875,2087.8036777067,2035.511172140988,2087.8036777067,796634
2018-01-29,2075.814697265625,2083.733727037248,2038.1658769555418,2052.7652852341466,220442
2018-01-30,2081.787109375,2097.0278766588845,2052.8537808243195,2065.5949957398875,258332
2018-01-31,2072.296875,2084.794849646255,2055.950096180067,2074.884994369413,143774
2018-02-01,2097.227294921875,2106.6063959169282,2059.7776407276374,2072.3419378204394,297688
2018-02-02,2091.01123046875,2097.0057491035427,2024.8935260858473,2068.470544289792,374368
2018-02-05,2042.4571533203125,2078.8671036505334,2017.3726309100728,2078.8671036505334,354840
2018-02-06,2004.2998046875,2044.1384075120156,1946.5878136679728,1990.8284457967904,274268
2018-02-07,2013.1478271484375,2046.1291302897357,1987.7535328029624,2041.6607834717413,256576
2018-02-08,2047.4564208984375,2058.958985060788,1997.6857105805734,2012.8824106680363,199332
2018-02-09,2053.27392578125,2070.3728858205145,2002.3529181979552,2002.3529181979552,241482
2018-02-12,2111.38427734375,2119.126388365964,2066.0376270707834,2066.0376270707834,429514
2018-02-14,2107.690185546875,2157.084811704927,2099.8154388630987,2152.3069094952443,699924
2018-02-15,2103.973876953125,2130.7837434115295,2079.9953677667177,2118.152913240556,165652
2018-02-16,2115.564697265625,2127.9741064268164,2095.236043251019,2123.992450094625,165568
2018-02-19,2094.041748046875,2115.3658190783426,2077.4957948826304,2115.3658190783426,89962
2018-02-20,2094.39599609375,2114.702404852922,2090.370055006288,2091.697274088832,265356
2018-02-21,2110.16748046875,2117.7547054216293,2096.8289735312605,2112.4901135779196,246902
2018-02-22,2148.2587890625,2156.7308269533537,2102.0273282590897,2112.047788282115,424906
2018-02-23,2195.176025390625,2202.7412171811948,2156.775240608855,2167.791115522766,305410
2018-02-26,2196.436767578125,2211.1467776535515,2187.278870386842,2196.812856152216,224702
2018-02-27,2190.90673828125,2241.1418904283273,2172.436274083513,2200.971482245286,427034
2018-02-28,2209.487548828125,2216.145676889261,2166.5961738670353,2181.062945531893,180960
2018-03-01,2187.190185546875,2212.0092194128374,2176.638753264813,2205.395159557946,105070
2018-03-05,2168.874267578125,2185.243296268538,2163.9855496688565,2173.0991601975174,157468
2018-03-06,2134.698974609375,2183.2308163228136,2117.821001374762,2165.578848078478,156356
2018-03-07,2161.02197265625,2174.4267961006276,2114.7019502260428,2134.6102321842377,253844
2018-03-08,2144.96240234375,2175.532717180876,2133.393522201419,2170.223842222834,268074
2018-03-09,2142.042724609375,2158.94273157963,2134.2785804965224,2154.0762623076266,377004
2018-03-12,2153.102783203125,2165.5787266260977,2132.7300605480614,2156.730601083192,146012
2018-03-13,2154.496826171875,2165.579018500534,2137.8623047054916,2150.33803379124,218066
2018-03-14,2134.05712890625,2147.8823240922193,2126.204418040619,2145.780894423952,208792
2018-03-15,2153.744384765625,2166.0211591049147,2129.035950684434,2142.573626132578,606398
2018-03-16,2150.360107421875,2165.57884095539,2141.2464944278017,2154.4966495353056,303842
2018-03-19,2130.429443359375,2154.496517446105,2124.8773310359525,2150.979301165272,223656
2018-03-20,2134.632568359375,2139.0345977342768,2126.204814211155,2132.398502808524,323252
2018-03-21,2138.79150390625,2148.3252745139507,2132.398645625462,2132.398645625462,404664
2018-03-22,2140.4501953125,2154.518628904852,2132.6195175843613,2147.8825345653095,177046
2018-03-23,2141.091064453125,2154.5181354620436,2119.125640423653,2128.4161703712307,273344
2018-03-26,2149.209716796875,2154.5185921780117,2140.7819635367973,2141.268437631781,192504
2018-03-27,2196.45849609375,2205.7269935758677,2151.7977141066062,2156.7305006633615,485252
2018-03-28,2199.025146484375,2213.8014760423816,2169.6494067126596,2196.459059926482,526032
2018-04-02,2259.39111328125,2264.102913410752,2200.705958055623,2211.146790425842,291716
2018-04-03,2256.183837890625,2264.678126295552,2231.763136759233,2264.2357199415187,214838
2018-04-04,2222.826171875,2249.5474692075936,2208.049844649708,2237.2486604675564,268380
2018-04-05,2242.049072265625,2245.0795989779735,2216.8982279722327,2223.091916894925,204054
2018-04-06,2290.890625,2300.490928964095,2234.152012021436,2251.826231672539,272780
2018-04-09,2284.099609375,2303.6097718293045,2272.4421593174634,2292.549613523998,125078
2018-04-10,2271.424560546875,2290.5586331463105,2238.5758925582486,2284.5861480574695,148514
2018-04-11,2271.911376953125,2283.413941467225,2258.926708038273,2273.9242393356067,87602
2018-04-12,2284.07763671875,2301.8402082296743,2260.696418230566,2270.871764144324,223378
2018-04-13,2304.450439453125,2316.506012732013,2282.197486010046,2309.3611932401977,293690
2018-04-16,2350.21728515625,2361.5649641952214,2294.252885011871,2306.2198897024523,191334
2018-04-17,2363.37890625,2398.0414855200233,2351.057846716379,2361.1225907560456,392794
2018-04-18,2372.027587890625,2383.8619558802875,2354.043815812876,2374.836910972283,129790
2018-04-19,2387.135986328125,2397.510501162471,2365.1705552720136,2374.3947704459074,129052
2018-04-20,2354.641357421875,2389.4145379235306,2344.5323296474285,2387.2245401976647,88072
2018-04-23,2350.5263671875,2373.420889914284,2346.7218463705453,2366.87336402501,181690
2018-04-24,2343.514892578125,2363.821299877144,2323.119917605812,2358.0257337630264,116198
2018-04-25,2378.066650390625,2412.2205053469947,2334.6887963030586,2344.7535402730987,190562
2018-04-26,2377.226318359375,2394.3252811619586,2364.7063046380417,2380.1462435719645,184850
2018-04-27,2415.8701171875,2431.3986209714303,2379.415882561957,2384.569872570732,176864
2018-04-30,2439.07421875,2449.36016404075,2415.538119892297,2416.8653386394903,129498
2018-05-02,2400.076416015625,2462.2124725552458,2392.8873130277493,2453.143142632079,144158
2018-05-03,2361.166748046875,2415.5384400598664,2353.601556981408,2415.5384400598664,152102
2018-05-04,2382.136962890625,2401.0498341253865,2345.196033110447,2366.8739439994138,225300
2018-05-07,2421.156982421875,2433.256621602093,2382.13666135354,2382.13666135354,151632
2018-05-08,2408.77001953125,2433.2350050839646,2381.5840620215004,2428.8109414383575,107506
2018-05-09,2389.657958984375,2412.242717306338,2384.1721633116226,2397.400070302014,125672
2018-05-10,2382.999755859375,2400.563158236229,2364.8831295296627,2389.193444721673,200292
2018-05-11,2423.369384765625,2429.8726285932153,2388.994324467189,2388.994324467189,124232
2018-05-14,2417.3525390625,2437.6589469778637,2394.8340994348155,2437.6589469778637,80048
2018-05-15,2413.238037109375,2436.6415055051334,2396.205392877616,2433.2348902512927,277736
2018-05-16,2451.904296875,2470.839200220327,2360.525145454377,2402.266223311795,478002
2018-05-17,2422.948974609375,2464.2033666999987,2407.154981524831,2455.3552397100525,266524
2018-05-18,2476.169921875,2495.17135753891,2424.4969560554273,2437.216136291109,306418
2018-05-21,2442.791015625,2508.8864830123384,2423.900177529158,2480.5724757979515,222480
2018-05-22,2479.421630859375,2490.7472744585184,2442.2152207316662,2455.111536184352,223362
2018-05-23,2528.66162109375,2537.199975755513,2477.475128898147,2486.3232543584977,389010
2018-05-24,2529.76806640625,2562.373284653766,2513.752870195683,2523.198288932458,263790
2018-05-25,2578.122314453125,2588.0764546633686,2524.39199122192,2530.5636445597383,234922
2018-05-28,2584.9580078125,2600.796067133854,2562.8597264565456,2600.796067133854,136482
2018-05-29,2568.213134765625,2596.040450859608,2556.3344811144393,2590.1565328368947,169824
2018-05-30,2561.466064453125,2574.605401465588,2537.64244287615,2545.3402690074963,220698
2018-05-31,2620.793212890625,2661.4280637789952,2548.260604586948,2565.9568587854683,620770
2018-06-01,2571.46484375,2642.935502303531,2563.390927962079,2642.935502303531,244766
2018-06-04,2551.003173828125,2594.2924554379424,2526.405341497997,2582.502371299625,234986
2018-06-05,2571.176513671875,2583.6524561174456,2546.2911625320453,2546.2911625320453,146208
2018-06-06,2600.0,2605.330909935648,2568.1687777511356,2568.1687777511356,137324
2018-06-07,2651.4736328125,2661.958748693813,2604.9326189365047,2614.6212738541526,244240
2018-06-08,2618.005615234375,2661.5163183296922,2604.9103454643846,2661.5163183296922,176896
2018-06-11,2614.821044921875,2638.6224233043763,2610.6402179518172,2622.1427845789563,138474
2018-06-12,2630.813232421875,2634.529401976592,2592.7440423505277,2614.820288575831,90798
2018-06-13,2662.025146484375,2689.8304269136975,2625.725794318131,2625.725794318131,198276
2018-06-14,2655.212158203125,2675.2310443877695,2641.608163724057,2675.2310443877695,153536
2018-06-15,2714.8701171875,2733.8272673674423,2652.3579872090104,2661.073476356998,358540
2018-06-18,2687.17626953125,2713.588016012997,2680.938296561222,2713.588016012997,234716
2018-06-19,2644.063232421875,2691.1354346055223,2619.952089559153,2680.9821238182367,190784
2018-06-20,2652.468994140625,2678.9913381189467,2641.165599631758,2653.7298952939377,259288
2018-06-21,2637.936279296875,2667.6881046397248,2632.31763256442,2654.4379488044574,151972
2018-06-22,2636.498046875,2653.5527216243504,2608.0069111936664,2640.678656380056,184020
2018-06-25,2644.439208984375,2676.5136637278483,2636.741383049679,2642.9350708622114,129686
2018-06-26,2676.60302734375,2690.627180735629,2638.069386361683,2657.092861728705,225122
2018-06-27,2693.192626953125,2711.508204514091,2675.6732943222746,2692.484733671522,273890
2018-06-28,2711.751708984375,2719.914192407139,2679.013639654816,2709.2964401921467,256268
2018-06-29,2749.002197265625,2768.5566424933268,2704.119990896349,2720.798795121077,315222
2018-07-02,2757.49658203125,2772.980803362535,2729.71333528846,2754.8641779974464,160600
2018-07-03,2750.240478515625,2769.286197130368,2736.7470879323987,2769.286197130368,187682
2018-07-04,2787.049072265625,2795.6096773247305,2747.365140978233,2747.365140978233,197908
2018-07-05,2790.38916015625,2817.6857151815193,2784.593810460788,2808.8375892114095,144032
2018-07-06,2791.539306640625,2813.4827010468034,2778.753808518747,2782.735464986932,234676
2018-07-09,2823.81298828125,2834.563374556882,2787.1595845097913,2792.0260536256023,123170
2018-07-10,2826.84375,2842.4826406008406,2818.23886066642,2835.824511890703,183948
2018-07-11,2812.708740234375,2835.360029897727,2790.6990261332135,2834.939657492332,294276
2018-07-12,2833.89990234375,2845.2035130394424,2797.0032597375166,2831.378316018319,287710
2018-07-13,2864.62548828125,2875.641363531648,2826.97666353342,2826.97666353342,220690
2018-07-16,2890.107666015625,2905.2821154020075,2875.618859973381,2875.6408938804702,172274
2018-07-17,2843.30078125,2908.467353693997,2837.8370206736568,2895.549004348863,217354
2018-07-18,2816.269775390625,2864.602660872645,2791.5835916846295,2853.9628763799597,214518
2018-07-19,2819.14599609375,2829.8080327046305,2779.7497956587004,2815.916516033522,197248
2018-07-20,2812.885498046875,2846.751829018981,2792.02608476249,2820.7824934947926,193864
2018-07-23,2847.304931640625,2863.4305117705835,2815.9161180414644,2831.4003386434206,169912
2018-07-24,2860.798583984375,2873.4291986734415,2830.515783389173,2860.1570083793376,158028
2018-07-25,2850.8662109375,2886.2587151080465,2844.6725227076545,2875.1985575547506,108572
2018-07-26,2853.653564453125,2873.230045244806,2837.837537598829,2870.774776434356,215952
2018-07-27,2835.84423828125,2886.8300108053218,2829.093410589215,2861.958859942999,139908
2018-07-30,2811.97216796875,2853.520223940969,2756.100778059952,2853.520223940969,387246
2018-07-31,2905.572265625,2913.477651777903,2794.2072471519346,2833.4902112894115,344678
2018-08-01,2882.32177734375,2942.3455838831264,2853.4979371844174,2922.3598402944863,307076
2018-08-02,2867.91015625,2908.5922967949123,2859.7603696125893,2877.9474856055936,232300
2018-08-03,2839.175048828125,2896.6006699383224,2828.293920889841,2895.7124145964217,344500
2018-08-06,2809.862548828125,2881.5002535293056,2782.393209728665,2860.1821258829727,1199318
2018-08-07,2753.76904296875,2827.5608087859114,2740.267605754701,2813.104540494372,699322
2018-08-08,2798.626220703125,2805.5546561338097,2760.7198784709,2767.626194260471,383192
2018-08-09,2813.72607421875,2824.0075852274126,2789.3656309432213,2806.886552257555,261426
2018-08-10,2817.4345703125,2825.9840269396555,2789.6100184795964,2825.9840269396555,218272
2018-08-13,2856.029541015625,2865.0675824191258,2803.7779643174613,2817.1017943395623,324370
2018-08-14,2868.842529296875,2884.342540770218,2853.3201813257115,2864.623316659934,336188
2018-08-16,2884.23193359375,2895.7126783051967,2854.0091295769116,2873.062165023975,295894
2018-08-17,2944.522216796875,2949.207894182324,2877.592302023738,2895.401649439047,403128
2018-08-20,3007.365966796875,3014.2054893281847,2953.4489127243946,2961.8873381893213,289424
2018-08-21,3045.583251953125,3070.7874961875905,2980.118662603907,3017.847393360238,440782
2018-08-23,3064.547119140625,3079.7363703166566,3034.1467140106747,3072.474840439877,325100
2018-08-24,3008.27685546875,3060.039852145606,3004.5238896611063,3060.039852145606,275836
2018-08-27,3022.266357421875,3046.7154963449316,3011.8514779100806,3014.1165721611255,130788
2018-08-28,3040.34228515625,3046.0272489698323,3028.5063271176646,3039.5650617990927,155306
2018-08-29,2991.55517578125,3042.7187718694668,2987.2917234899164,3042.7187718694668,189950
2018-08-30,2971.2138671875,3009.408843656577,2915.7868252876806,2991.554826051772,300922
2018-08-31,2991.9765625,3011.1850808995437,2953.4706134386315,2971.4801174524378,219378
2018-09-03,2916.07568359375,3026.707928733723,2901.041918705042,3015.626856706558,170104
2018-09-04,2817.56787109375,2935.0840881470367,2797.8709837240717,2902.9958661195064,408846
2018-09-05,2746.9296875,2806.7758920902384,2686.972450990299,2783.7922847615196,746628
2018-09-06,2751.126708984375,2806.4206034332715,2718.5720209322685,2753.569411148784,365564
2018-09-07,2766.515380859375,2786.634275154403,2742.8432487711716,2771.755999993331,173558
2018-09-10,2706.513916015625,2773.577191584768,2702.516767140643,2771.3565533208894,171172
2018-09-11,2638.140625,2713.8643969130812,2629.302527251198,2710.333711857303,424094
2018-09-12,2671.64990234375,2691.4135829445804,2624.949922902617,2655.8833706284804,439116
2018-09-14,2714.64111328125,2731.3848109800374,2664.765669248817,2695.4104744451784,522686
2018-09-17,2674.426025390625,2712.7320402019245,2654.3513662472715,2712.7320402019245,295048
2018-09-18,2694.256103515625,2733.7834668732976,2665.8542686117944,2674.7589418155376,475678
2018-09-19,2646.956787109375,2721.6147011172898,2633.6774114924165,2721.6147011172898,266474
2018-09-21,2571.832275390625,2666.964507951116,2384.9876800328857,2653.707253782674,741492
2018-09-24,2488.0029296875,2592.594984300389,2470.4598886802423,2592.594984300389,391462
2018-09-25,2564.326416015625,2580.958866007921,2434.7298406274617,2498.2179734702654,468202
2018-09-26,2523.488525390625,2609.2496069060444,2509.320898556451,2607.02896894272,381034
2018-09-27,2531.43896484375,2560.8403051779333,2498.218299796371,2524.8659616608657,464964
2018-09-28,2586.37744140625,2615.911930949225,2457.8913954464347,2573.275675368389,886018
2018-10-01,2595.281982421875,2611.470521633846,2531.971674121523,2602.587968839173,345992
2018-10-03,2549.026611328125,2591.3297769656783,2532.4162778512123,2586.5998600851385,267012
2018-10-04,2498.373779296875,2530.639613055333,2465.086321721577,2530.639613055333,637498
2018-10-05,2419.474365234375,2493.7768367797835,2389.4734113745076,2493.7768367797835,518324
2018-10-08,2462.021728515625,2473.7466555835426,2374.817217498063,2393.4040037829354,459540
2018-10-09,2447.698486328125,2522.156442726375,2418.785733233452,2508.432941851894,638166
2018-10-10,2535.302978515625,2553.7342780879117,2426.735875375657,2431.599160440229,274440
2018-10-11,2473.8798828125,2514.850657863189,2438.5272790717186,2453.8052266130894,274782
2018-10-12,2557.064697265625,2571.0547168859234,2496.574430449424,2517.9593482135124,435472
2018-10-15,2518.914794921875,2569.256714852047,2495.9977614273143,2568.834706778574,388950
2018-10-16,2531.749755859375,2562.6166285954905,2495.997478805313,2536.6130405377426,196318
2018-10-17,2460.933349609375,2566.0139916116423,2444.967091217861,2557.7310545758,378956
2018-10-19,2470.904296875,2484.4501908364787,2431.5989980031677,2464.0203179765435,341554
2018-10-22,2478.298828125,2497.1076772113624,2465.352550680351,2494.6649751705154,190686
2018-10-23,2435.84033203125,2487.603542218657,2421.495094996972,2473.3470006030793,384402
2018-10-24,2380.590576171875,2480.0085854933327,2358.3176198011456,2454.027120190439,484590
2018-10-25,2358.0068359375,2402.5529691692373,2334.3349190311883,2358.3178120349335,496216
2018-10-26,2362.98095703125,2393.403698419586,2334.8677659664327,2371.397262013011,267434
2018-10-29,2397.512451171875,2420.051932836669,2355.0537980038844,2361.78228955266,188156
2018-10-30,2419.563232421875,2428.0461147899687,2387.3639744518237,2407.1721130714523,269272
2018-10-31,2506.701171875,2516.449644684757,2415.632657712482,2428.046113556944,424200
2018-11-01,2479.586669921875,2539.4552043680915,2471.5702529699356,2522.6449302550286,251860
2018-11-02,2487.55908203125,2542.6309131635257,2478.232400952397,2496.4416354396817,253576
2018-11-05,2537.967529296875,2545.4955799256904,2492.0003161929767,2493.3326991814956,183000
2018-11-06,2540.96533203125,2575.4962570153757,2509.8542767152794,2542.408746901969,230172
2018-11-07,2540.96533203125,2540.96533203125,2540.96533203125,2540.96533203125,0
2018-11-09,2552.157470703125,2615.46778169777,2531.97178187451,2591.0407604728803,442248
2018-11-12,2557.087158203125,2585.8888807327344,2479.7423684936243,2561.5063152262205,697690
2018-11-13,2581.514404296875,2593.705796539714,2511.9862988405175,2567.0581342464975,361806
2018-11-14,2562.94970703125,2603.920483875444,2545.562152425312,2602.588100888641,309186
2018-11-15,2584.001220703125,2588.375921388912,2545.7617870032846,2573.27558142199,122506
2018-11-16,2641.515625,2660.3244732873172,2571.4989483027657,2590.5964361744445,451886
2018-11-19,2660.124755859375,2675.425040585825,2638.1183169123174,2660.32470005131,368136
2018-11-20,2615.334716796875,2667.386349997907,2594.0831642552585,2651.442209896503,216502
2018-11-21,2666.8310546875,2675.869095752047,2624.7944159161157,2624.7944159161157,395944
2018-11-22,2668.6298828125,2691.5911520773366,2655.883332583011,2669.207162010685,349046
2018-11-26,2668.3408203125,2690.924752820381,2643.003426717703,2681.6425290743555,348208
2018-11-27,2680.33251953125,2700.296144381835,2649.6655916746754,2673.604028924903,430868
2018-11-28,2647.7783203125,2695.8551439253365,2642.7818836783717,2695.8551439253365,248828
2018-11-29,2693.501220703125,2704.7375642345005,2651.442242771752,2678.9781588608384,414182
2018-11-30,2815.54736328125,2839.7523212903716,2701.0068805879087,2701.095576006359,954568
2018-12-03,2748.7060546875,2832.557269143527,2737.0255841136386,2820.2106070876757,311813
2018-12-04,2747.46240234375,2779.1286152836083,2714.5969580719184,2753.768884507424,329006
2018-12-05,2747.37353515625,2761.9408347612825,2722.5468438667194,2744.708769360754,205221
2018-12-06,2652.641845703125,2734.849717083774,2647.0013366481116,2734.849717083774,302116
2018-12-07,2669.518310546875,2677.0684810435982,2620.353290039232,2652.641458848317,155500
2018-12-10,2647.577880859375,2664.765706409391,2602.5878399265052,2651.397421743733,197626
2018-12-11,2662.27880859375,2673.5596078149824,2611.470647530642,2638.118307199322,198219
2018-12-12,2714.952392578125,2730.496860718193,2664.988030699336,2666.3648698207267,261560
2018-12-13,2791.963623046875,2805.065386879808,2738.623856409437,2742.9319807524103,401085
2018-12-14,2785.3466796875,2816.7465926695504,2751.3264568268487,2788.855244905234,187229
2018-12-17,2809.729248046875,2815.769427730569,2766.0271286917955,2806.6648104957935,228526
2018-12-18,2814.61474609375,2827.316841250035,2780.239306664345,2804.2222016419605,230834
2018-12-19,2868.043212890625,2882.388449245654,2815.7693017284205,2824.5629424570134,425672
2018-12-20,2816.5244140625,2873.2838411765133,2807.0199088337067,2849.2564918602175,205790
2018-12-21,2771.178955078125,2842.4169874543586,2759.8981560310067,2841.528732145779,359201
2018-12-24,2754.080322265625,2804.222296195082,2737.736292799442,2771.8009741136375,245822
2018-12-26,2743.7763671875,2766.027207459427,2701.184565794514,2741.5112726342104,159442
2018-12-27,2731.739990234375,2775.7530793284795,2719.8374571459917,2762.473707290671,240314
2018-12-28,2752.259033203125,2766.337966380974,2736.6701093947136,2738.4910761223928,169577
2018-12-31,2767.270263671875,2771.3563244836987,2738.4908808920654,2758.1656475417603,184698
2019-01-01,2756.30078125,2779.2620517158834,2735.826452253339,2771.356665918967,140863
2019-01-02,2768.55859375,2781.1273193887373,2736.892162473122,2753.591405335383,152324
2019-01-03,2785.4794921875,2821.9868689257764,2751.28166579353,2768.558403524067,311498
2019-01-04,2773.754638671875,2806.1759554472924,2758.5211478073766,2787.300531297221,170818
2019-01-07,2792.497314453125,2802.445731363776,2775.798069892805,2786.5460467631196,152966
2019-01-08,2744.308837890625,2802.445096116516,2735.825957540054,2802.445096116516,217274
2019-01-09,2747.06298828125,2771.2237087560643,2736.714899568928,2766.027327899267,257227
2019-01-10,2743.7763671875,2753.591632345608,2729.608737483243,2753.591632345608,229690
2019-01-11,2750.79345703125,2768.4696504008216,2735.471053415492,2744.7088216053708,353709
2019-01-14,2765.71630859375,2774.909838624818,2720.726259829647,2755.368220042953,154975
2019-01-15,2828.115966796875,2842.328051616326,2749.1501572624843,2771.4896913443763,278642
2019-01-16,2820.876953125,2846.7695100666133,2793.563100866921,2828.2050598283868,182044
2019-01-17,2848.723876953125,2853.076241511868,2820.255249041911,2825.540325108733,154540
2019-01-18,2816.968505859375,2857.8282492744256,2784.014147796164,2855.607611045347,161433
2019-01-21,2796.5830078125,2841.129142943906,2786.0128560778408,2815.769409777381,174710
2019-01-22,2801.246337890625,2820.166219812944,2780.37233761193,2798.0042926761294,156085
2019-01-23,2845.8369140625,2868.1764487764585,2807.81954272298,2821.9871718063823,286992
2019-01-24,2857.384033203125,2864.623226862215,2834.0228763843165,2857.5171847490683,148520
2019-01-25,2848.323486328125,2904.5945407028453,2836.2433455709865,2861.070035352864,325166
2019-01-28,2845.4814453125,2861.958624776709,2781.1273911160383,2851.743688654756,216799
2019-01-29,2824.69677734375,2839.7526637971637,2800.2252964093086,2839.7526637971637,179979
2019-01-30,2850.23388671875,2861.9588142806438,2824.7410008634515,2839.7524299364427,116521
2019-01-31,2840.3740234375,2870.7967684693103,2832.8238531376346,2870.7967684693103,255273
2019-02-01,2887.71826171875,2918.807200248481,2843.3054923905624,2843.3054923905624,387188
2019-02-04,2901.0419921875,2913.8327825679708,2867.4658963647416,2888.029137968068,140277
2019-02-05,2813.149169921875,2945.454761888794,2798.093285002399,2911.701058344833,503959
2019-02-06,2825.89501953125,2842.3721969388566,2758.076864814895,2832.2017182239233,313476
2019-02-07,2854.94189453125,2869.065069274074,2819.4116769551006,2851.2999604859997,374133
2019-02-08,2762.474365234375,2851.2999075248695,2749.150533890801,2787.789644787166,640983
2019-02-11,2760.298095703125,2782.2824167261815,2713.8867513211167,2771.356831997423,265355
2019-02-12,2672.40478515625,2759.809013483969,2665.6539586306376,2758.0325030150384,515301
2019-02-14,2597.791748046875,2619.465092382923,2575.940579149026,2589.2644097308307,288540
2019-02-15,2538.94482421875,2615.9120653048285,2527.9747836528154,2615.9120653048285,374811
2019-02-18,2586.332763671875,2610.5821753276346,2450.696230598484,2540.4100106965075,700981
2019-02-19,2552.446044921875,2643.4033003364034,2532.415844658749,2585.000514722123,484180
2019-02-20,2595.748779296875,2602.588302453662,2561.728554360533,2561.728554360533,271061
2019-02-21,2666.1875,2680.754801841531,2607.029603513881,2614.9794459858,724297
2019-02-22,2676.1357421875,2715.6631049720513,2640.516616170544,2671.8720731669864,313430
2019-02-25,2707.57958984375,2733.1613842281886,2648.7771360963466,2676.490656321492,336072
2019-02-26,2730.052978515625,2747.329502715645,2680.9768675467008,2714.508508977957,568492
2019-02-27,2716.81787109375,2761.5413973706973,2685.506870342315,2735.826448636042,393442
2019-02-28,2715.3076171875,2752.3480377401734,2693.98948938013,2727.832104018014,447041
2019-03-01,2733.384033203125,2745.0202661276503,2720.1046578418873,2738.4915019466193,217420
2019-03-05,2725.92236328125,2753.813492948693,2718.06121713507,2722.680101321759,246280
2019-03-06,2688.61572265625,2741.9997376811652,2672.760278329257,2741.9997376811652,383038
2019-03-07,2703.7158203125,2726.0553530307734,2690.2586232049957,2704.737227102869,254411
2019-03-08,2728.010009765625,2735.3825731430206,2683.419630935238,2701.184739382343,190651
2019-03-11,2783.3037109375,2788.6776992306195,2723.835058031755,2741.156037530082,336189
2019-03-12,2784.8134765625,2823.5859499593034,2772.1558387215314,2812.12732664038,413123
2019-03-13,2777.530029296875,2798.004358530345,2748.173146544261,2785.5687836035436,298030
2019-03-14,2797.470947265625,2815.7690918300254,2767.8033091931734,2784.680158639473,293230
2019-03-15,2723.879150390625,2814.880856383407,2713.35323904987,2806.886559221068,403251
2019-03-18,2774.33251953125,2784.5916956520477,2718.1503669150484,2744.7091159535635,238905
2019-03-19,2776.153076171875,2788.100283652079,2739.3793928558207,2778.4626267357353,184380
2019-03-20,2743.021240234375,2784.680326476904,2735.293245745308,2777.3966764908146,257001
2019-03-22,2752.347900390625,2769.491053826194,2742.932307668549,2748.2618393544335,197654
2019-03-25,2745.375244140625,2752.703350834521,2719.038559554127,2731.1631584312504,224948
2019-03-26,2752.836181640625,2782.015453456475,2718.0610752160965,2753.59128534964,340645
2019-03-27,2750.837890625,2768.6919097995396,2734.0499513516147,2768.6919097995396,360838
2019-03-28,2750.52685546875,2770.0240149599454,2689.636914317369,2746.4852506833895,3470524
2019-04-01,2709.045654296875,2761.5858712798545,2703.8492737780243,2757.9883937559744,497409
2019-04-02,2659.614013671875,2717.70604123268,2647.3560469858917,2714.508235363569,378147
2019-04-03,2655.97265625,2676.7577466329726,2624.97241153101,2655.8837439630292,439719
2019-04-04,2701.8955078125,2713.6204365396115,2650.687450310208,2666.498440906412,464430
2019-04-05,2659.48095703125,2710.111511657454,2652.108394301556,2707.402289485437,387504
2019-04-08,2639.450927734375,2677.157326187306,2633.233139918746,2664.766206698006,293053
2019-04-09,2631.8115234375,2654.7730095274915,2613.6912021864136,2640.8719009222455,350181
2019-04-10,2628.169921875,2660.3247215482484,2621.50800687947,2638.029425952857,377556
2019-04-11,2616.8447265625,2641.7158764511096,2611.4707383040104,2632.7888667799616,276801
2019-04-12,2650.8203125,2655.8833242948754,2615.023580844185,2622.1296231834353,261483
2019-04-15,2663.388916015625,2671.871797040968,2639.8946079806374,2662.9892445242094,221766
2019-04-16,2682.975341796875,2691.413767801533,2662.9895959963687,2664.7661067341915,258557
2019-04-18,2662.767578125,2691.280662703003,2654.2402396925436,2691.280662703003,155314
2019-04-22,2664.8994140625,2677.201838384703,2639.0068552889693,2654.9954528639278,150447
2019-04-23,2656.77197265625,2677.157391261154,2652.6416716791646,2666.542782318309,138140
2019-04-24,2645.40185546875,2662.5896820360035,2622.174066430186,2654.106800663382,222279
2019-04-25,2637.451904296875,2663.8774980167814,2631.5893328960087,2654.106690254799,163138
2019-04-26,2636.0751953125,2655.8833317606827,2624.7943964390693,2655.8833317606827,121340
2019-04-30,2572.431640625,2642.47043644081,2554.666535759731,2638.1180724924952,458803
2019-05-02,2472.05908203125,2629.1913658661915,2462.243817094151,2599.9233956113203,1439763
2019-05-03,2394.869384765625,2490.5346518425663,2389.4067015410974,2471.969986387936,1857697
2019-05-06,2368.0888671875,2397.401295025905,2357.829474072213,2397.401295025905,764919
2019-05-07,2354.365234375,2416.498652024708,2349.168853893272,2383.189076780846,1182277
2019-05-08,2353.43212890625,2369.0655070138573,2323.5424284683036,2359.7388275069634,723429
2019-05-09,2373.7734375,2389.2292102295955,2342.3292858219556,2342.3292858219556,457843
2019-05-10,2388.11865234375,2420.495512245806,2374.3062400855188,2380.5240267224804,471289
2019-05-13,2377.459716796875,2405.040086656114,2370.3536745456936,2393.847983366823,332869
2019-05-14,2396.157470703125,2418.719067512446,2361.026931877699,2376.8821581173415,403041
2019-05-15,2387.408447265625,2407.1276737400435,2362.7593599577945,2398.28957589701,322361
2019-05-16,2412.678955078125,2431.1547083269106,2378.5700389720596,2398.1116551880596,307180
2019-05-17,2468.68359375,2473.879974106506,2407.171912948637,2415.921314578868,533790
2019-05-20,2488.180419921875,2522.644765012901,2470.237708274957,2521.756509813953,442704
2019-05-21,2530.372802734375,2546.9831332952713,2481.874193987468,2487.1148134578593,490607
2019-05-22,2533.881591796875,2556.3989521461594,2502.6595023182085,2541.29861087219,393507
2019-05-23,2521.490478515625,2567.0580224239216,2511.186846326619,2552.8459364866267,262582
2019-05-24,2532.46044921875,2546.628078624746,2494.3986208744113,2527.0864610001404,227827
2019-05-27,2572.8759765625,2580.381690603947,2538.67814692799,2549.2927545725743,267259
2019-05-28,2564.39306640625,2598.146768007718,2558.1752792691377,2584.8229384281913,441693
2019-05-29,2591.040771484375,2602.5880906579428,2550.1810267163664,2564.837239513587,248043
2019-05-30,2564.5263671875,2608.850439616789,2553.378935944661,2594.5938977652695,225789
2019-05-31,2595.437255859375,2638.11796188049,2566.702330060125,2571.4988214289624,577546
2019-06-03,2638.2958984375,2664.7659502484767,2607.8286977011508,2607.917609976509,535064
2019-06-04,2631.9892578125,2651.4419613379346,2621.2412823813215,2638.2957400673345,211082
2019-06-06,2577.139404296875,2645.1796249575787,2559.7739711381573,2633.943283015625,333116
2019-06-07,2575.319091796875,2593.0842009502917,2540.410608938563,2580.3821045337504,285268
2019-06-10,2659.703125,2669.207414184486,2584.556633184761,2584.556633184761,477974
2019-06-11,2647.266845703125,2673.647980074888,2638.117774359607,2669.206704360478,282227
2019-06-12,2662.012451171875,2669.2074064654375,2630.0797137575523,2646.956565911577,203661
2019-06-13,2651.04248046875,2659.96948987997,2622.1297261932527,2655.261693273431,213532
2019-06-14,2632.87744140625,2652.4632959443734,2624.3056482319685,2639.8945710526536,117529
2019-06-17,2575.230224609375,2645.1358869805313,2568.0354853917797,2632.878134937389,234062
2019-06-18,2546.85009765625,2580.381736399479,2540.410246506888,2580.381736399479,302729
2019-06-19,2554.355712890625,2579.9375088028414,2531.527595141366,2551.0692116652644,258721
2019-06-20,2517.35986328125,2550.0477002250677,2484.0502910271957,2531.5274913081357,425859
2019-06-21,2510.831298828125,2553.245490850642,2491.556201532143,2518.2038614415774,363700
2019-06-24,2469.7939453125,2544.851520705022,2461.399975815001,2513.762584151906,369267
2019-06-25,2493.954345703125,2503.4143947001685,2445.8998644111048,2465.7966962539103,304799
2019-06-26,2427.5126953125,2499.0616993468675,2398.2891842188437,2491.5559858273546,1387720
2019-06-27,2421.294921875,2455.6705738588307,2416.054302594667,2433.8194077608046,964520
2019-06-28,2437.10595703125,2458.690603606718,2426.7134136754166,2429.3781795030254,363938
2019-07-01,2431.6435546875,2461.355653725295,2426.7136939651773,2442.791203059075,282998
2019-07-02,2459.801025390625,2466.6850040659983,2428.7565455748154,2434.752268937237,242283
2019-07-03,2482.4072265625,2503.9918753157463,2456.425757121923,2468.461660696154,454114
2019-07-04,2523.84423828125,2531.527559745218,2477.343987413829,2478.23224269795,346395
2019-07-05,2509.18798828125,2542.9859278453837,2497.684909037866,2538.6335637624575,361520
2019-07-08,2470.37109375,2518.1592713506875,2461.3998455065725,2513.673538799374,302972
2019-07-09,2453.9384765625,2467.9284978725004,2425.0701786212294,2460.4672399175174,314268
2019-07-10,2460.06787109375,2491.5564827354397,2436.3957337536453,2453.3614992211355,356987
2019-07-11,2456.158935546875,2479.0315083996975,2448.9197419507273,2469.3496128483935,206136
2019-07-12,2469.883056640625,2487.1151246894246,2443.3685461569407,2454.249674827457,186082
2019-07-15,2463.6650390625,2482.6736161418708,2447.1434033884984,2482.6736161418708,150530
2019-07-16,2440.170654296875,2466.6851638496787,2431.687988996076,2460.4673762562516,221663
2019-07-17,2485.16064453125,2495.952859347399,2440.925488593202,2446.2105640922246,306989
2019-07-18,2505.635009765625,2526.198032888814,2476.056065375783,2487.114800312475,477907
2019-07-19,2441.946533203125,2519.668858010918,2409.036853728986,2519.402554956052,403725
2019-07-22,2428.9345703125,2463.398925744369,2414.278355132337,2447.143807354521,209576
2019-07-23,2425.114990234375,2442.658035400928,2399.177974423269,2432.931681579168,242451
2019-07-24,2346.28173828125,2433.8193347326123,2327.273163067524,2424.048527184416,525583
2019-07-25,2373.0185546875,2384.965545425892,2337.0886701962218,2341.1300584338774,771878
2019-07-26,2370.264892578125,2384.83241010941,2324.164527682917,2367.200455060677,393941
2019-07-29,2373.684326171875,2388.7846640110397,2356.185742753618,2364.313190788088,245049
2019-07-30,2324.6083984375,2395.5799047355117,2302.801689118561,2376.082745763607,354859
2019-07-31,2313.9052734375,2337.8881687859885,2256.4351935113,2328.1173595699374,487675
2019-08-01,2323.643310546875,2341.2434600232573,2300.5490579975667,2313.9053405681593,332895
2019-08-02,2317.836181640625,2345.174300735264,2282.6363193823236,2312.9224831057513,347132
2019-08-05,2303.4970703125,2320.1588865063104,2271.7813827996106,2310.286776770114,211393
2019-08-06,2278.66064453125,2333.3366624539954,2267.7164982251097,2289.78342715405,404564
2019-08-07,2269.7265625,2291.614854292126,2260.3011524113804,2279.06254537606,308676
2019-08-08,2302.8271484375,2313.9052174448393,2266.4211107499027,2286.0311904947907,286738
2019-08-09,2312.252197265625,2362.4614316613633,2253.421961681805,2314.709046282261,1430286
2019-08-13,2244.13037109375,2291.5699771653326,2225.458406674013,2291.5699771653326,731080
2019-08-14,2214.6484375,2277.901180123404,2206.6972673858486,2277.901180123404,466208
2019-08-16,2233.008056640625,2237.9664690873883,2181.6822824396813,2233.499470147094,734216
2019-08-19,2214.20166015625,2251.367173762841,2207.6800170418383,2251.367173762841,586547
2019-08-20,2138.35205078125,2206.6971236388918,2118.250558764297,2206.6971236388918,1174827
2019-08-21,2130.311279296875,2148.625970521696,2054.8190154677345,2134.3315773706163,1700962
2019-08-22,2180.565185546875,2212.950922708024,2137.9053524587407,2138.3520522816534,1252406
2019-08-23,2203.7041015625,2235.285865606799,2146.12453925493,2166.8513669676636,629497
2019-08-26,2263.7412109375,2276.204094747221,2218.8031565712536,2233.4995399208956,748623
2019-08-27,2399.581787109375,2433.8884610274285,2260.3008831748116,2265.0806580591966,2211174
2019-08-28,2414.948974609375,2450.8188876694853,2387.2088684830546,2412.1793481117693,1149926
2019-08-29,2391.496826171875,2445.234725307719,2368.8490588795826,2415.0377749563754,535368
2019-08-30,2413.653076171875,2435.8094311056834,2401.011558375696,2403.2450574997665,507782
2019-09-03,2419.192626953125,2468.597459180633,2397.080982896863,2411.285951832391,716548
2019-09-04,2354.51025390625,2454.6604499963596,2346.067670155722,2421.113246809599,752108
2019-09-05,2393.10498046875,2416.6461494292157,2358.57516986807,2368.402566409187,931162
2019-09-06,2383.590087890625,2431.208329296474,2364.113933354549,2408.0691492233586,478053
2019-09-09,2396.722900390625,2407.533122061904,2367.68741536418,2385.2873426648775,298664
2019-09-11,2382.16064453125,2415.7525572779164,2376.4429742452876,2408.605360362893,334013
2019-09-12,2391.630859375,2397.125179967998,2365.4094924417327,2382.1607358534925,310751
2019-09-13,2389.48681640625,2396.0978866401065,2360.3619002621776,2395.204486980658,245991
2019-09-16,2425.624755859375,2438.981036962569,2364.0248938052728,2376.443061655836,428246
2019-09-17,2405.433837890625,2448.7637208052242,2393.239019945256,2430.0470418084424,604927
2019-09-18,2335.212890625,2384.2157332491547,2312.2970574751034,2384.2157332491547,832018
2019-09-19,2342.31494140625,2370.367599522317,2313.904792607581,2338.9199795546897,499689
2019-09-20,2561.376953125,2575.671348398805,2325.1174448631677,2352.3214222455963,1324910
2019-09-23,2728.129638671875,3201.7208603665727,2636.422255721453,2644.4628522316166,1743589
2019-09-24,2751.849609375,2782.9399613949954,2729.3359814002283,2769.5389663963037,809417
2019-09-25,2712.361328125,2760.8729725771427,2681.092340481925,2751.626198985203,582998
2019-09-26,2763.106201171875,2774.005632174463,2724.8686564032564,2732.0158528790685,514054
2019-09-27,2693.689453125,2778.2049316924586,2685.5147152120967,2769.583712056251,432428
2019-09-30,2630.302734375,2701.59607662934,2617.7506426294176,2689.1331939878787,553451
2019-10-01,2608.325439453125,2668.9424852403718,2590.993352399292,2637.316219448346,474514
2019-10-03,2593.494384765625,2607.833492298,2546.188918482117,2604.081257514844,285265
2019-10-04,2541.856201171875,2618.8674338021174,2532.8777082128768,2604.260260702707,313496
2019-10-07,2638.521728515625,2652.2799947581707,2547.484180731731,2553.2020688947728,969709
2019-10-09,2732.462646484375,2746.8909626192994,2614.891173174125,2655.004945641096,1037068
2019-10-10,2713.9248046875,2734.696346687001,2681.09236733345,2733.892374242758,422209
2019-10-11,2753.412841796875,2766.813835739443,2718.8830346509117,2723.8859415203888,510119
2019-10-14,2778.16015625,2790.9805285744997,2741.7988338317427,2764.1338252575947,350920
2019-10-15,2841.99365234375,2853.205643216438,2780.5724277357635,2795.5368715493455,583008
2019-10-16,2838.107421875,2845.477969204966,2818.675978914181,2845.477969204966,271629
2019-10-17,2901.628173828125,2918.156067542973,2823.142926428044,2837.437320992237,673820
2019-10-18,2905.6484375,2911.7680942304128,2879.025084320014,2883.760146085724,230815
2019-10-22,2901.806884765625,2940.9823300065364,2876.8364072421423,2876.8364072421423,435837
2019-10-23,2943.48388671875,2987.975234476003,2906.229163626981,2912.482961396852,591914
2019-10-24,2933.74560546875,2985.7414177746537,2912.706001585821,2958.9394301824213,401741
2019-10-25,2918.826171875,2947.1916116188,2900.868751121839,2947.1916116188,213353
2019-10-27,2911.6787109375,2952.730378755859,2892.247269722045,2941.071470403559,39581
2019-10-29,2995.12255859375,3008.0768545220453,2911.5896848492266,2924.097280917925,458464
2019-10-30,2939.37451171875,3036.6656541693724,2926.777488396253,3013.4372614043227,496662
2019-10-31,2918.37939453125,2987.1264542253066,2908.0158713075652,2946.9681834350417,488894
2019-11-01,2920.121337890625,2943.751713944022,2891.6664730757934,2943.751713944022,320106
2019-11-04,2894.481201171875,2947.3257079313053,2883.000927400522,2939.2851103649573,283144
2019-11-05,2887.244384765625,2930.350918861685,2860.9338080958278,2908.0159271020684,330794
2019-11-06,2883.760498046875,2910.56249080491,2850.8386296963513,2894.481295150089,347320
2019-11-07,2880.14208984375,2909.4456445766664,2863.256704097308,2902.655719390504,288996
2019-11-08,2821.356201171875,2899.483959889718,2807.9552059161506,2883.8941790319227,376182
2019-11-11,2787.005126953125,2854.412091884933,2778.473116044489,2820.462902685676,464906
2019-11-13,2921.193115234375,2947.325051504917,2858.878497973851,2922.309864647646,1853222
2019-11-14,2886.39599609375,2925.7947947479693,2858.879239787758,2925.7947947479693,515326
2019-11-15,2854.9033203125,2912.482884638848,2845.6118330016166,2885.8595312114508,261412
2019-11-18,2806.079345703125,2874.201080480538,2792.7677759238427,2861.5595605515255,429862
2019-11-19,2787.719482421875,2821.668666653349,2778.47270947067,2806.078669402316,261351
2019-11-20,2784.1015625,2800.8080934695927,2733.803115156923,2787.407097807059,504339
2019-11-21,2745.104248046875,2781.1530098666935,2735.276852252293,2781.1530098666935,295648
2019-11-22,2700.434326171875,2744.5236855143303,2694.627228529999,2735.8130390515166,349622
2019-11-25,2716.470703125,2720.4015738181306,2684.04025650375,2702.980282951315,437144
2019-11-26,2729.5595703125,2754.351413230812,2716.8286239490426,2723.082422162671,620959
2019-11-27,2761.58740234375,2769.538570995074,2733.8025894338475,2733.8025894338475,235618
2019-11-28,2767.9755859375,2778.8303049107994,2733.8030478395062,2778.8303049107994,234706
2019-11-29,2731.748291015625,2765.072144326339,2724.8691567674746,2756.138147091036,221117
2019-12-02,2748.99072265625,2760.5602044990633,2726.2537451900366,2731.74806579069,387666
2019-12-03,2723.35009765625,2783.833208138149,2704.4545648769854,2742.4687622247498,522267
2019-12-04,2724.198486328125,2740.369104885983,2701.238162287417,2715.8451135701757,263755
2019-12-05,2754.26171875,2764.759164732826,2716.8283603211325,2737.7338250749126,278358
2019-12-06,2742.3798828125,2767.9309840756646,2733.5350946668464,2760.649863563761,206989
2019-12-09,2732.37353515625,2755.9594179320356,2722.590852136166,2755.9594179320356,206624
2019-12-10,2733.222412109375,2750.777628664304,2717.8112675512525,2739.2081463726868,185130
2019-12-11,2716.828125,2737.3763153567907,2707.268793109215,2726.744947592156,315341
2019-12-12,2745.908447265625,2751.670831194937,2707.17948647012,2723.6181703567336,254614
2019-12-13,2728.7998046875,2765.965317386819,2711.467938717376,2765.0719177365004,249099
2019-12-16,2725.673095703125,2758.684389573136,2718.3919752920942,2733.71369311587,369764
2019-12-17,2744.47900390625,2747.650616278357,2724.868925263856,2733.802921740131,212811
2019-12-18,2768.823974609375,2788.434052049913,2727.861734145223,2742.7367501205067,405982
2019-12-19,2780.9296875,2790.0870336719945,2760.649559600661,2767.662615799883,259885
2019-12-20,2789.417236328125,2819.5247628433767,2735.991890204517,2765.072094302361,766343
2019-12-23,2762.212646484375,2796.0724006408927,2749.7050533541405,2769.5384788376323,259919
2019-12-24,2761.543212890625,2782.4486788257964,2755.2447013219635,2765.9654978251615,166800
2019-12-26,2735.85791015625,2785.6202291906657,2728.57657182471,2760.6050379086455,189043
2019-12-27,2717.811279296875,2753.457839617567,2698.960458625785,2750.7776405523978,407653
2019-12-30,2722.501708984375,2738.270126709409,2711.5575624746884,2724.869130983262,182858
2019-12-31,2705.035400390625,2739.877985407448,2698.066839764232,2721.2952297754473,190885
2020-01-01,2715.622314453125,2727.549287709975,2704.6781681136404,2720.134026567129,110561
2020-01-02,2727.906005859375,2738.269527532625,2718.6594517007247,2722.1883361800683,138428
2020-01-03,2714.863037109375,2733.803067022578,2703.1147002496427,2720.4020715959964,168305
2020-01-06,2699.898681640625,2708.9218879909545,2675.7768890738325,2707.001165828925,181158
2020-01-07,2712.897216796875,2728.4422820418276,2705.213893262166,2710.4848634699606,159307
2020-01-08,2701.283447265625,2714.7736520018634,2675.732128343227,2698.067121067294,194024
2020-01-09,2681.181396484375,2723.9751464022065,2675.8209993448495,2722.366983637325,434270
2020-01-10,2671.0419921875,2693.6003366319296,2660.5892583848004,2693.555623019895,526254
2020-01-13,2720.49169921875,2730.45301930692,2668.8531494146305,2675.732283950667,420792
2020-01-14,2774.14013671875,2786.5138104588414,2713.3889539322154,2732.0164259003323,653300
2020-01-15,2782.224853515625,2799.869494745632,2763.1953993508705,2787.4066145631587,438959
2020-01-16,2814.43212890625,2823.1427751269744,2782.9397925697863,2783.833192182168,768872
2020-01-17,2791.382568359375,2831.1835674669924,2782.35936251928,2818.675972028514,294064
2020-01-20,2778.875,2807.955203300869,2773.469888295527,2807.955203300869,203111
2020-01-21,2779.58984375,2796.3410882884696,2749.2142536535757,2769.5390970269186,220943
2020-01-22,2775.212158203125,2804.1135067215646,2759.622159435501,2792.320674674876,248578
2020-01-23,2781.1083984375,2789.997681337062,2741.039554981138,2772.9785924869325,203032
2020-01-24,2852.178466796875,2870.4484465555183,2780.304506456301,2781.28711523121,580192
2020-01-27,2835.829345703125,2867.8130992807537,2818.676114713638,2847.264905734505,322446
2020-01-28,2842.127685546875,2867.723498714462,2802.1480505203217,2843.6017077487204,292577
2020-01-29,2871.56494140625,2899.528392418804,2849.9894283821104,2858.8787107503226,434882
2020-01-30,2868.438232421875,2889.879824169805,2852.133688696887,2866.8747830235884,337850
2020-01-31,2859.504150390625,2925.526513876829,2847.130696391686,2897.0269348279585,468850
2020-02-03,2885.7255859375,2902.655465698585,2762.7044976348006,2767.3948458019036,657504
2020-02-04,2887.9140625,2948.2185324825987,2848.15778228925,2890.1475613882444,511585
2020-02-05,2908.8642578125,2964.299744210775,2897.920113187249,2921.2379289817936,423733
2020-02-06,2905.51416015625,2941.964907768637,2891.353907245153,2912.795497827129,410631
2020-02-07,2904.799560546875,2944.645272536604,2892.0241199305997,2908.9092862194125,450061
2020-02-10,2819.2119140625,2930.3507389903457,2791.873798580741,2921.4167428348874,969115
2020-02-11,2800.5400390625,2857.807047959806,2791.159342068147,2840.966376109592,507516
2020-02-12,2802.416015625,2866.9194255784,2791.1590929902577,2791.1590929902577,669153
2020-02-13,2800.986572265625,2808.535755774599,2774.184582447859,2798.1277369747604,319421
2020-02-14,2766.5458984375,2822.249453045827,2760.872941612114,2783.8332686580557,270506
2020-02-17,2755.333984375,2780.5278112162982,2744.5684748266094,2765.0719534431655,224912
2020-02-18,2739.565185546875,2751.670793863686,2698.0668173598483,2751.670793863686,453173
2020-02-19,2753.6806640625,2779.365900202267,2715.9345344310163,2753.546741380861,462922
2020-02-20,2733.2666015625,2790.488888572527,2726.8788817794034,2751.492083955308,270720
2020-02-24,2712.540283203125,2738.270239681898,2684.6662545657764,2732.909841170286,427352
2020-02-25,2710.172607421875,2749.8841790551805,2696.280198956639,2715.9349916594374,350415
2020-02-26,2717.14111328125,2742.647498801397,2695.118681035546,2702.6233689660376,366302
2020-02-27,2703.472412109375,2769.53928134289,2644.4633137983724,2713.2103823364127,652385
2020-02-28,2653.575439453125,2698.0667830078714,2606.0466245145567,2665.0109979180397,619510
2020-03-02,2634.725341796875,2728.398176557843,2613.1943201522845,2675.7323038824243,348147
2020-03-03,2703.8740234375,2720.848616678971,2648.9299453137905,2653.3969435352305,399770
2020-03-04,2736.527587890625,2751.670666931394,2705.213889437747,2723.081880781457,368498
2020-03-05,2793.794677734375,2827.6099423318615,2748.1867992862,2753.9938971140537,720100
2020-03-06,2752.921875,2769.5391974306526,2692.0367698896493,2756.0487740938734,593374
2020-03-09,2677.072509765625,2735.4115605262214,2652.057315280914,2720.4024002123574,607257
2020-03-11,2723.35009765625,2739.0738000552114,2630.257901135506,2664.296295693271,534597
2020-03-12,2511.03369140625,2652.4589025743894,2488.1627907582556,2631.0620241335837,774263
2020-03-13,2468.998779296875,2724.778864442282,2153.0926501094636,2412.1784876745032,1108162
2020-03-16,2420.2197265625,2452.069337822142,2324.670674668418,2416.4674915396977,791034
2020-03-17,2399.671142578125,2497.7217411998486,2384.5280641361082,2430.0467266613923,567266
2020-03-18,2235.2412109375,2452.337325911104,2215.631132240898,2437.1942454649875,649481
2020-03-19,2071.03466796875,2147.7331283723825,2019.0835566229553,2134.3321313151505,786857
2020-03-20,2204.732177734375,2234.3035816894267,2049.682591249263,2091.7170975151175,742455
2020-03-23,1909.95458984375,2164.1712938576816,1876.1393247679416,2054.8192604601268,613493
2020-03-24,2112.621826171875,2188.8288497473263,1886.7703812361474,1891.3268060877917,929170
2020-03-25,2190.079833984375,2243.8626678784995,2070.0964344285035,2112.532918175932,1249005
2020-03-26,2312.5205078125,2384.3052639947446,2159.615229925693,2208.082165704007,944116
2020-03-27,2259.630859375,2420.1747182644535,2237.965919831719,2403.244840058812,472582
2020-03-30,2210.04736328125,2304.390452674858,2182.3519743932384,2202.4534663280856,701815
2020-03-31,2402.306884765625,2421.112990547705,2224.565072495862,2304.9263253672116,734769
2020-04-01,2291.43603515625,2483.650870495485,2237.9659822270464,2412.178902999212,1167150
2020-04-03,2290.0068359375,2331.7732729140253,2211.1643105219205,2312.967165155038,726903
2020-04-07,2532.341064453125,2571.8292815635014,2358.7087719234382,2358.7087719234382,1062855
2020-04-08,2479.675537109375,2671.2650557634224,2464.8897287128034,2527.4277066069303,1037961
2020-04-09,2503.037841796875,2546.189089997763,2441.571900141617,2546.189089997763,893108
2020-04-13,2417.67333984375,2501.5189830022223,2409.8115975321452,2501.5189830022223,501533
2020-04-15,2534.887451171875,2598.452745688141,2461.0478431045376,2476.503699861622,1011691
2020-04-16,2534.396240234375,2585.4539443857816,2514.920083707323,2535.0215763834917,675907
2020-04-17,2530.24169921875,2586.391953750903,2503.484423665669,2576.5645577262885,705271
2020-04-20,2531.001220703125,2559.4113733336944,2502.4124317647206,2555.2124385813963,667917
2020-04-21,2558.026611328125,2596.5322244445238,2441.79522673332,2483.5616614070614,1129799
2020-04-22,2637.896240234375,2653.1287470289744,2526.042653999292,2557.803053384746,737395
2020-04-23,2633.2060546875,2899.0818791390384,2606.940192088664,2644.4629775813723,3426363
2020-04-24,2735.723388671875,2789.997412205018,2640.8891121641295,2662.3307017080874,2613797
2020-04-27,2896.4462890625,2939.284757328191,2742.736840424786,2747.963315461229,1993378
2020-04-28,2853.473876953125,2939.151037513747,2823.1430013057984,2927.6707643288296,1379063
2020-04-29,2851.53173828125,2925.556980014235,2845.389266551861,2879.5339818568395,1177520
2020-04-30,2859.616455078125,2895.070911640335,2845.389507540423,2886.0379290767146,1021592
2020-05-04,2793.856201171875,2854.4223912702173,2760.479375861324,2808.3541817908563,591353
2020-05-05,2690.69921875,2823.709864141838,2683.2470094156524,2806.5472002203105,905266
2020-05-06,2698.783935546875,2768.608929155255,2626.474871936806,2664.7296381755305,995972
2020-05-07,2633.430419921875,2691.8285586613288,2589.7558649939697,2689.7509287546636,994651
2020-05-08,2705.06201171875,2743.3167807563063,2640.7472205304607,2660.213341892434,1102857
2020-05-11,2758.627685546875,2785.229775279735,2702.532995746581,2736.090437996578,1095855
2020-05-12,2806.818603515625,2821.1809570029714,2738.1679387857616,2754.1110641583355,1329390
2020-05-13,2781.751953125,2879.714596597372,2761.8341841582383,2872.4882111604898,850975
2020-05-14,2817.115966796875,2834.5496656345076,2738.5290257802394,2768.6088990343424,777257
2020-05-15,2823.394287109375,2886.941411715782,2813.774248277429,2842.5893762830174,870248
2020-05-18,2808.8505859375,2858.9384203166323,2798.5078670382827,2809.257025966738,730350
2020-05-19,2803.837646484375,2843.492349728059,2787.623487705941,2827.5040155023376,537217
2020-05-20,2825.381103515625,2853.5187516479114,2806.4118430583267,2809.79921099713,439150
2020-05-21,2810.11572265625,2851.7126522989965,2799.321352383462,2818.381034186146,574325
2020-05-22,2860.835693359375,2876.281959590404,2782.158335338867,2803.8374911986502,630580
2020-05-26,2857.900146484375,2930.299410222754,2837.259694053536,2890.5542887524084,718134
2020-05-27,2908.891357421875,2925.737781333286,2837.2597631040694,2863.455411983413,739328
2020-05-28,3001.88525390625,3038.0171760175117,2880.9337328515026,2906.3614848246025,1453514
2020-05-29,3052.109130859375,3086.569868068617,2971.7605816611367,2971.7605816611367,1658714
2020-06-01,3102.69384765625,3134.444690530612,3072.1171159926835,3085.6665887183203,883460
2020-06-02,3117.28173828125,3143.4773831407565,3071.213535252463,3102.738550681026,786444
2020-06-03,3170.847900390625,3349.4299208335624,3135.5288504992122,3252.7770077998002,3415126
2020-06-04,3116.695068359375,3211.2251378617743,3091.086475882698,3170.5767183951693,1309771
2020-06-05,3131.4638671875,3159.6919363102775,3073.201132518087,3138.9612864528676,1200548
2020-06-08,3095.422607421875,3173.5127000607645,3080.247152126153,3148.8978217923077,768759
2020-06-09,3085.3955078125,3134.3542244035125,3079.3434541942734,3102.738788528828,567611
2020-06-10,3050.43798828125,3114.210928721579,3032.733255540756,3090.092690618002,628261
2020-06-11,3044.43115234375,3074.330190206629,3007.982982051226,3062.0904555877214,673105
2020-06-12,3040.546875,3110.0556256641507,2986.0779507810826,3010.692826122165,1373475
2020-06-15,3032.552734375,3077.0853806436157,3020.132383873356,3026.95232952789,609721
2020-06-16,3021.8486328125,3071.1685807645986,3007.982917637106,3054.0963334988296,701355
2020-06-17,3072.5234375,3102.829134433206,3030.610491698823,3033.1397706163607,1100079
2020-06-18,3075.052978515625,3122.7019598233137,3054.5481529407602,3084.7634344219314,898020
2020-06-19,3106.0361328125,3116.3788533062448,3054.95457445847,3087.382892284505,782740
2020-06-22,3090.363525390625,3138.9610090032743,3085.6664192101252,3116.3785557010924,735172
2020-06-23,3131.780029296875,3165.9697334207344,3094.970628106666,3098.2675782827687,765553
2020-06-24,3113.126708984375,3165.969651659639,3107.345688938596,3149.800702711885,573266
2020-06-25,3116.73974609375,3138.4189009811125,3089.2795714491317,3093.7056440259275,546489
2020-06-26,3122.15966796875,3161.4531378778734,3111.2298925659684,3122.9727686307638,448352
2020-06-29,3178.932373046875,3202.0568965085827,3112.5851605501825,3118.9082483135776,940186
2020-06-30,3255.305908203125,3265.4228033491936,3197.6754422838576,3199.4820385789335,1236537
2020-07-01,3203.05029296875,3261.8098865404804,3194.0625197472,3256.3900971970183,586225
2020-07-02,3193.24951171875,3222.6516913045025,3172.428444384814,3209.4184610667157,422319
2020-07-03,3196.185302734375,3233.7623758709806,3175.0932013632437,3206.256989541631,323231
2020-07-06,3273.958984375,3293.425103903495,3198.578796742259,3215.7414618476255,538078
2020-07-07,3322.7373046875,3329.06039224926,3233.807638728816,3284.392339222898,664348
2020-07-08,3328.65380859375,3353.4945086578828,3278.9724084654854,3320.1176848598866,531417
2020-07-09,3318.356201171875,3341.2998861704996,3297.038276432096,3333.1702027491606,397351
2020-07-10,3366.276123046875,3390.6201857759393,3301.8711383053546,3314.7431375568135,706136
2020-07-13,3429.642578125,3464.1485245368463,3387.5940036882157,3396.4011609539875,1108644
2020-07-14,3374.044677734375,3428.8748356060573,3368.3990638568994,3428.5136045306153,399210
2020-07-15,3363.205322265625,3412.9319367045514,3352.7721830213686,3380.1421650219486,506574
2020-07-16,3481.98876953125,3505.0228738500896,3332.7639495798703,3368.39901980207,987220
2020-07-17,3418.9833984375,3557.1880113730185,3402.5434166913933,3522.8626826700793,4503046
2020-07-20,3597.520263671875,3606.8694876715617,3439.036648471449,3485.827536419874,3785159
2020-07-21,3505.158447265625,3622.225988884693,3500.280724919747,3612.289708117179,1880670
2020-07-22,3437.0947265625,3544.903230227491,3424.448552253519,3536.2317001632573,1019300
2020-07-23,3457.464111328125,3504.571021967298,3450.598957127412,3455.1154479089923,791770
2020-07-24,3449.198974609375,3477.6076589500603,3403.627624434229,3455.0704129211645,665233
2020-07-27,3412.0732421875,3474.626637004701,3398.5687588665314,3473.1812717998278,523512
2020-07-28,3409.724853515625,3459.6320786713936,3399.4273423296827,3414.7382025923807,599914
2020-07-29,3427.745361328125,3480.4076862832494,3414.466922956315,3430.4552557114234,785425
2020-07-30,3437.90771484375,3499.738432071655,3423.951801862973,3449.1537332445014,855542
2020-07-31,3453.850830078125,3486.73079391163,3433.526622082526,3442.469185387881,681895
2020-08-03,3411.03466796875,3477.6077021633123,3403.718084762214,3456.9222612974518,369180
2020-08-04,3448.43115234375,3482.214415398458,3418.983544042326,3432.5330164757825,642559
2020-08-05,3477.65283203125,3498.9707575864873,3457.7802717966943,3468.574641090471,569216
2020-08-06,3484.608154296875,3533.702498852283,3473.181520472144,3491.2474841677076,786063
2020-08-07,3554.2978515625,3563.511449226004,3477.698119016506,3491.247592207479,1061884
2020-08-10,3561.524169921875,3617.709273585054,3549.0586107155245,3577.015645764587,826722
2020-08-11,3504.390380859375,3586.0936543953526,3491.2473486745685,3568.0276914009173,422055
2020-08-12,3441.340087890625,3509.313272906379,3432.5329310281186,3505.2936402908717,619436
2020-08-13,3439.9853515625,3484.789030253124,3425.351964907927,3454.03168260296,513264
2020-08-14,3433.75244140625,3468.6648259863473,3389.174590390827,3457.82524840514,537499
2020-08-17,3494.544189453125,3518.346183166845,3434.3394578691514,3459.631805270608,987819
2020-08-18,3535.780029296875,3558.994747886122,3500.2803675275945,3504.796858324404,768897
2020-08-19,3500.6416015625,3567.1244343609196,3491.834444501214,3562.291700991503,505661
2020-08-20,3494.047607421875,3532.076326621311,3466.18077171877,3504.7967670255593,523854
2020-08-21,3507.281005859375,3533.702477605273,3491.2926721912904,3519.249706735722,401007
2020-08-24,3530.4052734375,3546.3483969430936,3517.62347280037,3533.702223342176,444407
2020-08-25,3520.017578125,3549.9166153700917,3500.2804248072457,3539.1222462954292,358587
2020-08-26,3534.23095703125,3560.166123194943,3506.403910425583,3548.767520998931,608530
2020-08-27,3522.5556640625,3556.4743134734754,3516.4640613827573,3544.1527547794717,385945
2020-08-28,3501.55810546875,3532.707882876291,3495.235764218021,3524.770367982208,512488
2020-08-31,3438.98193359375,3517.387039137523,3400.1715697146774,3513.1413493251744,600226
2020-09-01,3480.468994140625,3495.928515660608,3431.8292312007056,3447.24255982902,387446
2020-09-02,3506.49609375,3519.786801805867,3462.93259445107,3496.066640816684,305952
2020-09-03,3458.179443359375,3515.310357127452,3451.857101583635,3505.388575351509,414160
2020-09-04,3420.338134765625,3515.5409992330274,3413.600507842108,3442.627442147333,759852
2020-09-07,3437.1357421875,3461.0864151138585,3373.4055592643076,3445.303770928481,437318
2020-09-08,3444.104248046875,3472.577318248455,3425.3219948707965,3439.766172631828,379275
2020-09-09,3450.2880859375,3460.163674725512,3402.109805097978,3405.7092450619207,332884
2020-09-10,3432.705810546875,3475.3925467807376,3414.985091598186,3475.3925467807376,357927
2020-09-11,3481.622314453125,3533.0771342637845,3433.3978420745243,3437.0896677111637,829715
2020-09-14,3432.9365234375,3503.5426920200966,3425.0913935949893,3496.989611078004,397741
2020-09-15,3446.41162109375,3476.3153186485874,3428.7830635283426,3433.444038465588,366110
2020-09-16,3548.30615234375,3562.611977642574,3449.2266850610413,3453.7031140773347,917526
2020-09-17,3521.6787109375,3591.1773771352755,3478.3921432868415,3551.5364424193076,741010
2020-09-18,3504.92724609375,3543.9221575216525,3484.022371874929,3542.030051664242,947698
2020-09-21,3349.685791015625,3502.619625238461,3335.103034466187,3498.0048431235227,604282
2020-09-22,3311.56787109375,3394.633954816837,3267.3121526652953,3378.02073807222,670648
2020-09-23,3345.624755859375,3371.4675365396065,3288.309295335132,3340.0870171421825,405856
2020-09-24,3334.410888671875,3373.4057983795456,3285.9094825372854,3313.413629598514,517316
2020-09-25,3402.386474609375,3430.582838456223,3336.487476004163,3359.5613866265985,507368
2020-09-28,3449.41162109375,3486.9297132919605,3404.786583465866,3424.9992410097025,390640
2020-09-29,3448.94970703125,3503.5424878568324,3416.4614615470027,3478.6226651033726,449330
2020-09-30,3505.527099609375,3530.308571478892,3427.9065940600076,3446.3195309548196,535771
2020-10-01,3515.171875,3533.030946343655,3472.1620161402293,3525.693487946751,336322
2020-10-05,3535.33837890625,3560.581327161296,3493.436247511647,3521.078747263381,460889
2020-10-06,3475.715576171875,3581.0247700641135,3462.932539431966,3571.841398614528,666856
2020-10-07,3494.266845703125,3542.3067728767655,3477.699822876408,3488.7753000193266,590795
2020-10-08,3502.342529296875,3530.3081526705337,3480.929986352135,3506.2189010257343,371495
2020-10-09,3456.564208984375,3524.447474005704,3447.24225892817,3513.6951217508818,347685
2020-10-12,3444.01220703125,3483.5147906103994,3435.521052230224,3478.7154618386176,286506
2020-10-13,3457.072021484375,3494.5903394650386,3417.384890866318,3444.47375503693,368886
2020-10-14,3497.820556640625,3508.8960345389028,3451.8572782965375,3454.6261477711073,545911
2020-10-15,3443.55029296875,3540.4145210858674,3428.782990720693,3498.004720008459,526411
2020-10-16,3458.50244140625,3487.8525022362073,3434.551766061521,3460.1176152297253,263967
2020-10-19,3481.806884765625,3502.6195970024505,3451.8569941473424,3475.8538609515754,473267
2020-10-20,3279.402587890625,3409.4010927254108,3270.1270559243985,3397.4026589935675,3187477
2020-10-21,3135.513916015625,3304.1842135067886,3121.4388296312736,3304.1842135067886,3538724
2020-10-22,3191.906494140625,3224.2099695379347,3147.281460137877,3147.281460137877,2266246
2020-10-23,3202.427978515625,3233.0238931350314,3176.862131225091,3211.8882816440305,1022334
2020-10-26,3216.872314453125,3235.470022083223,3198.967049490347,3213.734352661682,893740
2020-10-27,3297.03125,3311.5678144026874,3211.8885156414026,3211.8885156414026,1753963
2020-10-28,3268.834716796875,3322.458575081425,3253.3751967186054,3296.984887685664,667035
2020-10-29,3260.481689453125,3282.032810554776,3228.5013417662,3265.419596103149,654253
2020-10-30,3205.658447265625,3276.357000526441,3194.029106018053,3267.265789482563,475859
2020-11-02,3156.7880859375,3217.380088569759,3129.883769412189,3214.6574120266114,764391
2020-11-03,3141.420654296875,3190.8912105176328,3128.8223887930512,3179.584993920962,623300
2020-11-04,3203.304931640625,3235.8853396531663,3149.035046879125,3159.279953688759,714800
2020-11-05,3229.655517578125,3258.0364298208992,3198.459542957231,3241.4232128982994,999876
2020-11-06,3242.85400390625,3281.110507514122,3220.7952073490037,3239.5774631152094,582470
2020-11-09,3274.9267578125,3294.954869797976,3242.854017833374,3274.6498257824137,566460
2020-11-10,3238.054443359375,3296.8005329361413,3180.3696635977544,3296.8005329361413,976298
2020-11-11,3223.656005859375,3268.742516687916,3187.014681393685,3238.6540475443553,1141508
2020-11-12,3244.46875,3254.298145745711,3213.134424590738,3230.0705397079582,615256
2020-11-13,3243.68408203125,3268.6039048859307,3234.9621890983426,3246.037665922645,473523
2020-11-14,3255.59033203125,3264.0352929182163,3244.1917304135527,3262.6508583248674,56492
2020-11-17,3239.392578125,3276.4953821752306,3234.408478119613,3268.1887741640817,694643
2020-11-18,3230.670654296875,3250.606378136832,3179.5849253778606,3237.5466346861044,914389
2020-11-19,3240.822998046875,3275.572215868045,3211.8882251960545,3220.19483267501,739067
2020-11-20,3278.433837890625,3302.107581723977,3249.8681542634167,3253.375433991255,1197247
2020-11-23,3283.3251953125,3321.7202738844194,3278.3413205994602,3299.569319015504,952758
2020-11-24,3287.801513671875,3316.182423643216,3259.6051499186688,3299.569208050236,752974
2020-11-25,3281.8486328125,3304.045780790961,3259.4207457185275,3295.5084335170272,385590
2020-11-26,3275.341796875,3297.631105656101,3221.118103865798,3294.7700757768716,741800
2020-11-27,3357.669189453125,3401.0019473557873,3233.2086541437184,3289.2782554293462,5383773
2020-12-01,3349.732177734375,3417.2463538501547,3318.536203766011,3417.2463538501547,1042234
2020-12-02,3319.8740234375,3366.944797748123,3285.724638153322,3356.7922777987733,680870
2020-12-03,3355.8232421875,3372.3902643268707,3330.0728490310316,3366.02195536637,450558
2020-12-04,3367.129638671875,3389.096047005737,3333.7186606167543,3356.792571612164,482933
2020-12-07,3349.363037109375,3387.250447535649,3333.8113548582273,3368.7913170313677,492080
2020-12-08,3364.54541015625,3373.3134965809886,3338.933368231355,3359.007671361678,413743
2020-12-09,3347.6552734375,3383.558187531711,3340.271622182657,3367.7755428420232,434686
2020-12-10,3451.62646484375,3458.3178992631942,3344.7942532505513,3347.6555084451265,1443681
2020-12-11,3445.165771484375,3486.0065953778003,3416.3233817291307,3458.179547874409,695958
2020-12-14,3485.960205078125,3499.8507442638634,3449.1343340565454,3456.4717925285254,685712
2020-12-15,3475.43896484375,3505.1119267941995,3438.6590574327565,3484.160858881203,648902
2020-12-16,3463.486572265625,3494.313228523192,3456.472012894705,3476.0386451778345,466183
2020-12-17,3442.39697265625,3476.7771019494853,3434.321103359181,3451.949662471538,488772
2020-12-18,3433.859375,3470.1316075242344,3405.709204072033,3450.0111124176856,1043126
2020-12-21,3344.840576171875,3439.9050964472244,3262.512900766643,3432.475251495391,670146
2020-12-22,3350.700927734375,3380.2355334449685,3268.2810989381774,3341.1022710108955,662139
2020-12-23,3346.0400390625,3385.727163837761,3327.488525488581,3361.0380804019883,451656
2020-12-24,3339.48681640625,3400.0788107060666,3313.4594923789505,3373.405462299411,579767
2020-12-28,3325.919921875,3365.2377333544464,3320.7974682626677,3354.9468585699824,463358
2020-12-29,3316.459716796875,3344.102219574774,3299.6619531564916,3335.5648717431127,414932
2020-12-30,3307.783447265625,3328.0425210950734,3289.4167045081576,3324.719787826743,407808
2020-12-31,3300.8154296875,3324.258433666263,3287.663300117223,3304.783962205176,459383
2021-01-01,3292.924072265625,3327.2580071903717,3288.5400291216156,3299.569313649259,453083
2021-01-04,3279.171875,3317.0130893799237,3264.4969576046415,3312.490692915764,698402
2021-01-05,3277.5107421875,3289.370597380203,3267.2658354523446,3275.5724435085795,725278
2021-01-06,3266.989013671875,3324.489247556197,3239.5772512277213,3293.1087271739343,1099588
2021-01-07,3279.07958984375,3293.0622893710993,3245.530034091871,3285.724830952479,621487
2021-01-08,3299.7998046875,3313.367218436432,3260.6665442238473,3298.6461092100203,961239
2021-01-11,3334.503173828125,3345.7170041371155,3274.3262353094788,3326.1503732067376,1043630
2021-01-12,3351.854736328125,3367.683574808749,3309.9987960845365,3344.7942095447484,893653
2021-01-13,3342.16357421875,3366.945044406674,3322.6431359276385,3359.561392993501,798273
2021-01-14,3383.05078125,3419.4613692842513,3340.733361881979,3343.871323778449,1192074
2021-01-15,3330.995849609375,3401.0943433151347,3295.8773134269595,3396.4795613024953,597621
2021-01-18,3329.888671875,3382.6355452932835,3299.5694609613884,3330.996174599857,826497
2021-01-19,3323.796875,3368.652648055061,3310.644745748004,3349.178177065255,594091
2021-01-20,3315.536376953125,3360.4843093283357,3308.7987500527556,3327.257878365463,607449
2021-01-21,3351.070556640625,3384.0662520214737,3325.043228007842,3326.981301488848,834432
2021-01-22,3330.027099609375,3405.7095336914062,3314.3368388850517,3367.8683166503906,791205
2021-01-25,3335.1494140625,3359.4232144122093,3300.7230924915652,3353.885475564268,467367
2021-01-27,3332.56494140625,3368.6985956360522,3316.9208749286654,3335.14926448562,646880
2021-01-28,3326.104248046875,3368.7909831067896,3285.032686745984,3312.2137086530383,643832
2021-01-29,3231.36279296875,3341.840630719206,3212.0728687068254,3327.4424205204086,733173
2021-02-01,3249.498779296875,3283.786519783139,3214.6571748323554,3266.3427337730996,544282
2021-02-02,3231.50146484375,3280.1874205083004,3215.3497259976907,3274.5572956923456,869950
2021-02-03,3245.576416015625,3270.95771885664,3231.270590777962,3254.390695341193,786972
2021-02-04,3304.184326171875,3330.073301503229,3240.546519481253,3250.6066553698074,958717
2021-02-05,3268.78857421875,3337.410475426423,3258.4515071929536,3337.410475426423,1159183
2021-02-08,3206.07373046875,3338.2410471944427,3197.21348387134,3323.5661299771054,2388271
2021-02-09,3195.64453125,3234.9625687227253,3188.814743205996,3234.9625687227253,951124
2021-02-10,3160.987548828125,3216.59567601221,3153.7884433131635,3200.7206445013617,893690
2021-02-11,3195.967529296875,3202.6589637311836,3156.5111400462965,3166.432922138547,873772
2021-02-12,3157.66455078125,3220.1948462333303,3146.404527884153,3211.8882387194008,618874
2021-02-15,3153.742431640625,3179.5852142235744,3140.8210403491507,3164.8179098904607,513578
2021-02-16,3128.314697265625,3167.9096642057675,3124.253779014353,3167.5865393155045,693631
2021-02-17,3104.825439453125,3142.5282998595667,3101.133613722503,3110.363178049058,866571
2021-02-18,3100.625732421875,3129.698858079609,3082.7666618593826,3108.517054452346,616156
2021-02-19,3074.552734375,3122.3619274885036,3064.215666349936,3100.2109708642874,765676
2021-02-22,3083.781982421875,3113.8242593194063,3061.723413851787,3091.904044081515,666371
2021-02-23,3078.9365234375,3108.517322717838,3069.107127380255,3091.719560398838,484686
2021-02-24,3143.17431640625,3151.896209606719,3083.597433761654,3101.1336059380897,512568
2021-02-25,3142.666748046875,3161.7719017132613,3114.6089617797456,3156.51109495457,586357
2021-02-26,3104.5947265625,3146.3123126045916,3085.44338042317,3127.8993766838535,748717
2021-03-01,3148.94287109375,3156.511068941353,3107.6405698261697,3111.747680975372,377869
2021-03-02,3182.3076171875,3184.199722958679,3133.4371186796275,3148.942831962007,383968
2021-03-03,3212.94970703125,3218.4874456472194,3170.355357642549,3193.429268542422,409493
2021-03-04,3232.101318359375,3244.0075925596375,3184.199965532103,3184.199965532103,537283
2021-03-05,3222.73291015625,3236.4848699590184,3194.121262640006,3217.4259110201724,612423
2021-03-08,3196.3828125,3238.608071143352,3185.1227885946737,3224.4408244802953,463984
2021-03-09,3162.7412109375,3220.333606852304,3135.606379759236,3205.889427647598,589556
2021-03-10,3212.21142578125,3220.1949085806377,3173.58560996117,3185.953135700013,270942
2021-03-12,3169.6630859375,3224.6713787115514,3161.125739051012,3222.871433427312,344205
2021-03-15,3184.568603515625,3190.2449204514846,3137.1287357146525,3178.2926803963537,311078
2021-03-16,3220.28759765625,3230.347733321839,3189.783840422504,3195.8292505325276,383099
2021-03-17,3200.720458984375,3229.424493601261,3180.784735634401,3219.2719730440695,378136
2021-03-18,3174.646728515625,3219.1793725345715,3163.3405131947525,3211.888107480506,430166
2021-03-19,3199.52099609375,3225.5945164287778,3118.669919010896,3160.7568242682223,1312375
2021-03-22,3289.785888671875,3294.9545349375767,3175.0625819080283,3175.0625819080283,820046
2021-03-23,3293.477783203125,3302.3382554631635,3253.4215624672024,3294.954603690188,461046
2021-03-24,3265.189208984375,3293.2931880616156,3250.6526447722335,3263.574035183026,480657
2021-03-25,3178.523681640625,3290.155219945593,3164.8176881343484,3262.6510724861246,486516
2021-03-26,3234.59326171875,3244.191918657133,3189.137656599585,3189.137656599585,273033
2021-03-30,3337.410400390625,3345.71700813496,3239.6232131777115,3243.2688459548276,567450
2021-03-31,3345.763671875,3373.4061753592437,3315.721391238874,3337.4108700681327,441583
2021-04-01,3339.718017578125,3387.2502762226663,3332.1036266302126,3354.946799473949,460658
2021-04-05,3415.26220703125,3433.3982122943657,3350.3321265130503,3354.9469090564567,807938
2021-04-06,3443.181396484375,3448.5343635889944,3396.4797103348064,3422.322490739528,462351
2021-04-07,3515.125732421875,3525.693538406627,3425.5989593262093,3444.4733731239608,633677
2021-04-08,3580.989501953125,3597.173970128586,3528.730134584084,3546.509548014099,613388
2021-04-09,3563.1162109375,3606.2747931874082,3555.8918853728987,3580.9895391812697,526934
2021-04-12,3577.236572265625,3612.1856411311146,3518.3626374653713,3544.586121177933,1108910
2021-04-13,3514.60986328125,3609.3711009191056,3498.706909311467,3578.503423055162,411660
2021-04-15,3464.60205078125,3565.180266066752,3446.1189646565003,3519.300908365514,494464
2021-04-16,3468.167236328125,3503.3039044348166,3449.4495934170895,3467.229006316945,251741
2021-04-19,3511.607666015625,3523.0540274298787,3427.4015144944983,3457.3779203939025,560398
2021-04-20,3499.504150390625,3520.9427985255606,3462.162777877887,3501.380610479107,331477
2021-04-22,3520.239013671875,3533.374233872143,3464.0858556917037,3495.000717911099,424370
2021-04-23,3424.8212890625,3528.589397935936,3415.6265885142016,3523.0539321166943,491834
2021-04-26,3320.583740234375,3435.7984359465067,3312.890299652407,3434.954120527293,1031406
2021-04-27,3322.460205078125,3353.7972261637015,3299.7550836949677,3352.0144516338232,813608
2021-04-28,3263.86767578125,3309.137274158956,3254.7199331038896,3272.546303449515,1498181
2021-04-29,3254.626220703125,3289.340733533159,3234.0790736520817,3280.7560199573304,611087
2021-04-30,3235.955322265625,3254.110164682877,3224.696562083779,3246.2758524323176,436187
2021-05-03,3226.807373046875,3263.8204989632072,3219.6300055144475,3226.6667301776306,570022
2021-05-04,3223.617919921875,3248.1525449501974,3208.746881493262,3220.005642480958,337838
2021-05-05,3238.39501953125,3245.243915832882,3223.9930962513563,3228.5436037405943,234116
2021-05-06,3238.817138671875,3275.8302688895587,3227.2299057559117,3238.770181356654,384450
2021-05-07,3247.44873046875,3269.4501791253506,3239.0046600970004,3269.4501791253506,189156
2021-05-10,3202.9296875,3263.164008960929,3193.2658724837615,3263.164008960929,694001
2021-05-11,3207.245361328125,3222.5385562400434,3186.2760581271727,3202.9296407359666,455412
2021-05-12,3227.08935546875,3232.2026636529336,3191.061182536541,3193.7352299200543,252497
2021-05-14,3285.16552734375,3306.7917755751155,3225.822477321016,3236.893637603674,677498
2021-05-17,3290.607177734375,3315.6109156881175,3280.0990475137046,3301.5844229565046,338003
2021-05-18,3307.68310546875,3315.611103630788,3265.0405952309807,3307.4485479547247,474368
2021-05-19,3316.080078125,3335.4077080856114,3298.8636947612144,3316.6431077588286,688416
2021-05-20,3211.13916015625,3300.411653806321,3204.0554777828147,3283.805028474334,1046540
2021-05-21,3223.52392578125,3235.9554740652056,3206.8703422310446,3235.9554740652056,521688
2021-05-24,3170.373046875,3245.337531358389,3163.1484927129745,3245.337531358389,1643611
2021-05-25,3239.02392578125,3246.0867777781564,3187.700534603731,3187.700534603731,1318946
2021-05-26,3216.893798828125,3252.5377521171854,3214.115789568274,3240.483771525882,373186
2021-05-27,3215.62255859375,3237.1408083677825,3201.873676670369,3230.0779556949797,444547
2021-05-28,3223.909423828125,3247.970252632724,3211.243421709942,3217.8354170037746,249529
2021-05-31,3246.887451171875,3256.8223461011653,3227.4880583100858,3228.9006287637917,352802
2021-06-01,3245.851318359375,3266.8987090732358,3241.3781788040815,3256.4455962534903,236580
2021-06-02,3272.6904296875,3282.8138516338754,3245.1924365222494,3245.8515901087376,420074
2021-06-03,3292.46630859375,3295.526877918864,3265.2977781589007,3277.1634619681804,380896
2021-06-04,3285.92138671875,3307.298239952735,3277.1634040533936,3295.997676490482,312826
2021-06-07,3336.11474609375,3347.791902961237,3275.7508113785266,3302.118792611414,357312
2021-06-08,3391.81689453125,3410.886594569914,3336.114628110925,3337.903791952805,787313
2021-06-09,3366.34375,3398.0325523754623,3349.769727650567,3388.2857241009424,546202
2021-06-10,3367.850341796875,3401.092877347046,3347.791796443669,3362.8592138116296,355092
2021-06-11,3350.52294921875,3385.4606180760543,3344.0252169090595,3366.6263448183295,301375
2021-06-14,3381.928955078125,3388.2855218575964,3305.8384504617484,3350.522714655332,312420
2021-06-15,3420.162841796875,3428.3085729767927,3383.577174208382,3383.9068659530053,451019
2021-06-16,3427.3193359375,3432.357595397701,3394.9244817592926,3419.409034076239,232534
2021-06-17,3444.9296875,3449.4970906544154,3399.1154105151822,3414.5594223693406,300185
2021-06-18,3408.249755859375,3464.564274142025,3385.4603331178528,3447.990023106077,731807
2021-06-21,3436.171875,3440.974476572552,3372.3707764893256,3390.169072153912,231475
2021-06-22,3438.10205078125,3451.3803043529374,3405.2363384830073,3437.2546005152035,235555
2021-06-23,3446.012451171875,3469.555290001636,3419.3619116344785,3439.1378962514777,378997
2021-06-24,3474.07568359375,3488.9076725797263,3438.196303987266,3446.012572736588,385390
2021-06-25,3456.13623046875,3493.6633815107916,3432.451994202272,3493.6633815107916,176772
2021-06-28,3453.499267578125,3470.2146843071487,3430.662712328614,3456.1361116921375,181793
2021-06-29,3443.98779296875,3453.358027197307,3399.633220449184,3441.9632006972643,357263
2021-06-30,3436.925048828125,3474.9232856640388,3421.1984772301303,3460.7975812507702,428387
2021-07-01,3386.2138671875,3447.6135489829617,3371.9467679554305,3427.8375630423325,612678
2021-07-02,3338.657470703125,3398.644584610085,3328.95777406391,3398.644584610085,292855
2021-07-05,3318.175048828125,3375.572447588807,3307.6748040912757,3356.267318512068,519061
2021-07-06,3313.890380859375,3327.8749207223673,3304.143552480858,3320.482376501892,282115
2021-07-07,3316.103271484375,3335.54956532591,3301.647875785613,3315.7735797607365,524482
2021-07-08,3287.89892578125,3320.38804650996,3270.8069151012387,3295.0560414422325,627227
2021-07-09,3273.349365234375,3312.948468378312,3265.8627880432023,3287.5222009973527,595359
2021-07-12,3268.122802734375,3295.9976174057974,3262.190190951483,3279.2350692551668,146119
2021-07-13,3282.343017578125,3286.062740616076,3263.1321505526525,3285.403587025013,182918
2021-07-14,3282.578369140625,3284.8383899458017,3252.820125712629,3271.5132337071022,458955
2021-07-15,3259.1298828125,3298.823022477571,3254.091622658078,3298.823022477571,264604
2021-07-16,3240.4365234375,3270.2887988134166,3236.763932332435,3258.3290819801655,399006
2021-07-19,3249.05322265625,3255.974909873566,3226.4051935456614,3239.8715146674526,226731
2021-07-20,3233.4208984375,3264.8740418920165,3226.7817713265836,3253.620609932393,152954
2021-07-22,3225.651611328125,3248.4410342630085,3215.95191535242,3248.4410342630085,389457
2021-07-23,3239.306396484375,3251.2661128871086,3225.651549667036,3227.252416760064,247778
2021-07-26,3279.047119140625,3294.1145384129545,3231.0197202100762,3239.448011883421,433827
2021-07-27,3249.6181640625,3300.564961141774,3234.927340124255,3292.2307039230604,210607
2021-07-28,3224.521728515625,3266.8045784868486,3211.2434743845934,3266.8045784868486,352127
2021-07-29,3207.10009765625,3229.0889734322864,3203.7098365528173,3224.6158335958294,321411
2021-07-30,3223.8623046875,3239.4948426949577,3181.1085984370834,3224.4274248219576,988317
2021-08-02,3300.376708984375,3335.549806388639,3239.542144081276,3245.8044479986106,1887580
2021-08-03,3364.93115234375,3370.393137470127,3325.190882483101,3343.083441748799,1326045
2021-08-04,3369.73388671875,3389.227312637612,3333.6662091517496,3370.3930402695228,478788
2021-08-05,3400.6689453125,3406.837215321349,3340.823230477679,3369.7337917659397,497146
2021-08-06,3393.93603515625,3409.0034537363,3380.846307229056,3400.669195869985,258380
2021-08-09,3424.1650390625,3436.313052985786,3396.054795102765,3408.909094252069,444706
2021-08-10,3425.200927734375,3431.6046266971525,3400.998932304272,3424.1651806397244,249493
2021-08-11,3414.182861328125,3436.2660005889156,3362.95373038344,3425.200865126054,233115
2021-08-12,3409.756591796875,3430.615455723565,3397.23175514438,3422.5637585962077,232971
2021-08-13,3370.910888671875,3431.6985461961112,3366.720309226215,3409.756573816922,323144
2021-08-16,3442.24560546875,3459.808471314955,3345.955394416987,3361.9173932009176,348972
2021-08-17,3481.04443359375,3491.4975468518687,3454.2055951364464,3456.089022396608,579154
2021-08-18,3503.881103515625,3512.5919548782585,3472.0511357976184,3492.627671250875,426843
2021-08-20,3668.869140625,3736.248796279139,3423.4115769496098,3427.8375849920767,1567252
2021-08-23,3640.900146484375,3733.5646712454245,3626.1624208495027,3682.100115810904,645088
2021-08-24,3590.00048828125,3665.149278462041,3574.2739173696496,3648.998982418647,437167
2021-08-25,3618.817138671875,3670.7996844240406,3575.68660896821,3590.000609985393,360778
2021-08-26,3701.78173828125,3716.896286890094,3602.2426610455327,3602.2426610455327,1114234
2021-08-27,3711.811279296875,3741.3809943187616,3683.748168085914,3714.7775851672495,475524
2021-08-30,3754.000244140625,3760.7805363364637,3703.0063128142942,3729.1859978723783,466524
2021-08-31,3764.500244140625,3792.563356357981,3729.1859829385553,3762.145960060487,688613
2021-09-01,3781.309814453125,3791.2447090538953,3732.811563812912,3752.352121109697,352460
2021-09-02,3847.936279296875,3864.7928618519363,3768.785200166942,3780.980346085654,525680
2021-09-03,3883.815673828125,3893.7036672920563,3835.740915427478,3865.7345875656288,426377
2021-09-06,3841.296875,3907.452024954499,3824.2988986753426,3902.8377203160303,312608
2021-09-07,3856.740966796875,3888.900624597288,3842.1915374716477,3858.106405552347,259534
2021-09-08,3824.675537109375,3849.6309476009424,3781.639271413575,3842.003205359282,236283
2021-09-09,3833.528076171875,3878.7301026848895,3814.034649071319,3822.22751206598,295134
2021-09-13,3855.234130859375,3863.850717927341,3822.227024759463,3833.527587424617,171201
2021-09-14,3862.438232421875,3910.936481591624,3844.451411153926,3858.200521329373,419441
2021-09-15,3848.17138671875,3893.9856605063187,3833.763122935977,3865.922779698818,218163
2021-09-16,3835.646728515625,3879.860137252938,3804.334750466193,3848.171565717508,243636
2021-09-17,3815.682373046875,3875.1514954045997,3805.464688439851,3839.742971793427,621517
2021-09-20,3846.42919921875,3875.15146401889,3766.854400018362,3799.8143760185226,291097
2021-09-21,3838.0009765625,3871.902436853491,3816.7652885235907,3825.429007815208,424258
2021-09-22,3821.944580078125,3865.7342617274126,3813.0925643540995,3844.0748492987327,259937
2021-09-23,3806.736328125,3837.9069125102073,3783.3346515704757,3823.3574823587132,322858
2021-09-24,3807.253662109375,3860.036983072594,3795.105649142093,3804.5227847479046,373614
2021-09-27,3775.89501953125,3827.6892685875614,3766.854476822655,3813.845894456797,248898
2021-09-28,3770.291748046875,3831.785695132411,3757.4845804035226,3771.7514501807523,354948
2021-09-29,3741.19287109375,3785.5945773479075,3728.3854735988807,3749.9037222818733,332446
2021-09-30,3718.77978515625,3760.2623142190873,3710.6340546766914,3740.486329095471,217501
2021-10-01,3692.55322265625,3728.0557787569983,3658.557270342136,3728.0557787569983,181917
2021-10-04,3665.996826171875,3736.01332514974,3654.790526159466,3682.1002208924274,372752
2021-10-05,3655.920654296875,3677.627199722969,3640.194082460569,3667.0329212524784,131731
2021-10-06,3709.033447265625,3760.4037425764245,3655.967791504308,3666.091213169237,409840
2021-10-07,3673.248046875,3732.6229035959873,3651.4472397608083,3728.9974442940916,187556
2021-10-08,3656.95654296875,3699.992809378752,3622.6311275352696,3686.808818711584,316870
2021-10-11,3616.74560546875,3673.3895906376024,3607.8933590427623,3653.8490320256096,253051
2021-10-12,3642.5009765625,3648.904674854825,3592.637288746669,3598.2875701968605,253262
2021-10-13,3657.333251953125,3667.1272118472234,3629.835259389595,3645.750128090486,174222
2021-10-14,3667.833251953125,3696.225824603377,3654.7904268243838,3683.983547986856,299078
2021-10-18,3613.684814453125,3729.1858967923345,3602.0545594016867,3729.1858967923345,256837
2021-10-19,3574.650390625,3642.877721597236,3559.677237068213,3635.3440131589964,282932
2021-10-20,3542.726806640625,3689.0221164176146,3522.0091060169957,3578.511925899621,523002
2021-10-21,3497.854248046875,3577.09936109412,3465.5062916483776,3577.09936109412,335589
2021-10-22,3474.92333984375,3540.8432948001355,3437.254794154387,3516.3587401020495,192033
2021-10-25,3419.4091796875,3481.0914198818523,3406.8372112867232,3474.9231498803083,289025
2021-10-26,3477.56005859375,3489.0960502950315,3395.678106336967,3436.312956569507,326825
2021-10-27,3482.315673828125,3513.721683955723,3466.8714330808284,3485.1877163352365,441016
2021-10-28,3467.29541015625,3511.367655138671,3441.021691177982,3507.883360601528,193658
2021-10-29,3461.50390625,3492.7687530618764,3428.826488980564,3466.447902851459,283538
2021-11-01,3463.763671875,3484.3402053219957,3438.2905037618207,3478.68992390796,139766
2021-11-02,3468.23681640625,3491.4973255231885,3453.3107942619736,3465.694235748319,151547
2021-11-03,3418.279296875,3484.1521190233934,3407.1670301074723,3479.631847637045,185296
2021-11-04,3418.279296875,3418.279296875,3418.279296875,3418.279296875,0
2021-11-08,3501.0087890625,3511.509034201655,3409.003411480618,3452.322239361311,336938
2021-11-09,3410.51025390625,3426.895979486148,3329.0989247657726,3380.752010540058,1399094
2021-11-10,3482.927734375,3503.1745766864947,3390.1689451804787,3417.9023645971374,706755
2021-11-11,3431.039306640625,3501.291234564642,3421.528137037439,3483.4929391342225,298625
2021-11-12,3472.99267578125,3486.1766663734998,3429.01469600207,3454.770655301864,275060
2021-11-15,3524.457275390625,3529.1658432090217,3459.855632958005,3484.3401856136684,320669
2021-11-16,3475.62939453125,3540.843059930231,3466.447687128505,3532.367637712313,199179
2021-11-17,3404.341796875,3484.2931895792663,3397.5143732725674,3475.629470438289,250996
2021-11-18,3363.42431640625,3432.357704523469,3347.791779004208,3432.357704523469,248828
2021-11-22,3372.841796875,3417.008076353792,3361.917826259622,3379.810386119267,364653
2021-11-23,3448.696533203125,3456.089077280878,3365.6845673574544,3369.2631251907014,365672
2021-11-24,3412.157958984375,3459.855659384841,3399.585990849014,3446.671669392629,149025
2021-11-25,3365.119384765625,3421.9990258166986,3358.150795885888,3400.0570523123943,232784
2021-11-26,3348.07470703125,3423.2235050038344,3327.9690279116776,3352.5007153643646,372530
2021-11-29,3322.9306640625,3343.0832429147263,3266.8987054840704,3343.0832429147263,281082
2021-11-30,3338.845703125,3357.209119063778,3297.033709567082,3309.1817235315893,633377
2021-12-01,3329.193115234375,3396.478508212308,3322.365691407079,3343.5542481124808,312855
2021-12-02,3369.922119140625,3397.0435168151334,3324.2490095197445,3333.6661455240496,377041
2021-12-03,3346.614990234375,3384.0009773475285,3343.083563934444,3349.675559694315,313990
2021-12-06,3292.4189453125,3372.3705655427075,3286.5803671466683,3348.733462915058,165986
2021-12-07,3271.701416015625,3323.3073684272663,3264.9211239267024,3297.928232324051,254445
2021-12-08,3367.33251953125,3373.6419548833655,3279.988580165656,3286.533443925765,326189
2021-12-09,3412.676025390625,3422.6111504417217,3356.267469370756,3357.209183026584,284117
2021-12-10,3420.727783203125,3429.7211947563314,3394.3126687111508,3412.6760853222845,190379
2021-12-13,3379.57470703125,3445.118066040924,3368.4624404868364,3428.77924299569,311904
2021-12-14,3371.005126953125,3387.767675665036,3336.538545803353,3371.3348186901244,297867
2021-12-15,3335.1728515625,3370.9579670088337,3316.244316954303,3362.8591383909743,152079
2021-12-16,3353.065673828125,3363.4714256070315,3330.511448253429,3343.0834172939544,121782
2021-12-17,3330.04052734375,3348.733634675889,3295.997671925087,3339.3164984703885,307396
2021-12-20,3269.53564453125,3324.249301485939,3230.172196504431,3316.7155920208156,382144
2021-12-21,3301.412353515625,3334.9374486275715,3259.317802848757,3271.418684297049,222991
2021-12-22,3293.172607421875,3332.347986909332,3281.4954502205187,3316.715448481511,257611
2021-12-23,3347.415283203125,3352.5004447224733,3297.881055454523,3298.9170323876174,163291
2021-12-24,3334.890380859375,3357.208946950965,3313.8901218290175,3352.5003790029277,136780
2021-12-27,3308.42822265625,3337.951036418777,3302.3070841653725,3333.666193493053,94111
2021-12-28,3343.6953125,3354.3838538581804,3306.450723430097,3325.1907321654226,99497
2021-12-29,3352.1240234375,3361.729456751103,3319.728935709536,3343.6955022838897,163737
2021-12-30,3365.590087890625,3376.9849142280045,3320.5292308158105,3361.9174968750626,167005
2021-12-31,3395.819091796875,3412.0165190202324,3361.0228217939866,3376.9848206277297,244207
2022-01-03,3406.6962890625,3414.6537234895127,3373.4066192920554,3399.5863049633595,149689
2022-01-04,3426.3779296875,3431.4633212634326,3399.586222750703,3411.8285000071464,317247
2022-01-05,3446.389404296875,3473.9816602670116,3421.292827449465,3425.9542640421223,245395
2022-01-06,3460.891845703125,3472.051014246904,3414.465317867642,3446.3893178877884,340345
2022-01-07,3519.513427734375,3523.8923040260943,3468.1900363475706,3470.2146286307207,241905
2022-01-10,3548.65966796875,3557.794244583901,3510.6142977616414,3519.5136758699014,351447
2022-01-11,3525.163818359375,3579.406385647754,3520.2198217885025,3548.6595275093136,206008
2022-01-12,3484.528564453125,3540.607654473777,3475.864845445232,3531.425947011547,311095
2022-01-13,3530.531494140625,3540.7960806375954,3476.1475325687193,3484.5286918251036,129143
2022-01-14,3495.688232421875,3536.0405247469366,3479.914528640173,3530.53163779041,97013
2022-01-17,3451.521728515625,3496.3945223548626,3430.0508409989925,3481.5154005467725,170221
2022-01-18,3410.792724609375,3479.349527279017,3400.6224006775924,3454.2058177177655,168104
2022-01-19,3367.238525390625,3416.1136047436266,3357.2093663725627,3409.003620271719,129227
2022-01-20,3395.018798828125,3412.7701927052867,3368.0387953119366,3380.7519293079413,173547
2022-01-21,3407.402587890625,3417.4788780880504,3367.2854939405775,3395.8194638703526,162594
2022-01-24,3318.457763671875,3415.1717103070355,3300.70636926524,3399.586303294584,240598
2022-01-25,3333.0068359375,3357.6325534715857,3230.3129266364776,3297.8808743038976,306411
2022-01-27,3290.48876953125,3328.9578653997423,3235.3985191420325,3328.9578653997423,353612
2022-01-28,3305.085205078125,3385.4605567128465,3290.4886435679587,3290.4886435679587,249034
2022-01-31,3329.239990234375,3424.070499618489,3305.4145912158683,3305.4145912158683,462842
2022-02-01,3443.469970703125,3493.7573839417355,3338.4217748076203,3352.500346855142,631482
2022-02-02,3409.9921875,3456.0890237281046,3394.689341005291,3456.0890237281046,209928
2022-02-03,3354.76025390625,3439.1378798335204,3347.791665610122,3410.8864733726755,203975
2022-02-04,3354.384033203125,3384.236310031945,3333.6663328296077,3374.5837450851923,162672
2022-02-07,3247.59375,3371.1465335528574,3239.4949207339423,3354.336853119129,279194
2022-02-08,3270.9951171875,3286.5805235319176,3219.1537365863546,3240.4365562960825,363856
2022-02-09,3312.336669921875,3334.3255461752356,3270.995301852762,3304.4732688112904,172750
2022-02-10,3328.53369140625,3337.2916734488017,3281.871738779516,3316.715140310317,172088
2022-02-11,3277.681396484375,3304.802794808634,3229.1360132370646,3295.0559668464534,340217
2022-02-14,3199.94287109375,3253.620547271603,3190.572866585165,3228.1942796084095,209831
2022-02-15,3275.185546875,3286.5803730840057,3201.8261514285446,3225.3689907772837,209065
2022-02-16,3260.21240234375,3294.867507946381,3234.7861357743445,3277.1632467233535,190567
2022-02-17,3262.18994140625,3279.9882352145196,3230.0774179689356,3279.6116417655576,173362
2022-02-18,3278.71728515625,3291.289254530484,3243.403022768584,3248.9121396652845,121161
2022-02-21,3272.6904296875,3295.9978430058986,3230.0778861457807,3231.1138631463796,138287
2022-02-22,3286.344970703125,3294.1141077497045,3206.534744679172,3206.534744679172,246372
2022-02-23,3306.497802734375,3324.2491970682127,3267.7463778545884,3293.8789317408896,326853
2022-02-24,3245.145263671875,3299.7646558056445,3215.0104266325543,3239.024124898263,529995
2022-02-25,3223.250244140625,3243.261658263184,3155.1171727991286,3234.7862358112766,722637
2022-02-28,3227.676513671875,3239.495066364125,3133.4111120417474,3206.535087491234,426929
2022-03-02,3194.05712890625,3221.555120268892,3175.2228567523102,3221.555120268892,416582
2022-03-03,3170.184814453125,3239.071307527918,3154.740802191696,3206.5350541679777,429892
2022-03-04,3174.845947265625,3196.9762148437712,3084.1117582310153,3154.74027177829,331936
2022-03-07,2969.646728515625,3108.172892093035,2955.6152877331647,3107.6549036269876,711477
2022-03-08,2932.260498046875,2994.649019281915,2872.2262606320255,2933.43763995697,541966
2022-03-09,2941.772216796875,2985.2322088831124,2913.379412889083,2960.7476544884876,483468
2022-03-10,3035.095947265625,3058.685920063497,2961.501117846547,3037.026506220683,490457
2022-03-11,3013.389404296875,3066.7847519610646,3006.7033753556652,3060.5693499323634,362091
2022-03-14,3000.158447265625,3027.6093074984738,2961.783617007285,3013.3893397820825,335292
2022-03-15,3035.001953125,3059.627673305106,2996.2031665064405,3000.299712880907,258636
2022-03-16,3120.509033203125,3124.935270845219,3043.8536417008836,3054.9187759850465,239522
2022-03-17,3160.34375,3166.041163334333,3108.172907862875,3128.372618856827,436218
2022-03-21,3048.844970703125,3154.7406210916897,3041.7349869033305,3154.7406210916897,354460
2022-03-22,2974.308349609375,3060.5694133466945,2949.68262921698,3041.735140033792,583821
2022-03-23,2921.430908203125,2988.857691448618,2911.77834415797,2982.78345502348,1044283
2022-03-24,2922.93798828125,2947.5637081277428,2900.996014376015,2907.070021402665,459226
2022-03-25,2914.132568359375,2940.73597603627,2894.921703983459,2928.729128323689,339040
2022-03-28,2914.41552734375,2937.1578206305526,2881.6909771378187,2914.1329672591396,310240
2022-03-29,2922.890625,2951.330328836289,2910.0832284818043,2930.612630293086,359318
2022-03-30,2964.89111328125,2975.8150833997242,2933.10827813418,2941.5837008400654,450273
2022-03-31,3019.51025390625,3030.905079897733,2963.8551206945926,2965.7385478065376,413897
2022-04-01,3042.346923828125,3049.1743473696706,3005.6200937425688,3022.900630118837,260712
2022-04-04,3079.403564453125,3085.4304397098513,3027.609314898103,3041.7350193221996,275388
2022-04-05,3110.8564453125,3121.733282783844,3081.1924685236713,3088.820440233584,236853
2022-04-06,3091.175048828125,3102.946469425338,3064.9482317733114,3090.7041920042366,245111
2022-04-07,3102.098876953125,3128.37259455789,3075.30694097316,3084.112055140605,302703
2022-04-08,3152.76318359375,3158.7902891805743,3095.4129116040126,3095.4129116040126,168952
2022-04-11,3155.352783203125,3173.575034490015,3104.8770689688495,3152.7630706378886,186130
2022-04-12,3149.1845703125,3168.7720294418773,3109.8208954930474,3145.3234525532303,238043
2022-04-13,3154.410888671875,3190.5256974296085,3145.3234443373353,3145.3234443373353,205852
2022-04-18,3148.996337890625,3171.5974666075476,3113.352612422988,3150.032314921046,197878
2022-04-19,3077.42578125,3190.525676565921,3056.14319183789,3148.9960148447494,296680
2022-04-20,3111.610107421875,3140.6149329950645,3053.0355660479754,3075.636693002063,235572
2022-04-21,3164.0634765625,3173.5277443558825,3083.5469626457066,3104.8297822651257,152205
2022-04-22,3168.01904296875,3180.6379141576595,3131.197946580079,3146.547925352945,148494
2022-04-25,3103.793701171875,3151.9624888099115,2949.494068795876,3088.8205471908677,630312
2022-04-26,3176.11767578125,3203.709932528526,3108.879411136853,3115.471406882796,398545
2022-04-27,3143.675537109375,3187.4180894044243,3119.0967193101933,3154.7406723032746,248769
2022-04-28,3162.179931640625,3193.868731487037,3072.905668373567,3079.4034000976303,322548
2022-04-29,3088.1142578125,3174.4222154719823,3076.107409665177,3164.251892734448,259398
2022-05-02,3080.627685546875,3093.4348523106282,3016.308601939885,3053.0354316231997,215783
2022-05-04,3188.124267578125,3386.4021124407695,3134.164032207012,3145.323430353774,2871830
2022-05-05,3085.99560546875,3224.003785714348,3069.986473551457,3211.243519880512,623098
2022-05-06,3115.00048828125,3130.1150384954503,3001.335695583422,3055.860824493833,560373
2022-05-09,3062.499755859375,3143.7225537797376,3037.026357022242,3091.1748889691503,403409
2022-05-10,3057.320556640625,3127.0544997794927,3046.4437177866616,3070.928273169182,285192
2022-05-11,3069.845458984375,3092.399455838629,3008.775234329608,3051.152350306081,269579
2022-05-12,3029.351806640625,3051.1052551558905,2972.8958864189462,3037.497538178254,310942
2022-05-13,3087.408203125,3127.431033270741,3037.0265228238904,3037.0265228238904,326757
2022-05-16,3093.43505859375,3143.393013412386,3063.771078794494,3142.498431432298,270772
2022-05-17,3172.4921875,3185.7230806281937,3093.9531295163542,3097.296259025235,277190
2022-05-18,3196.505615234375,3232.5730617922613,3154.740525566022,3154.740525566022,435712
2022-05-19,3137.8369140625,3191.090865265104,3115.2357871784707,3168.8663318649214,394058
2022-05-20,3249.1474609375,3261.907726641574,3156.6240965328598,3164.1578055937975,525530
2022-05-23,3283.802734375,3331.7830003969066,3250.0893386432517,3250.0893386432517,524978
2022-05-24,3268.169921875,3312.948449602014,3239.4947886955456,3310.1233087979194,230532
2022-05-25,3311.535888671875,3319.540454306373,3269.770798367659,3288.1813453091136,286553
2022-05-26,3353.39501953125,3369.3101174200597,3308.710754905626,3343.0833015269595,545260
2022-05-27,3350.24072265625,3374.4898502254873,3305.650487375385,3374.1601584690566,165721
2022-05-30,3367.803466796875,3406.7903202434554,3335.1731805368386,3353.8189270222533,213495
2022-05-31,3435.182861328125,3484.3402644827734,3348.0272230546975,3368.132900058565,562987
2022-06-01,3344.3076171875,3455.8535492442147,3327.074211998041,3436.4072549990497,241386
2022-06-02,3368.556884765625,3374.913451954171,3301.412654999315,3361.917757497698,213099
2022-06-03,3324.2490234375,3387.438098255163,3289.4056200756904,3366.626135634295,271462
2022-06-06,3288.4169921875,3328.9578115177997,3248.9592815201563,3324.2492431846767,153889
2022-06-07,3186.24072265625,3276.1272366547923,3158.507304086968,3263.037510036179,338018
2022-06-08,3165.5703125,3204.2748339878704,3117.0720613937233,3187.700582422282,320103
2022-06-09,3152.15087890625,3184.9225584938386,3113.305192520446,3165.2406061120346,347351
2022-06-10,3164.958251953125,3175.693695054105,3108.6908642210524,3122.7223049297686,503822
2022-06-13,3163.2158203125,3178.283237140425,3117.966438169031,3144.381549277594,463899
2022-06-14,3185.67578125,3195.2340818382936,3135.9532597238135,3163.733809506964,224645
2022-06-15,3188.0771484375,3204.5571365355177,3156.6711376370345,3190.5256957762817,245702
2022-06-16,3192.785888671875,3231.8670054122003,3175.505581023393,3201.9206950673392,481507
2022-06-17,3137.884033203125,3192.7857531113723,3107.9374942191853,3192.7857531113723,527370
2022-06-20,3236.553466796875,3256.9577628694547,3133.4292601034304,3161.2579564651305,364703
2022-06-21,3285.121826171875,3326.840898256283,3233.1526614641307,3236.553455423013,223641
2022-06-22,3260.550048828125,3309.6453420565426,3243.833746982178,3268.5490828363104,170854
2022-06-23,3268.0224609375,3302.8922371309013,3247.9533079482517,3271.37531054016,351311
2022-06-24,3323.48828125,3357.5914108399843,3284.834621938294,3284.834621938294,301133
2022-06-27,3313.669189453125,3358.549335081263,3302.317305325189,3354.7654516640255,419730
2022-06-28,3290.294921875,3324.0149621223445,3245.6063205503815,3309.741496109295,182574
2022-06-29,3261.029296875,3310.316372666958,3218.735587982212,3290.2949306183573,374478
2022-06-30,3320.662109375,3336.707889405868,3237.894716676712,3237.894716676712,479308
2022-07-01,3433.6533203125,3448.6452540469645,3268.5493352245117,3268.5493352245117,292487
2022-07-04,3544.8720703125,3557.3255117918175,3424.6964068123316,3424.6964068123316,614359
2022-07-05,3502.865478515625,3557.8521139201816,3483.131471786155,3553.0623291680004,612519
2022-07-06,3669.741943359375,3679.4171693162643,3489.1190933574035,3496.68686056263,1043070
2022-07-07,3650.0556640625,3718.884968153738,3640.0930047998527,3667.059400834919,519620
2022-07-08,3656.473876953125,3689.04441453071,3633.0518753821343,3668.9752624162356,379513
2022-07-11,3635.829833984375,3678.9378981512796,3621.0773900199656,3668.208826733871,208602
2022-07-12,3568.86865234375,3628.597362314482,3559.911661222627,3623.9511775107785,283587
2022-07-13,3569.347900390625,3603.9302427881644,3556.032391199455,3574.18563017633,164377
2022-07-14,3615.473388671875,3629.699143950437,3556.94235515349,3569.3478517707385,265732
2022-07-15,3687.08056640625,3700.3963088971186,3620.2153555844466,3625.8672082767152,660790
2022-07-18,3616.23974609375,3716.8731761564254,3600.960378652578,3697.714036073145,455399
2022-07-19,3628.21435546875,3637.45878125876,3584.9626885309676,3616.239892432129,228968
2022-07-20,3667.3466796875,3687.1763420001776,3634.345109164248,3645.026235726338,440495
2022-07-21,3693.4033203125,3703.222379846465,3660.3538028567145,3682.3868144939047,282104
2022-07-22,3708.682373046875,3763.812842082707,3682.051123163998,3697.7138127867775,433423
2022-07-25,3722.52490234375,3750.4015437674493,3688.1343406142223,3708.6824708795443,290157
2022-07-26,3647.0859375,3736.0323394394513,3635.9258318826764,3736.0323394394513,267527
2022-07-27,3692.4931640625,3701.4499215968654,3622.1789806425336,3640.236563461772,200264
2022-07-28,3706.6708984375,3718.78896056738,3675.106029149333,3701.0667566079524,316008
2022-07-29,3736.415283203125,3783.3074641232147,3713.903294342057,3719.746925426692,418970
2022-08-01,3693.546875,3751.3596744631172,3676.8305718469046,3736.4154514637958,323129
2022-08-02,3628.884521484375,3744.653712279414,3600.0981022783585,3712.0831760252568,355859
2022-08-03,3611.498046875,3633.866437347119,3569.395881671425,3621.077617291114,428088
2022-08-04,3616.33544921875,3632.572772828382,3569.347613807635,3604.5525318987325,506667
2022-08-05,3533.041259765625,3674.6271154418528,3524.1801576297044,3587.548918813398,798850
2022-08-08,3478.724853515625,3546.2608200211494,3460.9069941675552,3533.0412009125284,310094
2022-08-10,3494.387451171875,3520.300233346801,3471.683918317818,3486.9632848374,191222
2022-08-11,3487.2509765625,3527.964149794365,3479.491431172525,3511.870425129818,167070
2022-08-12,3505.883056640625,3513.115678612982,3455.9734044451557,3496.542976088061,228587
2022-08-16,3535.29248046875,3567.38404102713,3520.492091105877,3523.4139068274826,239514
2022-08-17,3549.422119140625,3558.762199599893,3526.3832072325213,3537.735090879655,353941
2022-08-18,3537.783203125,3570.2578524023234,3526.2877189381634,3555.936441794801,232262
2022-08-19,3508.5654296875,3553.4935190856645,3489.3104005875903,3537.783117959011,177955
2022-08-22,3521.881103515625,3576.05362075802,3482.221775716162,3508.5655942457215,366371
2022-08-23,3524.036376953125,3549.1827482589856,3485.0475737417587,3496.543057767295,189150
2022-08-24,3505.30810546875,3532.945257227207,3483.5625293212543,3522.40773070077,187721
2022-08-25,3493.2861328125,3523.557434059924,3486.9635229840724,3522.8389663010676,208578
2022-08-26,3496.686767578125,3513.7863941536007,3474.606045086621,3510.7689230526244,220796
2022-08-29,3551.769287109375,3573.179720270603,3434.515440241335,3465.8885329595287,525684
2022-08-30,3590.183349609375,3607.809664872925,3560.726171835914,3560.726171835914,467342
2022-09-01,3561.82763671875,3587.931964314419,3517.7139050754813,3573.179520434692,314888
2022-09-02,3548.51220703125,3600.8644633800013,3544.4408897929743,3579.645809441594,202152
2022-09-05,3508.613525390625,3558.810380409025,3504.3027187387165,3526.239841261271,234232
2022-09-06,3457.0751953125,3537.352036991152,3443.855342216648,3517.618029657727,390746
2022-09-07,3513.690185546875,3520.3002287941,3437.1495191802724,3448.6450025220124,287734
2022-09-08,3518.24072265625,3531.987499313642,3480.1619314716236,3528.155671269906,384831
2022-09-09,3496.06396484375,3544.440791867893,3488.735687567806,3530.550415791654,134487
2022-09-12,3496.06396484375,3496.06396484375,3496.06396484375,3496.06396484375,0
2022-09-13,3599.715087890625,3606.7082209907667,3510.9125179100024,3510.9125179100024,398871
2022-09-14,3589.465087890625,3603.547009834885,3552.104762716423,3552.104762716423,389253
2022-09-15,3565.0849609375,3629.6991145519437,3556.942326344285,3606.708146288748,311462
2022-09-16,3486.532470703125,3584.100251515185,3468.858210703777,3547.8417191353174,559137
2022-09-19,3441.316650390625,3489.022718117461,3414.254367280479,3482.1734196595335,211795
2022-09-20,3497.1181640625,3510.912652283597,3450.561357032883,3458.560392096766,346604
2022-09-21,3607.330810546875,3629.6992008351604,3484.089731706909,3492.7113450105553,773841
2022-09-22,3665.095703125,3674.196295036565,3593.2968695032146,3605.750311066409,687172
2022-09-23,3637.0751953125,3681.2371053510533,3623.328653065479,3665.0954367935406,326581
2022-09-26,3628.261962890625,3666.915619530914,3616.766479443843,3637.0751200912496,626882
2022-09-27,3663.371337890625,3726.261358182921,3640.236768818233,3646.4155449795335,584760
2022-09-28,3691.199951171875,3705.3777618757035,3636.0217670188,3657.384021512914,364917
2022-09-29,3702.02490234375,3710.1675370105686,3649.816244774146,3708.6826568549036,450207
2022-09-30,3681.476806640625,3724.2015498032624,3659.443794976217,3707.2937017938925,309896
2022-10-03,3610.491943359375,3715.148744304521,3595.97898854081,3699.629887873253,251830
2022-10-04,3657.623291015625,3665.765925215123,3616.8144646473993,3646.9421644102986,153835
2022-10-06,3609.15087890625,3685.8830929364526,3602.5887800207056,3675.92043386145,308216
2022-10-07,3626.48974609375,3635.4467374030555,3575.3349369361144,3617.2455547915515,318472
2022-10-10,3638.17724609375,3651.732244689732,3560.7263256851347,3592.3389080762054,185199
2022-10-11,3571.167724609375,3660.066178939873,3561.6840440779965,3656.3781849004326,202644
2022-10-12,3604.792236328125,3615.712852714957,3569.683205387138,3589.0338902552176,271156
2022-10-13,3625.484130859375,3634.4888330470644,3591.2848790931967,3612.9348006950454,156770
2022-10-14,3636.64404296875,3654.5098463959075,3610.779205521228,3640.332270747861,350141
2022-10-17,3618.8740234375,3642.056535494125,3594.7814990284205,3642.056535494125,93315
2022-10-18,3608.48046875,3644.97849062746,3590.9977532589687,3636.979689892914,189866
2022-10-19,3610.060791015625,3630.1778871046067,3584.674931665243,3611.497726450552,182278
2022-10-20,3630.800537109375,3643.014488546894,3590.087365650978,3604.7920987752614,230082
2022-10-21,3633.243408203125,3654.17486186416,3603.4510863120104,3633.530842073708,404955
2022-10-24,3633.243408203125,3633.243408203125,3633.243408203125,3633.243408203125,0
2022-10-25,3556.990234375,3644.9304999759947,3534.8613340988522,3644.0684322254833,228569
2022-10-27,3597.416015625,3611.402047681021,3545.6863369527537,3557.8523442356113,317971
2022-10-28,3618.8740234375,3632.572854977029,3575.09543638562,3608.6239305639415,215005
2022-10-31,3608.193115234375,3640.236731264603,3582.1367306700427,3628.7412468500834,198318
2022-11-01,3628.7412109375,3648.4752192042824,3597.176573736929,3621.0775547369985,338873
2022-11-02,3567.3837890625,3634.871810396327,3558.1395979110325,3628.7409793776415,185469
2022-11-03,3596.218505859375,3602.4452263303456,3549.661702325938,3551.14658244426,140994
2022-11-04,3644.260009765625,3654.5580476205787,3588.6505585736313,3590.470817217915,258490
2022-11-07,3965.2236328125,4013.8399520406774,3764.81906909445,3764.81906909445,3142443
2022-11-09,3999.805908203125,4058.8638645103324,3965.9420342395033,3965.9420342395033,1198458
2022-11-10,3960.816650390625,4013.504283181009,3935.574390948748,3978.0121649204557,417581
2022-11-11,3926.330322265625,4001.3863459587674,3913.2543029067665,3980.6466706823435,344558
2022-11-14,3931.40771484375,3978.8742958563407,3903.291584075644,3927.6235976913435,336120
2022-11-15,3965.319580078125,3978.970467942891,3911.578096407396,3951.093824436982,325881
2022-11-16,3957.79931640625,3970.7317358111836,3921.636439922083,3953.249020689699,149924
2022-11-17,3951.764404296875,3975.521550800683,3932.557085791542,3946.782840794895,238478
2022-11-18,3933.419189453125,3964.026102989705,3890.359302552783,3964.026102989705,281217
2022-11-21,3946.830322265625,3974.563362911126,3922.9295771507122,3944.8666976302766,288522
2022-11-22,3982.802001953125,3989.1723222690234,3934.904153333697,3960.1464131066214,319387
2022-11-23,3980.454833984375,4017.7192667881977,3965.4629008653255,3985.1010188669534,247440
2022-11-24,4014.9892578125,4032.5673932134478,3980.4546299575945,3996.596297721067,231515
2022-11-25,4007.8046875,4034.9146821427744,3973.8926371945863,4034.9146821427744,244021
2022-11-28,4035.92041015625,4051.487210860118,3986.058937156524,3993.578992893185,222792
2022-11-29,4105.18115234375,4121.131042955327,4047.3683534370653,4047.3683534370653,598884
2022-11-30,4178.8955078125,4203.419299822464,4109.683116652447,4117.251350925869,1101544
2022-12-01,4216.20849609375,4225.06959886884,4153.079219603329,4181.05128500943,501703
2022-12-02,4246.52734375,4257.208470377254,4196.13871375565,4215.010653098904,530333
2022-12-05,4218.22021484375,4241.498383755217,4186.2722540909845,4236.900377075964,212913
2022-12-06,4238.33740234375,4264.489442921417,4197.815538146221,4213.957208121086,349352
2022-12-07,4208.83203125,4248.539538274659,4199.0611499419765,4238.337389190964,252294
2022-12-08,4210.125,4255.867445383748,4199.8751410576115,4208.831664538142,282421
2022-12-09,4224.8779296875,4240.301132251056,4199.875624060861,4216.927073011574,233437
2022-12-12,4246.19189453125,4252.418614710517,4199.683271677847,4233.259475697389,233360
2022-12-13,4240.4443359375,4264.824528485455,4224.590334820497,4264.824528485455,158169
2022-12-14,4224.302734375,4259.076382788034,4205.526685560768,4253.328641380763,195654
2022-12-15,4277.70947265625,4296.437345780462,4226.506481512463,4242.1209942411815,370501
2022-12-16,4257.83203125,4288.917457922433,4231.009232942764,4272.009608968547,346508
2022-12-19,4336.19189453125,4346.250441950355,4237.522334134317,4267.6979763916315,330662
2022-12-20,4319.47607421875,4343.329579103875,4279.2418778857245,4338.587504577925,206833
2022-12-21,4233.06787109375,4339.544685216974,4220.901631564042,4319.475301392998,303234
2022-12-22,4206.8203125,4259.412056471155,4192.977647217104,4257.160764046793,243325
2022-12-23,4149.77392578125,4214.0052246917285,4142.302048118319,4191.205566940118,224215
2022-12-26,4191.3974609375,4214.915119350439,4132.434924017913,4134.063638099496,166686
2022-12-27,4185.5537109375,4215.010889311667,4167.113038296761,4196.522505920893,138087
2022-12-28,4201.5517578125,4222.147833638785,4178.608500198054,4178.608500198054,159245
2022-12-29,4165.484375,4205.191881076004,4115.910098595721,4191.062014854495,244626
2022-12-30,4126.3515625,4191.013652098123,4117.82537203997,4172.094003660154,117753
2023-01-02,4111.69482421875,4195.803724974376,4095.3618453427666,4195.803724974376,255314
2023-01-03,4063.51025390625,4115.048156701684,4029.454599726555,4076.203184968101,496975
2023-01-04,4056.94775390625,4096.223989540289,4039.0819500280804,4076.0591824925637,216319
2023-01-05,4131.8603515625,4202.557391610103,4056.947926480234,4056.947926480234,686633
2023-01-06,4175.78271484375,4185.314575101593,4128.795106131349,4131.860755956155,297438
2023-01-09,4180.81201171875,4203.419892976818,4153.893791235037,4195.852125387919,170110
2023-01-10,4144.9365234375,4179.566576977943,4135.7877530289425,4176.692705850065,235445
2023-01-11,4132.91357421875,4175.399059446803,4117.299062687379,4144.12185788404,224668
2023-01-12,4118.49658203125,4158.395397044257,4103.887737959382,4137.703432546075,248083
2023-01-13,4153.79736328125,4186.942768409579,4107.192849656532,4123.046850607967,183772
2023-01-16,4128.41162109375,4163.712430439202,4119.215140253393,4153.797481841823,84814
2023-01-17,4178.65625,4189.098355764966,4111.3120583047275,4127.836816970949,169798
2023-01-18,4208.97607421875,4236.086071610432,4172.429638589383,4176.692734559358,192855
2023-01-19,4188.57080078125,4214.9627949398855,4173.914246805625,4195.659588535785,139431
2023-01-20,4137.36865234375,4178.608514891111,4131.525020980138,4178.608514891111,154486
2023-01-23,4155.47412109375,4174.250172996849,4137.560136993083,4147.954064631626,119143
2023-01-24,4211.2265625,4223.584581649077,4141.439771244673,4167.879009487763,135586
2023-01-25,4203.65869140625,4257.1606805482315,4176.6922968475,4199.6832636191375,288089
2023-01-27,4196.23486328125,4252.371238557232,4170.753112838301,4248.539410453102,340484
2023-01-30,4221.47705078125,4232.254067135998,4138.374280223521,4211.657991435812,218721
2023-01-31,4136.0751953125,4232.253983598428,4084.728607076436,4232.253983598428,605699
2023-02-01,4187.1826171875,4257.640172163831,4144.936617102541,4147.858199047587,622541
2023-02-02,4380.78515625,4402.770456925051,4186.2721707490155,4328.960055752299,1669243
2023-02-03,4434.23974609375,4463.8405264673565,4377.959767354557,4397.023019794016,517467
2023-02-06,4431.17333984375,4440.417530584613,4406.6018383607625,4411.391622967676,315190
2023-02-07,4413.16455078125,4467.911702904207,4403.44138022701,4443.962776537868,327040
2023-02-08,4401.6201171875,4445.159444801624,4385.526628587217,4411.34375379224,252710
2023-02-09,4442.3818359375,4460.343529074692,4382.7967254694195,4401.668664826532,284415
2023-02-10,4428.34814453125,4472.893146374438,4403.776172538365,4464.079754607707,207919
2023-02-13,4395.1064453125,4441.088378480547,4386.484832843491,4406.601928604512,185536
2023-02-14,4406.458984375,4429.593554392535,4388.4013997993525,4397.31021357549,245495
2023-02-15,4395.5380859375,4406.458702440892,4339.737089390251,4406.458702440892,197822
2023-02-16,4379.779296875,4423.749428549047,4374.989511992153,4403.728221289233,160313
2023-02-17,4342.65869140625,4395.106838619506,4324.984197162171,4377.863612138435,203456
2023-02-20,4266.548828125,4353.914696259843,4257.161036342958,4344.574615228263,308681
2023-02-21,4314.015625,4337.485570822669,4263.483394708337,4267.650601088561,229380
2023-02-22,4295.9580078125,4349.986687066257,4289.444087554093,4315.596125587092,262918
2023-02-23,4264.345703125,4306.974790800854,4238.768063418506,4301.227048642311,210031
2023-02-24,4255.771484375,4306.543203002416,4233.83436365062,4272.488020344806,234456
2023-02-27,4203.7548828125,4282.067869007435,4191.061952328306,4242.360363523824,162723
2023-02-28,4274.16455078125,4287.096969996927,4195.851567752984,4205.431137542374,349283
2023-03-01,4195.66015625,4267.267446689172,4172.046608204166,4252.371401464688,331092
2023-03-02,4209.45458984375,4219.800337736554,4160.4547179629935,4205.430983578541,147032
2023-03-03,4226.458984375,4257.879789930446,4196.235157433546,4215.011210010454,212204
2023-03-06,4138.23095703125,4204.473595105625,4099.960384848357,4204.473595105625,681562
2023-03-08,4157.19775390625,4186.271840675152,4124.723107090855,4138.23039353688,228626
2023-03-09,4111.26416015625,4167.1128650163,4095.457869978602,4157.197916718016,242653
2023-03-10,4129.7529296875,4178.3692510008,4102.6906424539875,4126.304190684238,367075
2023-03-13,4126.49560546875,4163.328770920283,4109.635468968649,4127.836651698346,282671
2023-03-14,4112.4619140625,4161.269545217281,4097.182311979966,4133.584679961083,197998
2023-03-15,4064.70751953125,4141.870770285317,4059.438755928484,4133.584535624184,195193
2023-03-16,4129.9443359375,4138.374170294534,4071.317181424021,4084.6808684499038,260044
2023-03-17,4179.13525390625,4186.272220880358,4124.579881702086,4144.074400812055,294948
2023-03-20,4149.72607421875,4183.015079569402,4083.2916635152346,4181.099165592386,176552
2023-03-21,4085.399169921875,4201.599160234602,4080.896585179983,4171.902494943386,231876
2023-03-22,4066.00048828125,4099.097713190271,4052.157823508962,4099.097713190271,146015
2023-03-23,4064.32470703125,4076.5863706043815,4020.3063919243186,4071.3176066428437,197372
2023-03-24,4023.371337890625,4063.6532391218366,4013.695879485093,4063.6532391218366,198393
2023-03-27,4037.59716796875,4066.8148578543028,4022.269855241903,4046.4582706389588,283791
2023-03-28,4023.419677734375,4051.6794111851286,3978.395695626395,4051.6794111851286,224554
2023-03-29,4096.416015625,4117.251580909691,4022.4138354759234,4028.2092883736723,316461
2023-03-31,4140.43359375,4151.593698817576,4078.0705019131856,4097.613198158767,244995
2023-04-03,4142.25390625,4163.28125014821,4102.307378771888,4161.365336089238,365323
2023-04-05,4145.6064453125,4175.63848948774,4114.425133439439,4151.78545479081,390846
2023-04-06,4119.02294921875,4145.845742794486,4108.00644471443,4145.845742794486,208718
2023-04-10,4087.02734375,4119.023011592224,4064.6112451870295,4119.023011592224,253654
2023-04-11,4097.51708984375,4124.291704874543,4079.2200192796518,4087.0272745595903,248398
2023-04-12,4091.7216796875,4118.065498041791,4083.770823430642,4097.5176003769175,325329
2023-04-13,4154.95947265625,4238.56124905274,4114.376086056012,4130.40485855967,454438
2023-04-17,4227.453125,4292.1519836973985,4150.574493363619,4168.405490637337,631457
2023-04-18,4191.64453125,4262.822932955365,4180.098011518255,4239.486773809031,190132
2023-04-19,4183.849609375,4215.175890754912,4161.0491691980715,4215.175890754912,347248
2023-04-20,4147.35888671875,4207.868095860244,4137.517534700039,4184.970121968217,164008
2023-04-21,4216.92919921875,4223.944938213995,4139.465849140777,4149.891924302977,273401
2023-04-24,4200.56005859375,4228.281411896668,4186.918713007966,4216.929482987739,182843
2023-04-25,4289.76416015625,4297.997876208545,4200.559701730908,4202.508465220461,353719
2023-04-26,4292.15185546875,4309.544665860481,4258.827807394303,4287.279946438706,306037
2023-04-27,4302.72412109375,4315.878275865805,4284.356928350145,4294.100746699815,179769
2023-04-28,4436.896484375,4447.907285243773,4295.708643048779,4302.821916340445,482939
2023-05-02,4395.48486328125,4487.759010778655,4384.718134615197,4448.296547567117,261449
2023-05-03,4411.1240234375,4431.488508279296,4329.519546179718,4374.974362835101,525015
2023-05-04,4469.5380859375,4478.258993825816,4394.46215451576,4411.075174790949,244670
2023-05-05,4507.490234375,4518.159905459218,4466.955856092554,4476.943269603654,332347
2023-05-08,4480.59765625,4579.594952940386,4456.3841707592255,4521.13203864753,831450
2023-05-09,4477.4306640625,4514.55470771184,4465.1533575947615,4505.541675596945,367650
2023-05-10,4486.9794921875,4548.21900540627,4469.00195834179,4511.09544083439,368807
2023-05-11,4516.40625,4532.824680465284,4487.028730340205,4492.095706620458,282060
2023-05-12,4498.2333984375,4555.234731440553,4483.958800797187,4515.28507925038,311033
2023-05-15,4512.21630859375,4559.132699759732,4503.057214310797,4528.780800129531,276965
2023-05-16,4488.87939453125,4540.8142296485,4448.052892490681,4513.336472730961,263119
2023-05-17,4513.2392578125,4520.352530878575,4466.2253329046525,4491.900390159065,268353
2023-05-18,4447.419921875,4536.234732940592,4441.23250193174,4530.875632729836,155214
2023-05-19,4384.572265625,4475.433373194447,4369.2742802614575,4470.463930601855,367664
2023-05-22,4383.6953125,4423.937091660923,4370.102495699409,4384.718223109775,172174
2023-05-23,4405.8134765625,4464.178852628895,4371.0768597132355,4372.051241536622,297514
2023-05-24,4404.0107421875,4452.827366329556,4386.03368314352,4421.939748221994,302733
2023-05-25,4446.396484375,4584.905244303128,4417.116500232514,4462.668851500561,861989
2023-05-26,4478.4541015625,4505.736793681011,4446.250495580608,4464.6176888220125,231911
2023-05-29,4458.04052734375,4506.613557373498,4449.027495295681,4493.313340370554,194968
2023-05-30,4456.09130859375,4505.053991206079,4446.103895722578,4465.591530593157,199772
2023-05-31,4537.74462890625,4563.322151480497,4448.296568841258,4453.899264262283,1536463
2023-06-01,4516.50341796875,4535.747459283648,4470.025213952422,4535.747459283648,188427
2023-06-02,4534.91943359375,4597.816070825125,4516.601244146913,4518.208879130572,359550
2023-06-05,4562.640625,4591.774547665189,4537.744882837816,4540.521966312898,349558
2023-06-06,4584.85595703125,4596.8411384529,4553.334611124833,4562.6402426371205,185910
2023-06-07,4767.79638671875,4782.217523358154,4594.2103577516045,4594.2103577516045,1390193
2023-06-08,4750.16015625,4788.843306889293,4732.085562827784,4776.3224046757505,381452
2023-06-09,4753.76513671875,4852.421292515372,4712.207848715434,4761.121528891432,820375
2023-06-12,4774.71484375,4784.215067152186,4740.3678822190195,4773.496866390746,233763
2023-06-13,4813.5439453125,4824.797865541654,4766.9682067129825,4779.294517920259,326814
2023-06-14,4815.0537109375,4849.498202608389,4795.907203785109,4820.266748704782,234174
2023-06-15,4847.98828125,4891.2992682628965,4788.404451544869,4823.190073291499,452909
2023-06-16,4915.4638671875,4929.007678530665,4842.677359225811,4847.987930139937,407485
2023-06-19,4892.419921875,4934.6594712996375,4874.150261723547,4920.628467457802,197576
2023-06-20,4926.9130859375,4932.807905570025,4879.752625787835,4892.419589298434,251372
2023-06-21,4939.67724609375,4954.975231227001,4916.3896153691985,4940.700632484918,272200
2023-06-22,4859.291015625,4941.9674141699625,4847.549904156057,4935.244274281494,145196
2023-06-23,4843.45703125,4859.193678490616,4818.6102944772965,4844.675008542779,191942
2023-06-26,4880.8740234375,4893.345921498742,4825.431312486379,4851.398970843845,179192
2023-06-27,4827.33154296875,4908.740960655958,4822.362100108935,4872.445234768974,175475
2023-06-28,4864.26025390625,4891.348354780655,4832.836439265823,4861.1910462353835,253814
2023-06-30,4895.830078125,4903.4305419315215,4828.110540324369,4862.360442578133,196106
2023-07-03,4879.99609375,4919.263965070406,4862.262630761868,4906.012277666428,139105
2023-07-04,4881.79931640625,4896.1714492407,4845.16246229751,4879.996614760668,121493
2023-07-05,4965.54736328125,4984.35274238319,4833.42109133315,4896.0736529993455,186513
2023-07-06,5041.01318359375,5135.333635015533,4989.80960612264,5065.8113927419645,966410
2023-07-07,4925.01318359375,5056.60326540752,4913.710258697518,5041.013155418896,224712
2023-07-10,4902.943359375,4968.811666948628,4863.626956955542,4943.039076957921,308544
2023-07-11,4953.65966796875,5025.082141248013,4920.628219235683,4920.628219235683,385742
2023-07-12,4943.916015625,4983.817143030947,4913.174458304896,4953.659834207903,180640
2023-07-13,4959.9443359375,5016.117349799334,4941.528615646902,4959.505673832249,232034
2023-07-14,5001.697265625,5018.066690929167,4954.829401959122,4986.8864707136845,220335
2023-07-17,5011.6845703125,5065.811292350158,4989.90704057752,5018.018052405263,272290
2023-07-18,4934.416015625,5028.346335856938,4922.577370665945,5018.066797096124,189358
2023-07-19,4936.12109375,5012.22041408726,4920.726050283189,4951.760208460352,353528
2023-07-20,4923.11279296875,4963.501110689973,4887.54785568171,4940.11594644644,327126
2023-07-21,4917.705078125,4978.068222582919,4871.909132281553,4931.882143390989,438176
2023-07-24,4841.60595703125,4918.679657757967,4817.539010413344,4917.7052758923255,224646
2023-07-25,4760.43994140625,4878.729799857261,4750.111398902366,4878.729799857261,396810
2023-07-26,4855.92919921875,4866.988527724841,4754.983150299719,4774.4707861616025,231869
2023-07-27,4748.55224609375,4887.499188185065,4641.759903924706,4837.80571557792,558492
2023-07-28,4777.7353515625,4832.349264085622,4726.726366430158,4778.368604612141,357681
2023-07-31,4671.13818359375,4784.604667562201,4643.173233450567,4779.440633929649,800189
2023-08-01,4693.9384765625,4719.418466656929,4628.411297480704,4701.489935861889,413904
2023-08-02,4686.24072265625,4715.033514441071,4647.80117046578,4715.033514441071,395487
2023-08-03,4676.009765625,4695.156272988777,4647.801221987638,4686.72796550799,239070
2023-08-04,4675.5712890625,4708.213080910701,4644.537132106077,4667.289043369673,401478
2023-08-07,4540.37548828125,4691.648259257303,4499.890115729933,4629.287825489397,1079453
2023-08-08,4487.36962890625,4557.62265671156,4478.307592074536,4514.067596922821,533341
2023-08-09,4483.033203125,4514.652083370519,4457.796809239191,4501.546457633316,912658
2023-08-10,4424.13232421875,4500.328700511692,4415.21634954622,4483.130955768471,587011
2023-08-11,4394.75439453125,4444.155746060395,4374.633503902755,4423.693726620082,1112908
2023-08-14,4384.328125,4409.077325773634,4340.870604711942,4403.913292916465,557851
2023-08-16,4383.25634765625,4396.946221076238,4308.131418800704,4373.610063386067,518358
2023-08-17,4386.27734375,4409.07778343139,4357.727670650211,4383.256664920687,394002
2023-08-18,4418.8701171875,4438.114158283641,4346.717333158767,4383.7438426095705,423415
2023-08-21,4394.94921875,4443.181119055537,4383.256636857748,4439.235062975852,244783
2023-08-22,4396.0693359375,4409.028898701564,4374.974066162698,4408.882360820903,217446
2023-08-23,4396.84912109375,4438.308874275577,4369.810027512817,4438.308874275577,346764
2023-08-24,4426.421875,4442.694242928639,4399.772910833609,4422.037156479729,357303
2023-08-25,4409.85693359375,4443.229510042923,4390.759431046564,4428.175596786931,333873
2023-08-28,4395.38818359375,4409.857374064016,4370.687507490738,4409.07805885981,343698
2023-08-29,4414.6806640625,4423.693696373393,4371.174608656832,4395.388093316791,340257
2023-08-30,4434.216796875,4441.7682563218395,4396.118846606282,4436.312098500749,367571
2023-08-31,4353.29443359375,4457.796885163988,4328.2041013985645,4447.955533498002,874564
2023-09-01,4369.46923828125,4376.874635316212,4312.613963557506,4360.358673050123,383124
2023-09-04,4391.73388671875,4395.436347289808,4335.755461394994,4369.469167193722,394391
2023-09-05,4399.28564453125,4422.719338357008,4370.102717015021,4391.734184986798,453349
2023-09-06,4452.0966796875,4472.41263616311,4387.689945044923,4404.205907507027,300673
2023-09-07,4414.6318359375,4472.80214425518,4405.180142116382,4472.412486687501,479124
2023-09-08,4424.1806640625,4432.073251977443,4398.164479098673,4424.375730735906,278293
2023-09-11,4451.51171875,4456.822289793392,4423.6933090647135,4424.570157517766,302448
2023-09-12,4450.14794921875,4457.212217596558,4393.390206734982,4451.511988647574,321129
2023-09-13,4490.19482421875,4511.826289978818,4432.560237259069,4450.147638026382,435792
2023-09-14,4457.16357421875,4513.288062214634,4436.019298412256,4500.66962733457,473085
2023-09-15,4416.72705078125,4471.682094291704,4402.8421088313335,4465.5922074715645,408326
2023-09-18,4478.4541015625,4485.079707910895,4404.206013416739,4423.693650644246,304844
2023-09-20,4411.416015625,4479.233083282509,4392.220979848331,4478.453768160382,357295
2023-09-21,4441.76806640625,4448.735277054644,4363.281800917103,4404.205837459873,367638
2023-09-22,4447.7119140625,4454.8737156496145,4394.46204234028,4441.768089759848,210753
2023-09-25,4452.9736328125,4467.540831940981,4394.997912092655,4456.871160255851,498354
2023-09-26,4482.302734375,4490.92610921413,4432.901858255203,4453.168811159878,330231
2023-09-27,4508.80615234375,4515.334225570088,4451.950873674515,4483.326160970198,358156
2023-09-28,4408.63916015625,4515.577567006336,4389.638714292226,4508.805898687459,390490
2023-09-29,4420.916015625,4443.619395625976,4386.227930533293,4438.308824835078,230125
2023-10-03,4380.28515625,4436.604237878532,4371.66178156876,4408.8828834411715,543482
2023-10-04,4416.3857421875,4423.693606074186,4352.320135447549,4374.974513496277,318564
2023-10-05,4417.74951171875,4431.683456808158,4384.718064123492,4423.936931252596,302015
2023-10-06,4422.18310546875,4432.901304868712,4399.33366280262,4417.700854201569,238131
2023-10-09,4406.64208984375,4418.82186344752,4378.385015083005,4395.436698128282,255764
2023-10-10,4413.9013671875,4425.593949693387,4387.6415853340695,4406.349907652449,222750
2023-10-11,4438.2607421875,4451.902087916059,4404.8391596891015,4406.154670324546,368192
2023-10-12,4443.91162109375,4473.971393606273,4414.923763673909,4464.617233536494,518582
2023-10-13,4457.50439453125,4464.617191017256,4399.333613584224,4433.436974929838,445822
2023-10-16,4468.56396484375,4473.826007771912,4438.309596868901,4443.13297762891,292118
2023-10-17,4482.49755859375,4491.802714785792,4445.324986835881,4468.710150817435,196669
2023-10-18,4489.6591796875,4504.567030817341,4468.758499910455,4487.028158536417,217179
2023-10-19,4484.5439453125,4497.746629098928,4444.837884841143,4482.20504824965,228881
2023-10-20,4462.6689453125,4489.9516375545845,4441.963330664489,4485.079728225641,351045
2023-10-23,4414.53466796875,4482.156675704241,4400.649726092927,4455.556240524785,203004
2023-10-25,4417.603515625,4468.125307451137,4355.486675454921,4355.486675454921,330082
2023-10-26,4392.318359375,4408.882850999435,4362.063992922857,4401.867587068992,488909
2023-10-27,4398.65185546875,4427.591187119577,4375.94894836136,4396.410967491974,382794
2023-10-30,4347.3017578125,4393.195233886638,4327.22939839168,4384.717922261328,450526
2023-10-31,4313.10107421875,4364.986905508064,4289.131186581326,4345.840398130425,504625
2023-11-01,4284.64892578125,4341.845328109957,4236.319968815154,4328.788707062305,395359
2023-11-02,4411.27001953125,4451.755393154387,4340.1401478816215,4396.5082303639165,822845
2023-11-03,4423.2548828125,4465.007239729322,4408.249497660323,4412.000962891462,335012
2023-11-06,4505.15185546875,4509.585102418524,4429.588260244022,4438.211634462165,205763
2023-11-07,4535.9423828125,4550.363043261642,4473.240818314582,4491.997668118177,282612
2023-11-08,4550.9482421875,4566.440819395844,4531.363070649819,4551.289371010347,385727
2023-11-09,4532.921875,4565.466133459341,4511.875131999462,4550.947939127414,208210
2023-11-10,4562.00732421875,4565.807318305346,4502.6185597447975,4538.134968729949,142336
2023-11-13,4576.0380859375,4582.663691903815,4525.029103281565,4542.860100007513,260394
2023-11-15,4590.11767578125,4603.954087899336,4547.829600054279,4602.005324264246,269650
2023-11-16,4581.64111328125,4607.851890585375,4559.717521076096,4589.338634945468,178375
2023-11-17,4597.42578125,4624.026691731678,4569.948498013278,4582.517928966319,138652
2023-11-20,4591.287109375,4618.034080488775,4570.727557937034,4571.068686726542,126069
2023-11-21,4579.35107421875,4608.826125018286,4545.491305118457,4608.826125018286,129602
2023-11-22,4573.943359375,4592.115485281212,4543.298860628589,4589.240868584647,72533
2023-11-23,4585.24560546875,4590.264052270547,4559.08383520546,4578.6199996513615,109775
2023-11-24,4525.17529296875,4594.21034096681,4521.6188944340365,4585.245837797435,123628
2023-11-28,4592.7001953125,4601.9078180792,4507.490314556519,4513.580200952104,182790
2023-11-29,4680.58935546875,4708.310709865481,4580.958809669987,4595.136351283762,363702
2023-11-30,4728.333984375,4751.037366920034,4674.596920557358,4691.648602914785,961054
2023-12-01,4843.408203125,4856.318761630539,4735.5439504339365,4748.162384716215,485597
2023-12-04,4811.25390625,4866.988737526498,4789.086719501544,4862.165357133816,310152
2023-12-05,4821.63134765625,4847.550001613329,4806.625961398704,4811.254275470596,280497
2023-12-06,4874.978515625,4894.027966482386,4825.431102809021,4826.113360421086,295686
2023-12-07,4887.49951171875,4896.26894864169,4836.003334189003,4874.978609402072,268095
2023-12-08,4815.59033203125,4930.372327529193,4804.677064633686,4895.294579744401,282713
2023-12-11,4817.48974609375,4847.062329275869,4774.519412981478,4832.8362596501065,147976
2023-12-12,4777.44287109375,4844.090972089792,4750.11164975642,4840.729164305619,184238
2023-12-13,4793.2763671875,4801.753679454906,4735.495714722168,4784.214806437416,153558
2023-12-14,4819.92578125,4837.805782973976,4771.547818574736,4805.8462492785875,174503
2023-12-15,4788.0146484375,4842.531500645136,4755.470391359332,4811.49734505325,216579
2023-12-18,4754.49609375,4799.317657498847,4713.13339515543,4787.966204443016,223278
2023-12-19,4785.4326171875,4801.2177926628365,4734.229043885714,4766.042514514122,200718
2023-12-20,4828.01318359375,4922.528216106414,4790.060823012971,4793.958350126895,457942
2023-12-21,4929.982421875,4982.306440891154,4752.595923552953,4803.702441049131,796081
2023-12-22,5028.8818359375,5050.902959039829,4920.676455181623,4944.987470592292,582688
2023-12-26,5101.81494140625,5110.145716083947,5014.16910191019,5022.938538738249,574310
2023-12-27,5083.1552734375,5110.633033152546,5027.810572176766,5107.709887471048,241944
2023-12-28,5146.68505859375,5201.883696602718,5053.875185092982,5091.096762989651,655367
2023-12-29,5201.68896484375,5248.069160173514,5104.445370985826,5125.784238294669,535691
2024-01-01,5183.51611328125,5212.845100638074,5154.479725928068,5202.224434164453,130032
2024-01-02,5153.359375,5198.2784719792335,5090.268152263488,5183.51620681372,193517
2024-01-03,5119.20703125,5197.255110424969,5105.76075240186,5153.359399608785,123303
2024-01-04,5223.953125,5237.302346405837,5087.247544294861,5119.207078071883,413391
2024-01-05,5137.2822265625,5225.950974646017,5121.350988208402,5223.953206396089,299017
2024-01-08,5044.7158203125,5169.095564712318,5038.57692937166,5169.095564712318,236628
2024-01-09,4991.17333984375,5076.72434910712,4980.065482249712,5065.8110824136675,194434
2024-01-10,4956.33935546875,5011.879121068019,4922.0899285036785,4980.065648734495,191450
2024-01-11,5005.107421875,5053.533914188903,4946.497973182511,4972.173029995595,277823
2024-01-12,5019.138671875,5115.894603689146,4969.39619069771,5017.092374742084,462298
2024-01-15,5044.7158203125,5094.0681644328,4987.860545855298,5027.761671767447,400069
2024-01-16,4999.16357421875,5084.324452063575,4976.411663051302,5035.995017541073,203028
2024-01-17,4932.02880859375,5003.694403470571,4925.50025987902,4984.011699759132,270672
2024-01-18,4886.6708984375,4947.86236230986,4846.770248298282,4931.346400121429,514119
2024-01-19,5007.0068359375,5037.2126711011815,4883.893602946541,4900.165968972691,329252
2024-01-23,4918.77685546875,5056.895475498969,4799.707209303066,5034.04603199984,491135
2024-01-24,5010.51513671875,5041.110632072895,4901.140772559738,4918.777179440525,611741
2024-01-25,5010.173828125,5102.398973025446,4975.291148978418,5018.066416089247,342129
2024-01-29,5005.3017578125,5085.785789398492,4980.260431093229,5010.27120013163,275710
2024-01-30,4961.30859375,5059.86721892897,4950.833989265724,5031.025422124769,146422
2024-01-31,5065.2265625,5086.273305816478,4902.845920793498,4961.308832354607,549238
2024-02-01,5016.7021484375,5068.685511770243,4995.752940080746,5062.936278626552,344394
2024-02-02,5016.9462890625,5075.55526458663,4999.992139332396,5034.387629737564,176167
2024-02-05,4993.2197265625,5105.517233340981,4948.398162034863,5037.456566833126,231620
2024-02-06,4878.7783203125,4993.706846733093,4864.649783868084,4993.219655821216,336609
2024-02-07,4948.15478515625,5051.098135687145,4798.830761954321,5008.322866283292,1258830
2024-02-08,4750.6474609375,4991.173727028633,4709.3337637172035,4970.3220496165995,623680
2024-02-09,4844.1396484375,4850.521659616468,4735.5445946429945,4750.647514194595,411953
2024-02-12,4842.873046875,4869.912144249292,4814.17730998323,4844.139553019608,158487
2024-02-13,4853.98046875,4923.940891662542,4813.641157395147,4842.872611387413,262011
2024-02-14,4882.2861328125,4896.268606973955,4823.18997104897,4840.290181546468,277479
2024-02-15,4823.7255859375,4914.148501620925,4806.479313697314,4882.578626741687,189625
2024-02-16,4787.8203125,4843.213540353619,4769.355586033867,4827.0877109580215,352139
2024-02-19,4799.07421875,4821.777125602991,4761.462984091182,4793.910185241002,182521
2024-02-20,4795.0791015625,4807.600003373513,4754.10653545843,4784.360901311768,129279
2024-02-21,4796.8818359375,4860.508780279514,4762.778471270059,4808.330822647284,235932
2024-02-22,4829.96240234375,4840.72913170172,4735.495889708204,4798.782182493819,255308
2024-02-23,4809.89013671875,4843.067649756443,4786.261375891837,4829.962498802486,115910
2024-02-26,4776.322265625,4830.010800380233,4766.286322941435,4823.1415986894535,78084
2024-02-27,4778.7099609375,4813.007918314707,4754.009284646353,4754.009284646353,434014
2024-02-28,4762.5830078125,4790.158297266832,4742.511124041225,4768.965493846245,96877
2024-02-29,4838.00048828125,4853.297996396787,4705.14344061157,4759.90340987024,447941
2024-03-01,4801.46142578125,4858.949952455533,4788.258266818905,4838.000743582701,316277
2024-03-04,4714.93603515625,4815.833556829072,4709.674468547993,4780.317149621693,307520
2024-03-05,4702.02587890625,4742.75532742871,4687.751279352249,4715.082501096046,156956
2024-03-06,4755.71435546875,4762.583557406074,4666.07122260943,4715.033912024439,190965
2024-03-07,4763.89892578125,4776.419827705621,4711.233777108669,4745.239608512112,216747
2024-03-11,4810.91259765625,4830.643829079553,4746.311274712602,4768.673051528928,295000
2024-03-12,4744.4111328125,4813.446179755574,4728.479894937579,4809.256528248136,140625
2024-03-13,4732.2314453125,4847.549630676125,4698.469209873422,4767.260662600911,410729
2024-03-14,4812.37451171875,4826.064862424766,4660.4684736833415,4728.918799896232,240217
2024-03-15,4846.7705078125,4880.386682464479,4786.163764942582,4791.47433646468,491571
2024-03-18,4852.42138671875,4885.5503680738575,4832.93375062751,4852.42138671875,143928
2024-03-19,4693.548828125,4871.8607061225575,4677.032865509715,4870.934853058971,265081
2024-03-20,4679.8583984375,4709.0413245692,4638.057513064566,4698.566719891585,300159
2024-03-21,4683.56103515625,4700.417649435877,4645.657203758303,4689.212259102437,449591
2024-03-22,4740.36767578125,4767.601838657129,4662.31959484464,4677.0328558581705,264787
2024-03-26,4834.3466796875,4847.549362516669,4619.251901441157,4626.754355694605,554559
2024-03-27,4794.15380859375,4852.421653399917,4754.983467588673,4832.9340162376675,327107
2024-03-28,4785.4326171875,4843.846996430096,4739.977801353569,4815.686981780804,648795
2024-04-01,4769.7939453125,4833.615952779556,4758.637083469239,4803.6537126328085,181877
2024-04-02,4774.42236328125,4788.989085947694,4745.239437621834,4784.214710210104,93480
2024-04-03,4710.74658203125,4771.4993854670265,4682.879165997139,4745.239604329186,246246
2024-04-04,4690.28466796875,4730.62398226136,4658.1300662355625,4715.9597254162445,372526
2024-04-05,4689.748046875,4723.413222916051,4668.8478431085905,4690.284242318665,189143
2024-04-08,4703.14599609375,4716.982408298556,4658.519498879446,4701.440827902359,235219
2024-04-09,4671.86865234375,4725.751776100443,4660.8578524329205,4725.751776100443,180114
2024-04-10,4685.51025390625,4695.107534636814,4625.926422378739,4695.059005852632,509880
2024-04-12,4630.0185546875,4697.348429844896,4623.441477769703,4694.5713466584675,620568
2024-04-15,4639.90869140625,4654.719485372505,4572.627817074611,4623.4417338101675,421873
2024-04-16,4619.251953125,4650.237103811595,4571.1171119668725,4626.364749899938,516581
2024-04-18,4574.72265625,4636.790968646942,4547.050307647819,4623.441747370874,670722
2024-04-19,4548.70654296875,4577.645873859574,4522.1061091064885,4562.104293238135,424834
2024-04-22,4631.529296875,4641.85784017375,4542.860543938358,4554.163469137511,321925
2024-04-23,4674.88916015625,4688.725573062359,4602.054115146605,4634.160188172191,279440
2024-04-24,4705.2412109375,4716.007939581524,4658.519413045303,4674.1095219364815,412282
2024-04-25,4720.0517578125,4734.521423483283,4625.877846879375,4692.769065929904,509266
2024-04-26,4677.4716796875,4736.470312130962,4670.212344382576,4719.9543489788375,205462
2024-04-29,4676.88671875,4701.9770508557085,4653.647616965577,4691.648508310145,147362
2024-04-30,4653.5986328125,4701.391866556332,4643.026495844119,4676.057941472298,489132
2024-05-02,4637.71630859375,4688.725291741295,4628.362148019343,4667.240363038835,356664
2024-05-03,4623.0517578125,4658.6166917768,4587.291757188775,4658.6166917768,262493
2024-05-06,4931.93115234375,5072.096073358956,4679.176601490067,4695.497497097764,2837757
2024-05-07,5041.3056640625,5086.175758251203,4919.458927427897,4928.374902033945,1156073
2024-05-08,5094.4580078125,5113.994649515796,4992.58657493555,5019.040947208115,323414
2024-05-09,4940.21337890625,5113.555810167318,4915.756299979824,5094.116702477872,379667
2024-05-10,4936.99755859375,4987.081164184723,4844.382757974852,4940.213304026259,223289
2024-05-13,4999.1142578125,5037.553809394286,4925.499904543156,4944.939011389315,323879
2024-05-14,5009.10205078125,5029.271945492355,4906.012640812556,4999.114636765693,205585
2024-05-15,4934.27001953125,5032.438997506719,4923.99048063286,5017.6282020838335,166198
2024-05-16,5006.13037109375,5018.066548806932,4888.960953133744,4934.415771474769,312988
2024-05-17,4956.4853515625,5008.225122401764,4935.244017767341,5008.225122401764,116594
2024-05-21,5045.44677734375,5058.016208115817,4915.804986103046,4916.730839174034,376474
2024-05-22,5132.45849609375,5166.659391748052,5061.91335033119,5086.077828181673,748236
2024-05-23,5145.8564453125,5158.133751379349,5054.995340742748,5126.368808943653,423256
2024-05-24,5106.443359375,5149.7543489063055,5085.299082060726,5125.346272879644,268208
2024-05-27,5078.7216796875,5130.120321081047,4995.899224361406,5130.120321081047,329998
2024-05-28,5116.04052734375,5149.997830602179,5047.8337965754135,5075.55515103236,259151
2024-05-29,5095.822265625,5133.043844479736,5066.785875340666,5068.734639138875,286144
2024-05-30,5065.37255859375,5107.807173478792,5040.477292720795,5068.831899612789,357619
2024-05-31,5047.1025390625,5087.247258590736,4979.724134325848,5074.580295487561,651525
2024-06-03,5035.41015625,5164.223622578743,5027.810168397417,5164.223622578743,199328
2024-06-04,5188.6806640625,5275.692769260395,4995.704061408373,5072.193033382472,989039
2024-06-05,5346.09228515625,5578.336303077276,5188.583548277117,5188.681081620298,1188965
2024-06-06,5301.076171875,5372.839303299632,5175.380907398345,5324.997057092407,629293
2024-06-07,5323.583984375,5329.86893787396,5256.790296129801,5292.501297240966,226777
2024-06-10,5347.79736328125,5418.29398677146,5267.605925642308,5324.996922664394,306665
2024-06-11,5376.39501953125,5463.114997192123,5359.09974308765,5359.09974308765,476899
2024-06-12,5299.955078125,5425.358214226146,5291.8678989695045,5408.355060404572,279376
2024-06-13,5241.638671875,5310.332592805654,5204.855756766742,5300.247645429441,434594
2024-06-14,5255.474609375,5310.381122187324,5237.887207160015,5259.274603463922,149569
2024-06-18,5257.6181640625,5295.765116620203,5237.594332481961,5280.954322857232,155277
2024-06-19,5223.31982421875,5283.926563917235,5212.942752958457,5277.251953275328,135179
2024-06-20,5240.6640625,5261.661800301515,5182.736873296992,5223.31978073188,296418
2024-06-21,5193.7470703125,5251.77179143057,5181.275173696513,5231.553369267109,244120
2024-06-24,5162.03173828125,5193.455554723998,5115.505002307878,5178.839826145975,463385
2024-06-25,5214.9404296875,5232.430775007896,5153.700908218045,5162.080211895288,160890
2024-06-26,5282.80615234375,5295.326578227895,5182.785476983817,5214.940077339267,221391
2024-06-27,5291.185546875,5310.381059545983,5244.269156154773,5250.748700274788,357573
2024-06-28,5335.2763671875,5349.356375278381,5277.495713588622,5295.765373340256,215576
2024-07-01,5336.2021484375,5348.527983562898,5291.916303486625,5334.789104460103,223560
2024-07-02,5263.26953125,5359.100079646889,5246.363911298819,5359.100079646889,163333
2024-07-03,5309.50439453125,5357.1515732824655,5251.723263615709,5282.854954973483,211361
2024-07-04,5287.2392578125,5346.774081122208,5259.274309761243,5315.204205863758,138170
2024-07-05,5404.701171875,5412.2041025908275,5294.742558348104,5306.435140800365,172330
2024-07-08,5425.89404296875,5472.080124829791,5392.277868013316,5412.691358766229,171210
2024-07-09,5523.62451171875,5558.8483195884855,5440.022265550558,5553.9764104565065,389812
2024-07-10,5608.10302734375,5651.414489038519,5524.793382720855,5524.793382720855,526095
2024-07-11,5613.7060546875,5656.286732543773,5573.464273927714,5651.414823213417,372798
2024-07-12,5638.79638671875,5656.286731520524,5566.83866654032,5631.927184873149,222315
2024-07-15,5660.8662109375,5697.941248623959,5639.721935280317,5658.235189732689,135373
2024-07-16,5712.1669921875,5729.364735055776,5622.28027504313,5663.106775534722,162459
2024-07-18,5721.0830078125,5768.340527335434,5670.902342752065,5696.771990449995,523157
2024-07-19,5727.36767578125,5824.854384292727,5696.869240062168,5700.133514237614,451294
2024-07-22,5737.01416015625,5781.689662272576,5692.338658039924,5727.367875181559,347520
2024-07-23,5792.45654296875,5851.163049838487,5690.974767741766,5737.014310473634,336696
2024-07-24,5680.1591796875,5821.347019199237,5666.030642402061,5796.987472155377,233649
2024-07-25,5680.25634765625,5714.749368897165,5653.071190058426,5675.67656279763,303638
2024-07-26,5722.34912109375,5731.946876770853,5664.178814353998,5680.64577126374,146736
2024-07-29,5746.5146484375,5804.977561011595,5690.43868599674,5746.904306033513,129350
2024-07-30,5692.53369140625,5835.962410660486,5681.912548890099,5747.293664537476,191681
2024-07-31,5636.26318359375,5745.929668577039,5622.329237919936,5745.929668577039,271796
2024-08-01,5583.35400390625,5690.292410819143,5553.976486592173,5636.263223268268,304411
2024-08-02,5573.80517578125,5659.2096477104205,5486.0618068508265,5561.819993853148,406998
2024-08-05,5624.19482421875,5767.368821822796,5576.963690610042,5636.089240847109,1114298
2024-08-06,5778.76904296875,5844.408831397723,5636.286187782918,5650.499820012115,727869
2024-08-07,5761.2978515625,5848.159527121483,5733.90681182657,5814.007481166951,314935
2024-08-08,5670.33984375,5786.122795924837,5650.944123196149,5769.145094157327,271628
2024-08-09,5666.0458984375,5710.710565027724,5646.008682786365,5695.756634926995,232215
2024-08-12,5572.71923828125,5699.8037889483385,5552.237650503836,5670.685387047918,622193
2024-08-13,5593.20068359375,5641.024148791337,5544.390153950104,5605.48982873321,236505
2024-08-14,5585.94580078125,5621.529764115093,5521.7866102108765,5602.577933499046,164575
2024-08-16,5655.53369140625,5668.168405460075,5589.252410428791,5597.1489259755335,144969
2024-08-19,5658.34716796875,5688.699400923838,5644.1335357584085,5670.685474048054,102452
2024-08-20,5691.21630859375,5699.112824603851,5654.152229357375,5666.194609058814,189035
2024-08-21,5761.8408203125,5774.228286495901,5682.036562351499,5699.112584718548,169215
2024-08-22,5761.2978515625,5782.223811642289,5733.512082421593,5782.223811642289,160154
2024-08-23,5717.71875,5774.326992205488,5709.526307908194,5761.495154445031,124435
2024-08-26,5721.9638671875,5784.198092443882,5701.531438818937,5724.97422119019,265107
2024-08-27,5689.7353515625,5769.786373939008,5660.814556292834,5753.401007862568,175740
2024-08-28,5629.57421875,5700.692020741746,5616.445972172701,5672.2151145036405,161445
2024-08-29,5755.9677734375,5769.391946901151,5622.467301099026,5636.138240685299,351330
2024-08-30,5779.50927734375,5832.465190127028,5718.311279786803,5767.368577066064,519387
2024-09-02,5845.5439453125,5857.191595617517,5789.13330540477,5805.96256238125,307023
2024-09-03,5839.5224609375,5867.11110516859,5794.068335689708,5856.253396192,258133
2024-09-04,5849.88671875,5858.57317523068,5752.611708402354,5774.2779662191715,219283
2024-09-05,5774.3271484375,5843.421661324786,5757.842979005503,5835.278379448784,170014
2024-09-06,5767.96044921875,5808.67685901805,5751.723527702076,5771.070087902759,213556
2024-09-09,5862.6201171875,5884.088768890222,5770.576357588473,5784.148493722378,321187
2024-09-10,5892.67626953125,5932.2576524238,5853.341652764007,5902.69487782577,337831
2024-09-11,5930.9248046875,5968.827983772587,5870.3191428941755,5876.043924008485,437060
2024-09-12,6030.2236328125,6049.422229602,5927.026234926918,5940.795495148819,548745
2024-09-13,6053.76513671875,6069.2617595635,5978.995003865108,6058.601656180295,274846
2024-09-16,5984.57177734375,6050.705095681542,5860.004050614003,5922.386716817169,352336
2024-09-17,6032.0,6124.389328692662,5990.642096036652,5994.886762340567,527917
2024-09-18,6044.04248046875,6086.782178982979,5981.659813544703,6055.640487923208,218424
2024-09-19,6055.14697265625,6144.47630691746,6034.566582126813,6049.619315248177,362388
2024-09-20,6130.212890625,6177.690786780041,6046.608821387324,6085.597866929947,663556
2024-09-23,6130.85498046875,6169.152888816495,6110.718479867597,6154.593687998888,312563
2024-09-24,6122.9091796875,6165.106187909523,6105.043215485858,6120.5403212329675,234706
2024-09-25,6100.3544921875,6122.76104896054,6022.623163377949,6122.76104896054,357145
2024-09-26,6173.2001953125,6189.289153901145,6074.740511286466,6119.799909387569,327297
2024-09-27,6187.70947265625,6251.030043118253,6100.8478004767385,6157.012153628499,400543
2024-09-30,6256.16259765625,6280.592443380589,6160.36818326866,6171.768585153988,442617
2024-10-01,6362.6669921875,6379.9902635178405,6225.317062007801,6225.317062007801,416639
2024-10-03,6249.845703125,6386.20856861246,6208.635759885696,6360.841299917261,495791
2024-10-04,6125.72216796875,6257.939647960617,6099.910528188323,6197.037576707993,395753
2024-10-07,6041.13037109375,6154.346856492394,6026.0284777684155,6142.156514120604,374593
2024-10-08,6124.142578125,6154.149241016583,5973.763212751454,6058.3056684789535,708471
2024-10-09,6018.37890625,6104.993814450162,5991.5305595831205,6078.984568985075,551094
2024-10-10,5924.5087890625,6080.169045531761,5902.694568335946,6047.743881973281,287475
2024-10-11,5901.1650390625,5961.3759728055475,5883.990213371434,5952.541552855576,94953
2024-10-14,5900.720703125,5946.372435953579,5823.680512186264,5927.421086855685,219597
2024-10-15,5990.1982421875,6004.263910650922,5909.505723107867,5938.525321649915,426219
2024-10-16,6011.3212890625,6034.912032968465,5943.263002610598,5986.545875033324,276677
2024-10-17,5911.03564453125,6017.04627339876,5889.073459828766,6011.32149219493,188121
2024-10-18,5811.04638671875,5920.412941841352,5794.068684329566,5907.531942748258,354901
2024-10-21,5703.5546875,5819.238841307363,5688.058063811865,5811.04639862858,296733
2024-10-22,5652.91845703125,5728.922424412323,5637.914883671287,5712.537057129359,320607
2024-10-23,5674.48583984375,5722.605234156217,5616.446158140123,5624.885848783208,123095
2024-10-24,5539.80078125,5705.726422424536,5529.140677286244,5676.460055981315,269803
2024-10-25,5596.0634765625,5632.634506098209,5537.43194064283,5539.800799090728,176680
2024-10-28,5648.27880859375,5704.245556677165,5596.0631946652165,5603.564981009909,131887
2024-10-29,5594.18798828125,5685.3926506208645,5538.468005122305,5656.668977614,204751
2024-10-30,5707.7001953125,5723.98675877513,5568.622910379178,5593.299521686193,218180
2024-10-31,5652.8193359375,5706.219619393161,5634.1639141145415,5704.2454904814185,208893
2024-11-01,5619.4072265625,5693.930594556951,5578.937583015844,5693.930594556951,31706
2024-11-04,5552.435546875,5625.231555437195,5470.163622500164,5611.461812557019,249780
2024-11-05,5532.59521484375,5595.668538741006,5512.310750594827,5561.2692452100255,185870
2024-11-06,5621.2333984375,5645.021748746372,5535.506752144393,5563.391323643272,233799
2024-11-07,5615.31103515625,5639.790523488459,5533.483485992931,5636.138192119093,284538
2024-11-08,5672.8076171875,5717.916657404109,5568.5735101015125,5608.698067403403,306281
2024-11-11,5364.35009765625,5825.802760793349,5331.283436233592,5726.602776525374,804824
2024-11-12,4962.515625,5356.699904908412,4940.257514697824,5349.889256675766,2441209
2024-11-13,4981.220703125,5021.789148056293,4874.56858302632,4944.205786575473,928244
2024-11-14,4852.01416015625,4985.169059532148,4837.6029226348,4981.220801688741,479979
2024-11-18,4847.8193359375,4905.710572558681,4729.667522319418,4905.710572558681,439087
2024-11-19,4829.41064453125,4887.301880734725,4815.492938767209,4861.243474475613,436205
2024-11-21,4741.21630859375,4821.810027709949,4685.496325415859,4811.939382822109,1036549
2024-11-22,4785.63427734375,4807.991191933547,4703.954689757525,4727.101063163329,410476
2024-11-25,4840.51513671875,4915.581198989575,4810.952362223933,4841.5513616553935,722912
2024-11-26,4948.74658203125,4965.230269697216,4829.657348702658,4840.515058001768,314200
2024-11-27,4919.67724609375,4959.998925793964,4877.085510915021,4948.74648731055,255840
2024-11-28,4859.9599609375,4947.70989736499,4827.880365136978,4922.095863127929,321308
2024-11-29,4877.2333984375,4891.842241439735,4816.874503865072,4816.874503865072,212644
2024-12-02,4843.77197265625,4894.852557420621,4803.253170184738,4866.721220883721,314800
2024-12-03,4846.091796875,4856.159565245435,4812.778371159816,4836.171509816325,289449
2024-12-04,4788.79248046875,4909.5599158715095,4778.379143000978,4852.853350730084,392107
2024-12-05,4808.97802734375,4829.706380909887,4743.437043889549,4797.133253877386,526114
2024-12-06,4807.84326171875,4843.229620771659,4777.3922252125485,4808.978289511474,236965
2024-12-09,4731.0,4793.086258708175,4688.605388269677,4782.278191951479,467154
2024-12-10,4725.32421875,4767.472062931004,4721.178355334962,4737.761327030055,264213
2024-12-11,4826.251953125,4851.422098294176,4731.246993417814,4745.806195035279,358246
2024-12-12,4765.89306640625,4845.450563025654,4747.780336090723,4836.616142795123,406271
2024-12-13,4787.361328125,4800.193165821649,4711.258563546479,4761.598849894871,284721
2024-12-16,4783.80810546875,4806.017056747621,4728.038961146252,4806.017056747621,208757
2024-12-17,4714.96044921875,4777.293477307473,4703.510404385695,4754.196263916284,312523
2024-12-18,4720.78369140625,4736.823488705182,4691.072955093369,4713.23274476315,228821
2024-12-19,4723.84375,4741.660070756781,4664.521079428435,4688.556195476153,247805
2024-12-20,4637.32763671875,4745.312392268359,4619.95520582674,4728.03876421538,363168
2024-12-23,4643.4970703125,4673.750501452643,4603.471314853842,4644.138565857378,332554
2024-12-24,4682.73291015625,4704.892219566803,4629.381783392842,4641.22655769464,227672
2024-12-26,4700.0556640625,4735.047293999137,4647.099749083739,4693.39297856838,398117
2024-12-27,4707.6064453125,4745.164538064326,4677.15589158837,4714.219970133686,131505
2024-12-30,4737.36669921875,4755.676552103441,4676.711395572043,4698.130887067212,271403
