Price,Close,High,Low,Open,Volume
Ticker,NESTLEIND.NS,NESTLEIND.NS,NESTLEIND.NS,NESTLEIND.NS,NESTLEIND.NS
Date,,,,,
2017-07-03,301.5781555175781,305.67771579215764,298.73842666196094,301.94067118889313,1480960
2017-07-04,306.4251403808594,307.24416744156275,301.9116000648756,304.11130630231884,1031500
2017-07-05,309.1842956542969,312.79380012350583,305.72246353394206,305.72246353394206,953220
2017-07-06,309.6161193847656,312.39094412248113,308.7389359353261,309.34759941378934,496240
2017-07-07,307.4701843261719,311.40639293791634,306.9308770080343,309.6161865659635,449400
2017-07-10,304.58123779296875,308.7658616685755,303.35047088538715,304.87439720463794,174660
2017-07-11,303.37054443359375,307.46789167689855,300.5755873998031,307.46789167689855,694300
2017-07-12,305.32415771484375,306.3042967179067,302.5470926534356,306.3042967179067,588240
2017-07-13,303.6995849609375,308.36306517759044,302.8604256761654,307.82599777205974,1203740
2017-07-14,304.8251037597656,306.1118144403695,303.9098685068437,305.453926786844,1007600
2017-07-17,307.83489990234375,308.76581474318726,303.52273649451024,306.33558587114044,351040
2017-07-18,306.6847839355469,311.0036685067245,305.27498523898583,306.79667185380134,823980
2017-07-19,310.5157775878906,310.82010940094796,307.11884889093886,308.7210912834418,594860
2017-07-20,307.4410705566406,311.47799438008013,307.0203709964393,311.47799438008013,148760
2017-07-21,304.65057373046875,309.9294364103451,304.11126648495235,308.7210418087188,714960
2017-07-24,305.93951416015625,307.0203412418569,304.78258365263054,306.52804549877783,598420
2017-07-25,305.2100830078125,307.02042172346904,304.1247757558132,307.02042172346904,710200
2017-07-26,303.69281005859375,308.8083208529438,302.0972877351596,305.45392426555026,726480
2017-07-27,304.31939697265625,307.33365005900333,301.311836399007,304.31267714358006,1306980
2017-07-28,303.4712829589844,304.55882994813715,301.4394087547256,304.4290498324597,532940
2017-07-31,302.86492919921875,304.28590023571866,301.20450273093513,303.66379688145867,822740
2017-08-01,299.99383544921875,303.88753987704644,298.77874813848973,301.29174603062205,1226240
2017-08-02,301.0523986816406,302.56851796503423,300.3078088418043,302.32630793036014,549260
2017-08-03,301.93603515625,302.72325190806976,299.63718921423146,300.35711171913,1417180
2017-08-04,300.6330261230469,302.682927546197,296.3762398408823,299.7875222078396,361360
2017-08-07,302.330810546875,302.9543090843526,299.85926606767373,300.53434409248814,443080
2017-08-08,299.70452880859375,302.7793671339758,298.1637148176355,301.87776645255724,551000
2017-08-09,301.87554931640625,302.52371517637494,298.73790637881075,298.7423963133846,740460
2017-08-10,297.9573669433594,302.77484679189166,294.0280178845704,300.5320701489888,1809520
2017-08-11,293.548095703125,295.3737193953357,292.9963813434616,294.3420474910486,558640
2017-08-14,298.3992004394531,302.86457659676967,293.89346963227797,293.89346963227797,450460
2017-08-16,299.6484680175781,302.3195956325706,296.13627167515824,296.13627167515824,372720
2017-08-17,298.4149169921875,301.763367355221,297.84075300175743,300.0835297562887,376060
2017-08-18,298.4418029785156,302.0773350171207,296.9436161920482,296.9436161920482,1237680
2017-08-21,296.90997314453125,299.20881914736816,295.06192742612075,297.84073090413546,736100
2017-08-22,296.2416076660156,302.1019835420824,295.41849886455645,297.2172099324383,929440
2017-08-23,296.31793212890625,300.71155199675417,295.8671317603666,300.71155199675417,400640
2017-08-24,296.1631164550781,298.2892641226878,296.0935772447288,297.3315942100818,565000
2017-08-28,316.168701171875,317.30804922397914,298.2892924109312,299.27611960571426,4220020
2017-08-29,312.02410888671875,316.9043938872539,308.9537602782972,315.42416652509377,1576560
2017-08-30,315.4891662597656,316.63524933221123,308.16427671715377,315.33442779706763,1705480
2017-08-31,319.42742919921875,320.2684703503489,311.7885196292863,316.2314728249243,1868940
2017-09-01,314.6750183105469,319.1448566225485,314.1232766650005,318.4742686274107,641800
2017-09-04,307.92425537109375,317.3080526229703,307.30973675682344,317.3080526229703,1040700
2017-09-05,315.2335205078125,316.00726759308844,308.6061037672744,308.6061037672744,1907140
2017-09-06,312.8022766113281,313.82948578361703,310.15357176614054,312.59820365902954,1046380
2017-09-07,319.93438720703125,321.5693804171802,310.94085682289347,313.986538163306,1639880
2017-09-08,323.02264404296875,324.08122805810166,319.86479697729123,322.4058804601592,1313060
2017-09-11,327.23016357421875,328.29772767973924,322.4216351646864,322.4216351646864,1021840
2017-09-12,331.4263000488281,332.33463548995314,324.33239682511845,328.791037639372,1271300
2017-09-13,324.7226867675781,332.379530243526,323.40842281455093,331.0428439974558,1057140
2017-09-14,324.4893798828125,329.55358677827286,323.2827650219461,329.55358677827286,1102820
2017-09-15,329.6454772949219,330.54034274200626,323.6819161104208,323.85910417789705,1083900
2017-09-18,326.92950439453125,329.54907927202817,326.6132926344998,327.8939091961648,282640
2017-09-19,325.41802978515625,328.56689810187623,324.7541764174176,327.4455093711531,334240
2017-09-20,323.1101379394531,325.20263885627895,321.30918158260005,325.20263885627895,647580
2017-09-21,320.546630859375,323.48915294134963,318.6716727300285,323.04957744708395,2272880
2017-09-22,321.59405517578125,323.13484193095456,318.7905838324783,320.71712167385414,341320
2017-09-25,320.55560302734375,322.95985314120435,316.27412248455977,319.8199656801093,629600
2017-09-26,316.4422607421875,321.7352346221649,315.37918698430195,319.0573455291941,449400
2017-09-27,318.5662536621094,320.0419908782391,314.3565574058532,317.52111205170263,982240
2017-09-28,320.1608581542969,324.8527294054056,317.19142404661693,318.92508602440387,1105860
2017-09-29,323.699951171875,325.440347968969,319.3713814691639,319.37362643593065,977220
2017-10-03,327.8737487792969,331.70440120639944,325.6489046231173,327.44537079970246,997120
2017-10-04,328.8179626464844,329.90570382480837,324.0386199357245,324.84376907149584,478140
2017-10-05,325.68927001953125,329.4616078745179,325.2025776852513,327.8939093626465,168800
2017-10-06,329.8138427734375,331.03390037609904,325.2497694670805,327.4903016025848,632400
2017-10-09,327.2278747558594,330.98901588430465,326.68286793940894,329.9079821195806,248000
2017-10-10,326.91839599609375,329.55365898008625,326.16707117405974,329.55365898008625,337580
2017-10-11,326.9429626464844,328.2953633365557,325.4021764114845,327.2210647196401,691400
2017-10-12,331.0742492675781,335.6539821313796,326.95202427015033,327.4454242323181,1478900
2017-10-13,329.4818420410156,331.93096414593697,328.31336409699736,331.03385343202905,3612660
2017-10-16,326.6761169433594,331.88611026567867,325.87770266671976,327.66967907734863,406180
2017-10-17,330.7624816894531,331.39268772099973,324.576885879752,327.4409161752536,356180
2017-10-18,325.01202392578125,330.71988025523746,323.91754769004996,330.71988025523746,313560
2017-10-19,323.6865234375,327.44317465577564,322.1883638353655,326.77258656881463,76200
2017-10-23,323.6865234375,328.5645630791415,323.04958247876937,325.20264277610244,1214120
2017-10-24,324.68896484375,326.4136740860425,322.96203801254654,326.4136740860425,152320
2017-10-25,320.8695983886719,325.6511864073874,319.2480477897099,325.6511864073874,518680
2017-10-26,320.4883117675781,322.8992968048712,318.92510292333577,322.0179008622543,3204520
2017-10-27,321.643310546875,323.408374575144,319.732460569101,321.7711367625066,351720
2017-10-30,323.8412780761719,324.7069866237519,322.06274405205994,322.06274405205994,404080
2017-10-31,324.7091979980469,327.44537442229915,322.56060055377594,324.7091979980469,579700
2017-11-01,328.2393798828125,331.1639423498433,323.1079052295732,325.8306396772921,977780
2017-11-02,326.900390625,329.6881741025206,325.6893131120457,328.78881845778443,396220
2017-11-03,332.53424072265625,333.54573519036774,321.1656189312275,327.44539360306715,1903060
2017-11-06,340.6531066894531,347.18182624785345,326.90262987424575,332.53423877050693,2166040
2017-11-07,345.185791015625,348.7047222469641,340.9020925648463,340.9020925648463,1666780
2017-11-08,351.1628112792969,354.2242073816588,341.84406182678117,341.84406182678117,1794720
2017-11-09,349.8417053222656,354.2958558282804,348.6620027824872,351.17168373210313,2728840
2017-11-10,349.2115783691406,352.6945899901196,342.7030356075009,350.7702973198549,1277720
2017-11-13,346.2779541015625,357.68471200965456,343.05733035704566,356.4197827878288,1114240
2017-11-14,342.7254943847656,349.1510561825645,341.35291590946025,346.2892704435863,494060
2017-11-15,346.33404541015625,348.7517651825063,338.3475211339629,343.59337894508013,2060140
2017-11-16,342.8376159667969,350.9407702286693,342.0436641611015,347.0248904123858,605560
2017-11-17,344.9547424316406,349.4223634556138,343.59338902650495,344.06885658984316,303580
2017-11-20,346.4977111816406,351.08420511080647,344.31100430388165,344.95468000253686,751640
2017-11-21,347.3768310546875,348.66193726987314,345.8382900667287,345.8382900667287,408460
2017-11-22,341.1891174316406,347.49580399259526,340.2359373982745,347.49580399259526,1112200
2017-11-23,341.1150817871094,343.27936659129654,340.45347366878383,343.27936659129654,562600
2017-11-24,336.5174255371094,342.34864507037764,335.29512316292494,342.2903306848333,1101900
2017-11-27,336.1585998535156,338.3811993588743,333.5009147841945,336.4703491183558,508360
2017-11-28,336.3178405761719,338.65928634179494,334.74340693076886,337.7599306825564,939980
2017-11-29,336.88531494140625,339.51162567634447,332.8281386261866,332.87298321941523,1378440
2017-11-30,343.7503356933594,345.3875734536446,335.1448035459869,335.51935706925474,1947080
2017-12-01,345.2283935546875,347.76495984051223,342.249979438975,343.5911555645428,820120
2017-12-04,345.6275634765625,347.13697513443367,342.4024496117468,346.72877445935956,674760
2017-12-05,344.98834228515625,347.3881294420378,342.86443962065846,345.6073507572011,699400
2017-12-06,345.7756652832031,347.6304463029337,344.4501763673642,344.9391138154271,1534960
2017-12-07,350.6357116699219,353.0175394092695,345.4526580471208,346.50899710268453,1396860
2017-12-08,355.3029479980469,358.3486565283738,349.65116120112793,349.8731939224438,1628380
2017-12-11,354.6093444824219,357.6429973136515,353.22876934398585,355.8390150081794,812720
2017-12-12,357.31640625,358.0933903453854,353.5012334430891,355.1205505544858,806720
2017-12-13,357.45379638671875,358.67219502325827,353.63411473671437,356.7443605634437,511740
2017-12-14,354.7984619140625,362.1044818722646,352.03505771642244,361.92204375041797,608260
2017-12-15,353.5304870605469,355.84120493245746,352.8683653564767,355.84120493245746,1238320
2017-12-18,357.1474304199219,358.04829413394145,346.6050596103623,353.5890077526732,398020
2017-12-19,355.7173156738281,358.0483227136597,354.71511570885644,358.0483227136597,557980
2017-12-20,357.8794250488281,360.3004965702142,355.80065868633534,356.51685752131476,818160
2017-12-21,355.8164367675781,359.04377149033695,355.3907753155718,358.12490029545177,401980
2017-12-22,355.0889892578125,357.13619455606954,353.13861142293365,355.8164323813186,448740
2017-12-26,352.62060546875,356.20154460824364,351.7355221719595,355.1407862705606,319280
2017-12-27,348.6590881347656,354.21968466807516,347.3821037019007,354.21968466807516,283800
2017-12-28,348.3190002441406,352.4629794304496,345.70650059152723,351.3368996239625,366340
2017-12-29,354.5304870605469,356.2466316489165,347.5375202087954,347.5375202087954,610540
2018-01-01,354.1836242675781,355.9132674136683,352.625119955204,355.84121040432376,132120
2018-01-02,354.19927978515625,356.8793544216608,353.27364576006033,353.81416940398833,1312260
2018-01-03,354.0439147949219,357.417644685645,353.5957373390191,355.8411333354248,558960
2018-01-04,354.45611572265625,355.9402811282842,353.0935757269477,354.2646876645033,558040
2018-01-05,353.8930358886719,355.1204791670378,353.1836002312205,353.4223423063729,199400
2018-01-08,357.6947326660156,358.92891170361696,352.6881863731459,352.6881863731459,718380
2018-01-09,350.4021911621094,358.94238892918327,346.2920005338001,357.6946839080789,1168880
2018-01-10,353.4381103515625,354.33671972514765,350.40445833119827,353.58901492390567,440920
2018-01-11,354.6835632324219,356.2916083034725,351.71297825324274,353.80521558962215,941200
2018-01-12,350.8526306152344,355.8434233156307,348.86172949432324,354.8502133677572,646820
2018-01-15,349.4427795410156,354.0394444018292,348.85947797610265,352.0125010178492,528080
2018-01-16,350.1927795410156,352.46069196167485,347.82350345198495,349.5351390986194,559140
2018-01-17,349.6207275390625,352.01251975981626,345.7785303459492,351.32334577632383,1404800
2018-01-18,348.4631652832031,352.6882192017509,346.22901289911925,352.6882192017509,600020
2018-01-19,345.9609375,351.33684049168244,345.34610242788807,351.33684049168244,380740
2018-01-22,345.34613037109375,347.50819791216304,344.1367218643077,345.3709008256098,621240
2018-01-23,342.3147277832031,346.78754087315616,341.65260606723064,346.78754087315616,734760
2018-01-24,342.0084533691406,343.85749515343315,340.0085344819116,343.6795657419527,317260
2018-01-25,337.40728759765625,343.4813552899681,334.80603232734893,340.211215233187,748760
2018-01-29,339.2135009765625,341.74041721577544,336.02218122152976,339.1752043697211,931460
2018-01-30,335.8375244140625,338.7810847138533,333.5470683599621,338.72478072769513,577440
2018-01-31,336.4343566894531,338.45456479911405,334.0493273066378,337.1010146436897,496780
2018-02-01,329.3040466308594,339.4883062542393,327.91445419084516,337.7789247299983,2127900
2018-02-02,321.4033508300781,333.99517948892975,320.9326572971847,328.8152137922032,1288260
2018-02-05,321.3696594238281,324.26596095859975,315.19650954987765,321.15796961065547,1111500
2018-02-06,316.0364990234375,316.88331309520777,314.6266451428932,315.302292913422,1364380
2018-02-07,315.61767578125,320.5273675863283,314.21233028363264,319.7143412081242,801720
2018-02-08,314.6717224121094,319.5364090505974,310.223707285551,315.93295375819565,1365780
2018-02-09,313.9352722167969,316.7977580611593,311.79794762019424,314.086149303945,1490640
2018-02-12,321.6939697265625,324.265945852426,315.0343459753114,315.2122478866393,2097700
2018-02-14,327.23651123046875,332.607905979317,322.5993226560954,324.31095832660526,2348980
2018-02-15,341.57159423828125,344.35526067231876,334.5381030249995,337.8239967354337,7088720
2018-02-16,342.0061950683594,347.73344914138727,341.2021861717628,344.5804256388099,1539820
2018-02-19,338.1257019042969,343.67953485074406,337.37574269856395,343.67953485074406,1014920
2018-02-20,341.0963439941406,342.5962625351317,338.7248132711858,338.7248132711858,997300
2018-02-21,342.21783447265625,343.16598466975034,340.9994086844107,341.3822922321644,1467340
2018-02-22,339.7742614746094,344.9812525052363,336.88923230996755,342.28317015133933,1888420
2018-02-23,341.5535583496094,343.18186547922585,338.99958935306876,341.1121163360305,1329280
2018-02-26,343.465576171875,344.5803840646239,340.6233521428723,343.00387250354396,1317880
2018-02-27,349.5328674316406,351.0666011042988,343.22907577862406,344.31012323464086,1397660
2018-02-28,349.6094970703125,354.6701208139981,347.68617137978146,349.49015350018436,1511520
2018-03-01,353.5619812011719,354.76011783836356,350.30085897121666,350.30085897121666,1221720
2018-03-05,347.4631652832031,354.9403235385388,346.616351144422,354.9403235385388,1272860
2018-03-06,346.33038330078125,350.4360662332867,344.5804507306739,349.68836127336067,1246120
2018-03-07,347.03302001953125,351.24680178647293,344.5961679639818,347.2784977153728,1227760
2018-03-08,347.2852783203125,350.79638757681744,346.8325920235564,350.79638757681744,999880
2018-03-09,344.9114685058594,349.87298254228784,344.2200676275852,349.87298254228784,2086200
2018-03-12,343.18408203125,347.23796920713846,340.79677092281463,346.59833610279395,578860
2018-03-13,346.84381103515625,350.6161779392446,343.0354018837261,343.18405209835413,1317180
2018-03-14,344.4790344238281,347.5509554953597,343.08267917186225,346.87756206853896,1292400
2018-03-15,347.7266540527344,348.58924871224076,342.56246785847736,348.1388168247678,1309780
2018-03-16,346.6230773925781,349.4427853008514,345.4857534147949,349.0846996615895,3532020
2018-03-19,345.1794738769531,347.95637654875856,343.5669200320241,347.8482772951866,1338360
2018-03-20,353.20391845703125,354.71510863026947,345.1974807225044,346.8280419431193,2709740
2018-03-21,353.7354736328125,358.7690451329452,351.11395640697856,355.34577333884545,1518520
2018-03-22,353.17242431640625,356.56190812604814,352.11840149378736,353.49897647183724,1202000
2018-03-23,351.0576477050781,352.9877364720138,349.5171781676135,351.3369133085897,1945480
2018-03-26,352.6453552246094,356.69473309425234,349.5351101525861,352.5530089989886,1249220
2018-03-27,365.42181396484375,367.28209949201386,354.08442580228683,355.838866454932,2500000
2018-03-28,369.5140075683594,371.60627228679226,365.7956904868912,367.3271697574292,2481520
2018-04-02,374.2616271972656,375.6602094673889,368.0006127092698,369.34739970897095,1220480
2018-04-03,375.8382263183594,377.4575162003723,372.95545045336587,373.85406011522457,1212240
2018-04-04,376.15789794921875,378.31773855995306,374.39897579303425,374.8494076629748,1338300
2018-04-05,377.6534118652344,378.72318777391877,376.6084064153731,377.8516030280044,732960
2018-04-06,375.9732360839844,378.3875443286807,374.534102948578,377.6533381752399,770880
2018-04-09,377.56329345703125,378.2727292450857,375.2143063381415,376.11066147992517,1080820
2018-04-10,382.8265686035156,385.4255694950466,377.46193670701996,378.35152872326944,1194120
2018-04-11,381.8018798828125,383.16892871706995,377.38088931492706,382.8491396363242,734220
2018-04-12,389.0358581542969,391.2001805518975,377.59712905154043,380.43484507005985,1676300
2018-04-13,391.3127136230469,393.6774811010566,387.68899668074556,389.6258483547744,1013600
2018-04-16,394.1008605957031,395.47918101527193,389.6235667177793,392.0784259024717,1753140
2018-04-17,406.0013122558594,407.5958588611776,395.2990453471578,395.6819289777141,2355160
2018-04-18,404.27392578125,410.74663036491927,403.1455916061255,404.53741086322435,949880
2018-04-19,411.9447326660156,414.30724572284424,403.7671560226994,404.30091671111524,1345360
2018-04-20,412.68572998046875,416.6495253720583,411.01912638054404,413.2712859771497,863900
2018-04-23,401.1253356933594,413.59331412390213,399.98575735126235,412.6451363371037,1351560
2018-04-24,397.3732604980469,406.3278483840459,396.7471535928609,401.7807243040844,1020440
2018-04-25,393.4320373535156,401.25829230112925,390.0763139063179,397.28097057814205,1685200
2018-04-26,407.3232727050781,413.94688092962394,395.03325145434115,396.3732752461155,2649960
2018-04-27,408.1678771972656,411.23531741227146,405.65896815329324,406.07338530589016,778620
2018-04-30,423.2506408691406,425.5680945226865,408.26927003654004,409.8930683946044,1337520
2018-05-02,414.45367431640625,427.77520397504685,413.7081962854962,423.6312247733515,1258620
2018-05-03,409.832275390625,418.44678672029676,407.8706529807664,417.6405234002227,924020
2018-05-04,410.40655517578125,412.50330151336993,409.20388212866845,411.7038013331686,675900
2018-05-07,409.564208984375,413.22622240980917,406.0688531570624,410.52588545786404,1141000
2018-05-08,410.6903076171875,413.27127364035334,409.0867711319596,413.27127364035334,1834060
2018-05-09,410.8276672363281,413.0010065810875,408.5507373554593,408.5507373554593,491980
2018-05-10,404.5577087402344,415.07528345067436,402.4451818603629,411.6497573743351,885480
2018-05-11,428.9462890625,433.30195779901067,412.14518484013087,416.19907190413215,4173860
2018-05-14,431.12640380859375,433.42584990563495,428.0004052616776,428.94630127333227,991520
2018-05-15,430.84710693359375,434.21632856939397,426.78420261359,432.4146010649566,1762740
2018-05-16,435.6342468261719,436.62514844250495,428.0531770035346,431.87652011752886,1014180
2018-05-17,439.1566467285156,447.486532199118,432.0144566865165,436.4033816520056,1659140
2018-05-18,438.1453857421875,443.82385543136667,435.9577305778163,438.4394996522632,1713180
2018-05-21,429.2249755859375,441.15423412391726,428.3064565913611,438.43943883700086,829940
2018-05-22,435.91705322265625,436.62969270033017,427.01931921950825,430.06893565975525,1078220
2018-05-23,436.23602294921875,439.78334073021307,434.82886039403945,436.34234582548834,739240
2018-05-24,437.3240966796875,439.4326031432437,435.67940640546243,436.62504462844987,588020
2018-05-25,440.466552734375,443.3714040736222,435.90798029254,436.9870884065579,614460
2018-05-28,437.0391540527344,442.28548369556563,435.998460233327,439.5706878877156,737420
2018-05-29,430.3992004394531,436.5844301997003,428.9377441778454,434.45783459453963,878280
2018-05-30,431.20233154296875,434.5935617598886,429.8426691013994,433.37189812443944,1181980
2018-05-31,436.810546875,443.3713017636605,432.1048909428104,432.552827720045,2992480
2018-06-01,447.87567138671875,452.4207117106917,436.3445833487452,437.48933545114846,2973480
2018-06-04,444.18585205078125,452.46597384895074,442.20857795436785,452.46597384895074,740920
2018-06-05,431.4556884765625,445.2264883610019,429.3901803400313,444.2876160050642,1241480
2018-06-06,441.62261962890625,443.280925116269,432.573300049586,434.3221042560083,770440
2018-06-07,442.84881591796875,445.2219977873319,440.25845921419,444.31933036137707,904960
2018-06-08,447.43682861328125,450.8800881205759,441.60906453517566,443.41439939113616,1164220
2018-06-11,448.69915771484375,455.2010910950517,447.036350900499,447.3960535919813,868620
2018-06-12,444.96630859375,450.0452553066326,444.3215501567578,449.70590585386526,542380
2018-06-13,445.0929870605469,447.48878632859186,442.96412721505703,447.48878632859186,590620
2018-06-14,441.4596862792969,446.12913794378534,440.70181137745243,445.0477377540676,585080
2018-06-15,440.81488037109375,442.28086539297675,437.76073570339565,441.6066956553118,1533620
2018-06-18,435.20660400390625,442.9912879859458,433.13659448747677,438.8919478049159,935440
2018-06-19,435.197509765625,452.41156565186037,429.84935999420014,452.41156565186037,1347840
2018-06-20,440.025390625,441.1497618565398,436.181694678933,437.3083304494763,1185720
2018-06-21,445.6970520019531,448.5724919097966,439.45982099662115,441.1565683188511,875440
2018-06-22,446.63134765625,448.527180900045,441.6067226258922,445.22644986053064,720080
2018-06-25,447.7104797363281,452.3754020686349,445.28979821372843,445.6834413380939,1040160
2018-06-26,456.28924560546875,460.61028945776485,446.2467615699819,449.2895837224721,2726400
2018-06-27,452.4365234375,461.4247548142439,450.33030887136715,457.3978245640729,1648480
2018-06-28,442.17236328125,456.7643906190042,440.0027967166278,453.73286313719683,1458600
2018-06-29,443.8736267089844,447.8507924737063,442.37596551684027,447.8507924737063,1267380
2018-07-02,441.8397521972656,447.48878242329533,440.2629151378787,447.48878242329533,718100
2018-07-03,442.72210693359375,445.1767291836202,440.14304550106203,444.50029479918055,1114720
2018-07-04,446.2535705566406,447.48879367769683,442.1497013593074,443.68806891337726,507700
2018-07-05,450.5226135253906,452.01121654925817,447.49108615698793,449.0566282756089,338200
2018-07-06,449.88909912109375,455.16936839147115,449.04751918298945,450.19224353864877,730860
2018-07-09,447.9163818359375,452.42068783577304,447.4005640553637,452.42068783577304,293960
2018-07-10,452.7034912109375,455.17846662254846,448.16750916053473,448.16750916053473,786280
2018-07-11,461.0921936035156,465.44041217491974,450.38459732254694,453.41609695748207,1107740
2018-07-12,453.78033447265625,463.8002008371109,452.52473053210576,463.6870843601722,711380
2018-07-13,458.8908996582031,462.42465706586904,455.8571082092301,456.99053744457444,741820
2018-07-16,461.5469665527344,463.19621385497294,459.2529607648066,461.5107615424659,538660
2018-07-17,475.6209716796875,477.30639649037136,461.0628559742829,461.60582069987447,1718380
2018-07-18,470.27276611328125,477.35613423040473,465.2322885077374,476.44667319913236,1480640
2018-07-19,465.5557861328125,472.80424381882835,462.51520077186444,471.2455230175402,844520
2018-07-20,468.2208251953125,471.46729072312604,461.51530361573833,465.8205240808186,865560
2018-07-23,470.2659606933594,472.691171638332,467.1733734964087,470.7003655780575,394420
2018-07-24,465.6123962402344,473.3744080317652,463.8771516752245,470.6550831148828,641580
2018-07-25,463.0355529785156,468.3656151830758,461.51527399797095,466.48107680646604,460200
2018-07-26,467.1212463378906,468.7546415013044,461.6531863549487,461.6531863549487,576680
2018-07-27,465.3227233886719,471.12557630305923,460.08992667852004,469.65959124610555,666400
2018-07-30,458.004150390625,466.03995045988614,456.29834484152155,466.03768592072305,702300
2018-07-31,476.46478271484375,478.7089962515522,457.49965390817647,460.6058283735587,1402280
2018-08-01,490.33056640625,495.4863692678424,477.39905481638726,479.61388437437904,1396120
2018-08-02,486.8307189941406,491.3780239051111,479.7677321108639,490.9255579530806,690300
2018-08-03,467.15289306640625,490.11100682282375,461.96765188618656,489.1156040048655,3313400
2018-08-06,476.65692138671875,482.296947976624,470.56901325640234,475.08914268101273,1176040
2018-08-07,476.799560546875,481.87621502111887,475.0892260771594,479.7948827915028,745720
2018-08-08,487.1407165527344,490.0658936588379,478.5800402965023,478.73618303698976,1392760
2018-08-09,492.393798828125,496.355140375616,487.1700596229124,487.1700596229124,1632920
2018-08-10,484.39764404296875,496.67976906942124,482.7635097484445,494.09598650310284,1147660
2018-08-13,491.88616943359375,495.68254926910237,481.1837846807189,483.21682443608887,1059980
2018-08-14,492.1445007324219,496.40779169044384,488.66092621509097,491.92011991012373,747120
2018-08-16,492.1580505371094,496.5890593724559,489.6989366385913,491.82941982575505,983420
2018-08-17,492.8721008300781,495.00258432483884,488.88304688126254,493.5066752604432,1178060
2018-08-20,491.4237365722656,496.2718006903618,490.0751830234935,495.002541271309,826420
2018-08-21,493.4793701171875,498.1755405471926,490.9227574273063,492.2373354346544,1249700
2018-08-23,523.2907104492188,525.1469568048087,496.24460454389987,496.2718290477737,3880800
2018-08-24,515.0701293945312,523.1864623068075,512.3775042166295,520.6592868582974,989180
2018-08-27,513.73974609375,522.780828128572,511.00412571528415,517.2143015936615,959940
2018-08-28,513.4110107421875,518.0709380781889,512.6109313094181,516.7540911080632,561940
2018-08-29,512.1962280273438,522.2911515498984,510.82952472982095,514.8570912796204,1247000
2018-08-30,511.61138916015625,516.8402086101897,510.3104232456662,512.318506825133,1664260
2018-08-31,525.022216796875,530.5864730207978,511.6385529184381,511.6385529184381,3719360
2018-09-03,511.2261962890625,529.4510662062437,510.0158678034328,529.4510662062437,1189240
2018-09-04,491.4305419921875,514.2904364129912,488.63139834932383,513.5878007830327,1631380
2018-09-05,470.7986755371094,491.32860828981535,461.23180744117593,491.32860828981535,2596040
2018-09-06,468.509521484375,478.6837942605325,464.49551193706014,474.060166108804,1810980
2018-09-07,473.5411682128906,482.7635248031799,467.1496621908193,470.0711504421573,2253780
2018-09-10,468.2715148925781,476.643934779598,465.77156407717314,473.69749105533043,745480
2018-09-11,455.46124267578125,470.75100901145856,453.3443164366058,466.89796753182696,1205240
2018-09-12,469.3458251953125,473.8697406464342,454.34161075103157,456.92542074702453,2019240
2018-09-14,468.5048828125,479.2276274118226,467.0248551018468,474.03737657233233,1868000
2018-09-17,461.2340087890625,486.05893557219883,458.51194603594956,469.0738350432815,611640
2018-09-18,464.3390808105469,472.79084938287673,461.98194818226284,464.49545568278336,753980
2018-09-19,459.871826171875,476.0092591776702,458.01331137644354,469.79908513737877,760120
2018-09-21,441.9483947753906,465.0349090956826,417.03280353052014,462.7729515545264,3053400
2018-09-24,438.0002136230469,448.7025977137288,435.8470431032958,447.76880276342916,637900
2018-09-25,439.57989501953125,446.23205224897004,425.6477570247691,436.3025521336353,1759900
2018-09-26,441.0304870605469,445.72892704154765,432.87791071240423,444.22850837113396,1157740
2018-09-27,434.19927978515625,445.819605082562,430.11278230637646,444.0517277626945,1671200
2018-09-28,439.6842346191406,444.8223617538885,433.32443553125063,440.6066860320791,2319080
2018-10-01,435.6045227050781,441.98695324678096,429.11554586227294,440.78572739506427,1066560
2018-10-03,423.55352783203125,435.16704616313586,422.4792114001901,435.16704616313586,1730680
2018-10-04,423.7415466308594,428.3493477558691,413.1275626182945,416.1283991877345,1656020
2018-10-05,426.95782470703125,430.6340731545758,414.5555700403019,423.381288764604,2064640
2018-10-08,425.228515625,429.68896282285027,417.78081548765726,426.96012133138424,1513740
2018-10-09,430.2691650390625,435.63170017290594,419.6211755248615,425.2284821684283,1623460
2018-10-10,431.0986328125,437.43347439292796,426.4523187062539,429.729661168677,1083420
2018-10-11,425.3939514160156,428.3653232976482,410.10191497007503,421.56810641881793,1827420
2018-10-12,439.6932373046875,443.2992387066368,427.5017791409958,428.82086709772835,2136900
2018-10-15,437.7010498046875,441.05998365257335,433.3085808238036,441.05998365257335,700740
2018-10-16,441.3999328613281,442.5853054044718,436.80801144909873,437.8845966511995,987500
2018-10-17,440.84918212890625,446.9528660482453,438.9929357879881,444.2330717315217,911620
2018-10-19,435.5773010253906,439.48019888413734,429.72746398696904,438.6211884016797,1381800
2018-10-22,437.0255432128906,442.3178310309122,436.07362640507165,440.15331729659516,2291160
2018-10-23,423.9457092285156,432.9006350496448,421.56815769232423,421.6361636233406,1848380
2018-10-24,432.18438720703125,436.2323445411807,427.732987064534,427.9165864662756,1985760
2018-10-25,432.3678894042969,442.8708186420379,427.21161369435947,430.63401533543276,2476440
2018-10-26,433.7822570800781,440.15337182489725,429.16313871397216,434.64577737216354,1433260
2018-10-29,438.93634033203125,446.989205872759,435.16715702672184,442.37462413185006,4789260
2018-10-30,440.5364685058594,442.64432047360174,435.7337776259541,439.1561804369399,1254120
2018-10-31,460.0009765625,462.2878897540239,440.83324206192896,444.2329842886277,3249680
2018-11-01,451.91644287109375,467.60514226341735,448.9246528755044,464.13285643527246,1548260
2018-11-02,463.70904541015625,469.11916812166317,452.8479909016754,456.4675769459501,1830920
2018-11-05,468.3779602050781,471.4309220844167,460.68999982321145,463.9288297712195,1203260
2018-11-06,460.5632019042969,472.43280936189865,456.98439686796775,468.48686085015294,796580
2018-11-07,463.28973388671875,464.6337776935847,460.1098621961832,464.6315089850448,69300
2018-11-09,463.5435485839844,470.2977147836511,460.2480836516616,466.17270493049114,1112000
2018-11-12,458.9448547363281,469.16447312142475,457.2812274571639,464.62467691771695,729500
2018-11-13,459.8310852050781,464.0921074167128,456.909597123685,459.4185952358991,415960
2018-11-14,471.1748046875,473.2463564716918,460.37038695301436,460.37038695301436,1789840
2018-11-15,474.3230285644531,476.73909240949763,467.58247438164176,471.1771046063579,1868080
2018-11-16,484.4520263671875,486.616540443484,474.8602027731629,475.96401254369647,2289800
2018-11-19,468.83135986328125,489.51312951690636,459.579510536664,488.92835602134903,2867820
2018-11-20,464.8423156738281,476.3629292535449,461.0958198845145,470.7057657091841,1043460
2018-11-21,464.10113525390625,469.1191586373603,461.5105192264833,466.8979824114451,831240
2018-11-22,467.0452575683594,473.6385112676463,463.2761030445066,467.21070727219285,1019280
2018-11-26,473.8447265625,475.51062242111743,468.03118937064227,468.03118937064227,920280
2018-11-27,476.7981262207031,478.82441532138915,470.0711828393627,473.69757576387076,764320
2018-11-28,484.9710388183594,486.79784721890695,477.93356019746994,479.59038145903156,1779360
2018-11-29,480.7893371582031,488.5203207839957,470.8416593997592,488.5203207839957,3562520
2018-11-30,487.9695129394531,493.66070559668657,480.2543559666212,485.0298758925063,1423500
2018-12-03,487.09930419921875,492.6885173253698,482.536875473995,490.4333654467435,1311220
2018-12-04,479.99835205078125,488.7969016821827,478.50244312390817,486.17228260178604,1032640
2018-12-05,475.4403991699219,479.99834518056855,473.24417868986745,478.2304679289369,1715960
2018-12-06,467.3219299316406,473.6159369697837,463.81564039825054,473.6159369697837,871240
2018-12-07,471.6395568847656,477.7749756059012,468.25796335590945,468.25796335590945,1156040
2018-12-10,471.381103515625,473.194299514723,465.76699097666983,466.8979697677332,1895560
2018-12-11,482.0631103515625,489.5176440467881,467.90885890357305,469.48179329111207,1095320
2018-12-12,493.91357421875,496.2021726878342,482.03571202697475,484.36984340377614,1813140
2018-12-13,500.82733154296875,510.01808777563565,495.97460068820413,498.7072431162383,1522740
2018-12-14,500.3422546386719,508.94780991210655,497.26803193148635,502.5329496537533,1254560
2018-12-17,508.75421142578125,515.2373979755794,501.20981330555315,501.2120927310764,1971000
2018-12-18,505.2655334472656,514.6475935016871,502.0592156050767,508.8635233174442,1340380
2018-12-19,508.9227294921875,511.4595077532882,506.08756886620193,510.0886278663255,2726120
2018-12-20,511.5757751464844,520.3407245586552,507.8183913586429,507.8183913586429,1158500
2018-12-21,501.4580383300781,515.7292432684994,499.0942741094948,513.0398547790364,1325820
2018-12-24,497.49334716796875,511.09506686582256,493.49462370843764,503.53476923507856,683820
2018-12-26,490.5115966796875,500.39235182556166,489.3707162388464,499.39040517067946,743440
2018-12-27,498.38153076171875,499.57250276190854,491.88010901425366,494.1072188712046,1046220
2018-12-28,512.7621459960938,519.0495254735705,497.8464722001836,500.71121024048233,1132720
2018-12-31,504.848876953125,517.2892611732797,502.12307265875387,514.647684448428,928600
2019-01-01,501.6698303222656,508.74511180208384,500.52667058386544,507.8159956874965,634180
2019-01-02,502.5967102050781,508.2714797238999,496.75109494274847,500.09634688958033,563340
2019-01-03,510.41888427734375,523.7109393487126,500.9798928853563,506.0398291764109,3385820
2019-01-04,494.20745849609375,510.0431292622037,485.2967942271494,507.3150458580939,4123260
2019-01-07,491.2425842285156,498.23586297494643,487.32124888792663,495.2914562295516,1719180
2019-01-08,501.2302551269531,511.914866125739,486.8656511462767,491.8754941421692,2686820
2019-01-09,512.4727783203125,514.5746307663975,503.644064038368,505.53187289567273,1969660
2019-01-10,519.9580688476562,521.3790405795016,507.342337229885,515.5584993026982,1538300
2019-01-11,513.4181518554688,521.8438019911181,507.8617438139569,519.2090628548575,1145060
2019-01-14,511.3981628417969,518.5508354638206,509.6356104331379,514.6477350679621,1036220
2019-01-15,513.857421875,516.4693656550373,510.0932006469505,514.4654169619179,989400
2019-01-16,503.5303955078125,514.2719964106363,500.07361803194505,512.8737630845179,2733580
2019-01-17,508.53106689453125,511.5939480847951,506.54079455498544,510.0932519407308,1454740
2019-01-18,512.2975463867188,515.8522830488481,509.2278826437323,510.0932304931832,1535240
2019-01-21,512.609619140625,515.0553321119928,507.8206561790954,514.4655167199071,382160
2019-01-22,511.7577819824219,516.9247388262139,510.09313434833444,514.1920970350621,799160
2019-01-23,515.371826171875,516.8338277730471,511.91504883772734,512.5982094900909,1024200
2019-01-24,520.72314453125,521.9346314065589,514.9231184532083,515.3717205181374,2092360
2019-01-25,517.6354370117188,524.5307566666121,514.6477209017581,521.9347682773583,1198560
2019-01-28,517.4075927734375,520.1128817772842,508.043712454081,517.635312949347,2079260
2019-01-29,519.1610717773438,521.0238074101029,514.3698299677279,518.2911650635464,1412640
2019-01-30,519.0494384765625,521.0123574533525,513.7367090625072,520.1128738912972,785800
2019-01-31,523.6585693359375,525.5304227565435,517.9746818932134,520.1129501640241,1907460
2019-02-01,526.3319091796875,529.3127305654574,520.5751367231015,523.6675943619045,1238120
2019-02-04,525.2935791015625,530.2305375436048,523.7564677288799,524.439628338961,688680
2019-02-05,528.6500854492188,530.770173535675,524.2163804928335,525.3481430453061,734540
2019-02-06,529.103271484375,530.7701987439132,522.3764085722221,530.7701987439132,557700
2019-02-07,533.5802612304688,535.0969132762843,525.5781982205576,528.9940010686115,723360
2019-02-08,512.0379028320312,535.1879145259641,506.0397337402546,533.2272750614163,2293940
2019-02-11,493.8568420410156,514.6477097532983,490.30216045373356,514.6477097532983,2456820
2019-02-12,491.13775634765625,494.1527691763124,483.48177754201794,493.46960866593037,1951520
2019-02-14,484.0783996582031,490.91684259481804,469.5589603293307,480.0796203872994,2491260
2019-02-15,479.8269958496094,489.1498478757823,466.8719620083376,475.9352374580289,8296260
2019-02-18,471.355712890625,481.85363573811725,463.4675100837211,480.44406112511206,1744700
2019-02-19,478.9137878417969,488.64426696788877,471.3830657038669,471.3830657038669,1772020
2019-02-20,479.2052001953125,484.53610890212667,473.62377708474276,479.64696394414545,1247580
2019-02-21,483.7663269042969,486.02078947601825,475.9350563483242,478.2122575748713,1405600
2019-02-22,486.65863037109375,487.73118372386676,481.0202754375367,484.5840746817549,1105660
2019-02-25,493.3171081542969,495.0637042604726,486.41033684469613,489.09744626664,841720
2019-02-26,492.0759582519531,494.3805131706558,485.79547346229083,491.83005826147206,1449340
2019-02-27,487.945068359375,492.81597786953506,485.12591960929,492.0758873875375,1714260
2019-02-28,484.5772399902344,490.2110361133794,480.7219521611576,489.59848205323425,2237500
2019-03-01,476.0171203613281,486.18252346236886,473.93344761761676,484.5884824018365,2195640
2019-03-05,478.4833679199219,481.24792213262106,468.2587537290055,468.2587537290055,1633160
2019-03-06,470.048583984375,482.4479921742803,464.3214437361779,482.4479921742803,2908680
2019-03-07,464.70172119140625,471.49916258741393,462.95965636180836,470.9253033213937,1561040
2019-03-08,459.7738952636719,465.46006165456686,457.034414745947,465.4577822288697,1969960
2019-03-11,468.77569580078125,470.42438778114956,456.8818467205553,459.965187041959,2282720
2019-03-12,474.9742431640625,478.75664453441686,467.28412759904853,469.0535179922769,1660860
2019-03-13,488.38232421875,489.82381069859616,478.2305967529434,479.4876165504335,2675200
2019-03-14,489.1111145019531,490.5092920142743,480.03416321545507,489.9627857935054,1116080
2019-03-15,468.64349365234375,490.1470911068412,465.9176902225402,487.3803136182609,3669040
2019-03-18,476.23583984375,478.0029508775131,467.7919567602847,472.5194304911005,1225240
2019-03-19,487.63995361328125,489.8260895006757,474.1065593711521,476.23576521560136,1656420
2019-03-20,479.5854797363281,489.59604875107283,476.54995231099736,488.682888715156,1192600
2019-03-22,482.7964172363281,484.9985094497688,479.453500154302,482.44805424283123,1713120
2019-03-25,479.50128173828125,480.48504853918035,469.2402520910396,478.89784546492956,2195700
2019-03-26,486.95220947265625,491.43150282880424,478.9387503783587,481.18181619458016,3013700
2019-03-27,496.065673828125,503.216121644118,481.7079593362241,486.9090532528107,2792100
2019-03-28,504.313720703125,506.9051498145095,491.9211499901507,498.2016907061655,1836560
2019-04-01,497.1199951171875,506.4952172107044,494.6583266090945,500.0735192034706,1628620
2019-04-02,491.2744140625,500.0598204812514,487.32116741980775,500.0598204812514,1192180
2019-04-03,501.1551818847656,504.0358198990365,490.9647039161898,498.57053562538687,1493840
2019-04-04,499.2469177246094,503.67150525530695,494.1527906119278,503.67150525530695,803540
2019-04-05,500.1076965332031,505.12893807783075,496.43003753016814,498.0263583609186,520260
2019-04-08,494.18017578125,503.2616304631035,492.0805466611207,500.9388955955008,740980
2019-04-09,491.4224853515625,495.929077136257,489.143003859282,495.929077136257,1514600
2019-04-10,492.4197998046875,494.15277478114007,488.68749063609516,491.53399279497273,961780
2019-04-11,490.2405700683594,496.3844560344137,486.8657414573975,491.6478652041727,1878040
2019-04-12,499.791015625,500.9842668367273,490.2495647812663,490.4135165971068,994740
2019-04-15,499.6226806640625,505.0378737242028,496.02241093737473,500.9844430206129,1694700
2019-04-16,508.0801086425781,510.9562432664054,500.7566480740261,500.98436824140856,1787100
2019-04-18,498.9099426269531,511.9127897997748,497.5686949548607,509.47391506902454,1127980
2019-04-22,495.5145263671875,506.677373442327,494.2233708061771,499.39032807147106,637660
2019-04-23,496.8945007324219,500.0279323194523,495.15468759772716,498.251703974071,502380
2019-04-24,493.3966979980469,502.3301553782298,487.5488598881024,496.77152631755973,1527160
2019-04-25,493.99102783203125,500.5288641089462,490.9646182979472,495.9744613418038,1804980
2019-04-26,499.67498779296875,503.2251652916309,492.87979784082603,494.1983065330332,1028240
2019-04-30,497.8056945800781,500.9850656700633,495.4958764960207,497.5637465408767,1484760
2019-05-02,483.39923095703125,497.79207715270013,474.8790587429792,497.79207715270013,884980
2019-05-03,478.6517333984375,486.15173253192563,473.8267590311163,486.15173253192563,2308960
2019-05-06,474.136474609375,480.2255581985664,471.43959723340186,475.78340599956016,1802720
2019-05-07,479.310546875,484.4732694851096,475.82910031386933,475.85199685210364,1452620
2019-05-08,471.13299560546875,482.0051090669632,470.09678769169085,479.79777120654893,927820
2019-05-09,474.05401611328125,476.1950656201638,466.63363967734097,470.97973730178677,931040
2019-05-10,468.0587463378906,477.4142719626165,465.30926298242485,474.4978114118621,1225460
2019-05-13,471.21075439453125,477.3044159880279,468.10899983542504,469.470003406776,960840
2019-05-14,466.57196044921875,474.1547361466516,462.97614256185517,471.6660497509556,1085500
2019-05-15,469.7697448730469,480.76996824879,467.1369221016095,475.82911848995775,2543800
2019-05-16,470.3187561035156,475.82911535243466,469.15214952100064,472.7045196177149,786440
2019-05-17,478.7867736816406,482.4718323201518,469.23456021535077,471.20628745480576,1314080
2019-05-20,492.6256103515625,495.54665018110273,483.1191352025775,488.5929156669993,991100
2019-05-21,485.3538818359375,497.957530878588,480.0813682572351,496.36778535577946,943640
2019-05-22,489.53314208984375,493.35999187554705,484.9331151847542,487.22282519356287,629940
2019-05-23,493.9478759765625,502.72931500966996,488.59304440967003,496.27880003061074,1125140
2019-05-24,487.6802673339844,496.3655949723847,484.5808018508861,494.67750570150497,989300
2019-05-27,504.8907470703125,507.0295069710235,489.5078485583729,491.79526841144946,1688000
2019-05-28,508.04510498046875,510.7808501733466,500.94494486324635,505.0623005744511,2668900
2019-05-29,512.6566162109375,516.7716830145041,502.65831121489543,508.95100656811496,2573080
2019-05-30,517.894775390625,519.0155888327423,511.00961897415004,511.24980923895055,1868420
2019-05-31,526.0196533203125,527.9364842868493,517.1146879240291,519.2442891382791,1403440
2019-06-03,534.6364135742188,535.2562954769082,526.0425607490678,526.0425607490678,1286040
2019-06-04,528.50146484375,535.1647476221563,522.8126809589062,530.6813825692634,1922880
2019-06-06,530.8323974609375,534.5243246688211,527.4790597956556,528.501529849341,1653160
2019-06-07,526.2827758789062,531.9624580418273,523.8649571181528,531.1389644410403,874520
2019-06-10,535.1830444335938,536.5829722204684,520.433765361013,531.0062134553061,966820
2019-06-11,531.7313232421875,540.6408119235374,526.0196428764938,537.7723786462268,1445720
2019-06-12,535.0504150390625,535.9424864684665,526.3353228185837,534.0668133058653,867480
2019-06-13,531.3104858398438,533.4972727846732,529.3112829735597,531.5964133427175,1383120
2019-06-14,525.6034545898438,536.3383025617366,523.8649928009764,531.3906391937156,811280
2019-06-17,525.2305908203125,532.0379561477242,522.7052697697078,528.8058579362072,915720
2019-06-18,524.1669311523438,528.483264137398,516.9569780353132,526.3376907422319,1110580
2019-06-19,531.2167358398438,532.9917760586624,523.8191991846351,525.1413346944835,1390200
2019-06-20,536.0820922851562,537.9554759639735,524.9263398721146,531.278510024465,1307920
2019-06-21,530.7225341796875,539.3735712172949,527.897604326111,535.7136996568722,2239600
2019-06-24,535.80517578125,538.0011210624453,528.4008271469525,530.6813779187386,484440
2019-06-25,535.5238647460938,536.9603711390547,531.2967172551797,534.3435761866245,754960
2019-06-26,539.9454345703125,546.6933228650909,534.3778347679049,535.530703262653,2864260
2019-06-27,539.9616088867188,542.8917519544299,534.5449572122142,540.3024322899138,1878540
2019-06-28,544.982421875,546.2359236307899,537.7724692026746,538.0926856807865,1141380
2019-07-01,542.976318359375,550.0444237673892,540.9130610674918,548.2488325882109,818020
2019-07-02,547.3727416992188,549.207257022456,539.8768618277774,542.5760286198026,1332940
2019-07-03,540.707275390625,548.9145123897711,538.9139178217403,547.3339251113435,1263040
2019-07-04,543.6944580078125,547.6082575532771,539.8287411843867,540.2885147622559,474280
2019-07-05,547.009033203125,548.9808161066787,541.661071891923,545.7761383588473,707520
2019-07-08,539.8975830078125,545.7327949466118,537.635292856306,545.7327949466118,910140
2019-07-09,534.6640014648438,540.9292782666779,532.0540744541145,540.7371148165031,1236860
2019-07-10,528.4146728515625,539.6024249405182,527.4790978858986,535.9425526221424,884740
2019-07-11,526.4178466796875,531.7818367657377,524.8029143488591,531.7818367657377,929840
2019-07-12,533.9820556640625,536.0796573240801,526.4267023405237,526.4267023405237,552100
2019-07-15,525.395263671875,534.7531359840303,524.5329575849611,534.7531359840303,388640
2019-07-16,535.6519775390625,537.1753790932028,525.5164065259336,532.1453449503466,848980
2019-07-17,535.0457763671875,537.5344621546635,530.7957327631556,535.5306802962032,498440
2019-07-18,530.5328369140625,537.2509611347699,528.0509636099064,536.4824192056983,947880
2019-07-19,528.2590942382812,536.4000429258142,526.6693483504663,532.9643332792004,1733540
2019-07-22,517.1719360351562,528.9681768845682,515.3557379160138,526.4749113650049,949280
2019-07-23,524.7683715820312,534.9359968914382,517.1855975648405,517.1855975648405,1231260
2019-07-24,525.1871948242188,531.5851035942642,516.8998743890317,526.1067423806938,994800
2019-07-25,525.8778076171875,533.7396962096661,523.3616458582536,526.5182963248672,1077700
2019-07-26,531.7450561523438,533.9501602566908,524.7341363461358,527.2502982902541,610880
2019-07-29,531.60791015625,534.7988502106613,525.1573962714273,530.6814937932995,921040
2019-07-30,527.7787475585938,534.8240127299157,526.1066300402656,534.0599943020135,689180
2019-07-31,534.1536865234375,537.0861743728134,521.577456805783,526.1088488774262,939420
2019-08-01,528.2567749023438,533.6093714368518,523.5904602422039,533.6093714368518,692460
2019-08-02,522.0578002929688,527.7603218700249,517.9838924747062,522.6753924322719,1130960
2019-08-05,535.8419189453125,546.6934269544768,525.6491611470241,527.3876228344233,2459600
2019-08-06,541.5490112304688,548.8893626105194,535.3043430396558,535.7138001825452,1719840
2019-08-07,538.799560546875,544.8474864007884,536.7271443578528,539.3737052744239,939920
2019-08-08,541.672607421875,545.7785159347362,538.6875125843687,539.8312228021699,732280
2019-08-09,558.2454223632812,571.0550122923165,544.593371380158,548.3170867400223,2330960
2019-08-13,553.5978393554688,567.5385346489554,550.1813459753641,556.7979076614025,1548260
2019-08-14,560.258544921875,565.9581540124783,551.5799524195696,553.5977223353865,1167520
2019-08-16,558.7620239257812,563.5796256355852,554.22374629492,563.2072314099158,1137700
2019-08-19,561.6572265625,570.6546319622996,560.4214050808191,562.7463972283547,897660
2019-08-20,557.151611328125,565.811568065942,554.6800247198638,563.8636289480078,1359040
2019-08-21,586.2105712890625,588.6496003466981,557.1609204225961,557.1609204225961,5460120
2019-08-22,580.4340209960938,595.7478088561771,577.4201508155026,588.3469146263532,2017160
2019-08-23,578.9747924804688,584.0460355186602,570.1938123163471,581.8071247863865,1171420
2019-08-26,576.773193359375,587.497510564904,569.2629212469242,587.497510564904,1558120
2019-08-27,580.5433959960938,584.1577333318065,575.0393030293035,575.0393030293035,1853980
2019-08-28,582.6403198242188,598.1216680901409,577.6389078373606,583.9250059292465,2072940
2019-08-29,591.9241333007812,599.9836222566254,586.9506188251394,588.486674100176,4878540
2019-08-30,599.294677734375,602.720488581961,584.9490344395177,592.3033940044166,2480100
2019-09-03,590.7184448242188,600.4024552854692,586.373353452184,597.1907400196952,1585360
2019-09-04,580.9344482421875,593.4950548597337,576.6010042993099,591.1281297895401,1828700
2019-09-05,587.050537109375,589.9759961238393,580.9017719315773,580.9017719315773,1058820
2019-09-06,587.1344604492188,591.7076253308927,582.0632168538212,588.8124504758767,1156360
2019-09-09,597.4863891601562,600.4490654686426,584.8420307737242,587.8489693821667,1366820
2019-09-11,593.8836669921875,597.7469871425453,589.433800375103,597.6073819242224,2113300
2019-09-12,584.4789428710938,597.4793880677955,582.7753841420233,594.698249747743,1470060
2019-09-13,590.6416625976562,592.0240779867709,582.2725664238435,585.0886482781509,1130140
2019-09-16,597.7002563476562,599.0501139323725,582.3841427465725,582.3841427465725,970100
2019-09-17,594.13037109375,595.32891909835,591.4213366876005,593.9348556067001,1409440
2019-09-18,599.0059814453125,599.9811154559719,588.8123025511072,597.842320768334,890360
2019-09-19,590.9022827148438,599.8904258196961,588.1141560418022,593.0038608940936,1554380
2019-09-20,628.3490600585938,634.4024275777888,583.2734980777309,593.2344487936565,5681400
2019-09-23,638.3005981445312,657.1053707421538,633.1177044694093,637.6862101542542,2772100
2019-09-24,625.1512451171875,642.3408703659892,619.5401036083168,638.6171551754618,2326640
2019-09-25,626.4452514648438,631.7748529372294,619.3050434772603,624.8394220123703,1664920
2019-09-26,648.6058959960938,658.3527484455127,629.5428251422605,630.4714241919388,17945060
2019-09-27,639.5899047851562,646.9093204623929,633.0315278800023,644.2026724896493,2202380
2019-09-30,646.5137329101562,651.2777541408943,636.7552878475631,639.5527333872394,1929980
2019-10-01,636.827392578125,649.1807778125897,635.3541797254736,646.4834482637982,1670900
2019-10-03,638.1445922851562,639.9948015884924,631.4512131081059,636.7551881118775,817880
2019-10-04,625.6307373046875,641.9685276507023,620.7387015348921,641.9685276507023,1838180
2019-10-07,633.1874389648438,637.5931000212292,626.5150255782016,628.7585387821968,855260
2019-10-09,645.0543823242188,647.4608532546256,628.8446105051728,635.1260490768775,1871540
2019-10-10,643.2647705078125,644.993954732806,636.7552581121771,644.993954732806,558100
2019-10-11,653.158203125,655.1410858415521,643.2647558933884,643.2647558933884,1221500
2019-10-14,659.5164794921875,661.657604237698,649.3227983901434,657.9338892648514,1413440
2019-10-15,655.6903076171875,661.1920709153029,653.3233828972214,658.7297464640835,1956160
2019-10-16,668.0111694335938,670.4338909064668,655.3738010397262,656.3000705453613,1345580
2019-10-17,675.7077026367188,680.9907121178427,659.0975785480975,669.4774572092003,2289860
2019-10-18,690.5374145507812,695.5597368681326,670.4223292802884,675.8124434809788,2431300
2019-10-22,699.12744140625,703.3608259584075,690.5628861529771,692.983334822042,2760220
2019-10-23,697.4053344726562,704.0544525283775,694.2983368694453,702.4323159098547,1179720
2019-10-24,682.6499633789062,700.430734573473,680.781117307484,699.080876675605,2296260
2019-10-25,689.043212890625,693.5419444237375,673.1243534040887,687.9098366416229,2629580
2019-10-27,689.5108642578125,695.8458265074103,687.8770800334672,695.170926006027,225560
2019-10-29,684.2210693359375,692.0525425219597,675.3888930733053,692.0525425219597,1980760
2019-10-30,696.69775390625,698.1453412381927,686.5739041415126,692.9367655372918,1161220
2019-10-31,695.7296142578125,705.0342430456005,688.1355898636123,696.8025346977287,1605220
2019-11-01,696.325439453125,701.4362295872907,691.2286268879215,695.729631371268,987840
2019-11-04,689.5084838867188,702.4647202476235,688.93830153004,697.6564380601212,791620
2019-11-05,681.9146118164062,692.8437059948786,679.8293405562428,690.7491163563318,1665300
2019-11-06,681.8890380859375,689.8647751167085,679.0497166129401,683.0690062480663,1573180
2019-11-07,684.7562255859375,688.4240868493606,677.2971481909534,684.6980425435731,948760
2019-11-08,673.5875244140625,691.2146596227093,669.0585647252796,686.5600154501658,1640580
2019-11-11,656.697998046875,679.5732512535135,654.0285669772641,674.4578028978575,2906820
2019-11-13,662.5070190429688,666.9917725723849,654.9199842776145,656.6980330828346,1333020
2019-11-14,662.4185791015625,665.6581926330857,656.3047006250127,663.2866655252789,1209520
2019-11-15,665.4068603515625,671.9908053245417,658.7739938974895,663.8382478909883,1516740
2019-11-18,655.6322021484375,667.936723438432,654.3987101824958,667.936723438432,1299560
2019-11-19,657.1007690429688,661.5133627264412,652.0970264452181,656.7703074815076,895740
2019-11-20,662.2930297851562,665.1021234793259,650.8356275914521,657.0961013350756,1588360
2019-11-21,660.0028686523438,664.6901268016159,657.286902163445,662.8212804880935,809680
2019-11-22,659.6327514648438,665.6581618950129,656.3977404521446,660.4938490655718,862640
2019-11-25,674.308837890625,678.6469401066956,658.864707627591,663.2004802494187,1491540
2019-11-26,676.05908203125,679.5780201486118,662.1440716003941,670.2152083412246,3984960
2019-11-27,677.8418579101562,684.2326750973448,662.209254056207,677.7161734297509,1438380
2019-11-28,682.349853515625,684.2326774947305,678.3678373372242,681.2304548008242,913560
2019-11-29,672.7798461914062,684.1860522411025,670.7806563741826,684.1860522411025,937460
2019-12-02,677.6067504882812,681.0348910534658,664.9577334110072,672.7798872079917,1499080
2019-12-03,668.104248046875,677.4042167333386,665.8839739908603,677.4042167333386,1097440
2019-12-04,665.9049682617188,669.1050358243571,661.0059443746763,667.0104461469938,1117760
2019-12-05,665.1322631835938,670.0661740350178,661.8903198260801,670.0661740350178,1586700
2019-12-06,659.3907470703125,666.7474359290972,658.5855028570921,665.6605380632567,1169740
2019-12-09,662.4722290039062,664.1711854834444,651.8829135569792,662.3558629000938,1954240
2019-12-10,658.4629516601562,665.5304111102425,655.659331382436,664.6449252461612,1236000
2019-12-11,657.2620849609375,661.4675156927163,654.6453839135694,659.2713691264871,966120
2019-12-12,661.4185180664062,665.0515546674673,657.7808042009475,657.7808042009475,1336820
2019-12-13,668.2710571289062,672.3783227355932,654.6921599338016,663.0563065690976,3121000
2019-12-16,661.2642211914062,674.298728020144,660.5796295174819,666.3270737974328,1341440
2019-12-17,661.1474609375,665.7243348479138,657.9629856939245,664.2197388856894,1628500
2019-12-18,663.1076049804688,667.2616426397177,656.7667753926728,663.5234821767501,1874320
2019-12-19,667.5139770507812,668.1494574755008,658.8507720506555,663.1496337048527,1373840
2019-12-20,694.281494140625,699.8770985802354,664.5537760589337,666.3270864200249,8460660
2019-12-23,679.0601806640625,700.5943020472484,677.0742830085853,690.9054646834785,2500620
2019-12-24,681.5601196289062,683.3006892494059,675.7590004378962,681.2797689920144,793720
2019-12-26,682.1792602539062,687.5878883435763,680.3452024656793,682.2142826922334,918480
2019-12-27,685.2117309570312,686.4032351908199,681.022614487219,684.4944555613736,587700
2019-12-30,693.98486328125,696.2324598764691,682.2190339217374,685.9478402516193,1754400
2019-12-31,690.8751220703125,697.367848379059,687.3542263604696,694.5501963584712,1255300
2020-01-01,690.5809326171875,693.8658555939174,687.4595427915998,692.4476746602408,477180
2020-01-02,688.2584838867188,694.0339352410033,686.2865607953637,693.8446771687139,922320
2020-01-03,681.9152221679688,691.3260479418075,680.1629594577412,689.2233326895343,800000
2020-01-06,673.64697265625,679.504162340536,667.0280733811342,679.504162340536,1302720
2020-01-07,667.7640380859375,679.7261990434952,666.3669049606899,673.9693991007036,1444740
2020-01-08,672.4601440429688,675.2053561310448,659.801811849694,663.1311116160841,789760
2020-01-09,684.2445068359375,685.7187574452435,675.2051819477865,677.307897047278,1114160
2020-01-10,686.225830078125,687.7701828303096,680.8242174731706,684.2446094504469,785480
2020-01-13,684.9361572265625,689.1252746543249,682.2610473678355,689.1252746543249,539800
2020-01-14,694.7651977539062,695.998797633764,682.5413962533218,684.9198420752252,1007560
2020-01-15,694.3726806640625,698.5687567790827,687.7678136412981,692.8680847236296,829360
2020-01-16,717.488525390625,719.502486799976,693.807309849663,693.9427793848168,4064160
2020-01-17,721.4392700195312,728.9413161625513,717.6637483521982,719.5491990738022,1927980
2020-01-20,720.4020385742188,723.3061064965281,711.6594325877675,711.6594325877675,1375400
2020-01-21,714.0236206054688,724.3433178942157,710.2504379696741,717.7758125956101,1265160
2020-01-22,726.5443725585938,728.2405655703889,714.9700812319161,718.1475412283871,1112540
2020-01-23,726.5511474609375,730.1094040895244,722.1658137730303,724.2685288568082,857220
2020-01-24,736.2073974609375,740.6230769016215,724.275639995355,728.9413249000187,1012640
2020-01-27,732.0276489257812,740.3894562979385,727.0699201244103,733.6140400048996,627240
2020-01-28,720.3740234375,734.0813744524646,718.0446886835214,731.9319432617754,1062140
2020-01-29,741.4058227539062,742.9571344177274,721.4650480433899,728.2404646215176,1285020
2020-01-30,725.2404174804688,738.7935864188174,722.9251151123913,738.3800478962739,945040
2020-01-31,717.7011108398438,730.6818872235946,715.4045172063928,727.0722372992057,1192980
2020-02-03,761.697021484375,770.9957084058377,725.6705061541006,728.4274113072714,4075040
2020-02-04,768.9208984375,771.3647115695946,753.5686936786041,766.3228496899357,2328320
2020-02-05,765.6150512695312,770.1498871049563,759.596610034569,769.874213714108,1150220
2020-02-06,760.947021484375,773.306292850264,755.0056981163249,766.2762506803017,1481680
2020-02-07,762.94921875,765.621989791364,756.7251496371152,763.5192745310276,828140
2020-02-10,755.678466796875,765.0659632970583,752.8654919314432,761.6501918062334,1225400
2020-02-11,747.4989013671875,761.652529610565,745.2957390251636,758.8465706438029,1467000
2020-02-12,761.5428466796875,769.7153966664131,746.1579548782972,748.8470967502118,2580220
2020-02-13,766.8929443359375,769.196610799669,760.5918145025269,762.9585669867324,3024560
2020-02-14,764.2880249023438,784.191381462433,759.3139254764686,770.9956781761066,3314160
2020-02-17,775.1286010742188,776.3692167924105,765.0613039800584,766.9303842491945,2795760
2020-02-18,766.5028686523438,774.2618795476161,765.62439858149,774.2618795476161,1800260
2020-02-19,784.3151245117188,786.4856030395836,769.8647752714105,772.799244900984,1900000
2020-02-20,772.8414306640625,782.210219852776,772.1826208307009,782.210219852776,1314640
2020-02-24,763.3909301757812,774.5820847234273,762.4446966945153,770.9490478241403,1330320
2020-02-25,765.4117431640625,772.904377493459,762.087121256579,765.0612906197194,1818320
2020-02-26,758.8536376953125,773.0983594623274,754.6435296454217,773.0983594623274,2336780
2020-02-27,759.9563598632812,763.5589938491398,750.3189146724857,761.650213866512,1803980
2020-02-28,737.2985229492188,753.6623317909534,732.6795532179475,749.5947088627951,2813460
2020-03-02,752.7698364257812,762.3512126673766,743.0062179897673,745.2958530214315,2344640
2020-03-03,764.4258422851562,770.9489718582655,753.7183864187814,753.7183864187814,1867440
2020-03-04,772.9347534179688,777.1868994034078,748.5666092555294,766.1826670694055,2234220
2020-03-05,774.5609130859375,786.6562037963142,770.1779174081443,773.3319904811034,1701800
2020-03-06,767.6920166015625,774.0585711012933,756.9821664060354,764.3650560913686,1724240
2020-03-09,749.096923828125,763.9864783678099,733.6653200971706,759.2810943906027,2473680
2020-03-11,749.9006958007812,756.9775101065097,737.015746492513,747.8727596769494,2474640
2020-03-12,727.33154296875,742.1533349634659,703.007775913654,741.5318293041455,4457320
2020-03-13,700.5220336914062,740.8567647818229,656.5145093147027,716.839069545551,5232400
2020-03-16,672.7381591796875,697.6833804229384,630.4712587662751,691.5598143017246,4424560
2020-03-17,679.4573974609375,690.484959706306,665.8598498302592,677.5416015816672,3539600
2020-03-18,632.5342407226562,688.6627252185089,626.1419603877487,679.8780241523689,4258440
2020-03-19,613.0723876953125,628.4034896330746,587.687905922316,607.4745011633588,4294200
2020-03-20,660.9769287109375,674.4156210642607,614.4601684294969,616.7030876777095,4098500
2020-03-23,604.8646850585938,654.1686892529717,595.7716285027878,595.7879989250259,3918540
2020-03-24,629.8030395507812,648.9915177743285,570.0695786355867,648.9915177743285,5173340
2020-03-25,674.9295043945312,678.4760678690673,598.1056245677728,598.1056245677728,3974440
2020-03-26,697.150634765625,705.5778671835631,656.5869461149313,686.8730309619839,4106880
2020-03-27,705.979736328125,725.8574257579259,691.5597870721942,719.595994656202,3504880
2020-03-30,731.6818237304688,742.4921210695778,686.3122512052631,700.4378159114519,4029400
2020-03-31,761.6782836914062,767.4887573969913,733.672424445941,740.5763511926098,3678380
2020-04-01,731.4902954101562,768.9396667803273,724.2686565336944,761.661957773339,2550240
2020-04-03,705.7950439453125,744.8144319646235,701.1387138428521,744.8144319646235,3815520
2020-04-07,796.1651000976562,803.7045071156726,720.813125291755,727.7731219957327,4938020
2020-04-08,788.343017578125,819.7809616063641,773.5866492882017,778.0046672698099,4968900
2020-04-09,786.8687744140625,819.7786308898893,774.5001492198452,814.7764682321381,4150160
2020-04-13,775.6660766601562,793.144329550923,763.059137687376,787.1165334699054,1658140
2020-04-15,809.5873413085938,812.629273676908,778.3363203469513,778.3363203469513,3111580
2020-04-16,836.1915283203125,841.1632889768256,796.7959592243362,809.3118046924141,4514800
2020-04-17,809.5127563476562,858.372826486585,804.7979600171299,858.372826486585,3745420
2020-04-20,793.2564086914062,817.2460393301459,791.0882686119222,817.2460393301459,2703940
2020-04-21,795.0763549804688,805.5735606097293,780.3409780848306,785.0136785524044,2675080
2020-04-22,824.3601684570312,827.0680190310694,785.8174038047581,794.7492665770421,4044820
2020-04-23,814.734375,831.74067735808,808.6575258032159,822.3929378570788,3742000
2020-04-24,813.3327026367188,831.7408182432529,808.3773121128245,808.3773121128245,2902320
2020-04-27,838.7872314453125,841.7871261678191,814.2181889244656,821.6945108887649,2439720
2020-04-28,820.9772338867188,842.1586250213769,817.769429062537,839.988146178428,2150860
2020-04-29,817.2413330078125,829.310955604068,813.0499341060258,829.310955604068,2104840
2020-04-30,837.565185546875,841.086081308385,818.2832802881043,827.0679799532453,3167400
2020-05-04,815.6876831054688,828.3833745985344,811.1831927161236,814.0078608673532,2379480
2020-05-05,814.0546264648438,824.1219243917637,799.0318811510309,821.0402917326679,2613580
2020-05-06,808.8118896484375,823.1944205160175,806.975492988995,814.0546466776652,2710180
2020-05-07,801.015380859375,807.4426829698153,786.1935878916347,803.7045224005107,4181520
2020-05-08,831.8785400390625,832.6752149264233,803.7745742338226,810.7135229502494,3584000
2020-05-11,820.6243286132812,837.3479422073124,817.2553297547931,830.3388913517823,3680620
2020-05-12,815.9446411132812,830.6659870643783,812.349022994263,822.8158840513877,4778500
2020-05-13,771.5726928710938,829.4043803551098,766.3229204407775,829.4043803551098,11240660
2020-05-14,758.9635009765625,787.350161086968,757.0243185487127,775.6684079551139,8204760
2020-05-15,768.3696899414062,773.3320966424985,757.0687340080368,770.995745897355,5431840
2020-05-18,758.8629150390625,774.5000909494408,755.2111700174195,768.2386610083149,3359200
2020-05-19,754.6551513671875,767.0611367871167,752.7089533850177,760.7249846636299,2362880
2020-05-20,761.8091430664062,775.4324169542871,754.6879510793424,758.8933821129538,3590780
2020-05-21,761.4376220703125,771.2292457926235,760.0147641815826,763.0520196179061,2421600
2020-05-22,757.685546875,766.1735272092802,754.6412750722685,761.4634076990152,2366000
2020-05-26,778.2453002929688,782.6773499642588,762.7903088451664,765.3883577560931,3973840
2020-05-27,781.1121215820312,785.948356003221,770.3929151753642,780.3411144621754,3350660
2020-05-28,793.8521728515625,795.76095289158,779.406499954877,781.1120471690942,3525760
2020-05-29,819.629150390625,822.3954100314257,784.2918476158371,792.0228522745833,4889320
2020-06-01,802.93115234375,829.3576355128453,799.54578306264,819.6290409845718,3503720
2020-06-02,795.034423828125,816.6480065869328,793.0508643515124,816.6480065869328,2644020
2020-06-03,813.4027099609375,818.7482521627619,801.4615982689603,802.5363422418868,2922020
2020-06-04,803.5457153320312,819.8978301835549,801.2771281251734,813.3723621749319,1952620
2020-06-05,798.884765625,815.8536531450676,792.3289519620058,809.1716674196504,3241920
2020-06-08,786.7052001953125,806.0408371679241,784.5464148434461,806.0408371679241,2941400
2020-06-09,773.4510498046875,793.6581398140938,771.9767991818928,778.0980251195703,3493700
2020-06-10,772.6171875,786.5091204054569,766.790342220942,778.0048262022354,2468800
2020-06-11,778.9274291992188,790.2655347720969,775.5271768982706,776.195525250932,3302620
2020-06-12,773.6770629882812,784.0325702843033,764.4705836691451,764.4705836691451,2813560
2020-06-15,769.174560546875,780.885484066171,767.7534759257189,773.8504797052145,2793080
2020-06-16,766.445068359375,778.4468289234832,763.0635940472,778.4468289234832,3864740
2020-06-17,759.6937866210938,771.0365877479855,755.8011180043651,766.5810843516316,2539180
2020-06-18,758.7933349609375,764.4705750714738,752.9612880933231,760.6482107459126,3168900
2020-06-19,754.84912109375,764.735629166455,752.8488274668282,764.0016710023078,3377860
2020-06-22,757.0040283203125,764.0015338199316,753.4490264467282,764.0015338199316,2718300
2020-06-23,776.1228637695312,784.1685784447154,760.2519080925383,763.9921744013636,4894700
2020-06-24,783.6034545898438,790.7345842484555,774.7487257573292,781.3545773178688,4021380
2020-06-25,787.310791015625,790.2655158447081,776.8990071197383,778.085591634514,3393300
2020-06-26,782.17529296875,794.0175511893831,779.9475414222942,790.2655485848261,2206820
2020-06-29,784.3960571289062,796.390775639182,775.7265923786422,785.1065995416245,3392920
2020-06-30,805.482177734375,811.2767244072094,785.7584026022786,787.8735984899071,4020660
2020-07-01,787.86669921875,806.9151448615999,784.1686266832868,806.9151448615999,4338000
2020-07-02,787.421142578125,796.5971070907054,781.4061786435044,796.5971070907054,2939400
2020-07-03,783.0242309570312,796.8315734125434,780.8855619375425,788.5677897558337,3633160
2020-07-06,788.0142211914062,789.8902222486419,782.6183708604921,785.809942849558,1966740
2020-07-07,793.1920166015625,794.9554622069519,784.6398034992095,790.4999596164115,2827120
2020-07-08,788.0166625976562,804.3355493536548,784.9658132239156,794.2989310485431,4374420
2020-07-09,786.0023803710938,795.7036226893933,782.3394602140878,789.7965771132828,1837880
2020-07-10,789.472900390625,791.4356368206971,779.8536999266089,786.0022868175012,2672220
2020-07-13,795.2769165039062,801.8968521182388,791.4404683031621,791.9071213792879,2280580
2020-07-14,792.41357421875,802.7011241619671,790.3593504385451,794.9086880892912,1517060
2020-07-15,793.02099609375,804.007352598651,785.1066148952095,794.4866222416279,2530380
2020-07-16,820.5465087890625,833.1602814235569,786.0445280899911,793.8299218702738,5930740
2020-07-17,808.085205078125,826.3785648726246,805.0390502859592,820.4691722834435,2502760
2020-07-20,808.884765625,814.6534920094089,800.6116510093176,812.4961021566501,3931480
2020-07-21,810.2262573242188,820.5137500429934,807.0581577278069,813.7155923839817,4223720
2020-07-22,804.42236328125,817.9365803901786,797.3498016220876,813.7155773950458,3129560
2020-07-23,809.3257446289062,811.3213433435568,799.6455708483386,802.9285731919974,2138820
2020-07-24,809.1123046875,816.5295169024836,795.4245035419943,803.1677030238905,4145600
2020-07-27,813.727294921875,816.7617132642016,807.2386365379599,811.3705568542196,2076560
2020-07-28,801.77490234375,819.561706836679,797.6617599823246,816.388912497168,3179340
2020-07-29,778.4397583007812,806.633709628598,774.3477417164444,797.2982439654271,9010100
2020-07-30,774.9762573242188,786.6050853751913,771.5572261544468,785.1066543168115,2569680
2020-07-31,774.8917236328125,782.0229104028397,770.6707205966808,775.0699460510453,2958800
2020-08-03,775.013671875,778.5405635882857,766.8155551005103,775.1637840442136,2316860
2020-08-04,777.6026000976562,780.8175884185964,769.8101636640935,780.1961858394333,2200960
2020-08-05,774.0076904296875,780.6018629686201,771.9745921903875,779.9475983065702,1955300
2020-08-06,782.1587524414062,783.2304340656046,771.5054275676166,778.5404314664095,2117760
2020-08-07,787.3858642578125,792.5636460707767,776.4722177359005,781.7719442112,1769000
2020-08-10,781.6241455078125,790.7321518676858,780.41649264586,787.4491497952573,1282880
2020-08-11,779.6099243164062,787.2475538814197,777.6494776408838,784.4030942071312,757460
2020-08-12,775.7664794921875,779.5747603086602,771.5056293368159,777.698758778358,1643260
2020-08-13,772.6405639648438,781.4459995843592,771.8995067838925,772.0683400368765,1326060
2020-08-14,767.035888671875,776.1485894747542,764.7073182679981,773.2407533332521,1188680
2020-08-17,770.234619140625,774.9996215749903,765.1154618935842,771.5055917952317,1251680
2020-08-18,776.4112548828125,779.6942571374257,764.9864139068804,769.1605282236633,2088000
2020-08-19,766.6161499023438,776.3479062216666,765.197469781904,773.8505025003662,2500100
2020-08-20,760.3409423828125,766.3465166218162,759.0887481792882,764.4705153571362,1961700
2020-08-21,776.7559814453125,782.7615559007747,762.1255412455116,765.5257936602993,2882860
2020-08-24,772.8562622070312,783.601075743626,769.2074259177217,777.6025432327417,1481440
2020-08-25,763.9171142578125,772.8164415759409,762.8290586514139,771.7869537614573,2177340
2020-08-26,759.3137817382812,766.7380353757835,758.3734339102137,764.0249100441475,2330160
2020-08-27,755.7330932617188,761.670653735357,754.3870645444592,761.4220698090951,2552900
2020-08-28,755.1492309570312,767.6598388963527,754.621605533647,757.7169965672971,2969780
2020-08-31,748.034423828125,763.8608381627395,744.538046870354,760.484058582853,4425860
2020-09-01,759.63525390625,762.3578265029648,738.2019578632987,750.1661630176734,3538940
2020-09-02,750.0510864257812,762.5944973157591,748.9934884460439,759.3583837551759,2123840
2020-09-03,768.867431640625,771.0177798771103,746.7071655971514,752.7455449687857,2677740
2020-09-04,761.3095703125,770.2815499767515,757.4356225483627,757.6701227411021,1978640
2020-09-07,769.3247680664062,774.554133795643,749.092084640459,761.7035118301487,2096160
2020-09-08,756.33349609375,767.7348658901938,755.090633600662,767.7348658901938,2108280
2020-09-09,765.0568237304688,766.8155750493894,750.4005627394636,750.4005627394636,2716000
2020-09-10,770.1314086914062,771.5056049593821,759.8392208114401,762.6532230179789,1544160
2020-09-11,765.659423828125,769.16049505123,759.9681005849667,769.16049505123,1624560
2020-09-14,754.3073120117188,769.160573700808,752.2789083991654,769.160573700808,2058520
2020-09-15,752.321044921875,758.1812015550797,750.9632798527253,754.6215052022161,1899680
2020-09-16,759.6773681640625,760.9530353212446,752.7455295473636,753.5193915419615,2485240
2020-09-17,756.0917358398438,764.414143131634,754.6214154502934,761.6564193233539,2013620
2020-09-18,754.483154296875,762.1255352748121,746.8830245693159,762.1255352748121,3947020
2020-09-21,723.70263671875,752.7220311512534,710.7465030428242,751.5730032822107,5543300
2020-09-22,712.8453979492188,723.6675583994701,708.1905464570317,723.6675583994701,2142400
2020-09-23,720.6682739257812,722.2113033981946,709.5975298199822,712.882879563023,2628600
2020-09-24,715.6405639648438,724.0567495885534,711.7079916680333,719.8217201736173,2225500
2020-09-25,738.0564575195312,742.4275153633141,717.6173866909255,726.7160044570153,3565380
2020-09-28,737.2590942382812,744.3293082245922,732.5855222042352,741.9584864796865,1088220
2020-09-29,732.618408203125,743.4148056382988,730.4680598752793,741.0205679633652,963580
2020-09-30,746.585205078125,751.7489032869606,731.8773616123948,733.0451678529854,2070000
2020-10-01,750.4240112304688,752.7455399954683,740.9079760836584,746.6016470382322,1252760
2020-10-05,751.955322265625,756.9666188429794,737.8478113426621,750.3068362987975,1421620
2020-10-06,744.624755859375,756.4036936093128,742.6174208699789,751.9481908366598,1505560
2020-10-07,755.765869140625,756.2606896823952,743.5835969409666,748.3463090628987,1992940
2020-10-08,764.6863403320312,765.8776196161215,752.8417334593785,755.0906108891339,1571520
2020-10-09,751.9998168945312,766.8155209291721,749.6970092998664,762.1255177430609,1484920
2020-10-12,745.8138427734375,757.4169087182817,743.8346747184058,755.0906849285204,1163320
2020-10-13,735.0640869140625,749.4272190268797,734.0791406255225,744.7723688213443,1524700
2020-10-14,735.0664672851562,741.9584008178598,729.2953939770999,735.1110085689837,1331900
2020-10-15,731.7695922851562,740.457835928383,729.8490494353655,736.3306096110454,1004880
2020-10-16,723.6792602539062,741.9773153682736,721.088021928156,733.9855312634563,2647220
2020-10-19,754.7691650390625,758.748682832192,723.4352858158668,729.2954420780873,3655880
2020-10-20,762.2452392578125,769.6296481869695,743.3656260672435,745.710628042219,4066880
2020-10-21,751.8474731445312,765.148317357129,747.6827473843013,761.6566346381701,3001820
2020-10-22,746.1536865234375,754.2040953107924,739.5220724007597,749.9338565710243,2271600
2020-10-23,744.0902099609375,753.4959802869512,741.3605957567639,747.1175867280522,1471900
2020-10-26,762.5640258789062,767.9879868367511,752.8462962079793,759.7804816339157,6920120
2020-10-27,808.0805053710938,811.3705494692658,768.9518409332688,772.9125234250579,9871340
2020-10-28,802.888671875,811.1360238813326,794.2192081458464,804.3355194891503,3265240
2020-10-29,797.5208740234375,813.8465010510546,790.0163137615608,793.2402947322084,2731220
2020-10-30,811.2771606445312,820.6560710126901,798.4378478919548,798.4851091658907,4786320
2020-11-02,809.0720825195312,820.6562912897888,800.8017035972939,813.1399001221265,1695280
2020-11-03,798.55615234375,816.3992768493086,792.2925033761285,814.9361968455768,2094860
2020-11-04,803.5009155273438,813.0925901880089,795.3652808089098,803.6380251858227,1958180
2020-11-05,814.0994873046875,822.4998773732465,804.6212629980846,808.3652914378819,2034940
2020-11-06,803.9522705078125,816.8671787024039,799.0571795476875,814.9833638724741,2380060
2020-11-09,819.3326416015625,821.1290321694582,803.7326081751997,810.6344873105228,2228640
2020-11-10,784.9534301757812,819.3325806507756,783.9181830061493,819.3325806507756,5793320
2020-11-11,789.3426513671875,795.509411569116,778.8197169184674,788.0379169062732,4966220
2020-11-12,790.3353881835938,798.9106849455496,781.5899161886277,794.1361415057304,2956620
2020-11-13,795.39599609375,798.438030141969,787.0925519161506,790.6380138617188,1485460
2020-11-14,795.9868774414062,798.8634680353317,791.867066968335,798.8634680353317,208940
2020-11-17,802.8273315429688,806.7509414888076,796.6913279431726,801.2744030466166,2390080
2020-11-18,797.615478515625,802.1914556992531,788.1254818983538,801.274390585351,2892660
2020-11-19,800.525146484375,813.092608835811,793.5240132407683,796.0743914415731,3604440
2020-11-20,825.40234375,827.2743289083277,799.6268277609407,806.001560450685,5080200
2020-11-23,840.8133544921875,843.7679059597675,825.4024255785065,825.4307592654319,4052900
2020-11-24,835.6699829101562,849.54927552988,832.0016075693869,839.0925303611715,4289940
2020-11-25,828.2293090820312,840.9362460028603,819.7107372851148,840.9362460028603,2130160
2020-11-26,838.7120361328125,843.299900534113,816.874380951693,831.9544230208951,2907520
2020-11-27,845.6612548828125,854.1679978645211,801.262594618079,843.8199690227551,22134920
2020-12-01,823.4052124023438,854.1207797193366,819.3114268914395,854.1160478198709,4701720
2020-12-02,816.23388671875,824.9013408043124,810.7289569587879,823.4051374119658,3239040
2020-12-03,826.9033203125,829.1677070703336,818.5762168994291,824.9107869189925,2545500
2020-12-04,842.81298828125,845.1199043824657,828.2198699359977,829.6380546447923,2494000
2020-12-07,830.2313232421875,846.1835351197634,824.9036668355831,834.4125906039758,2520600
2020-12-08,828.1939086914062,838.1188364728936,821.8971934869331,835.4999610811159,2373980
2020-12-09,830.5432739257812,833.9729192835522,826.3832427336539,829.3354279987121,1790060
2020-12-10,867.583984375,870.0090826050852,830.2147931402084,832.33260646666,6089220
2020-12-11,869.8718872070312,872.6562632490615,860.3653299638634,865.0926119966318,3258820
2020-12-14,878.8868408203125,883.0090168774502,865.0926065449482,867.6784159511182,2614260
2020-12-15,859.8878784179688,876.9108258038331,857.0964045003847,872.6704676277072,2715100
2020-12-16,866.2012939453125,885.6540743787177,862.7362163967895,869.725520235442,4432140
2020-12-17,865.3456420898438,869.5907326341867,857.3778164957937,866.8891067843892,1962080
2020-12-18,868.05908203125,879.2272869789441,858.3799826177989,869.5836191019404,4995800
2020-12-21,860.0155029296875,875.7289835566138,855.6852964943182,863.3316981511239,2844440
2020-12-22,877.0786743164062,882.3472396629845,850.9108124261303,860.3653770086429,2655480
2020-12-23,885.547607421875,889.2963099143922,875.2539388261158,877.1495836165963,2056900
2020-12-24,877.683837890625,890.1473138528585,868.5247278503174,879.8512784974417,2508740
2020-12-28,879.1492919921875,890.8091531011925,875.4927457912725,890.8091531011925,1307140
2020-12-29,863.3270263671875,884.0017885451431,859.2024841089086,880.2199627117949,3974280
2020-12-30,868.8391723632812,873.0346359702661,861.7836794967045,869.796400993242,1873080
2020-12-31,869.3590087890625,872.1835483053666,863.083530253942,864.0550121171201,1708840
2021-01-01,872.2166137695312,875.4926456582691,865.3786163638175,869.3329832273156,1005720
2021-01-04,868.777587890625,880.6926820118235,866.4990055337285,874.3108509827523,1240700
2021-01-05,877.3007202148438,880.2198397044567,864.0549255576999,867.1488944533448,1673460
2021-01-06,875.2681274414062,879.2744875572047,871.2381078322195,875.0222995344925,1154120
2021-01-07,856.9285888671875,879.983552632465,853.2791409780903,879.227199046519,2412100
2021-01-08,865.3882446289062,867.4564309424611,850.9109404340218,861.6560454655279,3032700
2021-01-11,869.4158325195312,876.7147292183838,859.8029217349132,867.456364631844,2291100
2021-01-12,850.8682250976562,871.7084291934602,848.5471134930178,870.2926105518918,2831320
2021-01-13,851.8232421875,863.9108781674055,849.2563023954824,852.7993983262894,2187740
2021-01-14,857.17919921875,861.7551761925519,853.2271981209818,853.2271981209818,1169760
2021-01-15,843.0634155273438,862.6816342474426,841.4561282355666,856.113067204452,1928020
2021-01-18,833.4530029296875,854.4090840035868,829.9572258573438,843.8175932986874,2413480
2021-01-19,839.3147583007812,842.4253469180011,835.310764129766,838.1471334476938,1256980
2021-01-20,835.8450927734375,848.0745716064756,833.0914735038073,839.896348920476,1476620
2021-01-21,837.49951171875,846.183526946827,834.6182470225446,840.0380599913473,1419540
2021-01-22,831.5100708007812,845.34683602186,829.6380853817647,840.6999380614053,1965000
2021-01-25,823.26806640625,836.7289916085664,814.5036662993862,834.4598729556687,2328720
2021-01-27,829.075439453125,831.8928809480971,819.7224962271796,825.9956084268234,1328040
2021-01-28,821.9633178710938,828.2198691473714,813.2344071544785,825.8562279682978,1781100
2021-01-29,806.474365234375,825.7546023686808,801.8085398844336,821.8403987512604,2257760
2021-02-01,807.7838134765625,816.6710694302172,803.6379777349216,813.0925421788619,1688120
2021-02-02,812.634033203125,820.1834892809368,806.2143468277532,810.7312905124237,2605960
2021-02-03,811.504150390625,817.2998027835188,806.0488484548802,813.0948761793271,2246500
2021-02-04,807.1361694335938,814.3665105823882,806.1174262762638,813.0878015292968,1842000
2021-02-05,809.10986328125,811.5420594562751,803.7798982174268,809.8331513817,1961940
2021-02-08,813.9529418945312,817.1060601422051,808.419678421778,812.1471453438741,2432140
2021-02-09,818.7156982421875,827.7471621865838,810.7289452598465,813.6125760312156,2420240
2021-02-10,812.021728515625,824.2866933881451,807.7270114918254,819.7201230388171,2331520
2021-02-11,823.126220703125,824.7902333460542,810.7289341119305,812.6151151788879,1307320
2021-02-12,817.5503540039062,828.1725427783981,814.9834144944931,823.0245257702319,1090560
2021-02-15,826.32177734375,827.5934461805813,815.8366984167374,820.1361474504967,2202380
2021-02-16,813.9080200195312,834.1762433729513,810.2136765112919,829.8744279167075,4595480
2021-02-17,791.40380859375,798.910735445708,772.9106819252856,798.910735445708,11986860
2021-02-18,773.60546875,798.9106220053436,770.5469312832604,792.1033246908283,5021320
2021-02-19,774.15869140625,778.3328610426332,766.4319620778139,776.6925078791048,2605500
2021-02-22,760.9176025390625,781.4198251657485,757.5281200912846,775.7967131981426,4298300
2021-02-23,764.3992309570312,768.419787119134,756.4644709501762,762.5579451501853,2859960
2021-02-24,772.7286987304688,774.2343659348151,761.0924972477303,769.7434474727943,1686840
2021-02-25,761.7495727539062,774.0121157160974,761.0924735693864,770.830663863902,3714260
2021-02-26,761.1680297851562,769.8094571420256,756.5494661891764,758.7523956868591,4537460
2021-03-01,770.1901245117188,773.7426841851466,761.0924717768899,767.5215643450927,1814360
2021-03-02,783.6013793945312,785.6742972441198,770.0624363247524,770.6415168497962,2461940
2021-03-03,789.4205932617188,790.4014811082961,782.206756945644,789.6923888704597,1857460
2021-03-04,787.6503295898438,789.8319657047783,777.40155640779,787.4021357335687,2599620
2021-03-05,793.3751220703125,796.0743819421857,777.9216053970612,780.7579749289217,2054820
2021-03-08,796.6629638671875,798.9107891353949,785.0598275194286,790.6404102271155,1836840
2021-03-09,799.4212646484375,801.2720142048296,787.5652609658315,799.3929309607289,1854340
2021-03-10,800.3974609375,803.6380037726806,793.4743466661438,801.2601668885284,1275760
2021-03-12,790.5173950195312,804.103599361182,787.092481395217,802.5506710104563,1698280
2021-03-15,795.7459106445312,797.9582467014529,786.1471374332968,797.9582467014529,1379660
2021-03-16,791.439208984375,804.5834427329776,789.2197753482409,795.8379705293582,1689400
2021-03-17,777.90966796875,793.7106307977049,772.4402282025872,793.7106307977049,3143460
2021-03-18,765.8787841796875,785.9082759448604,764.87423674268,778.4841002493064,1927300
2021-03-19,777.6781005859375,784.4924964768395,759.6742644400608,765.8197314205966,3988320
2021-03-22,784.1640014648438,788.2743481624861,772.9579414905559,777.6852239383069,2175720
2021-03-23,788.5746459960938,791.8199212358955,780.3042665001452,783.5471757901473,2007160
2021-03-24,777.5481567382812,792.7557871425521,776.1843311623654,784.7288709366671,1511100
2021-03-25,764.40625,783.9960793883553,761.8487742177281,776.4560874963179,2174080
2021-03-26,783.3934326171875,785.601036533441,768.372481472147,770.4997585206822,2531560
2021-03-30,811.43798828125,815.6239874294191,785.2015721148595,785.2015721148595,2978040
2021-03-31,811.4473876953125,817.7724930747846,801.3475547096455,817.7724930747846,2206620
2021-04-01,807.5686645507812,812.5512383512594,802.1063223983947,811.4474364466042,1663520
2021-04-05,797.9912109375,810.7288466387683,790.5859053680003,810.7288466387683,1631140
2021-04-06,807.5001220703125,809.3106502391247,794.1833483654962,799.383358384556,1283860
2021-04-07,823.0128173828125,844.5739467784219,804.8198768993368,808.3653389121092,3569300
2021-04-08,836.2515869140625,839.5181554533387,819.0892191986541,823.7313854703532,2360120
2021-04-09,831.6423950195312,843.7726173882459,827.2743908523175,832.5263944889416,1478880
2021-04-12,827.3547973632812,832.9471516195448,819.7627541961376,821.3724076887671,1150640
2021-04-13,811.6199951171875,831.9993017693631,805.533619280893,831.3870979498921,2210540
2021-04-15,797.759521484375,822.5470518640342,793.0015399436306,819.0015904335858,2366280
2021-04-16,815.555419921875,819.4743552641635,797.1521429494613,802.172514251201,1883800
2021-04-19,807.8901977539062,814.9834873169003,801.2743683307111,813.1422015856093,1018760
2021-04-20,808.1595458984375,823.4925125435959,798.4402842535337,823.4925125435959,2073740
2021-04-22,793.7319946289062,812.6198303537175,782.4243145515978,812.6198303537175,4088620
2021-04-23,785.9436645507812,794.1502765339931,784.965142609205,793.4742498461611,1372000
2021-04-26,797.5208740234375,798.6743031458722,787.7377314957783,794.1384898638222,3047240
2021-04-27,793.190673828125,800.328858246461,791.8197504801076,798.8634123390273,893020
2021-04-28,786.32666015625,795.6535786002607,785.2488259771645,793.0015802402526,1737520
2021-04-29,784.3660278320312,794.4447411834561,783.2942242517119,792.7527037335099,1604140
2021-04-30,775.1785278320312,787.5339466542642,772.6000026159127,784.2448503944976,1955660
2021-05-03,784.5657958984375,787.8073161431771,773.4390074301467,777.590745677705,1280960
2021-05-04,786.4598388671875,789.9485242872082,778.5413253805337,784.7321188911797,2115920
2021-05-05,786.5857543945312,789.4731782412022,782.222475538662,787.146575816826,706440
2021-05-06,794.5872802734375,797.0683315606283,785.4353793593639,785.4353793593639,1406380
2021-05-07,796.6668090820312,798.4135594369042,792.0872898662564,797.9596108958649,753320
2021-05-10,797.9002685546875,800.8804084974022,792.325009474878,799.9298086060106,953160
2021-05-11,801.8357543945312,805.5858778740551,794.2428494762231,796.0798790980795,1201260
2021-05-12,794.6016845703125,801.2320953526745,789.948479712462,797.0898727290271,1211520
2021-05-14,818.6636352539062,820.367566702934,789.2354255563279,794.5587608344639,1931640
2021-05-17,809.8135986328125,822.2688113886387,808.0383605024175,818.46641226083,1214060
2021-05-18,816.5938720703125,819.84252871039,810.0061636078951,813.723041763286,1108780
2021-05-19,829.3676147460938,830.1114313797999,816.8980684681806,816.8980684681806,1768740
2021-05-20,821.5725708007812,831.7582156861502,818.5615063270809,829.8736677321208,985060
2021-05-21,831.636962890625,834.1513179081577,821.3301148109781,826.3255213621028,1345200
2021-05-24,825.1348876953125,835.9598543692857,822.30443969789,827.0241931671899,1144120
2021-05-25,832.5400390625,844.075576755007,828.0698296416325,831.6322000207806,1439040
2021-05-26,833.7378540039062,837.3525006253697,825.5009272477378,832.5400889179755,916060
2021-05-27,843.5005493164062,850.786876370408,828.6997025047455,834.1513787877465,2393260
2021-05-28,832.2216796875,846.7160075898413,831.7749255770826,844.6080244288434,1063240
2021-05-31,841.0693359375,843.4315625040824,827.74666588121,832.2026024217987,1140460
2021-06-01,844.061279296875,846.5090852799843,830.7838073351628,836.4802694278327,1155020
2021-06-02,839.0706787109375,846.6612042963344,832.2548942942823,832.5448202749759,1485240
2021-06-03,846.00537109375,848.6456878633453,834.6267180604594,838.904417640496,1007980
2021-06-04,828.2957153320312,841.5850829334255,826.0712861099038,840.8554812884099,4036440
2021-06-07,833.3218994140625,836.05249492347,824.8116410767515,830.565136882265,988720
2021-06-08,830.9478149414062,837.1433654366383,827.183418813922,833.2031106654463,948940
2021-06-09,834.4911499023438,837.7446218217024,828.9230278046366,829.8736276071648,837560
2021-06-10,834.4412841796875,840.0926071813453,831.299558676194,832.9631083933848,841060
2021-06-11,833.5049438476562,836.9556258470881,825.3582964013399,836.9556258470881,979940
2021-06-14,835.45849609375,837.953820858075,827.85845445315,829.9402705773302,730460
2021-06-15,840.5584716796875,841.756236873065,832.2977559783934,838.7143054971887,943920
2021-06-16,853.8859252929688,858.7957531758186,837.1482528224534,838.9139759941535,2339240
2021-06-17,858.3464965820312,864.5372895043251,850.7868376002283,851.4997874641391,1515740
2021-06-18,839.8858032226562,860.2429353943113,836.5278372256697,858.3441145845908,2953400
2021-06-21,838.864013671875,841.7585740660487,832.3928096188017,838.0203446728635,803600
2021-06-22,828.7590942382812,843.5599406792271,827.4971590284586,839.8549569231972,1410640
2021-06-23,827.7252807617188,834.6266447612834,825.5959464409733,831.7724664713534,741680
2021-06-24,837.466552734375,839.8549464015731,823.3335167815238,827.7371774385545,1300900
2021-06-25,832.0933227539062,838.9043496459817,828.6854014774896,835.1138444293451,780000
2021-06-28,832.067138671875,837.4784327326935,829.5646777092825,832.109899417729,809000
2021-06-29,836.4922485351562,843.6573717378268,831.2829218735227,836.0525728939929,1421920
2021-06-30,838.096435546875,843.419771845587,835.339672594319,838.4291223080392,1031340
2021-07-01,838.7238159179688,842.4691819361782,835.0782443252907,837.9538323009772,534000
2021-07-02,836.6229858398438,840.3303488220652,831.1095177796298,840.282830428963,614460
2021-07-05,838.4932250976562,841.8511911671804,832.8822840394375,836.7702628956971,686440
2021-07-06,830.3536987304688,838.3268663085867,827.8298283638718,838.2175566127092,1251020
2021-07-07,842.0865478515625,846.0339395985524,825.1326351947766,827.0219409558883,1090380
2021-07-08,837.42626953125,841.2738088563624,833.585866668076,837.288413973804,597360
2021-07-09,838.2388916015625,840.3302227644801,834.1513240676825,834.3913528378583,538820
2021-07-12,838.49560546875,843.9116573250919,835.1780213196988,843.9092785046982,666020
2021-07-13,840.8958740234375,842.8494078368282,836.5801714501841,842.7067946466495,500080
2021-07-14,833.6618041992188,840.895855208165,832.7254772620315,840.895855208165,1017220
2021-07-15,837.5665283203125,839.2752178342461,829.3984702635528,832.9632201357457,556780
2021-07-16,839.1040649414062,841.9938677719848,833.5787029810058,839.1420680504879,733700
2021-07-19,843.7738647460938,848.1727681423538,834.1514194955623,834.1514194955623,1028040
2021-07-20,848.7003173828125,851.1195778274814,841.3284106849986,843.6550131703386,891880
2021-07-22,855.2926635742188,857.7476061493952,841.2808316611652,848.7002562141488,2266340
2021-07-23,862.3817749023438,866.1865529383446,849.9431555808128,852.2293759588505,1504620
2021-07-26,860.3570556640625,864.4636540800484,856.0531892079185,858.9549440586327,1069900
2021-07-27,866.2864379882812,876.8808924778676,854.2328381758109,856.1102497769831,2783140
2021-07-28,856.6116333007812,871.4148581372042,850.8343490260223,871.4148581372042,1752740
2021-07-29,851.4879760742188,865.0459189072486,845.0833207786198,853.16342002116,2710720
2021-07-30,841.4068603515625,853.4461870176043,839.1444279818347,851.4879535737235,1667400
2021-08-02,841.977294921875,850.8249997452544,840.0927466749395,845.8343497650073,639480
2021-08-03,869.0431518554688,873.6012618892554,839.0944989485567,839.8644825060264,1262560
2021-08-04,858.265625,872.1729041814525,856.3525313719763,869.5183729083095,816440
2021-08-05,865.4617309570312,869.04313205484,855.634882026484,862.6693439621125,759280
2021-08-06,856.5213623046875,865.426157777478,854.5892958896708,865.0458946157958,767480
2021-08-09,865.1551513671875,866.7093913659176,856.5213098810358,858.8669428013233,612720
2021-08-10,868.5298461914062,873.1592631131492,859.5847265639355,865.5212183623927,1229340
2021-08-11,863.515380859375,870.5117815809676,856.7447359901012,870.5117815809676,699700
2021-08-12,861.9017944335938,867.3249830455325,859.3422995910537,864.133302144047,489880
2021-08-13,868.3516235351562,869.3260116678954,861.7996553156908,865.0316602540161,822460
2021-08-16,869.5730590820312,879.257294521484,863.9597394267868,868.3515058507343,899420
2021-08-17,890.3579711914062,893.4426630903032,869.8654193856169,872.1753700791198,1504020
2021-08-18,898.8396606445312,901.5964233687115,891.1897224119435,891.2348619792166,799760
2021-08-20,930.221435546875,933.5413988098267,881.9309711457364,881.9309711457364,2862140
2021-08-23,951.6002807617188,955.1151327454186,929.5749000173117,936.3407870159117,2974840
2021-08-24,940.1360473632812,960.0582608487857,934.6772350808795,955.3527803267572,1661680
2021-08-25,946.3150634765625,966.0471478525426,940.428468957395,940.428468957395,2003180
2021-08-26,953.1046752929688,956.2891615337002,941.3576540720799,949.4092068286807,1264080
2021-08-27,948.57275390625,955.3529147637286,945.6567840248102,955.3529147637286,702080
2021-08-30,938.3489990234375,956.422290587479,935.5922942228676,952.9763660717581,2679160
2021-08-31,925.302001953125,942.9926508325989,919.7053338601294,938.4796804686437,4547400
2021-09-01,942.3699951171875,945.3714860884232,929.3110841560444,938.5652171573034,2096860
2021-09-02,962.0355834960938,964.3835372502427,939.2401598894454,944.6110721910559,1571540
2021-09-03,963.273681640625,966.902600985727,955.4026875185943,962.482288747919,939560
2021-09-06,961.2085571289062,967.1403491662669,958.2046870119204,962.9648229130246,681380
2021-09-07,968.1122436523438,969.2648691568523,958.4969356331557,958.4969356331557,683060
2021-09-08,942.9760131835938,975.7907383126392,940.3808941800081,964.8588401240416,3447460
2021-09-09,972.3305053710938,975.5530526439717,943.0140397930751,946.322108557441,2207220
2021-09-13,972.0952758789062,974.364844620989,961.5317466674442,964.8588461368817,750060
2021-09-14,961.5531616210938,979.5527675342141,959.1552526023839,971.9883506302651,1183700
2021-09-15,956.2654418945312,968.1859430752348,954.7777508148573,968.1788066139891,752120
2021-09-16,951.923583984375,962.0878776016241,949.1739576511346,955.6404038981501,1025300
2021-09-17,958.9508666992188,964.8113520450605,955.3552505316626,957.9670213601422,1902580
2021-09-20,965.9329833984375,968.9463685312605,955.400321325406,956.5410526941112,1830260
2021-09-21,959.609130859375,966.2847391352428,950.7020149838118,960.105840163891,2168220
2021-09-22,947.0446166992188,958.8629447034128,941.5739099159288,958.8629447034128,2150460
2021-09-23,942.947509765625,956.3509441150375,942.0444283261944,950.5998267670983,1074480
2021-09-24,944.1475830078125,949.6491558855843,941.0937580848132,947.1300433251331,837880
2021-09-27,933.5936889648438,945.8469360613366,931.6402130592999,945.8469360613366,919480
2021-09-28,928.9617919921875,937.2272644962495,924.8884972396785,935.8655348781114,1153720
2021-09-29,927.1557006835938,936.3408484893238,923.1108936964883,928.9618055793336,925900
2021-09-30,924.2469482421875,931.1102518817802,918.0965365295187,925.8035092103256,887460
2021-10-01,929.2090454101562,933.7243950419681,915.0498409983119,924.2207746377078,797380
2021-10-04,926.4998168945312,933.9643815607167,920.2780989091149,929.209003342962,655920
2021-10-05,921.870361328125,930.9723083748223,919.4605582439214,926.8348434608326,546560
2021-10-06,910.5390625,932.740358595747,906.7771035309391,924.2158276873387,1452160
2021-10-07,905.2396240234375,917.5285530028121,900.9477095578144,912.6139097312798,953900
2021-10-08,902.4258422851562,911.6228843002286,900.101618671733,905.684014012743,1744920
2021-10-11,907.09326171875,912.3620008793129,903.1958255133998,904.0679823157164,776040
2021-10-12,922.8280639648438,924.4583682613281,901.6463503329243,906.3446948049947,1444980
2021-10-13,918.3103637695312,931.8279244255316,913.8140448396726,926.8348961641136,1078500
2021-10-14,918.5360717773438,923.448277594362,913.7640422956499,921.7966220737976,843800
2021-10-18,923.9093017578125,931.587785413921,913.5263895742634,931.587785413921,1126060
2021-10-19,920.5822143554688,937.8641116343834,916.5707110775501,925.6465486788187,1186040
2021-10-20,916.2665405273438,960.1058208864588,905.4677404667299,917.3288288667651,4355380
2021-10-21,914.1514892578125,935.3902952284988,905.764870434,924.9336963997249,1519240
2021-10-22,903.3883056640625,923.8879932129277,895.9403351472796,923.8879932129277,910300
2021-10-25,888.632568359375,903.1149422705887,884.2645901632618,903.069802705255,1082920
2021-10-26,918.8182983398438,921.8017183192744,891.1522986362261,893.110157054591,2133160
2021-10-27,908.6344604492188,928.4952898044316,904.1856524161227,917.8477057474706,1057640
2021-10-28,908.0033569335938,914.0801533302413,901.410161242694,908.8926399406598,629000
2021-10-29,908.4216918945312,917.9767712310559,896.8513246557717,908.4145131973991,985500
2021-11-01,905.5267333984375,913.1430979453346,895.7899683859943,913.1430979453346,851420
2021-11-02,897.6068115234375,910.0425331965702,891.1809435529972,903.6812151391671,698980
2021-11-03,895.8472900390625,903.0572698749999,887.4253360314417,901.7209233176931,889580
2021-11-04,903.1195678710938,905.9762812026046,899.4213126774247,903.6335159700025,138100
2021-11-08,910.7691650390625,913.0019147472508,893.1148243021886,905.9760719351061,866240
2021-11-09,905.5817260742188,910.5660767232469,898.9025024380501,909.2249442724376,872960
2021-11-10,906.16259765625,910.451256270878,898.8522328943511,905.9235412113313,761180
2021-11-11,901.4341430664062,906.0240155887944,892.6392462524024,906.0240155887944,839120
2021-11-12,915.2252807617188,920.8072725490205,901.7616043492926,906.0239997844593,1330240
2021-11-15,931.2013549804688,932.2723231703928,911.7540900995627,917.976736281662,1016660
2021-11-16,930.5081176757812,937.0535138314467,923.7619514483765,929.9367984222184,922400
2021-11-17,931.222900390625,935.4279245172808,925.7700669143892,927.7303182064541,1085520
2021-11-18,927.802001953125,931.7846613585796,921.8040546731362,927.5390165154578,832140
2021-11-22,908.1923217773438,935.4686312462977,900.4062358480254,928.1845872725288,882760
2021-11-23,917.0946044921875,920.1951594448853,903.8580216959131,908.2231945256003,739200
2021-11-24,912.5692749023438,922.2797758286845,906.0239373744722,917.9767597672753,687100
2021-11-25,916.9273071289062,918.4548521166425,903.9058513457001,912.4784410539366,594900
2021-11-26,919.0404052734375,929.1692533963304,907.5776620676354,915.5310735105741,1128820
2021-11-29,908.4336547851562,916.1742746353011,898.8522535760708,910.8050760970292,962140
2021-11-30,915.7081298828125,928.7295277854855,905.3283174404879,908.4336584092857,3395600
2021-12-01,927.433837890625,929.924787376932,916.1551127681121,918.4548637886942,1096240
2021-12-02,932.47314453125,939.4918677267808,919.2557621655037,927.4338741492269,972000
2021-12-03,923.7786865234375,932.2627977262612,914.9646470657173,927.6442107014519,1508960
2021-12-06,909.203369140625,928.2848705067189,905.0270601410331,927.5389864001355,698540
2021-12-07,924.8735961914062,929.6260105379324,907.2670531309002,919.2198759703234,1408580
2021-12-08,931.3209228515625,933.5130518393621,919.1744505224128,919.1744505224128,671560
2021-12-09,922.0287475585938,934.6629040727419,916.1814362286443,932.3201392296918,810440
2021-12-10,921.33544921875,923.2359361718019,909.8703121304808,918.9807200289387,788980
2021-12-13,907.5538940429688,925.1245433233506,904.7808742085898,918.9425761375892,1089800
2021-12-14,919.8319091796875,923.8552481753816,904.2740957091618,906.172248403791,1381340
2021-12-15,918.1250610351562,922.906190295644,910.8051241229202,915.6364459025001,1298180
2021-12-16,920.7092895507812,923.4919396830217,914.4101862720663,918.2159467868347,808340
2021-12-17,912.2225952148438,919.5568885782407,908.414442590679,913.9151334315333,1085560
2021-12-20,902.7369995117188,911.6752952914055,889.2900730045928,908.4145907036163,1426200
2021-12-21,918.9568481445312,922.0860594682787,903.6357004977299,907.792866145656,693560
2021-12-22,917.52734375,924.6679293591163,909.002553633283,919.4110805079085,732240
2021-12-23,918.3856201171875,922.7555793833144,915.825334666951,922.518915813042,951380
2021-12-24,919.1339111328125,929.1671043061745,916.5951033738164,918.3856340229713,684400
2021-12-27,922.8703002929688,927.539080037072,913.1693703105216,917.307451708314,531760
2021-12-28,925.3875732421875,930.816536207927,919.6502180993788,925.1485167779038,420980
2021-12-29,927.5222778320312,929.977392248228,920.4414561157699,925.3875200703893,585380
2021-12-30,927.8522338867188,936.3841448552213,923.8671230495639,927.06094300448,797360
2021-12-31,942.1549072265625,947.3783139797669,925.1580287298148,926.3437393780762,797740
2022-01-03,940.8281860351562,947.3329026390738,938.9205202515395,941.6433475110106,517380
2022-01-04,950.9210815429688,953.729994624173,938.4423474421259,940.8305188676951,700680
2022-01-05,953.154052734375,957.4212343903137,948.0550175327119,950.2017401257684,648640
2022-01-06,939.3746948242188,953.1538826531629,933.9935319052992,944.2777448524778,614180
2022-01-07,951.5809326171875,954.3133314504078,936.4820901507883,939.5157608035844,979660
2022-01-10,942.2649536132812,954.7389031892754,940.8808073900534,951.5881554299165,412340
2022-01-11,944.8443603515625,947.8588880689214,934.7107824336653,934.7107824336653,635760
2022-01-12,942.2218627929688,949.0541148705133,939.9699696903925,949.0541148705133,474220
2022-01-13,942.5708618164062,944.2729717444593,937.1012782881722,944.2729717444593,707660
2022-01-14,927.546142578125,942.8075263348709,921.3234965977567,942.5708044363689,743800
2022-01-17,924.3452758789062,933.0373947365148,913.7264062451246,927.5390959717339,728060
2022-01-18,926.5635986328125,929.9295319130388,917.4029980675857,921.8972123537305,724160
2022-01-19,905.4024658203125,929.688234012405,887.9561290257653,926.1047798035092,1647660
2022-01-20,895.7015991210938,912.2395097405189,889.5315374864143,898.8523471237817,1581120
2022-01-21,907.1834106445312,911.3907692300548,889.7705174698901,892.1586891182836,1104820
2022-01-24,894.919921875,910.3271007600898,889.2901299442054,907.1835313073944,1068740
2022-01-25,898.4099731445312,902.8708038487509,875.5657831661093,888.0062317839389,1157600
2022-01-27,879.0320434570312,898.3740785112315,871.0140813266416,886.8993696851168,1085180
2022-01-28,878.9819946289062,891.6329037048172,876.2973949284354,879.7278788884831,748460
2022-01-31,885.539306640625,891.1977547386177,881.0665693228,881.0665693228,595220
2022-02-01,892.7180786132812,897.80993427397,880.7317556058731,889.2899881320805,535820
2022-02-02,884.5399169921875,901.2428192184976,881.6712395835344,899.8084805141712,1208320
2022-02-03,875.2622680664062,888.3171094629305,873.0868308018339,880.6840525694638,687080
2022-02-04,876.4598388671875,879.7277218096903,870.2993495809869,879.7277218096903,898480
2022-02-07,864.0814819335938,880.683940308258,856.3479826194615,876.459831616126,969380
2022-02-08,864.7699584960938,870.8468131486248,860.1251080094321,870.4045353703008,787700
2022-02-09,867.06005859375,871.9415721847647,861.6287035448091,864.9061578396086,964860
2022-02-10,867.28955078125,870.7821909092299,861.0812622874645,865.4320776479999,1008440
2022-02-11,851.7677612304688,867.0578034805853,842.434987445708,867.0578034805853,1919600
2022-02-14,844.8375244140625,851.0529925968204,833.3412778298234,847.0248677560979,858340
2022-02-15,869.5486450195312,876.058147119664,840.1136539927509,844.8374115149275,1003400
2022-02-16,871.3032836914062,879.603315628282,862.2047822972488,868.5875770678573,808200
2022-02-17,866.62744140625,879.7277466982391,858.6979575396058,879.7277466982391,2276800
2022-02-18,861.0479736328125,871.7146431105077,851.5717423583452,860.0295907231629,1926560
2022-02-21,865.676025390625,868.2530610280103,852.2362782392227,859.5035712637033,740720
2022-02-22,865.9102172851562,869.8474698119278,848.1554909815266,859.8860067255614,1261740
2022-02-23,857.09619140625,870.6219642532974,852.7142684572386,865.9101714520243,1184960
2022-02-24,848.3994140625,859.1067622695136,839.5662895171664,847.6942091765012,2242100
2022-02-25,846.9818725585938,855.5807269184518,841.4787878620831,851.0410468150612,1619780
2022-02-28,843.3504638671875,849.573109741805,828.5695861284906,846.2597619431208,3157460
2022-03-02,853.17333984375,855.3152763302096,834.644071787683,841.4787168080329,1732620
2022-03-03,833.6615600585938,854.865855254218,831.4167873357112,854.865855254218,1339280
2022-03-04,831.5267944335938,838.8036586106444,813.7959382245805,827.1352995254434,1034100
2022-03-07,829.145751953125,832.2869863563587,814.7043729723783,817.5730503419993,1330840
2022-03-08,825.3806762695312,838.1319691672273,811.118588529493,827.1353717394771,1954480
2022-03-09,819.7533569335938,830.9602963218005,815.9307879190642,830.9602963218005,1422440
2022-03-10,843.8262939453125,845.5546674901651,823.3582517294745,827.1353554879074,1329780
2022-03-11,828.44775390625,842.3417431188681,823.7885459215717,841.4787236343391,1465580
2022-03-14,830.3482666015625,835.6194732819063,820.3461815450328,835.6194732819063,773300
2022-03-15,834.8616333007812,839.5662478696453,824.5080844999358,832.8726673057643,1244220
2022-03-16,852.15966796875,855.1287885492675,835.3109752652086,841.9567557653352,967800
2022-03-17,874.1912231445312,878.5252886356117,850.3692125156888,850.3692125156888,2017800
2022-03-21,854.6962280273438,878.2934831759442,851.6864860167426,877.3372572824484,806700
2022-03-22,833.3148803710938,854.3852884443052,824.9191905299276,847.5506440956013,2804480
2022-03-23,829.2484741210938,839.0880151338974,825.270542699187,838.3708458901933,1185580
2022-03-24,832.3037719726562,836.6976016491739,825.2228916836995,828.4740828526077,863620
2022-03-25,820.4990844726562,835.6457263973625,816.3777537254272,835.6457263973625,1064340
2022-03-28,806.1007690429688,829.4757165030842,802.7515857328175,824.7447798624837,1602220
2022-03-29,809.057861328125,812.7895582897997,804.1859187645448,808.0108220642572,1675180
2022-03-30,827.0397338867188,829.4087623415771,813.8724856877665,817.9555886096429,1499400
2022-03-31,830.9865112304688,833.5324389830686,822.4928288737772,824.7447218728673,1245620
2022-04-01,839.432373046875,841.8468665552548,824.7447586564506,830.9865482924356,623180
2022-04-04,852.0043334960938,854.2203913708296,834.8830831958301,841.9567842881625,795680
2022-04-05,861.71240234375,863.4718834672516,847.1395307250365,852.2840301150975,795640
2022-04-06,870.9663696289062,873.0341846453184,854.0531252248383,859.4079665388608,941160
2022-04-07,869.6109619140625,872.5561540964904,859.8861606260483,867.7750244850029,749740
2022-04-08,882.2520751953125,884.3174969837388,863.9331513860532,867.8704036189229,685620
2022-04-11,880.9876098632812,885.477097210404,870.7870893352114,880.5884042491696,753380
2022-04-12,880.5787963867188,884.4610708240676,871.2412373850582,873.765687519803,1098000
2022-04-13,878.88623046875,886.8516075236791,872.5560205014164,883.313560480201,546600
2022-04-18,887.4492797851562,893.4017621036738,874.9466156538181,874.9466156538181,1075460
2022-04-19,858.1458129882812,895.2665098864603,852.5829640775383,886.445349195822,1318840
2022-04-20,875.1953125,880.6338472188046,860.1227903209195,870.1129695886824,1763540
2022-04-21,874.606689453125,892.1416308172845,852.8915783512853,867.3058354086055,3706820
2022-04-22,873.8762817382812,876.840776144882,856.7881509835184,866.7820584684491,2174140
2022-04-25,873.2492065429688,881.6719504787318,857.6530010540156,860.0505674969645,1690140
2022-04-26,884.8311157226562,891.0028644006285,874.4648864769098,879.2696386004093,1411860
2022-04-27,875.570068359375,887.2311533670901,872.0625755863937,872.1586471753395,1348600
2022-04-28,885.4053344726562,890.5512053331278,873.2661209472774,876.3147221552831,1579160
2022-04-29,880.7255249023438,896.8358734402827,877.6264244778607,884.5548984089298,1267960
2022-05-02,886.0228271484375,887.9182762332954,874.9454442753414,877.7802600261361,831940
2022-05-04,869.0715942382812,887.5386291696661,863.4451894223706,878.3615640242868,1217140
2022-05-05,845.8165283203125,883.036523183105,841.1198715203984,879.7573034110957,1266260
2022-05-06,816.5892944335938,845.6219749636848,815.6067014753561,840.822032116657,1799940
2022-05-09,792.9931640625,819.4649327723987,790.3817530356432,816.4931653231852,2302940
2022-05-10,793.7738647460938,801.432611065907,788.027341632475,799.5107103199456,1343540
2022-05-11,793.3798828125,799.4675248512169,780.0466957056871,793.7739053305513,1235740
2022-05-12,779.330810546875,792.0393567156189,774.8504025597681,792.0393567156189,1435520
2022-05-13,788.12109375,795.7774356063295,783.410008580618,792.3036092749903,1108780
2022-05-16,779.2755126953125,793.745018433021,775.2202715695378,792.8801396253572,1049660
2022-05-17,784.2988891601562,787.4988704865171,776.6713451888485,787.4988704865171,1726100
2022-05-18,785.2694702148438,788.8610107388705,778.9463999237722,784.2989008902483,1920180
2022-05-19,773.2889404296875,780.5296769937709,768.7604375167338,776.928517165349,1410040
2022-05-20,810.17724609375,814.8859264407258,780.7745924969026,784.1835499111041,3049540
2022-05-23,816.5340576171875,834.5854864599812,812.5460896903813,819.6883493944566,2063460
2022-05-24,825.7974853515625,830.179416686902,809.7496611151732,823.9669053980446,1848200
2022-05-25,830.4413452148438,844.9636967789845,826.5831151829285,830.2611670101975,1630020
2022-05-26,848.1588745117188,851.8825574333819,832.2527518803025,837.708538570277,2111620
2022-05-27,847.6087036132812,856.5407212673459,840.2165878792993,852.8434903651844,850540
2022-05-30,850.7725830078125,864.2258882800501,847.310780390785,850.4410832807325,1041160
2022-05-31,850.0327758789062,872.427719600644,838.7655963986232,850.6838104396946,7190740
2022-06-01,828.4137573242188,857.5737699320417,825.4612277475776,844.6754268784571,1164940
2022-06-02,835.7289428710938,839.695267932174,817.7711825472296,828.3392320626548,1377980
2022-06-03,825.0239868164062,844.0676268136549,822.8426692053382,843.8586505923047,1053720
2022-06-06,816.6588745117188,828.1855286601492,814.554449415698,825.0239642684015,720020
2022-06-07,804.64697265625,816.7861854432512,798.0692954181992,809.6031047699972,1015240
2022-06-08,803.5347900390625,805.2765128069175,790.2160302879155,799.0543818279752,1632720
2022-06-09,805.66796875,808.3970936061062,792.0657467688724,801.4422270373196,574960
2022-06-10,805.992431640625,810.6818748263535,794.5523463063137,800.5198114423764,896200
2022-06-13,809.814453125,815.3567506747177,794.7059370986007,801.913064702276,2369280
2022-06-14,810.63134765625,821.6125990623607,805.2764421219395,809.913039572146,1321620
2022-06-15,807.3088989257812,819.9309927992733,800.4717456803922,819.9309927992733,1295060
2022-06-16,810.7538452148438,814.3574091304143,798.3071213740417,814.3574091304143,1615080
2022-06-17,799.6261596679688,809.8386638908565,789.6611072476571,809.5047593845599,2912380
2022-06-20,815.22705078125,817.9105446332645,794.5882598581672,802.3935770686721,978040
2022-06-21,815.4530029296875,826.417422224754,810.0812638784507,815.8469668242049,1112620
2022-06-22,806.0043334960938,814.4054350310499,796.8945427966976,814.4054350310499,1047280
2022-06-23,815.6690673828125,818.9675247415769,802.3935360540046,808.1592381094824,633500
2022-06-24,827.9381103515625,828.8197636214021,813.0625574934558,814.4079115849659,607600
2022-06-27,834.0208740234375,836.3728096060312,825.586164394191,833.6245054282464,1276840
2022-06-28,836.2142944335938,840.8244401992516,819.2583047607022,831.222149744604,1044480
2022-06-29,840.7860107421875,842.0328298717662,828.9302611319335,833.6245134536459,1939440
2022-06-30,839.3902587890625,844.1373565883878,828.0606735486624,840.7860534618122,2056840
2022-07-01,855.0079345703125,856.6583362124691,832.7138758689197,836.0267614140909,770940
2022-07-04,864.5935668945312,865.9821474004576,850.6573799702379,855.2459420526303,974580
2022-07-05,864.1347045898438,871.7333922296522,860.0506651186101,864.5935373216834,828760
2022-07-06,883.5291137695312,885.438991153325,855.3060023446988,864.1347350421688,1567820
2022-07-07,874.7027587890625,891.281559084574,873.1964642383069,883.5939553404484,1037580
2022-07-08,884.9944458007812,886.4766929388411,875.521835549139,879.2695653539726,1176500
2022-07-11,888.3698120117188,890.0803319225358,881.2876120655123,884.0743917611153,787640
2022-07-12,870.86865234375,887.4378352065106,869.7106905055283,884.8793278212647,523780
2022-07-13,876.8504028320312,880.4659904254213,871.1015335134924,871.1015335134924,455020
2022-07-14,882.3109741210938,886.0418709656059,871.2312468694196,876.8479736213627,1045880
2022-07-15,901.9241333007812,905.0400082796615,882.9357419094866,884.0744659135329,990020
2022-07-18,894.904296875,911.5575250609572,891.4040186240342,905.1528117660424,879540
2022-07-19,883.0029296875,896.0141771656783,875.7357421887455,893.6790747001573,874560
2022-07-20,894.5054321289062,896.5666894278246,876.8672069698713,891.2814624269103,1093260
2022-07-21,905.212890625,907.6152666742227,893.3835933046977,893.6838903108505,1013120
2022-07-22,912.3720092773438,916.9389286246088,905.001535768398,908.4705528070333,1264000
2022-07-25,901.2538452148438,913.3834404245426,899.0676593901555,912.3720494184546,719180
2022-07-26,889.3355712890625,902.3324492504179,876.879286593634,902.3324492504179,2789420
2022-07-27,890.892333984375,896.999214009502,881.6720425208848,890.9932736653543,899460
2022-07-28,918.3034057617188,929.4792634744935,886.9572087743163,892.4826735093676,2609140
2022-07-29,930.1567993164062,933.2294477317413,912.9533582622718,918.3034545276385,2276500
2022-08-01,925.1646728515625,936.9266970798524,917.9479255236195,934.1399172893719,1171340
2022-08-02,934.9471435546875,936.9747349502878,927.3268134397503,931.0168303637538,1124380
2022-08-03,930.4835205078125,939.1489078082604,915.3053242308557,929.2415107917902,1026500
2022-08-04,953.7432250976562,957.2891342453489,931.934449803938,932.0738063736474,1765600
2022-08-05,957.1788330078125,961.9115027470185,947.9320886653885,953.2629477772651,1251200
2022-08-08,944.2755126953125,960.3401702259314,939.3289994836549,956.3858687837417,1149180
2022-08-10,949.8755493164062,968.1576565648508,937.1670020494995,953.7722553194096,1444140
2022-08-11,945.5559692382812,960.1047725771107,941.1356207962717,951.3409094969161,1009220
2022-08-12,939.004638671875,949.2484024196848,932.7801037899725,946.5361106270335,978060
2022-08-16,945.7169799804688,953.9642971240047,936.100261559208,939.3290409124182,1321660
2022-08-17,948.2322387695312,953.4525971432121,945.0563047249,945.6712684076634,792000
2022-08-18,939.6966552734375,948.1097813327156,935.9657580344368,947.4971636775716,978420
2022-08-19,934.0870361328125,945.0899301903798,929.7195328891745,941.7314131590605,733960
2022-08-22,934.6299438476562,943.1728068830081,929.719501435874,932.1699131976792,795880
2022-08-23,942.9638061523438,946.0052517809988,924.9700329261966,927.3171590286249,857620
2022-08-24,945.1452026367188,947.3505674842528,930.5868385942638,942.6371360531107,675360
2022-08-25,938.2071533203125,950.6682475071984,935.1993737859464,945.142782541449,518180
2022-08-26,938.2769165039062,944.9050351493049,933.4673544803329,938.8486539079427,559780
2022-08-29,943.9584350585938,949.3709954301611,926.6012678000504,932.1219233653675,969240
2022-08-30,957.3876953125,960.7102002198582,944.614280386217,944.614280386217,2195020
2022-09-01,948.119384765625,963.3528307324738,940.5110196581637,946.5361977770441,1581240
2022-09-02,939.89599609375,953.6471938773269,938.3680591614603,949.0490133998926,624820
2022-09-05,925.3807983398438,940.8977658954818,923.8096350660413,936.9266313658663,994480
2022-09-06,914.9161376953125,927.7016357050854,910.2627654002652,925.42893850622,1187400
2022-09-07,921.5178833007812,927.6559074400916,913.6236494683606,914.9160996836822,1114720
2022-09-08,918.8486938476562,926.2119522920285,913.1430512621587,922.5603527676608,1092940
2022-09-09,915.3653564453125,930.6805041320492,912.4608626164411,930.6805041320492,968680
2022-09-12,911.3748779296875,920.5880126920131,907.6223973847567,915.3796783186967,871200
2022-09-13,915.9611206054688,925.707576679687,911.4614749481685,911.4855221694138,1022920
2022-09-14,918.1279907226562,924.1627870123343,906.7022771005378,906.7046818224586,1232020
2022-09-15,913.3353881835938,925.2535435720346,911.8339030705334,922.2241800529108,669100
2022-09-16,884.2762451171875,913.3353776829358,881.2180249662077,913.3305682384884,2323260
2022-09-19,901.623779296875,905.2153198573583,877.6984944602151,888.6989840717442,1072620
2022-09-20,894.48388671875,909.0590832194592,892.487498175744,903.7738559914391,1676000
2022-09-21,896.0814208984375,907.5887782509801,893.2538197100151,894.4526029643226,925980
2022-09-22,895.5240478515625,904.9750159069378,892.7493505643864,896.0814154917086,1558620
2022-09-23,888.6821899414062,896.3842221775369,886.4792297166917,893.2515142030306,716840
2022-09-26,886.6353759765625,907.6129419089011,883.9567499064074,888.6773957982949,2261700
2022-09-27,897.174560546875,903.0531677718661,891.0748948394986,891.1878581287195,1386280
2022-09-28,905.260986328125,911.8939728457909,890.1139926049572,896.3265632861849,2110340
2022-09-29,911.9011840820312,919.1491343103684,902.8730355519973,909.7894860175119,1743900
2022-09-30,919.8601684570312,922.2721633897454,907.8098713336782,910.5005207728927,1619460
2022-10-03,912.5474853515625,919.8194834094255,901.8521009223242,918.548616909032,1040920
2022-10-04,925.0037231445312,929.7195593197083,915.3629572669334,924.914807075162,745780
2022-10-06,927.3242797851562,938.1349709646581,924.3020722379699,929.3398472894074,1340720
2022-10-07,928.326171875,931.160987437075,920.955698335014,926.125616455856,792260
2022-10-10,918.6229858398438,922.7526562625501,913.1407471794151,917.7076664730386,692380
2022-10-11,886.474365234375,923.2162907777764,884.566892710945,922.7526486186929,1098520
2022-10-12,899.7090454101562,901.7006244887721,886.4743349757532,890.8010164768256,774960
2022-10-13,901.546875,909.1384068821122,893.924140381657,902.8129318877365,605540
2022-10-14,909.4434814453125,913.5635328220027,905.6957514269806,910.9257286678122,441300
2022-10-17,909.06640625,915.7858457240922,902.9187041825629,905.6958652622842,348500
2022-10-18,931.5381469726562,933.5177024929128,912.4224243094314,913.863849940252,1070220
2022-10-19,948.4149169921875,953.6472995020285,925.1310464978623,931.5382238387456,2609600
2022-10-20,963.8861083984375,967.8548382918417,946.5361557492847,947.4490703709682,2257080
2022-10-21,975.1220092773438,977.7670275874774,960.1095640671631,963.8860920839091,1143860
2022-10-24,1002.9944458007812,1011.4004167339148,977.7695534413676,978.0073863476881,903960
2022-10-25,974.5191040039062,1011.3426750831647,971.3767771402092,999.3885073205234,1427060
2022-10-27,967.3528442382812,983.7731099617187,956.6262573547165,983.4607893075681,2029480
2022-10-28,974.5214233398438,978.8216529352994,963.3599937861842,967.3527122142734,1298600
2022-10-31,984.2340087890625,989.3863744797667,973.9196602719735,980.3214275895097,1591100
2022-11-01,995.1841430664062,1002.1876606532447,984.553135898314,985.9813692071428,794120
2022-11-02,985.3916015625,1000.5030717038662,977.4286722485016,995.1863887141355,866340
2022-11-03,987.136474609375,989.6280798570787,973.9221166713461,977.4432274830372,706560
2022-11-04,987.2259521484375,992.5281213293533,981.396905496781,987.1365068801684,377460
2022-11-07,989.8817749023438,1001.4697747329446,984.5627317019593,988.4922462572526,1354440
2022-11-09,982.1315307617188,1007.3834154485455,976.5780183174855,996.4164585385612,1044900
2022-11-10,975.142578125,986.0030980893422,968.8422918088861,981.1503972949486,779820
2022-11-11,982.2572021484375,990.8363953274926,976.3411885861586,980.0193595394451,716740
2022-11-14,969.8209838867188,985.6381039311213,961.4834583154792,982.281369596284,969520
2022-11-15,969.3544921875,975.6571374780096,959.419520013595,974.5962436164943,786820
2022-11-16,971.4014892578125,973.6417508281967,958.21126337751,966.2901882279481,895520
2022-11-17,966.234619140625,973.4218054965587,960.9977052880398,972.9529848851049,555640
2022-11-18,963.0494995117188,968.8809059919772,956.0363063160976,966.4280052977942,733720
2022-11-21,955.1517333984375,959.8835408729836,950.5068931456457,959.5162017124389,996880
2022-11-22,947.9887084960938,959.385780964651,944.9219633169199,955.1517633505089,948440
2022-11-23,945.6493530273438,957.6312413304779,942.9861736190963,952.1695346128241,1034440
2022-11-24,953.8829956054688,960.5988830661237,942.5439211185196,948.5445415187625,1193920
2022-11-25,943.9215698242188,958.1630146021896,939.6029446363658,957.0029991666689,1157160
2022-11-28,957.7496948242188,959.1900231141299,940.5695378072703,943.7112140640778,1060000
2022-11-29,972.5277099609375,984.7947507375197,953.6196531068106,954.586322800786,1474460
2022-11-30,975.5557861328125,983.0547331815602,958.9556653769185,972.5276863099746,6267780
2022-12-01,969.0621337890625,983.5815308124137,963.5279736431135,975.8530116806853,1058520
2022-12-02,954.644287109375,973.3251900898208,951.1667189677469,969.0621438485762,1392340
2022-12-05,954.6925659179688,959.4195945034801,945.0500600924349,955.0599050923539,1699980
2022-12-06,962.3727416992188,966.1862603321048,946.1278662331641,954.1512120725745,1362180
2022-12-07,962.3606567382812,970.4952192281237,958.3683065479767,962.8029269630105,1139120
2022-12-08,957.2615966796875,971.454719726301,953.6679737757595,961.8363444813207,812480
2022-12-09,978.354248046875,980.9255632373763,959.1392706017467,965.1229578203757,1535100
2022-12-12,990.2250366210938,991.8030729231152,973.6780167658945,978.7530324899163,1621200
2022-12-13,985.4375,997.4072937781159,982.6196792677805,993.7847606991818,982680
2022-12-14,969.73876953125,988.4510598962796,966.9910418585185,985.2852523393075,1633600
2022-12-15,953.9990844726562,973.917294573924,949.0013596899659,969.7388553947616,791080
2022-12-16,954.0401000976562,959.9029538323048,945.8910821014155,953.3779337533842,1386420
2022-12-19,970.6160278320312,972.4695978721635,957.0004655519422,957.0028845859263,1308960
2022-12-20,973.2213134765625,974.7824755756604,959.4704018249355,973.9197063626933,933520
2022-12-21,981.8561401367188,983.4898143528283,969.6736470115682,974.6447626559868,1407560
2022-12-22,981.4887084960938,987.9363785166689,974.2821697627081,985.7613718124982,753760
2022-12-23,973.0858764648438,988.6613285177625,969.3303556472565,976.3362911786264,1488080
2022-12-26,961.715576171875,978.5428516757834,959.9030703743404,975.1257000392009,667640
2022-12-27,955.8429565429688,967.5251807286845,954.3446303567563,961.8363202886528,805820
2022-12-28,959.1103515625,961.6381834292362,952.6530049409208,956.519683804202,706920
2022-12-29,957.3895874023438,962.6844988515903,948.8128138083853,958.9362351490265,797020
2022-12-30,947.626220703125,961.3529411654832,945.492337628494,958.9144957983966,852880
2023-01-02,945.4778442382812,952.894602932251,942.563321097264,948.1410238313667,503280
2023-01-03,953.4890747070312,955.1154916301472,941.3404494813512,947.2879103063113,628300
2023-01-04,943.46484375,956.9064150270538,942.5030120628851,956.0363886463521,639680
2023-01-05,955.8429565429688,961.553588290845,943.4454062425989,944.4362662532802,1027860
2023-01-06,961.1234741210938,963.1148114046464,955.8696264991413,957.0030325972435,787720
2023-01-09,970.8118286132812,974.6108923568294,961.6671712481622,963.5255795381804,722880
2023-01-10,967.8272705078125,975.8047143536277,964.4970864003245,969.7171262409761,633360
2023-01-11,954.9874267578125,970.7731586744202,953.0106038423088,970.0529945046951,650200
2023-01-12,960.5433349609375,964.2529532561277,954.1029221692212,954.9874036379235,661240
2023-01-13,956.2465209960938,964.2529337016439,953.3803196488358,964.2529337016439,695420
2023-01-16,953.8903198242188,958.9363071523419,952.2179411841219,958.9363071523419,485300
2023-01-17,964.0475463867188,965.0359873558451,952.7834611972128,953.9047720441206,803740
2023-01-18,958.1315307617188,968.694804024774,955.714856613197,964.2505662260094,727980
2023-01-19,951.256103515625,961.5946425912144,947.8993690875545,958.1315296600977,619980
2023-01-20,928.0052490234375,950.6156654684821,925.5788988507283,950.2410691926691,1440440
2023-01-23,936.079345703125,939.6028753660137,925.6369065206846,930.4195139298232,758000
2023-01-24,932.3866577148438,939.3128833156646,925.528165068481,937.6695331584166,754240
2023-01-25,929.7186889648438,935.2770392295585,925.5861527763975,935.2045272085481,823200
2023-01-27,928.7931518554688,937.3796023854751,919.5952756715299,930.9053227504925,895540
2023-01-30,926.354736328125,928.6626720686505,917.2729144928138,928.2929138232362,996600
2023-01-31,919.1941528320312,928.0029187370634,914.9045560071398,928.0029187370634,2350000
2023-02-01,922.6788940429688,926.89355942074,914.2398871511051,923.1694859546097,1376100
2023-02-02,916.141845703125,924.5712360737319,911.1103724512325,924.5712360737319,1418440
2023-02-03,918.5441284179688,920.9776770487832,907.2244043317016,918.597288174463,1111560
2023-02-06,919.3754272460938,921.2362546801962,906.4607337855946,918.3362454839312,1382680
2023-02-07,917.2728881835938,923.1647115963943,912.536183124246,919.4962166601065,797460
2023-02-08,918.089599609375,921.4705241203885,913.0266794618333,915.9194311127152,465340
2023-02-09,918.3506469726562,922.4130901833385,915.9605233129599,918.2878110877494,694680
2023-02-10,919.4889526367188,921.7267953018713,912.2969278706005,918.8195291644727,527660
2023-02-13,919.6315307617188,927.9545422877505,915.9170743113136,922.927848307746,649780
2023-02-14,922.343017578125,930.9028583140276,919.6653238094581,923.8848273252343,771780
2023-02-15,930.94873046875,932.778169212923,914.9551984050487,921.961133993765,639960
2023-02-16,948.730712890625,956.9957268610541,925.1028844983015,939.1195948694879,3480140
2023-02-17,919.3656616210938,946.1303272231195,909.7351917522216,946.1303272231195,3768700
2023-02-20,909.7835693359375,925.3445078202158,907.7027869868714,919.7861574206689,1306220
2023-02-21,911.0232543945312,915.1364382277361,906.7360771149007,912.5892544131921,899080
2023-02-22,902.5867919921875,912.6715691877527,900.5084284811303,912.6715691877527,841600
2023-02-23,901.3228759765625,909.8368148668598,896.6344924057202,901.9004351773852,985360
2023-02-24,902.9129638671875,911.037850840176,899.7278037948839,905.8299061440166,777500
2023-02-27,900.1023559570312,910.8444604387707,893.7827178395053,903.8361056091809,1032500
2023-02-28,902.3861694335938,905.044511121802,892.2433946360487,900.4625061611696,2183640
2023-03-01,907.6471557617188,909.6554259719836,897.8016284611398,903.8360562270267,1278520
2023-03-02,893.287353515625,908.6694605439144,892.0814355011598,908.667041509784,781400
2023-03-03,891.7479248046875,899.7108543423709,889.6019464762225,896.5377894984017,920360
2023-03-06,894.88720703125,896.7819008610217,890.5444505357391,895.2327749246568,1058980
2023-03-08,895.0515747070312,897.7365258782585,889.2177487691,889.5778308882905,914920
2023-03-09,895.8948974609375,897.9877749946725,890.7860743675518,894.1694181117584,1132300
2023-03-10,893.4806518554688,895.619432059614,887.1634916436717,895.619432059614,472680
2023-03-13,885.34619140625,894.1646333740383,882.5718540905976,890.7837084623199,729520
2023-03-14,882.794189453125,891.0278153218859,880.2978050192396,886.9194690076814,877580
2023-03-15,869.6812744140625,887.9392597734574,864.2026928894627,884.5027561452555,1559160
2023-03-16,891.7841186523438,894.1694042754996,868.4439206472532,869.519328806283,1660860
2023-03-17,911.47998046875,912.2944279208285,892.9586170368362,894.1162133139865,2668600
2023-03-20,915.332275390625,917.8528500304276,901.5209471045955,913.5028365231744,1512900
2023-03-21,914.8270874023438,930.8544855887208,909.6384955021638,917.8527679134253,1955240
2023-03-22,909.62158203125,918.7711357821244,903.7732427344716,918.7711357821244,564960
2023-03-23,920.4845581054688,926.548014681053,904.326708064344,909.6216197931985,1133700
2023-03-24,916.0693359375,923.169496044796,912.9228215738462,918.5802343394129,525980
2023-03-27,913.0678100585938,924.5132047244897,909.3968962070329,918.3361714740589,717080
2023-03-28,915.7261352539062,919.3004056765502,911.0861327968579,913.5028068891573,709620
2023-03-29,920.8954467773438,924.3778529516932,912.3524801438491,914.9528238627739,972120
2023-03-31,952.3870849609375,954.6780873177215,925.8278598538985,925.8278598538985,2968880
2023-04-03,952.4329833984375,956.5195578436203,936.995239389292,956.2295687672292,1274800
2023-04-05,958.0687255859375,960.5313614628577,947.3846182729634,950.1879839754475,943020
2023-04-06,952.5682983398438,958.9362580286477,947.577890053006,956.7612513950141,819560
2023-04-10,943.9625854492188,952.964696527533,942.5512265257685,952.1696013035701,448280
2023-04-11,950.9419555664062,951.9279775307878,941.2946109374,949.6563273588982,882520
2023-04-12,939.617431640625,951.9279557042313,935.9754871456611,951.9279557042313,1137640
2023-04-13,940.8281860351562,951.2029517092515,938.4549954839814,942.5029247119109,923020
2023-04-17,978.4822998046875,986.4863526226028,942.6067851357639,946.852897985144,3887020
2023-04-18,998.6301879882812,1000.5031104777021,976.3363686787238,976.3363686787238,2797200
2023-04-19,996.5735473632812,998.7460758557073,985.4229808600056,998.5624652786493,1797480
2023-04-20,989.5362548828125,1001.5036299423418,985.0363793144157,995.4280781148377,1044260
2023-04-21,995.6446533203125,1000.0236819706091,990.3280322391628,994.4909853254557,886100
2023-04-24,1004.9928588867188,1005.9497818151268,990.9909975174838,995.84368425779,1157360
2023-04-25,1003.822265625,1016.6170928965628,986.47111413342,1005.9498152477775,3369280
2023-04-26,1021.3605346679688,1024.4085996404683,994.4618534446223,1000.6066063231956,2497880
2023-04-27,1027.240478515625,1029.7980445464523,1020.0876899788858,1023.3034444299622,2044640
2023-04-28,1057.070556640625,1061.354947824322,1026.4000461548696,1028.9235759247892,3330320
2023-05-02,1056.315185546875,1073.4695895155467,1052.752192717046,1058.9455670195687,1783400
2023-05-03,1062.623046875,1066.0305658535617,1048.1815609147673,1056.2741961278696,1140260
2023-05-04,1053.7845458984375,1068.4155405456688,1051.0691332891124,1062.7758739239955,1270680
2023-05-05,1069.6251220703125,1072.483794578008,1056.5121108062224,1058.9433758997823,1101520
2023-05-08,1067.8472900390625,1083.2336027108709,1057.0222830299444,1071.089728241018,1513120
2023-05-09,1067.2691650390625,1075.701922821712,1061.214187130998,1068.6608481726414,865740
2023-05-10,1071.0897216796875,1074.970899192776,1067.1793704058443,1067.2692635385763,1208820
2023-05-11,1069.6226806640625,1080.0761367277541,1066.2467074631786,1073.4698219377012,1378740
2023-05-12,1058.66162109375,1072.0319783746727,1056.0312391199438,1069.5837545032905,1339220
2023-05-15,1058.294921875,1069.6276237204797,1056.5778206818156,1059.9173862319278,1451400
2023-05-16,1057.9937744140625,1068.1265566820096,1055.0597954188493,1062.5889974579802,1545140
2023-05-17,1055.6669921875,1063.3807242132505,1049.230738812838,1057.9937774766154,1335760
2023-05-18,1053.0972900390625,1066.2321229568047,1051.6691989379442,1061.374573421694,1023500
2023-05-19,1053.6097412109375,1058.9458116213066,1044.6695255435059,1058.9458116213066,1464400
2023-05-22,1044.12060546875,1054.0396842159269,1040.5891572749022,1054.0396842159269,1021900
2023-05-23,1039.6954345703125,1049.7165027975502,1037.674617971589,1041.9444231840562,1109180
2023-05-24,1038.5733642578125,1044.2761232168327,1033.4437629931576,1039.695486770555,887280
2023-05-25,1043.15380859375,1050.7849992672038,1035.1849850514063,1044.3730581634923,1630040
2023-05-26,1048.3441162109375,1050.6392369824216,1038.058232375195,1043.6420419346719,1263180
2023-05-29,1055.5189208984375,1061.3746641577109,1046.9040038807289,1055.300354869176,1068740
2023-05-30,1047.9896240234375,1055.4775555718875,1044.9098949391534,1053.1167343280642,939620
2023-05-31,1052.78173828125,1061.7803025677083,1045.1019229716417,1048.2593305939124,8495880
2023-06-01,1062.5548095703125,1065.0152482734445,1047.9093467465507,1058.2656744386707,1197320
2023-06-02,1070.917236328125,1073.2755671342002,1059.9173059456098,1068.6608950872326,1164960
2023-06-05,1060.6046142578125,1074.9610679376315,1058.4599872775814,1068.6147082705174,1630180
2023-06-06,1054.3504638671875,1065.3358062312307,1050.0830311542975,1062.5475778377013,1570460
2023-06-07,1086.5245361328125,1089.2934343627107,1056.5122077133083,1056.5122077133083,3136240
2023-06-08,1075.893798828125,1096.7156813670854,1072.9089435718352,1091.0056884837827,1458580
2023-06-09,1072.228759765625,1082.262042618942,1070.6476843073028,1073.562214045056,1418300
2023-06-12,1082.71630859375,1085.613761160364,1070.07695448256,1071.089734644597,1247040
2023-06-13,1092.589111328125,1101.5950264803694,1082.861916534638,1085.6136185267046,1666940
2023-06-14,1104.060302734375,1105.1411549554487,1092.9486580442583,1094.1630454420854,1447540
2023-06-15,1115.5947265625,1117.236521569783,1099.3850249751354,1104.0604169404003,1475140
2023-06-16,1115.708740234375,1125.749257677576,1111.2762260612074,1115.5946542263864,1470820
2023-06-19,1107.2711181640625,1124.5226521567251,1105.638929434223,1118.4507155900042,866620
2023-06-20,1115.0770263671875,1117.233868195664,1103.6351032103591,1107.2710307200782,1377540
2023-06-21,1111.970703125,1120.6220268147201,1105.821088458373,1115.103917270064,1292840
2023-06-22,1094.5467529296875,1111.929450529277,1092.5940086098865,1107.5212482268767,998060
2023-06-23,1094.7386474609375,1098.7752994636444,1090.6971331651432,1094.5467647727544,870300
2023-06-26,1099.30224609375,1102.6636320798275,1093.191411451829,1093.9224156579462,700300
2023-06-27,1099.6156005859375,1110.921498879772,1093.1963066430949,1099.3289624906495,882660
2023-06-28,1104.8057861328125,1107.5211987827802,1096.8345907243497,1101.2063849300712,1112480
2023-06-30,1112.1019287109375,1114.6254588973827,1099.020581034081,1105.0925179458716,737240
2023-07-03,1099.3870849609375,1114.8074302837495,1096.9802502151406,1114.8074302837495,1105380
2023-07-04,1098.974365234375,1109.7071058749336,1094.1872600234183,1104.9953069070766,602980
2023-07-05,1112.3740234375,1114.5161601704249,1096.8347266290034,1097.1262270491734,777760
2023-07-06,1122.067138671875,1136.2997809982446,1112.621601410342,1114.0788661142194,1807340
2023-07-07,1112.679931640625,1129.2271436339377,1109.9499322133615,1124.767828322732,1129280
2023-07-10,1096.8468017578125,1119.2960100429705,1095.3774404332637,1110.8729762999458,727760
2023-07-11,1110.0616455078125,1115.2860010541992,1095.3918714462843,1098.2918139286533,1370520
2023-07-12,1120.1534423828125,1122.094090602448,1108.3471998865173,1114.273387382448,961800
2023-07-13,1108.5291748046875,1123.140721268069,1106.3967628106768,1120.1532572482079,864320
2023-07-14,1123.942138671875,1126.9514236318294,1107.5212266726599,1108.5291444214147,909140
2023-07-17,1120.673095703125,1136.4406826606935,1115.0505057843152,1126.9515022520632,835900
2023-07-18,1116.1265869140625,1126.465839343837,1108.5172159024658,1126.465839343837,651680
2023-07-19,1114.367919921875,1118.4507042590772,1107.5940343507636,1114.8075423559533,557620
2023-07-20,1117.62255859375,1121.34102708807,1105.1411701340721,1114.370514484318,755840
2023-07-21,1116.388671875,1128.5034903084188,1113.00060229618,1117.9626317423422,736860
2023-07-24,1108.4974365234375,1119.5969823483329,1103.0399285708352,1116.2718860190978,841620
2023-07-25,1106.2049560546875,1124.0370020519351,1101.4614923546135,1124.0370020519351,1251520
2023-07-26,1107.5164794921875,1112.3788915303069,1102.760919317348,1107.079347452176,689240
2023-07-27,1084.462646484375,1112.3789726722557,1072.3551791440975,1110.3970542822512,3587480
2023-07-28,1092.020751953125,1099.3532077771724,1077.7589362203116,1084.4623774122165,1344220
2023-07-31,1095.5377197265625,1100.4291865542598,1089.5337365261105,1100.2349320165163,972180
2023-08-01,1097.500244140625,1102.1780074948294,1089.3055010168157,1098.2094274095161,1300380
2023-08-02,1111.51904296875,1114.2319653975508,1093.4635693745881,1102.1779847406106,2093220
2023-08-03,1091.7730712890625,1111.7933842387904,1088.185766493212,1111.7933842387904,899420
2023-08-04,1090.73828125,1102.6077303102563,1088.6738229916928,1092.751744732855,820200
2023-08-07,1090.9715576171875,1095.4550662195297,1075.9471905505281,1090.7384047337246,824920
2023-08-08,1079.796875,1092.8976721228848,1073.5184683838213,1091.4914020173967,1160640
2023-08-09,1079.269775390625,1085.9658644013284,1076.5592249340668,1082.2619830634205,745700
2023-08-10,1068.162841796875,1080.5398661549214,1063.5602670566743,1076.5785210364745,1411580
2023-08-11,1061.0054931640625,1069.1467516825019,1056.5171217216907,1068.1631452475656,767260
2023-08-14,1063.779052734375,1070.6039336524327,1054.537612041738,1061.0953040128395,815760
2023-08-16,1066.1300048828125,1074.9755825452232,1058.233997397145,1074.9755825452232,578600
2023-08-17,1052.507080078125,1070.0355270420946,1049.3471827184123,1063.8032535931316,1399840
2023-08-18,1060.403076171875,1062.8318509684207,1041.9443877181272,1052.507186232714,1313340
2023-08-21,1070.32958984375,1077.2151906419442,1055.8054442838106,1060.4031580218652,741920
2023-08-22,1069.9212646484375,1073.1516057830079,1064.097068332131,1070.3293414443572,810440
2023-08-23,1077.5574951171875,1081.7665808574482,1066.232146587282,1073.518471051432,1227560
2023-08-24,1080.556884765625,1082.7476440515738,1075.6216578027731,1082.4076393488826,920400
2023-08-25,1077.8173828125,1082.2838140443089,1074.0648785101025,1077.8901986155995,839280
2023-08-28,1070.334228515625,1079.0826789239675,1068.66076969536,1077.9629285036613,830140
2023-08-29,1071.7210693359375,1077.3946534136383,1066.232015197513,1072.082895071626,1048560
2023-08-30,1078.3031005859375,1082.2619557248574,1069.1538071010496,1071.7210977381394,1296640
2023-08-31,1068.000244140625,1082.6991941262406,1052.6333810780884,1080.8047971996182,4661300
2023-09-01,1064.5587158203125,1073.9896676771768,1061.8603801279526,1071.089724694481,716980
2023-09-04,1055.94384765625,1067.6869971691322,1050.809384682131,1067.4562161332703,1481820
2023-09-05,1066.4482421875,1068.5928691313711,1056.7380060927635,1056.7380060927635,1246260
2023-09-06,1068.8599853515625,1073.5184179217317,1057.7119331916474,1066.4482879724999,1125840
2023-09-07,1063.6234130859375,1072.7945269929073,1060.0313648125198,1067.6066980213118,823180
2023-09-08,1062.989501953125,1067.6576584335528,1060.4028809894126,1066.0376849172394,609540
2023-09-11,1074.832275390625,1078.3734473934808,1062.5111077671581,1064.2889279109897,939540
2023-09-12,1084.0955810546875,1087.8480850476133,1069.491388629656,1075.1844217558935,987580
2023-09-13,1077.3946533203125,1096.3075489843907,1075.9494850427918,1082.0457328112109,1016500
2023-09-14,1091.865478515625,1093.4344576102226,1076.2872831348805,1079.8333181997002,1621120
2023-09-15,1098.8892822265625,1102.7122301593006,1084.1539265205645,1092.9485093719102,2322820
2023-09-18,1108.4635009765625,1109.4641845263836,1090.6484164141452,1098.7775767945184,1150640
2023-09-20,1101.704345703125,1108.8110024359457,1095.671307049607,1095.671307049607,1149000
2023-09-21,1094.575927734375,1101.204063294804,1085.6622772603553,1100.7183083609068,923660
2023-09-22,1094.52734375,1099.7468376248548,1087.1195807444801,1093.920150061023,766020
2023-09-25,1099.688232421875,1103.086144433583,1090.5682327874908,1096.3486679150449,688540
2023-09-26,1117.5059814453125,1120.2918383531526,1097.614339326674,1102.6637716804273,1320020
2023-09-27,1111.0672607421875,1117.5058853316848,1104.6771404895558,1117.4792020167831,833060
2023-09-28,1094.8162841796875,1112.7649047673729,1090.4129442890999,1112.3787675553137,1039620
2023-09-29,1093.28369140625,1102.9065246485832,1089.5482646054932,1095.4234560187986,904580
2023-10-03,1083.9742431640625,1097.5486981446932,1081.0548512360317,1093.283755547798,1000260
2023-10-04,1116.5660400390625,1134.6651546537878,1095.4259762646764,1107.7664757442794,4269760
2023-10-05,1113.2872314453125,1122.4436409103096,1106.3068760319572,1117.4792396537948,1360000
2023-10-06,1112.9737548828125,1120.5199141317803,1108.244879019592,1116.7480797285268,776240
2023-10-09,1111.4970703125,1116.3036243883441,1107.5211381154422,1108.1065107016343,475100
2023-10-10,1115.684326171875,1118.0621060573526,1108.7525937875278,1115.2933266565424,793260
2023-10-11,1127.05126953125,1130.5413292363537,1113.8362661991928,1115.684530853243,1346760
2023-10-12,1120.886962890625,1131.8092168918618,1115.3931636462544,1128.06892688931,1084440
2023-10-13,1144.1641845703125,1146.37439320595,1115.0698837396585,1120.881865540126,1815820
2023-10-16,1122.50927734375,1143.9529397073213,1116.024401140248,1143.9529397073213,1732160
2023-10-17,1133.037841796875,1134.8302488376344,1123.5510347818197,1123.5510347818197,763320
2023-10-18,1130.00927734375,1138.956964196409,1126.951487872598,1133.0380116481153,713420
2023-10-19,1172.2408447265625,1176.838439216458,1122.1181940668348,1129.7153489527507,5848240
2023-10-20,1179.3985595703125,1202.000754075052,1165.8994090716662,1170.6671845530686,4158680
2023-10-23,1175.4178466796875,1198.5981813961125,1172.0467351866653,1180.384739367746,1584600
2023-10-25,1178.5726318359375,1191.5422648401845,1173.2487767402774,1179.4129783833812,2227000
2023-10-26,1143.7392578125,1178.4707383857476,1137.6867698230706,1178.4415646251591,2538800
2023-10-27,1168.5782470703125,1176.8870757141585,1138.6265219940974,1143.9771789943693,2608740
2023-10-30,1174.1522216796875,1177.9557207813405,1159.256527580036,1170.6693967352703,1452280
2023-10-31,1177.217529296875,1181.8419264289976,1171.740689055923,1180.384661414905,1032780
2023-11-01,1166.3660888671875,1182.3596020192736,1161.8369671775893,1182.3572163876224,1273800
2023-11-02,1178.0478515625,1179.9044692703121,1161.4997994441262,1172.1067941790757,2141360
2023-11-03,1172.539306640625,1182.3572547375582,1171.454679175276,1179.567496994285,954280
2023-11-06,1186.732421875,1191.6645958535014,1175.453632963269,1179.916672494566,1485520
2023-11-07,1190.6385498046875,1196.0373533811266,1178.4509544041734,1186.607786665229,1059300
2023-11-08,1186.3416748046875,1192.7493626549153,1183.336852216123,1190.616727068359,726100
2023-11-09,1183.6641845703125,1192.8616295554382,1181.9835070722847,1189.6858767018193,844460
2023-11-10,1179.2889404296875,1184.7756546835287,1175.3045777134594,1183.664188893336,566340
2023-11-13,1176.7801513671875,1187.14536361591,1174.1491573562312,1187.14536361591,570560
2023-11-15,1181.08935546875,1184.7511807189558,1172.9765380295014,1184.55579748954,1533940
2023-11-16,1176.6361083984375,1185.8995169958384,1174.8332863852888,1182.1154277047754,1388360
2023-11-17,1190.81201171875,1196.2767781303332,1175.741857329135,1177.4714402725137,1401020
2023-11-20,1187.3675537109375,1192.3143996431675,1180.696134609143,1190.9097396871023,1082300
2023-11-21,1190.83154296875,1193.098608663099,1181.392195198451,1187.4872453326109,906580
2023-11-22,1189.727294921875,1197.991599449294,1185.2885890146767,1190.6653252146355,736420
2023-11-23,1191.8016357421875,1201.4070251975213,1189.74223890701,1192.8154100660897,736280
2023-11-24,1179.3746337890625,1195.688181815368,1177.8648865776493,1194.5718253208101,808240
2023-11-28,1183.2659912109375,1185.2886489523776,1166.8765829234094,1179.3280291494937,1753940
2023-11-29,1175.8836669921875,1188.953112548245,1173.125638004279,1183.3833778556836,1254300
2023-11-30,1184.1234130859375,1189.207074828384,1170.8927000126089,1176.494282384017,2944060
2023-12-01,1189.12890625,1190.4186979535045,1180.2269220797846,1189.1948689626643,1273000
2023-12-04,1192.2655029296875,1198.7244809280521,1179.3597136535964,1191.5912041868712,1987840
2023-12-05,1202.335205078125,1205.5085725982208,1192.2656914970305,1194.620668002415,1343740
2023-12-06,1219.9044189453125,1226.1776758556473,1206.8837608399876,1208.193114755122,1592160
2023-12-07,1220.234130859375,1229.7516083484427,1212.321706348035,1219.9044365646039,1201700
2023-12-08,1211.163818359375,1230.0278443497984,1209.5393223527255,1221.1992172896505,1401520
2023-12-11,1223.5662841796875,1227.3063582755635,1203.8057389733376,1215.5805013493639,1078740
2023-12-12,1218.8612060546875,1233.2057693045308,1211.7817254925508,1223.5661483689353,1282460
2023-12-13,1223.6126708984375,1225.3520349504288,1212.8933121070334,1219.4109771162819,891440
2023-12-14,1211.3446044921875,1228.4789274783382,1209.2339167929829,1228.4789274783382,2094520
2023-12-15,1190.4871826171875,1219.1056992273902,1183.3344619701043,1214.1172237803517,3190820
2023-12-18,1189.8935546875,1200.9525081311158,1187.1940931731226,1194.571659107648,1326480
2023-12-19,1245.369140625,1255.8882265268571,1197.5472412131942,1200.4249096607239,7057320
2023-12-20,1226.2193603515625,1259.476859103651,1224.140520661261,1255.3507893465235,2889760
2023-12-21,1227.1036376953125,1233.5602309124483,1216.9339278446491,1226.219283982666,2212760
2023-12-22,1239.4451904296875,1241.4728583238796,1226.3293436950753,1233.1694276838127,1776560
2023-12-26,1248.90380859375,1250.7579213265515,1239.276354470624,1245.1881876707723,1235700
2023-12-27,1256.6429443359375,1258.9636868450707,1249.8053660643993,1250.758068080253,1428320
2023-12-28,1282.5106201171875,1288.5738219328916,1259.317868224837,1263.942295664648,3155440
2023-12-29,1298.6533203125,1302.0586902655582,1277.4172619968735,1282.5155954773322,2068160
2024-01-01,1337.3533935546875,1340.912636429254,1301.569995009693,1302.0585723351471,2632200
2024-01-02,1330.0615234375,1353.017384497474,1320.3339905834127,1343.5878170523886,2831540
2024-01-03,1301.33544921875,1339.5470616352748,1298.296512657461,1336.0146572185063,2026920
2024-01-04,1324.845703125,1326.4897609754805,1302.1587067535388,1311.881347353747,2647800
2024-01-05,1302.74267578125,1345.5421018984991,1291.041271409365,1345.5421018984991,5154128
2024-01-08,1279.730712890625,1313.7845312920456,1275.6754969146639,1310.85306710917,2064756
2024-01-09,1266.685791015625,1289.9909086989016,1263.9252571888367,1289.8443116253536,1626054
2024-01-10,1259.6014404296875,1281.2453237862169,1255.8637517573288,1265.4154637667903,2052936
2024-01-11,1249.3900146484375,1265.390923361495,1245.9211869238698,1260.529602433234,1551334
2024-01-12,1245.6768798828125,1250.7335839700297,1236.1007159517396,1249.3899962352996,2214110
2024-01-15,1244.67529296875,1258.6485340714316,1236.4182639120174,1252.7123667854523,1787668
2024-01-16,1241.988037109375,1249.2433389582648,1236.7602834861725,1249.2433389582648,1386740
2024-01-17,1242.501220703125,1249.3656376763097,1233.8533053879812,1241.9881905821535,1603238
2024-01-18,1222.4205322265625,1245.8722450750338,1219.5623070105232,1238.5435848098864,1269820
2024-01-19,1228.3568115234375,1232.1432863396099,1221.2968920128278,1226.3292630441879,1882782
2024-01-23,1203.317138671875,1220.5639434285015,1195.0602289563144,1211.6718592852249,1381076
2024-01-24,1228.259033203125,1230.9217559650683,1199.4574216197334,1210.6457954774028,1318076
2024-01-25,1212.722412109375,1235.1237348387697,1205.6624921490727,1233.6824552861597,1571546
2024-01-29,1220.735107421875,1223.88640784924,1210.0108571655028,1212.7223663564207,1265438
2024-01-30,1217.5594482421875,1236.6627548131055,1215.5806857294344,1227.3065444342199,1336068
2024-01-31,1224.375,1227.184320131684,1212.5025449784775,1225.8407322426178,1432188
2024-02-01,1205.7113037109375,1226.7689175953167,1203.219511315889,1226.3292456581146,1641132
2024-02-02,1212.3558349609375,1219.4891122564818,1203.3905118143807,1205.8089459330918,1508122
2024-02-05,1203.2193603515625,1223.8862051572391,1200.287896387114,1223.8862051572391,1065954
2024-02-06,1200.2635498046875,1210.670271655069,1194.9381041776355,1203.0485362424513,1540366
2024-02-07,1221.2481689453125,1227.086645268514,1195.4023518117806,1206.7862295746136,3094808
2024-02-08,1183.8475341796875,1228.210387501912,1177.0319030685025,1223.373399504403,3308894
2024-02-09,1197.0633544921875,1204.7827808199659,1182.3815819853173,1193.5211688776608,1677638
2024-02-12,1201.436279296875,1205.7845704441318,1191.7868756471114,1201.7782596205482,890538
2024-02-13,1200.6058349609375,1210.0109507989457,1194.54740305996,1208.7406017263659,621970
2024-02-14,1215.0919189453125,1220.148742436428,1189.7103484352406,1197.0145562589528,1018616
2024-02-15,1202.1326904296875,1222.4413616729028,1194.513843590596,1222.4413616729028,1680952
2024-02-16,1218.8399658203125,1220.2363893792126,1199.7072644840996,1203.8473720562333,1493232
2024-02-19,1231.3829345703125,1237.38490053012,1215.7777752275076,1222.4412301812115,955040
2024-02-20,1244.1953125,1245.3712797048568,1223.470251172212,1234.2002491591984,1262888
2024-02-21,1246.2532958984375,1249.8789258446395,1233.7838083328852,1244.195383077769,1786364
2024-02-22,1255.8316650390625,1257.2035668458198,1237.1398767290536,1254.2883502678724,1504742
2024-02-23,1263.5975341796875,1265.5573597464647,1250.3441898607039,1256.7381446959669,1211238
2024-02-26,1265.9984130859375,1268.0072823620274,1257.595707883591,1268.0072823620274,1323894
2024-02-27,1273.249755859375,1274.5971360473163,1257.5956717813096,1266.5373766649209,1261744
2024-02-28,1259.62890625,1276.336467938653,1254.4109182494958,1274.3766422681138,985574
2024-02-29,1272.0247802734375,1276.9243442677257,1247.9434710888158,1259.8983593875744,2774576
2024-03-01,1274.5970458984375,1281.995435345355,1265.312396092774,1272.0247748124793,1511456
2024-03-04,1268.5462646484375,1274.4257419191545,1262.8136786148714,1271.3879163013337,1268620
2024-03-05,1243.827880859375,1271.5349417390348,1240.5697183484624,1268.9871921494935,678604
2024-03-06,1241.0841064453125,1257.5956135143285,1228.933163571565,1244.489279566142,1983280
2024-03-07,1254.7540283203125,1257.2283324774105,1234.2003778295389,1239.5898991301046,1297304
2024-03-11,1279.5211181640625,1289.075267811468,1248.6783872003211,1254.7537986159828,2990598
2024-03-12,1269.0606689453125,1281.2606564926368,1257.3752792196449,1276.8510483807,1726470
2024-03-13,1265.5328369140625,1300.1727298533876,1250.7852213077113,1271.4123136093344,3627604
2024-03-14,1280.1337890625,1283.6614517836624,1261.0989320275203,1268.9872791778298,2245994
2024-03-15,1275.6749267578125,1288.5362821947508,1266.6352551457883,1282.1913707695135,2533984
2024-03-18,1264.259033203125,1279.1781815251313,1253.6759272111171,1275.6749215257198,1285192
2024-03-19,1222.955810546875,1266.41492336867,1209.285953937151,1264.08763025096,3497728
2024-03-20,1249.5113525390625,1251.8386455199704,1223.9356514935796,1231.750432421607,1399290
2024-03-21,1251.1771240234375,1255.292829590614,1237.2133665005522,1249.8787873993165,1807754
2024-03-22,1260.853759765625,1269.9669967096893,1243.0193945418525,1244.5872311079652,2027126
2024-03-26,1267.076416015625,1272.1719152194548,1240.6431699932232,1258.2081564735452,1941704
2024-03-27,1257.448486328125,1269.2564825465488,1250.2461517017546,1267.0762006506352,1801192
2024-03-28,1284.8372802734375,1292.8479960595027,1257.742666019292,1257.742666019292,4365832
2024-04-01,1266.831298828125,1294.7588132564615,1265.3123861610343,1284.8371962884999,1486064
2024-04-02,1285.302734375,1288.5854185518394,1265.5574662050956,1272.4168562658276,1445766
2024-04-03,1251.3240966796875,1285.6210439348154,1246.9390109185765,1285.3026201290356,3850278
2024-04-04,1249.1929931640625,1259.1880567399032,1231.7995394620132,1259.0900893750952,2782752
2024-04-05,1243.337890625,1262.1277676214863,1241.549597497223,1261.6378111899562,1532454
2024-04-08,1223.9356689453125,1248.0415010834133,1221.3879194640651,1240.079709193098,2436980
2024-04-09,1226.262939453125,1235.768046057342,1223.4211683223157,1227.8307760575583,867882
2024-04-10,1238.413818359375,1241.0595350162512,1221.9757575625313,1231.7503636126553,989760
2024-04-12,1242.62744140625,1253.7984716423082,1232.828313062035,1241.892506780434,2479930
2024-04-15,1251.1771240234375,1262.6176539114224,1229.790574822534,1229.790574822534,2293646
2024-04-16,1247.47802734375,1265.8757943136447,1245.616169115834,1249.4622550523702,1537722
2024-04-18,1206.5421142578125,1245.78754874491,1181.088904097746,1244.5382556635107,6077666
2024-04-19,1194.3668212890625,1210.853927699814,1180.7950514676331,1190.5941805254556,3702024
2024-04-22,1204.65576171875,1216.0717696198974,1189.540678738387,1193.778753698179,2504706
2024-04-23,1225.50341796875,1229.7905363724387,1188.609677953925,1199.9031966438656,2248818
2024-04-24,1224.9644775390625,1242.431495425264,1219.134044074408,1232.264899860291,1447036
2024-04-25,1255.5867919921875,1263.0586275169576,1210.8048223336593,1234.6656764464847,6481728
2024-04-26,1216.439208984375,1265.4593689905507,1210.7067432312097,1261.6131635395714,2643128
2024-04-29,1229.692626953125,1236.8459187984822,1219.9914660703582,1225.8709430152758,1243124
2024-04-30,1228.5166015625,1243.3133802004654,1225.1604720698128,1233.563176291337,1625278
2024-05-02,1230.9176025390625,1244.9793286079496,1227.3408965615558,1228.5167441840063,2223826
2024-05-03,1203.3819580078125,1236.1845149584105,1193.6562756518617,1232.2893855146199,2257460
2024-05-06,1204.0189208984375,1215.0674626642083,1198.8988999684284,1212.3481804689907,1431992
2024-05-07,1229.129150390625,1238.7813877571703,1205.0723614462684,1209.7024257865608,2146918
2024-05-08,1243.9993896484375,1248.4089975676325,1217.8601659690128,1226.0914580084973,1398140
2024-05-09,1231.48095703125,1249.3398448646658,1225.870979867978,1243.9993676597903,1404310
2024-05-10,1241.1575927734375,1248.898928217624,1226.5813891192695,1231.4809533727714,1394832
2024-05-13,1232.8529052734375,1245.4202402459055,1227.8553734558943,1240.9371866194929,680762
2024-05-14,1218.6932373046875,1234.1757895258638,1216.0719224207332,1227.8799208443284,1113494
2024-05-15,1207.7425537109375,1224.4010716931573,1205.2927716547288,1219.011551169498,868812
2024-05-16,1209.3839111328125,1215.0673335235888,1185.841482513364,1210.1922913343756,1944988
2024-05-17,1198.1883544921875,1209.3839058766603,1192.455888639696,1209.3839058766603,1442356
2024-05-21,1205.684814453125,1219.7955836495555,1191.5740452566943,1208.2325639815,2574902
2024-05-22,1209.7757568359375,1218.7665043231723,1206.223573054493,1211.172180376636,1574654
2024-05-23,1212.2257080078125,1218.766674490074,1203.1125897705297,1215.581957551708,1563326
2024-05-24,1209.0899658203125,1217.541714137768,1204.3374124292231,1213.5975409993018,907544
2024-05-27,1205.24365234375,1214.601867057043,1202.8429139270029,1213.6219542962062,1071662
2024-05-28,1201.22607421875,1209.0408548247594,1198.4333466803914,1205.8561382452733,1043344
2024-05-29,1213.2301025390625,1223.4212203284885,1197.9434856640587,1199.2663441172115,1739200
2024-05-30,1178.2471923828125,1211.7112389302845,1176.1648776514621,1207.7670659272503,2548428
2024-05-31,1153.79833984375,1188.4383548596766,1148.9478190732214,1188.4383548596766,5065946
2024-06-03,1153.8719482421875,1170.481423859093,1151.3976442744538,1163.5485880185365,2145030
2024-06-04,1189.49169921875,1194.5137525261302,1140.349046345806,1158.2324556842816,3117062
2024-06-05,1229.71728515625,1261.1724663784134,1190.5942134632435,1190.5942134632435,4057558
2024-06-06,1210.8782958984375,1233.71031381071,1201.691612664144,1233.71031381071,1944280
2024-06-07,1226.09130859375,1232.8527305028715,1208.7223789967547,1213.3524428240235,2022404
2024-06-10,1248.5069580078125,1256.7382500016527,1228.3452986474915,1229.7906462004476,1590348
2024-06-11,1245.4447021484375,1261.6377858083888,1241.5495725197893,1254.2884394832915,1138822
2024-06-12,1243.16650390625,1251.716219893405,1235.1801899799486,1246.449188143193,960816
2024-06-13,1250.2464599609375,1280.966707631109,1247.0126993142742,1271.0205670670266,2162544
2024-06-14,1245.7142333984375,1256.5423184367407,1241.5986472002992,1256.5423184367407,858944
2024-06-18,1249.560302734375,1251.8385520561765,1241.5494680666736,1248.8988137734614,519108
2024-06-19,1237.6544189453125,1254.092480498061,1233.6368002889778,1249.3888510936965,1568614
2024-06-20,1244.3668212890625,1249.952276645888,1224.8910535378113,1237.1399640731895,1314826
2024-06-21,1224.1070556640625,1248.4089416214244,1219.2565350176276,1240.8636607006888,2543088
2024-06-24,1239.6142578125,1240.5696489028123,1217.2967190754491,1224.1070654302553,1448402
2024-06-25,1232.4610595703125,1243.656613493215,1227.3410380458347,1242.0397331122517,625460
2024-06-26,1241.672119140625,1247.9190638063221,1228.5412625078973,1235.964174411042,958712
2024-06-27,1241.4271240234375,1251.348741886871,1228.835267498191,1240.1777111836473,1732622
2024-06-28,1250.1971435546875,1261.0007056087304,1238.7567339041154,1241.4269722394497,2364066
2024-07-01,1258.257080078125,1269.5260772905813,1252.8185161848087,1254.1904180299775,1849028
2024-07-02,1246.6695556640625,1268.0071811090831,1241.1330243422133,1266.7332466037858,1162200
2024-07-03,1250.123779296875,1258.9675164152402,1244.832226148685,1249.4378881706295,631912
2024-07-04,1247.0126953125,1256.738379350891,1245.493901985618,1254.2885969350023,627352
2024-07-05,1261.221435546875,1263.8917940795243,1240.8147958338795,1249.6830560423348,1583026
2024-07-08,1275.552490234375,1283.6858146170412,1254.9988424316216,1261.2212650139365,1448552
2024-07-09,1290.104248046875,1293.5339428558063,1270.7509701964768,1287.2624769958222,1665146
2024-07-10,1281.9464111328125,1298.3599506899955,1272.9312611337843,1292.455952089804,1069980
2024-07-11,1270.554931640625,1289.3693294541824,1256.101217623524,1283.6857872815085,2107598
2024-07-12,1278.296142578125,1283.6122169286732,1266.9537006972987,1276.3363171391397,1451786
2024-07-15,1276.385498046875,1283.440822539546,1272.416803258332,1278.3208019525907,695922
2024-07-16,1283.0040283203125,1288.6875932711287,1264.1819122752838,1281.6754323916082,1514138
2024-07-18,1292.72265625,1296.5854237265537,1267.10979158111,1267.10979158111,1733594
2024-07-19,1278.3538818359375,1301.8015155870887,1272.7440810529952,1296.5608960399527,1077872
2024-07-22,1273.162353515625,1294.1742073025912,1262.3365616674664,1278.3538368156792,1490342
2024-07-23,1270.3330078125,1282.6104170888884,1254.807812613338,1277.7388583418112,1936998
2024-07-24,1250.57568359375,1270.0621560498057,1239.4054592901557,1270.0621560498057,2622088
2024-07-25,1220.681884765625,1258.080077535405,1210.249781336208,1252.2489840344708,6938362
2024-07-26,1218.83642578125,1226.5622002143014,1206.337605720514,1226.5622002143014,3239386
2024-07-29,1215.5888671875,1223.7819755260691,1210.0283226048043,1222.1335747003338,1605802
2024-07-30,1209.3638916015625,1220.5587442564088,1206.0915981111275,1215.6134219405167,3429516
2024-07-31,1208.7242431640625,1218.885676424605,1206.583640933844,1215.441106487192,1644722
2024-08-01,1222.330322265625,1226.4146223295954,1208.7243182227712,1212.9807747120635,2653524
2024-08-02,1227.79248046875,1237.0927718683006,1212.9807806902788,1220.362002479469,2310948
2024-08-05,1235.5672607421875,1244.4247268134552,1217.9262128991559,1224.2986436285703,2651820
2024-08-06,1234.3863525390625,1243.9819410878015,1230.6957415587783,1237.0435443900367,1898862
2024-08-07,1241.423095703125,1244.4493485404819,1235.2474495298686,1239.3317495581189,1299940
2024-08-08,1224.8399658203125,1242.5056415402546,1219.377813757129,1239.3317402655164,2850012
2024-08-09,1232.5164794921875,1236.059442179883,1225.3812979131424,1233.4515064020356,540012
2024-08-12,1216.9666748046875,1235.0998040469894,1214.6292879311031,1231.0893883081942,950040
2024-08-13,1222.6746826171875,1226.2669010175653,1217.163394729915,1217.409435440392,623692
2024-08-14,1217.7047119140625,1226.242252342112,1210.8155721363087,1223.757217180581,1123752
2024-08-16,1242.7271728515625,1246.6638247650953,1216.1056363685452,1225.2829080871359,1719668
2024-08-19,1231.753662109375,1252.839400786236,1230.4743223919172,1244.9660974034473,955402
2024-08-20,1239.30712890625,1242.9977397725581,1229.7361687537054,1235.4197335152344,969464
2024-08-21,1255.6689453125,1257.268210159082,1240.8572443708613,1244.916916673723,1249546
2024-08-22,1255.2998046875,1262.2135732291679,1252.347315926965,1262.1889451287484,1269810
2024-08-23,1244.5723876953125,1255.4720639684701,1240.0452623522349,1255.2751593049002,1023074
2024-08-26,1239.823974609375,1252.3474248302605,1234.1157811211297,1244.5725130573353,1266798
2024-08-27,1240.7587890625,1246.3439617593306,1235.8626025006731,1244.3017515921242,782130
2024-08-28,1226.5130615234375,1239.553220452373,1225.2828578508966,1239.553220452373,1130322
2024-08-29,1232.442626953125,1239.7745925468923,1225.6026226752101,1229.6622946618493,1799588
2024-08-30,1230.57275390625,1238.7167263799913,1226.1686487134475,1232.4426875467195,3808974
2024-09-02,1235.0751953125,1238.0769402415242,1228.7520207007447,1230.2036369649484,1751182
2024-09-03,1245.335205078125,1259.2365068833042,1231.1878625330312,1231.1878625330312,1975054
2024-09-04,1247.3035888671875,1250.6005109075918,1236.9452492087794,1242.5304223188036,1005886
2024-09-05,1232.6148681640625,1247.426568970777,1226.3408292077006,1247.3035485990836,2238592
2024-09-06,1231.7783203125,1239.6762519887875,1224.3233340445647,1234.4356323513769,1673400
2024-09-09,1238.446044921875,1240.0453097062184,1224.667763702917,1227.8170370695618,1167196
2024-09-10,1247.672607421875,1253.7743697918231,1237.0928554756829,1244.474077763724,3044078
2024-09-11,1243.4161376953125,1260.5159691514762,1239.7746626554929,1253.3315314776514,1959876
2024-09-12,1243.9080810546875,1249.8868223271343,1224.298588169256,1244.9167518685656,3109758
2024-09-13,1245.655029296875,1260.2206893804707,1244.1050206662144,1244.9661632692662,1465434
2024-09-16,1254.6109619140625,1257.5634507292316,1230.203672987166,1244.966117063012,788794
2024-09-17,1253.2576904296875,1272.1781981765482,1249.2471545253281,1255.3735445574644,1390374
2024-09-18,1278.00927734375,1279.9530951619433,1252.8393594766499,1254.7830571577715,2354058
2024-09-19,1296.2410888671875,1317.3022015104614,1278.0094449047822,1280.8881697914571,5068578
2024-09-20,1328.3984375,1330.7111961746373,1294.7399958815315,1301.0632902600503,4645516
2024-09-23,1340.9957275390625,1343.3086064846357,1323.6991124699812,1331.1540984500664,2144494
2024-09-24,1326.848388671875,1361.4909952243613,1315.8258121225367,1340.9219663552403,3080066
2024-09-25,1327.3160400390625,1330.8836308010643,1308.4692951585882,1321.36180602282,1437914
2024-09-26,1355.9305419921875,1359.3504843109317,1332.5320431791683,1332.5320431791683,2317212
2024-09-27,1351.108154296875,1367.0024108186924,1343.8745802540852,1353.224128780203,2194334
2024-09-30,1323.674560546875,1348.3032627868763,1321.1403889654473,1338.4616331314976,1766384
2024-10-01,1332.089111328125,1333.5407275761163,1315.2844577526253,1323.6990985903146,1105518
2024-10-03,1316.244140625,1326.1595339838152,1304.1881448615106,1321.2387193864727,1624730
2024-10-04,1278.5013427734375,1317.9663702936846,1274.6385755592564,1310.4128721496722,2066068
2024-10-07,1266.5439453125,1289.2534572003387,1263.123882970951,1281.8476070161043,2205716
2024-10-08,1270.431396484375,1276.4593947827902,1255.5951875027006,1264.944735883916,2404340
2024-10-09,1238.076904296875,1269.5701164888465,1214.924448493957,1269.078035048347,4733190
2024-10-10,1236.330078125,1245.8026465209616,1233.1561766379248,1244.4740505655673,2060004
2024-10-11,1236.0103759765625,1241.0295834125898,1228.2847202024032,1240.0454203805418,1256928
2024-10-14,1231.2125244140625,1239.897714716506,1226.8329270411743,1239.897714716506,1340768
2024-10-15,1222.453369140625,1231.212443171342,1216.425371245094,1231.212443171342,1590308
2024-10-16,1211.6275634765625,1226.7836963292705,1196.4714306238545,1225.2828238629875,2473286
2024-10-17,1170.51416015625,1217.8770012995963,1163.7726680936514,1217.8770012995963,5255508
2024-10-18,1156.514404296875,1172.9498763371498,1144.6306855763517,1171.153827136076,3278370
2024-10-21,1158.6796875,1168.2015128393516,1148.0261707894722,1161.312371651588,1497408
2024-10-22,1156.514404296875,1173.6142343359415,1151.495197636563,1158.6057504167609,1934262
2024-10-23,1145.147216796875,1168.64410436178,1141.678138930975,1156.4159532819685,1414522
2024-10-24,1111.439697265625,1151.4705704955882,1090.4524718881296,1150.9784890552055,5910994
2024-10-25,1112.448486328125,1125.144211495528,1110.6278090292615,1116.532786303675,2683018
2024-10-28,1118.03369140625,1141.1368916403771,1110.1603881435308,1117.4923537521086,1751130
2024-10-29,1115.7454833984375,1124.79985458042,1112.473189659071,1121.9457580106964,1859662
2024-10-30,1120.1251220703125,1130.4342052800785,1112.2025620098163,1121.3306976959316,1787546
2024-10-31,1113.5557861328125,1125.3903700198607,1112.1041697616463,1125.3903700198607,1319530
2024-11-01,1123.0775146484375,1128.3181340234441,1116.2130024649405,1128.2935059235892,243228
2024-11-04,1105.3133544921875,1125.3903021433225,1097.7844841058775,1123.4219762978598,1926320
2024-11-05,1113.309814453125,1115.9916347182743,1100.4419307188537,1110.1359126664038,1451860
2024-11-06,1119.7806396484375,1121.7981015904193,1111.1445858343864,1116.0407724267443,1613946
2024-11-07,1113.506591796875,1124.3323840333578,1103.098996723647,1118.5011706147852,1783914
2024-11-08,1129.646728515625,1130.8031679737342,1111.5135992315359,1117.0248874240108,1669990
2024-11-11,1121.478271484375,1129.2531825523638,1109.2499991916804,1121.945724842311,1547190
2024-11-12,1110.2342529296875,1127.088044253941,1102.7546381796255,1127.088044253941,2210678
2024-11-13,1099.9251708984375,1108.1429079062532,1093.405091035154,1102.877659893132,1526776
2024-11-14,1074.115478515625,1104.6982944412046,1071.9502479214893,1101.7950617641873,2318476
2024-11-18,1089.07470703125,1091.9041755400099,1067.1770811808476,1078.0028737361026,1383330
2024-11-19,1089.542236328125,1104.0586409932548,1084.498400808885,1094.8813688106436,1612040
2024-11-21,1088.0904541015625,1107.1832379658995,1076.1821073028543,1085.3102420254984,1655768
2024-11-22,1105.854736328125,1108.5858125752131,1084.6459764412452,1089.566791251465,1543916
2024-11-25,1110.6031494140625,1123.741699449383,1105.337902187871,1111.3905277498022,4059604
2024-11-26,1114.6876220703125,1125.8578481349366,1107.4294199179951,1117.0250092041097,634244
2024-11-27,1118.9686279296875,1120.371108165559,1107.4047134544387,1120.272715899568,874722
2024-11-28,1100.417236328125,1126.6205757733894,1096.3575640197037,1119.01794075049,2492756
2024-11-29,1099.6297607421875,1113.580317860805,1095.8653857163115,1095.8653857163115,2698320
2024-12-02,1108.0936279296875,1110.627799266185,1093.9462866674355,1103.6402669136344,936544
2024-12-03,1112.9405517578125,1115.474843217201,1107.1832230254936,1113.0882002149629,1532464
2024-12-04,1111.0216064453125,1119.485384002442,1102.9760260702865,1112.5962431778116,1937738
2024-12-05,1114.810546875,1120.4694836611675,1092.91292191983,1111.021543662981,2375568
2024-12-06,1115.9422607421875,1127.8259788998414,1109.6928507779444,1115.2779027748627,1291202
2024-12-09,1096.7757568359375,1120.2726454082049,1089.2960228980419,1117.0248598753255,1939702
2024-12-10,1089.6898193359375,1102.2625252924709,1087.500080757304,1096.8496289629097,1830596
2024-12-11,1102.779052734375,1109.151482878782,1093.8969593786744,1094.8811221851329,1469722
2024-12-12,1094.413818359375,1109.1516343716357,1090.009713226353,1107.1586803889384,1931220
2024-12-13,1108.905517578125,1111.046119882549,1086.6388325679586,1094.8811966324952,1109322
2024-12-16,1101.6473388671875,1110.8738659933783,1096.628132137954,1108.9055402064575,1331372
2024-12-17,1084.0308837890625,1099.285409830194,1082.5792674351453,1095.373386050288,2997812
2024-12-18,1076.6988525390625,1089.4437141793733,1072.983613523296,1084.0308181698542,1932332
2024-12-19,1063.0927734375,1079.7497794665567,1056.6957142450356,1075.19802581038,3107980
2024-12-20,1064.6182861328125,1070.2772231748866,1055.7115632552375,1062.8960009460943,3303524
2024-12-23,1058.7625732421875,1072.7376393885636,1056.843383364702,1067.816824528983,877434
2024-12-24,1066.19287109375,1070.277171222843,1058.8116492232477,1058.8116492232477,645132
2024-12-26,1057.9259033203125,1070.7692777302723,1056.2036181769045,1062.010203544953,1047852
2024-12-27,1065.6517333984375,1067.349390528407,1058.4672955181438,1062.4039474773,925334
2024-12-30,1062.8466796875,1071.2613205681055,1057.4830399177117,1069.7850762127061,2470980
