Price,Close,High,Low,Open,Volume
Ticker,ITC.NS,ITC.NS,ITC.NS,ITC.NS,ITC.NS
Date,,,,,
2017-07-03,239.79617309570312,248.40784211505738,238.25588034474333,242.24664892191387,48892799
2017-07-04,236.1204376220703,240.46126406118577,235.42029859916747,240.00618368148452,11664585
2017-07-05,231.77964782714844,236.54056287056306,231.21952320669013,236.12047495254552,12439637
2017-07-06,236.01544189453125,237.17066142554899,231.95466617532279,234.0550612882089,13946670
2017-07-07,234.05511474609375,236.7856423300769,233.17994621761991,236.64562779153403,10301830
2017-07-10,233.3549346923828,234.545169008475,231.74463464478535,232.75983972364162,1316454
2017-07-11,231.32460021972656,234.580237980289,231.04454893752387,234.54522324902243,8657755
2017-07-12,230.2393035888672,233.5649474086966,229.2241208351173,229.92425987970802,10643992
2017-07-13,237.17068481445312,237.69579473911094,231.7446450799814,232.4447842497565,18165609
2017-07-14,236.0504608154297,238.01084145662946,234.40514610355936,238.01084145662946,5801768
2017-07-17,227.6488494873047,234.54517467766988,224.5332491077002,234.54517467766988,21102802
2017-07-18,199.223388671875,204.89448743265862,193.51729737360475,204.89448743265862,155236591
2017-07-19,204.0543212890625,205.0695042219923,200.37859620352083,201.49882331044657,40641441
2017-07-20,202.68907165527344,206.46979679692635,201.91890298466492,205.8396648453305,15896377
2017-07-21,202.26898193359375,204.26435538439654,200.62366699332605,204.089326129129,13681787
2017-07-24,205.3145751953125,206.78483869029435,201.70887934345515,203.03912831001358,18479650
2017-07-25,204.019287109375,206.64479209765088,203.63421393200002,206.53977012297554,9927828
2017-07-26,205.59461975097656,206.01468551188418,204.08931938891376,204.4394000771943,9564282
2017-07-27,202.02392578125,206.8198561342513,200.76368406234621,206.32976089971606,19620418
2017-07-28,204.1243133544922,206.3647452122647,201.04370568173988,206.04967928164726,19206912
2017-07-31,199.71347045898438,203.24915881213735,199.18838272826045,202.6890563569762,22065527
2017-08-01,201.5338134765625,202.0239086695861,199.5384401695201,199.74848413643102,14063559
2017-08-02,199.85350036621094,202.96910067731318,199.04833924600115,202.8990712308219,10247374
2017-08-03,197.01795959472656,199.81849408282088,196.49284967038753,199.53844285294204,10592033
2017-08-04,196.5628662109375,199.11836431453136,195.79271974508293,196.3178296942142,11717562
2017-08-07,195.93275451660156,198.13817190244959,195.6527032762801,197.15798146667117,8776750
2017-08-08,191.9419708251953,197.01795186726,191.48689036815466,196.10776876387365,13231816
2017-08-09,191.03179931640625,192.8171509081889,189.31647717557647,191.8369604879129,10291858
2017-08-10,191.20684814453125,192.29203834781103,189.5615110985002,190.89178218746324,10380837
2017-08-11,190.0866241455078,192.15202697887517,189.10643372253028,189.7365656470043,14964550
2017-08-14,189.91160583496094,192.11702331903678,189.38649586765348,192.11702331903678,10066349
2017-08-16,195.47764587402344,197.26297504763085,189.98157727994672,190.43665770626964,19412233
2017-08-17,196.0377655029297,198.06815352328633,194.56747993178064,197.33302183236455,14231781
2017-08-18,197.33302307128906,198.83830118664832,193.79733473352007,195.51265681597727,15442589
2017-08-21,197.157958984375,199.53842753961797,196.70287854440969,197.68306886841512,13592218
2017-08-22,198.06814575195312,199.53843126541457,196.2827943021847,197.43803606864373,12417415
2017-08-23,197.8231201171875,199.95853015383682,197.15797348538027,198.4882445596889,9084531
2017-08-24,197.0529327392578,198.48822566144327,196.8078962582162,197.43802810541524,11235986
2017-08-28,197.75308227539062,198.13815547256516,195.5476650724188,197.50804578141816,10358573
2017-08-29,196.21279907226562,198.0681578918294,195.61768188586723,197.68308467584293,6377756
2017-08-30,197.4380340576172,198.06814373450857,196.4578437252934,196.84291691375603,6785885
2017-08-31,197.6130828857422,198.2431926251144,196.31782649188455,198.13817063700128,11654017
2017-09-01,198.55824279785156,199.08335269665454,196.52785483798803,197.57805244628918,7526993
2017-09-04,198.2082061767578,198.73329394414543,197.4380596998101,198.45324269701058,8807199
2017-09-05,198.0331573486328,198.76831129772063,197.1579888687809,197.89314281786872,8121365
2017-09-06,193.02719116210938,196.73790879744877,192.71212520681317,196.38782811735098,14710804
2017-09-07,189.31646728515625,194.32244111213308,188.72135011898595,193.93734571993002,19958290
2017-09-08,190.68173217773438,191.34685660650024,189.03641737311185,189.84157850813097,10090288
2017-09-11,191.556884765625,192.1169871658125,190.08659932315513,190.71673116534373,9672742
2017-09-12,194.39247131347656,194.81253710029497,192.2570610836812,192.88717085856274,11906324
2017-09-13,190.0866241455078,194.28743707408194,189.7015509214314,194.21742981224253,12593161
2017-09-14,190.43667602539062,190.78675670103354,189.316471117667,190.64671999291525,7312288
2017-09-15,188.54629516601562,190.96175603562588,187.77614886525012,190.4366461990575,13653947
2017-09-18,186.93600463867188,190.22665652037097,186.41091690289127,189.73656132005885,10543289
2017-09-19,187.5311279296875,189.03642830440825,184.90563369203812,187.63614991812415,35187337
2017-09-20,190.1216278076172,190.43667156221488,187.4611079301684,188.61632753517367,9974675
2017-09-21,188.72132873535156,190.71672397104072,187.00600687849465,190.43665059220848,8058682
2017-09-22,187.95123291015625,189.70156995692315,186.9710423888221,188.68636470650253,7142399
2017-09-25,183.6103515625,188.79134314385058,182.66517598833656,187.98620426441306,18260404
2017-09-26,183.7504119873047,184.66059520226398,182.77022150636628,184.3455292213964,9950366
2017-09-27,180.98486328125,185.8858041142189,179.79462892892678,185.6057528882556,18208892
2017-09-28,183.1202850341797,184.41554145293753,181.404951749547,182.31513493425615,22436773
2017-09-29,180.84483337402344,184.06545568008457,180.24971621199316,183.99543732792998,12640792
2017-10-03,183.01524353027344,183.9604302460294,180.98485558638555,183.78538991625487,11940746
2017-10-04,187.216064453125,187.98621082774753,184.24047874271585,184.90561423460525,11194466
2017-10-05,185.7107696533203,188.61632600401435,185.11565249388107,187.21606991354403,7204474
2017-10-06,186.3408966064453,187.2860722161717,185.29068792439662,186.0958379287803,8158755
2017-10-09,187.63616943359375,188.44133069891484,186.51596435950268,187.63616943359375,6323114
2017-10-10,186.37591552734375,187.5661499832535,185.64077267422073,187.00604748258095,5683301
2017-10-11,185.8157958984375,187.46111071081748,185.15066037188294,186.5859423131981,7959877
2017-10-12,186.93600463867188,188.47631968915707,184.83560931693756,185.92082170257913,9518815
2017-10-13,186.20086669921875,187.35608630642872,184.97562873945697,186.4109106622215,12504487
2017-10-16,187.2860870361328,189.0014091583038,185.88580868259712,186.2358893656341,9504724
2017-10-17,187.11106872558594,188.12625173032478,186.20088552365848,187.6361564968727,11038203
2017-10-18,189.2814483642578,189.56149957930933,187.00602392097483,187.6361336075146,7508323
2017-10-19,188.79136657714844,189.946586242138,188.33628609408458,189.73656445793597,1283342
2017-10-23,186.97103881835938,190.96180809635112,186.09587031168846,189.03644181953675,10144269
2017-10-24,186.93600463867188,187.95120976407054,186.30589491787396,187.95120976407054,8723712
2017-10-25,188.51129150390625,190.08659891670584,187.776159878895,187.9161743839907,6169387
2017-10-26,187.9162139892578,189.59654372967765,187.0410454853966,189.59654372967765,9616793
2017-10-27,188.58132934570312,193.2372450867771,187.25108038500034,189.45649780707225,23852749
2017-10-30,185.6407470703125,189.45647534016973,184.45052387321428,188.33627049332537,18266520
2017-10-31,186.0258331298828,186.90101264266883,184.76559149534353,186.27088073074617,8452918
2017-11-01,188.93138122558594,189.87655680668823,186.44589074840468,186.93598589958805,7516426
2017-11-02,185.99082946777344,189.00140793806258,185.7457818669521,188.82637869232718,10056813
2017-11-03,185.8157958984375,187.56613269367622,185.46572632045923,186.93600079652367,6210456
2017-11-06,185.4657440185547,187.56615059220331,185.0456671416865,186.4109308598254,9368140
2017-11-07,185.7457733154297,187.42609171894972,184.59055371959388,186.02582453357428,9872847
2017-11-08,185.8157958984375,186.5859423131981,185.32570070819844,185.7807922690355,6186540
2017-11-09,182.070068359375,186.58593580214816,181.54496955805763,186.51592854578712,21026098
2017-11-10,183.22531127929688,185.6757874571074,181.6149999474005,182.42016116067555,17438746
2017-11-13,180.84483337402344,184.34550689939792,180.63478941221214,184.13546293758665,7681031
2017-11-14,179.61962890625,182.63020781173782,179.2345556342449,180.9848927232334,8656529
2017-11-15,177.3441619873047,180.17971112734173,175.31377398081892,179.9346635338243,17666898
2017-11-16,178.60440063476562,178.95447020467446,176.71403827084075,178.3243494166995,10343428
2017-11-17,180.63479614257812,181.3349353116009,179.23452889918556,179.58459848369694,10383570
2017-11-20,181.47500610351562,182.52520402383686,180.10974215030458,181.05492915431827,8221147
2017-11-21,179.09451293945312,181.68501469091004,178.67443607218453,181.68501469091004,17266541
2017-11-22,180.7398223876953,181.08989198045836,178.95448188765306,179.23453312400218,8941555
2017-11-23,180.7398223876953,182.5251628877376,179.51458436035134,180.8798480058699,7814131
2017-11-24,182.5601806640625,183.05027588319015,180.66981814513585,180.98487301763026,7630740
2017-11-27,181.5099639892578,182.38513240047462,180.14470038018732,182.0350628170573,5022804
2017-11-28,179.93466186523438,181.47495467040167,179.23452272034785,181.404936318052,18183221
2017-11-29,180.6697998046875,181.12488025149958,179.93465705062303,180.63478508212327,9032800
2017-11-30,179.26956176757812,180.77485124129768,178.28937120894125,180.56481833205746,22967997
2017-12-01,178.6744384765625,181.75502440062735,178.2893541414007,179.89966546291353,6847473
2017-12-04,178.60440063476562,179.44456538361638,177.5191882964439,179.23452142274056,6347174
2017-12-05,177.72923278808594,178.7794304062963,176.78404605597456,178.53438281609354,9337698
2017-12-06,176.1539306640625,177.30916139307706,175.62883183886655,177.30916139307706,8562019
2017-12-07,177.379150390625,177.90424916175965,175.03369663895165,175.03369663895165,5635445
2017-12-08,183.57534790039062,184.275475900625,177.41415493041742,177.65920250416238,13638732
2017-12-11,186.41094970703125,187.2861182766482,184.34554655730088,185.29073349413537,17842707
2017-12-12,183.1202850341797,185.67578314521563,182.38514219790852,185.18568792103488,9599026
2017-12-13,181.33494567871094,183.7154034569675,180.35475522390172,181.75502254734906,8986735
2017-12-14,185.0106201171875,186.34089106501403,180.3197236464223,182.66517742913084,8353203
2017-12-15,185.25567626953125,186.97100937902334,184.45052625181592,186.23587771246483,12742052
2017-12-18,184.27548217773438,185.8857932751043,181.36992591482112,185.8857932751043,9650962
2017-12-19,185.0106201171875,185.8157811922794,184.2054701367475,184.41551408584135,6107682
2017-12-20,184.34552001953125,185.32571045154208,183.92544316066375,185.32571045154208,7728106
2017-12-21,184.17047119140625,186.16584437990934,183.15526614141578,186.16584437990934,7032195
2017-12-22,184.2055206298828,184.97566719479838,183.5403960683021,184.48557190900576,6652053
2017-12-26,184.94064331054688,185.53576053451854,183.89043448683444,184.31052245418087,9917650
2017-12-27,183.54039001464844,185.0456794586044,183.19032037996354,184.97566109380563,6325599
2017-12-28,183.330322265625,184.8706151451179,182.77020870375742,184.41553466416943,16501935
2017-12-29,184.3105010986328,184.83559990232044,183.61036196394772,183.7853912002928,6818477
2018-01-01,183.64537048339844,186.44590490742195,182.91022770079542,184.31050600745985,10863895
2018-01-02,182.5601806640625,184.97564203358206,182.35013668596395,183.8554259748122,5907460
2018-01-03,182.84022521972656,183.89042288251304,182.455152003728,182.9452472049358,11443370
2018-01-04,183.1202850341797,183.96044986058294,182.45516055621442,182.7002081683048,9729737
2018-01-05,184.06546020507812,184.48553704437515,183.36532104493025,183.36532104493025,9566733
2018-01-08,185.95582580566406,186.79599059328646,184.31051095528275,184.83560978705188,14989106
2018-01-09,189.42149353027344,190.43667645653312,185.36070635197038,185.88580517731785,26728897
2018-01-10,188.61631774902344,191.83693990010875,188.37128126490475,191.4518667184194,17074502
2018-01-11,188.8963623046875,189.73653808192478,187.70612807980353,188.68631836037818,11722150
2018-01-12,187.32106018066406,189.98157990124554,186.34089206182233,189.21143354331738,8494789
2018-01-15,187.3561248779297,189.80660130193928,186.93603686543955,187.63617615648653,10944192
2018-01-16,183.22531127929688,188.12625254026412,182.5951904185247,187.77619402456585,13433905
2018-01-17,186.27088928222656,186.93601376025376,181.7200177368709,183.4353510216634,17006334
2018-01-18,191.41685485839844,192.7121111204013,186.69095463162185,187.63613023911628,27461089
2018-01-19,192.2220458984375,194.2874488570657,189.80658442007575,193.23725110855727,26700710
2018-01-22,191.59190368652344,192.887137741687,190.22664018782368,192.53707928122205,8660321
2018-01-23,193.65733337402344,194.11243611557427,191.52192296759318,191.8369889757492,18947034
2018-01-24,197.0529327392578,197.43802810541524,193.27220822397473,193.69229612210742,17971710
2018-01-25,196.91293334960938,198.27819693404717,195.05757457616042,196.73790410838512,13629982
2018-01-29,192.99220275878906,198.34823597208992,192.5371222208318,196.84295762921874,9938281
2018-01-30,192.6771240234375,193.55229250123017,190.40169929476104,192.53710949300287,13560150
2018-01-31,190.01661682128906,193.2372393258284,188.93140441125547,191.7669536918448,19675610
2018-02-01,192.74713134765625,203.2491518753764,187.21606986577356,190.43666996768604,61648368
2018-02-02,192.7821502685547,199.9935422349337,189.59654226455092,192.1170257610493,36356576
2018-02-05,195.5126495361328,197.22799374402538,190.33166875738834,191.52188087778353,20465290
2018-02-06,191.4868927001953,194.14739040674797,187.74116044958865,189.001402044615,16432103
2018-02-07,192.64212036132812,195.16260365668066,191.83695919524695,194.6374937246046,13455081
2018-02-08,191.90695190429688,193.86733258298526,190.89176903167186,193.0271789446779,10156564
2018-02-09,189.98158264160156,190.78674373261447,187.49611430321934,189.7365461556826,14751166
2018-02-12,188.93138122558594,191.73191543693213,188.54630804889212,190.7517251345654,6972242
2018-02-14,186.58590698242188,189.73652149299252,185.6057167875466,189.03638246961,11738542
2018-02-15,187.70616149902344,188.9664253892568,185.39572207887656,186.58595651566998,12188244
2018-02-16,186.55091857910156,189.56149683393497,185.95581252939894,188.93138715652094,6401588
2018-02-19,184.90560913085938,187.49611048780235,183.7853821327715,186.23586898326832,6303342
2018-02-20,184.3105010986328,186.09584146903168,183.54035470727064,184.83559990232044,9659227
2018-02-21,187.7761688232422,188.3012565263179,184.45052461321112,184.8355978045218,10961665
2018-02-22,187.0060272216797,188.33627606397988,185.85079652356035,187.07603447935205,19855003
2018-02-23,188.3712921142578,189.0364165400927,186.3058893892824,187.25106503708435,6780714
2018-02-26,186.62095642089844,188.68633696858663,186.23588321478994,188.0212125388815,8701511
2018-02-27,186.51593017578125,187.77617174781733,185.88579829511076,187.63613504456671,7716072
2018-02-28,185.57073974609375,186.44589700870424,184.17047259340384,185.53573611830586,13969189
2018-03-01,184.83560180664062,186.30588734783592,184.0304406839921,184.97562741608982,8081243
2018-03-05,182.21011352539062,184.34552368271034,182.03507317639423,184.34552368271034,6878708
2018-03-06,179.58462524414062,183.71542032975,178.884485970788,182.77023342018944,8495423
2018-03-07,181.9650421142578,182.3851189265331,177.51918203207288,179.58458465539363,15736814
2018-03-08,181.22991943359375,183.36532954802016,180.45977297850925,182.24511349662816,6259151
2018-03-09,181.5099639892578,182.66519472400023,180.8098359170761,181.3349347448756,6345666
2018-03-12,189.10643005371094,189.63153998058505,184.10046714318403,184.8356099461548,20666810
2018-03-13,188.65133666992188,190.43666592053742,187.0760291863812,188.79135118130512,8647577
2018-03-14,187.67117309570312,188.37131232037555,185.74579577518085,187.67117309570312,8211627
2018-03-15,185.92080688476562,188.96639982892316,185.67575930413975,186.9359897399487,5771710
2018-03-16,182.38514709472656,186.515952979344,181.22992736156428,186.515952979344,21477001
2018-03-19,181.43997192382812,183.57538213845217,180.84485469164665,182.42016240162025,13423983
2018-03-20,181.47500610351562,182.00010506367624,180.28477143880622,180.73986312142847,7769207
2018-03-21,181.3699493408203,183.190304627861,181.1249017270774,182.0700885499868,13418488
2018-03-22,180.84483337402344,183.05026168908427,180.5297674313065,182.03505660343143,8319663
2018-03-23,179.23452758789062,181.1949083710897,178.35935918034144,179.23452758789062,11616470
2018-03-26,180.70481872558594,182.03506764534106,176.78405703876274,177.0641193697167,12981125
2018-03-27,181.26492309570312,182.38513914728594,179.86465580488797,181.1949158332217,9107151
2018-03-28,178.8844757080078,181.29994829623806,178.07932557503372,180.6348126963162,12743051
2018-04-02,180.8098602294922,181.29995549324602,178.84947917447693,179.93469170059672,7299774
2018-04-03,180.98486328125,182.03506092593875,180.28472412168895,180.63479370146948,5294559
2018-04-04,181.05490112304688,181.89505489136735,180.0046922706653,181.6850219966142,8716184
2018-04-05,181.79002380371094,182.03506030460284,178.88445628663763,178.88445628663763,9464602
2018-04-06,182.6301727294922,183.43533384876645,182.07007029404267,182.3851251403199,6333848
2018-04-09,186.0958251953125,186.65592757835879,182.6651703625254,182.8401995835645,9572467
2018-04-10,186.72598266601562,188.1262388159639,185.60575555675106,186.48092397145845,15248015
2018-04-11,185.6407470703125,187.32106543523128,184.41552024541343,186.86598498986382,5433736
2018-04-12,183.4003143310547,185.64074620358767,183.0152411430867,185.60574257595025,6360898
2018-04-13,182.5601806640625,184.4855468144544,182.03507071881614,184.13547721584132,5183544
2018-04-16,185.15066528320312,185.46573124013688,182.03506481746132,182.3851344047256,5412918
2018-04-17,187.3561248779297,187.91622743504337,183.92546897897114,185.81583175121216,13716437
2018-04-18,192.7821502685547,195.26764122632628,187.6361612807615,188.12625652670886,24733011
2018-04-19,194.1824188232422,196.03777771748676,192.7121331604838,194.11241156005565,13317329
2018-04-20,193.37725830078125,195.51266844444166,191.48690686307896,193.2372437739254,11206130
2018-04-23,192.88717651367188,194.07741102138658,192.53711798284215,193.2372572338101,12198602
2018-04-24,193.23724365234375,195.23261707858595,192.29204574478035,193.23724365234375,8774762
2018-04-25,191.90695190429688,193.4472446691793,190.92676156495267,192.88714224364108,5118640
2018-04-26,194.81251525878906,195.40763242847677,191.13681244771124,192.2220248048297,21064135
2018-04-27,195.6177215576172,196.70293416529177,194.9175822440229,195.75775829606025,10107682
2018-04-30,197.0529327392578,198.73326214248485,195.7576987021882,195.7576987021882,6146923
2018-05-02,201.11375427246094,202.1289372264709,196.21280218284141,197.5080585613779,16690653
2018-05-03,199.53846740722656,202.82909749986513,198.17320362524794,201.28880445133717,9727173
2018-05-04,194.0424041748047,200.93875277820285,193.13224308195217,200.93875277820285,11324148
2018-05-07,197.6130828857422,198.4182218755341,193.867350418089,194.8475408476072,6725168
2018-05-08,197.92813110351562,200.2035779779667,197.4380580670628,198.24319707492708,6842664
2018-05-09,197.64808654785156,198.83832102059435,197.08798403925775,197.08798403925775,4376684
2018-05-10,196.142822265625,198.8033204657701,194.14742642620675,198.10320337476944,5890656
2018-05-11,198.59329223632812,198.83832877240036,195.86276466384746,197.36804298804086,4042002
2018-05-14,199.39840698242188,201.1487438185095,197.43804836502073,198.138165348011,6728839
2018-05-15,197.33302307128906,200.23857950776423,196.52786192718216,199.4334183636573,8077078
2018-05-16,200.133544921875,202.1989475492063,195.7226884584851,196.00273966721244,18758524
2018-05-17,195.3026123046875,202.12893026982178,194.95255382003674,201.63883507772738,11169294
2018-05-18,197.64808654785156,199.92353349931233,193.2372515560403,195.02258107584663,16016090
2018-05-21,197.68309020996094,198.83830989026066,194.98757762259493,197.64807548414342,8909610
2018-05-22,195.16259765625,198.20819079003937,194.6725024644828,197.4380443728774,4913188
2018-05-23,191.4518585205078,195.6176560865789,191.10180007552654,195.33760489273328,8195839
2018-05-24,192.4320831298828,193.79734681180295,190.26165825367465,191.83696591578357,6524303
2018-05-25,194.43016052246094,196.35804906230385,191.89536715769054,194.50157972628924,9600297
2018-05-28,196.57225036621094,198.14311068759983,194.5015687944112,195.64400443554578,7266559
2018-05-29,195.6797332763672,198.32163292850848,194.53727489323853,196.21524154968313,9171106
2018-05-30,194.14453125,195.4297825986494,193.2519949626141,194.57295590943534,8313920
2018-05-31,193.96604919433594,194.7157697986079,192.5022949581113,194.35876429746108,13721531
2018-06-01,192.75221252441406,194.0017771560007,192.1452850112996,193.60906201571032,6862252
2018-06-04,192.0024871826172,194.18027520396262,191.0028445535084,192.96642020723615,8291604
2018-06-05,191.00283813476562,192.6808047851678,190.53870381063788,192.07387730720063,6011246
2018-06-06,193.07351684570312,193.6090477382713,191.21704746756603,191.35984061914453,7577818
2018-06-07,193.53761291503906,194.43014924418856,192.8592889256307,193.1448978353996,7059595
2018-06-08,191.2884521484375,193.85895528236043,190.64581505012654,193.5733463374424,7030323
2018-06-11,192.2523651123047,194.14454397596558,191.46693493829355,191.71685688256514,8903144
2018-06-12,192.96640014648438,196.07243389471685,192.2523665385431,192.28807613932057,8774931
2018-06-13,191.25274658203125,194.0731717458416,190.78863486544842,193.85895937521536,8118945
2018-06-14,190.8243408203125,192.00248620655995,189.93180437954982,190.28880990399068,9522749
2018-06-15,188.8607635498047,191.181356151862,188.21813773208373,191.00285338048482,11231098
2018-06-18,188.89642333984375,189.57474731061654,188.1466914861761,188.82501545694888,6522996
2018-06-19,189.96749877929688,190.75292906749462,187.53980001812621,189.14637020022576,7618626
2018-06-20,188.32522583007812,190.64580689438657,187.82540454043854,190.25309178321686,9907628
2018-06-21,186.25454711914062,189.07496100503894,185.93323987382595,188.78935205035242,7412366
2018-06-22,189.32485961914062,190.50301628319002,185.64760778839812,186.04033421963453,17468481
2018-06-25,187.5041046142578,189.5033899712393,185.46912096585334,189.32487588446259,14142177
2018-06-26,189.07492065429688,190.03887612901372,187.1827532471858,187.39695426007242,10475574
2018-06-27,187.61119079589844,189.2177608314046,186.7186544016905,189.1463529413429,10423520
2018-06-28,186.004638671875,188.50374534224284,184.93359942162064,187.0756892369601,15200725
2018-06-29,190.07461547851562,191.03854858921954,185.86184353306746,186.93289415197677,11327082
2018-07-02,187.82537841796875,190.71719957514622,185.68328909097906,190.64578037965953,18794988
2018-07-03,189.53909301757812,190.46732782167837,186.4687683222355,188.14673515401213,10784961
2018-07-04,188.78932189941406,190.14596987492445,187.21846158468463,190.14596987492445,8184810
2018-07-05,194.572998046875,195.50122150379553,188.14672859710325,188.93215888972594,16069118
2018-07-06,194.6800994873047,196.17956345383402,192.8950265694832,194.75149606771245,13434995
2018-07-09,195.9296417236328,197.07210015989506,194.35878117472566,196.35806646593878,10158808
2018-07-10,197.82180786132812,198.143126396994,195.00140550513092,196.7150591026965,11928591
2018-07-11,196.89356994628906,200.14241977984344,195.46552522298097,197.67902283118408,11800272
2018-07-12,197.92892456054688,198.6072486410128,195.14420902941035,196.89357232269938,10284221
2018-07-13,193.07351684570312,198.7143441855632,192.2166900472536,198.50013182853593,19306087
2018-07-16,193.93032836914062,195.14418321024561,192.57368038770431,193.00210506801378,10676970
2018-07-17,192.6807861328125,194.929970440161,192.2880710532809,193.5376128618839,10419746
2018-07-18,191.75257873535156,193.71615452757575,191.07425460982523,193.57336135886612,7321779
2018-07-19,195.1442108154297,196.07245687752436,190.11031062832677,192.00248972781839,9301711
2018-07-20,195.64404296875,196.21526090182192,193.25204241564145,195.10851201295623,6825663
2018-07-23,202.8914031982422,204.6764758768845,197.89319064618053,199.57115715373166,27059765
2018-07-24,203.9624786376953,204.9264343493499,202.46301460478347,203.14136135250183,12577993
2018-07-25,204.31948852539062,204.89070640213112,202.2130971465427,202.96281778105708,13814116
2018-07-26,205.0692138671875,207.88963897153275,202.9271354654102,204.9264207095546,21495638
2018-07-27,216.0295867919922,219.31412381122226,210.63865821211533,214.20880419436602,78783846
2018-07-30,214.95849609375,216.77927844743027,214.2087754949751,215.63684274840972,17738557
2018-07-31,212.56651306152344,215.1727029191094,211.03133967202146,214.74430085780747,15124149
2018-08-01,215.3512420654297,216.31519778303132,211.4240905000005,212.8164483513185,15187911
2018-08-02,213.6375732421875,216.70789769452955,212.2809024634825,214.56579665799245,10226827
2018-08-03,217.02920532226562,218.06453486927654,212.8878192452438,214.20878035314675,12950643
2018-08-06,215.4940185546875,219.13556049016208,214.20876712865777,217.7789124931468,7979881
2018-08-07,214.99420166015625,217.20769907253623,214.03026872849273,216.31516271330668,7465742
2018-08-08,214.8870849609375,215.9224370439792,214.2087609818945,214.38726371906517,6690368
2018-08-09,215.99383544921875,217.4932991875836,214.24447240262188,215.4583046034965,9576528
2018-08-10,217.63612365722656,219.13558761145188,215.0299335119485,215.6368610145869,15347074
2018-08-13,218.4572296142578,219.77819059902328,216.45794465233948,217.0648720607545,10341087
2018-08-14,219.84962463378906,221.49190440223256,219.0999039601335,219.2070101463216,12790249
2018-08-16,219.52828979492188,220.27803304263733,217.85032317529507,219.84960832965706,19393491
2018-08-17,224.02670288085938,225.1334517424447,219.77823283515696,219.77823283515696,26392504
2018-08-20,223.7053680419922,224.91922300379508,222.2773233483947,224.34800512635607,19958265
2018-08-21,223.4197235107422,226.34725426814322,222.77710915841186,224.56218171327754,14143291
2018-08-23,222.77711486816406,225.91883540375954,219.4568689687813,224.20515937086338,11745180
2018-08-24,221.6346893310547,222.77714773140224,219.20700200351413,222.06311405989254,5655583
2018-08-27,223.77676391601562,224.8120933822139,221.7060597243038,222.20588097236222,5482067
2018-08-28,222.52719116210938,225.49040893994433,222.06307953114026,224.2051575829357,6864300
2018-08-29,223.34837341308594,225.24055252528908,221.34908811493463,222.56294313590666,10748094
2018-08-30,228.38226318359375,228.91779408882962,223.8481844946836,223.8481844946836,25934792
2018-08-31,228.38226318359375,230.34583878669184,226.49008415797377,229.91743669216322,18781195
2018-09-03,223.6339874267578,230.5957765226356,222.09883644286055,230.5957765226356,9463966
2018-09-04,221.06344604492188,222.91991527380543,219.2069768160383,222.777122133707,11615187
2018-09-05,221.52760314941406,224.5265312627161,220.81356941343802,221.63470934129361,10529696
2018-09-06,221.9202880859375,222.5986121223505,219.9567125516738,222.3487127951075,7902786
2018-09-07,221.67039489746094,223.63397048610236,219.9924282462892,222.49153473622368,7465327
2018-09-10,218.88565063476562,221.88457802761798,218.171617070326,221.4918629616247,10006954
2018-09-11,212.2095184326172,219.02849181503493,211.03137297620432,218.9570952318268,27008217
2018-09-12,219.0641326904297,219.6353504361999,210.92420060941228,212.60216688114656,20171661
2018-09-14,219.3141326904297,220.3851720025349,217.81466860161729,219.2070264962529,13317349
2018-09-17,215.63685607910156,218.56436471106483,215.27982792884194,217.77893446201807,6049990
2018-09-18,216.52938842773438,217.7075337790913,213.70896340140004,215.77964516708735,8515415
2018-09-19,213.95892333984375,218.24308078528557,212.78075514971698,217.42196343171872,6387203
2018-09-21,217.02920532226562,218.92138429263386,214.4943892843794,214.4943892843794,16966413
2018-09-24,212.7450408935547,218.74287412598386,208.8535765041982,217.77894108731257,15009283
2018-09-25,215.02993774414062,215.88676460785013,208.7464728546204,211.99530017122123,13785151
2018-09-26,209.31765747070312,216.35084191859713,206.88997042816507,216.35084191859713,20657879
2018-09-27,209.42477416992188,210.71002564051153,206.71147808182084,209.5675899465024,12550275
2018-09-28,212.6022186279297,214.208788729891,208.353748836509,210.6386430053815,25554548
2018-10-01,212.1381072998047,216.31518052041545,209.49618497602026,214.81571659791464,9373133
2018-10-03,210.7814483642578,214.2087781331897,210.38871062951623,212.06669985631467,7861709
2018-10-04,204.99781799316406,211.138466904342,203.60546023832367,209.81750572856356,8417940
2018-10-05,197.42909240722656,204.2123780988787,196.429449828885,203.85534996109413,18301682
2018-10-08,195.0727996826172,199.49977203305662,192.18097815649708,199.21416310364046,17063274
2018-10-09,191.71685791015625,196.71504789613917,191.1813270478882,196.71504789613917,10946626
2018-10-10,192.85931396484375,193.60905725127793,190.78863212793618,192.7165208062491,11921765
2018-10-11,189.3605499267578,192.28806951473337,188.25380126702657,189.2177454730552,11018554
2018-10-12,196.50086975097656,198.25025578574977,190.8600417485212,191.00285754653495,13942941
2018-10-15,201.71327209472656,202.4987023180492,197.07208733064027,199.17845604064576,18623988
2018-10-16,201.8203887939453,202.60581905821132,197.32199694706304,202.07028813727507,12325066
2018-10-17,204.53370666503906,208.24666863887313,201.0349797118132,202.71294660133213,15896854
2018-10-19,206.67578125,208.17524516327742,203.3198479044239,203.49835066393453,8341467
2018-10-22,205.99745178222656,209.2819884637687,205.1406023515967,208.49655823879772,12965700
2018-10-23,204.21237182617188,207.9253104633979,202.46298605297955,204.21237182617188,11261603
2018-10-24,205.46189880371094,206.81854675017416,204.46225632853051,206.14022277694255,9024700
2018-10-25,205.31912231445312,206.71147997280065,203.14133445187457,204.2123735822206,9953333
2018-10-26,200.57078552246094,206.92564562073684,197.07205961236107,206.85424905492937,22302628
2018-10-29,202.4272918701172,203.67683369532108,199.17844239120265,201.2848335865194,11779416
2018-10-30,199.178466796875,202.67721601767474,198.50014271552482,202.24881390978348,7110853
2018-10-31,199.99961853027344,200.64225567471948,194.8229022865524,199.60690337411043,14021856
2018-11-01,198.0717315673828,201.2134524869434,196.21523954249727,199.92820096260863,9816770
2018-11-02,202.24879455566406,204.17666043084026,198.71433606841003,198.71433606841003,12093152
2018-11-05,199.64260864257812,203.6768663072827,198.7857591352698,203.6768663072827,7665505
2018-11-06,198.0003204345703,201.24917029575923,197.14349359329734,200.71363937642573,10142476
2018-11-07,199.96392822265625,200.64225233294349,199.0713917344548,200.64225233294349,994001
2018-11-09,197.9646453857422,199.71400877818448,197.0006896728701,199.21418743324924,15613827
2018-11-12,195.53692626953125,198.64296038689398,195.10850152791954,198.3573514357065,7318920
2018-11-13,197.6790008544922,198.4287214221722,195.03707880817848,195.60829663399736,6958821
2018-11-14,197.39337158203125,198.78572919201366,196.10812014432886,198.57153947711177,7182329
2018-11-15,196.00103759765625,199.39268065947775,195.28702653593461,197.6790269557527,12621945
2018-11-16,197.46478271484375,198.71432450084333,196.53653680289784,196.9292518753255,13122152
2018-11-19,203.14132690429688,203.49833239126158,197.4290807052544,198.03600813682093,17364041
2018-11-20,202.6772003173828,204.67648543153757,201.21344608368344,203.49834012419473,8096904
2018-11-21,201.17774963378906,203.35553764058244,199.92820767058285,203.14134790405663,5867663
2018-11-22,200.28521728515625,203.14135205309464,199.6426028031328,201.3562791379636,6937634
2018-11-26,203.9624786376953,204.46229998199925,200.4280422506144,200.8207574047345,9292657
2018-11-27,203.39125061035156,204.5336864093685,201.92749625673827,204.28378706445636,7146777
2018-11-28,201.4990692138672,205.60474590768013,200.4994265863242,203.78396341544246,9197861
2018-11-29,205.31912231445312,206.56866419491365,202.39159121987106,202.53440699775805,14183469
2018-11-30,204.069580078125,207.06850807414813,203.35554637007263,206.71150253495264,8972623
2018-12-03,202.0345916748047,206.7114860658192,201.7489827402711,205.10491600811548,8895477
2018-12-04,201.24917602539062,202.28450565936407,200.60653890389432,200.64224850942009,6548740
2018-12-05,196.60797119140625,201.21346940821175,195.78685391907,200.6422514892835,11894383
2018-12-06,194.9656982421875,196.28665937378267,193.85894947027373,196.00102780776766,10055005
2018-12-07,195.6797332763672,197.2148841487982,195.14420237339127,196.32234773027832,8415885
2018-12-10,193.1092529296875,194.43019159639806,192.18100679849792,194.21597920999562,6940479
2018-12-11,196.1438751220703,197.10780826593458,191.50268955829537,191.64548273459792,10633126
2018-12-12,197.1077880859375,198.28593350329993,194.64439106511963,196.85788873816114,10473073
2018-12-13,196.57225036621094,199.49975866886157,195.28699895510567,199.21414975857795,16430755
2018-12-14,196.89356994628906,197.9646317758457,195.57263140593662,195.89394995480362,8925774
2018-12-17,199.8210906982422,200.92783944400608,197.00066574517737,197.78609595901128,12703296
2018-12-18,198.60723876953125,200.35662460553038,197.78609894099412,199.24987584308025,9172963
2018-12-19,202.39158630371094,202.78430139628728,198.85715047052403,199.21415596208124,13639278
2018-12-20,201.8203887939453,203.0699307699156,200.6422433975463,200.6422433975463,5155693
2018-12-21,197.60760498046875,202.78432088347165,197.1077836664617,202.0702872020815,7079146
2018-12-24,197.07208251953125,200.42801568810145,196.53655163958535,199.1070546040076,8869498
2018-12-26,197.5361785888672,199.07135190364914,196.2152176091392,197.32196625381323,8821251
2018-12-27,200.4636993408203,201.10633638611384,198.00030259317893,199.21415748118324,11881735
2018-12-28,201.53477478027344,202.78431672483555,199.32127720225583,199.32127720225583,13702437
2018-12-31,201.10633850097656,202.6771988997798,200.71362340127575,201.9274783020451,5662393
2019-01-01,201.85609436035156,202.46302191675863,199.78541232478432,201.49908879995346,2586466
2019-01-02,200.3566436767578,202.24882284499336,198.17885554742318,201.53478912741474,10316782
2019-01-03,199.10707092285156,201.67757409795263,198.32164065432963,200.35663553525345,6350450
2019-01-04,200.60655212402344,202.03461962390736,199.321300425993,199.321300425993,8105747
2019-01-07,201.10633850097656,203.6768414498653,200.64222682760075,202.9985174258056,10133320
2019-01-08,202.96282958984375,203.85536606030277,200.8921476939381,201.3562820467465,7768619
2019-01-09,207.35411071777344,208.28235677294379,203.21274701869484,203.92678070500583,12651287
2019-01-10,206.7828826904297,209.71039124232897,206.283061397464,207.60402252094323,10684824
2019-01-11,210.8885498046875,211.35268415346292,208.13954383586557,208.4251527883714,17419014
2019-01-14,210.13882446289062,210.49582998817345,207.0685000046124,210.2816402508001,6646635
2019-01-15,211.7454071044922,212.35233463708335,209.92462450671871,210.81716100235363,7490965
2019-01-16,209.9603271484375,211.74540008049303,208.28236040267822,211.35268494062726,8083821
2019-01-17,209.88893127441406,211.06707669797962,207.1756122618726,209.9960148314098,11009380
2019-01-18,208.1038360595703,210.7100259768102,207.53259558199525,209.38908753221125,11418250
2019-01-21,206.9970703125,209.35336071362005,206.14022098143312,209.1034387821732,8519267
2019-01-22,206.8899688720703,207.78250519254843,203.605432497152,206.96136544140447,10727385
2019-01-23,198.0003204345703,210.21022172842865,196.35806333138197,208.13953988977346,41735950
2019-01-24,199.14276123046875,202.32019160146888,198.39301800974653,199.42837015228622,29105831
2019-01-25,199.35696411132812,201.85604771595854,198.85714286447052,199.92818192783463,9240591
2019-01-28,196.17953491210938,199.53546788862076,195.78681983251033,199.14275280902172,9338450
2019-01-29,198.8214569091797,199.21417203343782,196.1795572214123,196.57227234567043,7267917
2019-01-30,196.71507263183594,200.07100611161493,195.78684919339727,199.9996095308876,10852162
2019-01-31,198.96426391601562,199.642587952562,195.35840874899742,197.4290904609608,15937442
2019-02-01,200.5351104736328,203.64112151191955,199.2855460346211,200.3922947038729,19060690
2019-02-04,197.85751342773438,201.28484318260686,197.10777019314227,201.28484318260686,6289877
2019-02-05,195.75112915039062,198.3573418194118,194.57298379773556,198.03602327878045,10205529
2019-02-06,198.2859344482422,198.78575577583797,196.0367497888918,196.3580683487022,8409442
2019-02-07,200.1424102783203,200.64223156516485,197.78609699481933,198.4287340620449,6177040
2019-02-08,196.71507263183594,200.78503980787158,196.07245814596772,199.57118478720142,4575570
2019-02-11,197.85751342773438,198.6429436346772,191.6811553189029,196.92926744241146,10335615
2019-02-12,196.57225036621094,200.28518882955603,196.07242911580013,197.8217921774091,7624089
2019-02-14,198.42872619628906,200.07098314244487,197.78608915453776,197.78608915453776,10378675
2019-02-15,199.99961853027344,200.60654606791846,196.64368489948743,199.21418821794745,38998388
2019-02-18,196.1438751220703,201.67759724155823,195.5726571575332,199.07140679223394,42232590
2019-02-19,197.00070190429688,199.3570156079549,195.6440535822388,195.6440535822388,35777932
2019-02-20,196.9649658203125,198.14311106358977,195.82250754735227,197.964608323031,6208106
2019-02-21,196.39376831054688,197.60762341920872,195.78686338587866,197.0006958648778,7264425
2019-02-22,195.8582305908203,197.0363759149642,195.00140379953183,196.78647658696065,9100951
2019-02-25,197.57191467285156,197.89321058884568,194.92999235924043,196.00103154842807,31204722
2019-02-26,196.71507263183594,197.78611186139037,195.67974300747574,196.32235749334396,12233273
2019-02-27,196.429443359375,199.14276207260312,195.5726165902992,197.0720804084259,13634026
2019-02-28,197.1077880859375,198.00032455027215,195.82253648248204,198.00032455027215,44873000
2019-03-01,198.64292907714844,199.21414688948903,197.25057151603238,197.39336465428883,9170950
2019-03-05,201.74899291992188,202.78432253113837,197.10778526800533,199.9282104120318,14103324
2019-03-06,204.0338592529297,206.4972559018224,203.31982566333497,203.49832840331922,20817638
2019-03-07,207.13987731933594,207.78251436067126,204.1052627476751,204.71219018793897,14837761
2019-03-08,208.49655151367188,209.21056250995332,205.926025934355,207.28269661253924,13169854
2019-03-11,209.1748809814453,210.56723866788263,207.85391987056235,209.2105679543928,15287916
2019-03-12,210.28163146972656,211.10274866952042,209.31767585832736,209.92460332969216,14686757
2019-03-13,210.56723022460938,212.06669402908287,210.03169935527652,210.63862679730093,11496644
2019-03-14,210.99566650390625,211.35269468457403,207.38983349789834,210.92426991963757,10503481
2019-03-15,207.6396942138672,211.74537043463548,206.60436473083874,211.31694574943307,22219476
2019-03-18,209.60330200195312,210.06743635913944,207.99675444370212,208.4965757770602,9519926
2019-03-19,213.81607055664062,214.20878567555064,209.46049464521673,210.3530310636177,16363247
2019-03-20,213.42333984375,215.6011276403398,211.78106028127738,214.20877002418183,16221492
2019-03-22,212.92355346679688,214.20880512077912,211.7454080031183,214.20880512077912,8378083
2019-03-25,210.67434692382812,212.06670462399765,209.35338579991716,212.06670462399765,8324586
2019-03-26,209.49620056152344,211.60259213052709,207.8182337535814,210.63865904780045,11178168
2019-03-27,209.28199768066406,211.85250082644086,208.21093584520656,209.92461215227797,8757278
2019-03-28,214.2087860107422,215.63685333428234,209.2105730080117,209.99600324706077,18436077
2019-04-01,212.24517822265625,213.63753573155302,211.74535699818927,212.06667549170157,6442182
2019-04-02,212.7093048095703,214.20876858843312,210.38870125497496,212.35229932255172,10228747
2019-04-03,211.45977783203125,213.49474998439447,210.7457441781695,212.78071633053273,9413878
2019-04-04,210.49581909179688,212.28089188512735,209.7460984756482,211.3526685155775,7233298
2019-04-05,210.3173370361328,211.63829827468672,208.9606888211823,210.67436520773038,8107661
2019-04-08,209.03208923339844,210.63865946086804,208.2823685297324,210.38873747320466,5492542
2019-04-09,211.56690979003906,211.85251876045191,208.67508784882276,208.853590626623,6413515
2019-04-10,210.42442321777344,211.74538433073215,209.56759642079615,211.3883561930803,5540095
2019-04-11,211.63832092285156,212.38804169301196,209.2106105629721,210.3173595429369,11179559
2019-04-12,218.31448364257812,219.49262911474324,211.06708540468725,211.81680611255155,22658578
2019-04-15,218.13595581054688,221.34909624772718,217.31483852765615,219.8496322190205,13098155
2019-04-16,219.34976196289062,221.31333729012294,218.60004143054988,219.06415306344383,10121522
2019-04-18,217.35049438476562,220.0995226919593,216.74356693887842,220.0995226919593,9178504
2019-04-22,215.4940185546875,218.1359179777325,214.95848769815095,216.9577727230101,6929432
2019-04-23,216.63648986816406,217.6361098110569,215.31552876236447,215.74395347336096,7784732
2019-04-24,218.81427001953125,219.3497782596587,213.1377333184339,216.63648219849912,11888770
2019-04-25,217.1719970703125,221.20627694335676,215.63684624614532,219.38549456014246,24135743
2019-04-26,217.4576416015625,218.77860291719912,216.02959672082565,217.4933512097045,4834044
2019-04-30,215.17271423339844,219.59970926034725,213.8517757495768,217.45760832256764,11593138
2019-05-02,217.7789306640625,218.84996983684235,214.63720972266555,214.99421523703887,7781859
2019-05-03,217.24342346191406,219.52831784027805,216.56509933281046,217.24342346191406,6112578
2019-05-06,219.20700073242188,219.56400625127642,214.74431859843904,217.064899730314,6997113
2019-05-07,215.5654296875,220.99206730145607,214.81570906736187,220.0995309000414,8989234
2019-05-08,214.6728973388672,216.6364955627776,213.24485264743956,214.2087856428607,8179360
2019-05-09,214.10166931152344,215.13702146467384,211.60256293293523,213.78035078506375,10617358
2019-05-10,212.6022186279297,214.53010727621535,211.99529113920383,214.208788729891,7170576
2019-05-13,206.56863403320312,216.70785126329355,205.42619849555356,210.7099968016663,37262425
2019-05-14,210.17449951171875,212.95921456599334,206.24732623098583,207.78249952255175,21959611
2019-05-15,212.10238647460938,213.70895649441232,208.49655396023599,212.45941460659841,18583184
2019-05-16,210.46014404296875,212.0667141739216,209.3891048322204,212.0667141739216,7637614
2019-05-17,215.20843505859375,215.88675913721585,210.71004322137156,210.71004322137156,11626049
2019-05-20,219.20700073242188,219.59971585502595,215.70825160307447,219.09989455083348,11437612
2019-05-21,218.4215850830078,221.34909389629138,217.99316032802514,219.20701538070153,10923996
2019-05-22,218.29151916503906,220.5126657934078,216.1431905841006,220.03931386480298,14266773
2019-05-23,209.88027954101562,222.55175041970722,209.00639375221795,222.11479598520606,32589058
2019-05-24,211.51882934570312,212.39271510870182,209.22484171250014,212.28347650330147,11298665
2019-05-27,211.8101348876953,213.77638371999444,210.49929463942755,212.1014301561765,9371741
2019-05-28,210.39007568359375,212.64764307548353,209.80748509220516,212.50198388753276,16199349
2019-05-29,209.80747985839844,212.42916053445447,209.4433434377088,210.3172523831986,7534947
2019-05-30,210.20799255371094,211.95576410791608,209.95309477692828,210.4628672502892,8989691
2019-05-31,202.8527069091797,212.2834864143509,202.05163915231313,210.71777146418628,27294002
2019-06-03,202.8527069091797,205.001035475415,200.48592420214854,204.92821742848304,20323304
2019-06-04,203.36248779296875,205.47439588281568,203.03479502814525,203.36248779296875,14384170
2019-06-06,200.81362915039062,204.1999801211732,200.48593637919106,204.1999801211732,11071548
2019-06-07,200.44952392578125,201.57830762839166,199.68487665509437,201.57830762839166,7995725
2019-06-10,203.47177124023438,204.30925977977043,201.6511580291975,202.67070327379503,8947150
2019-06-11,203.79945373535156,204.92823743391313,203.32610176377693,204.56410100329572,8787243
2019-06-12,203.8722686767578,204.92823430515682,202.63424637593334,204.92823430515682,8565517
2019-06-13,204.34567260742188,204.89184270190447,202.85275228999836,203.10765013159173,7475823
2019-06-14,202.48863220214844,204.27282471349997,201.8332004141768,204.27282471349997,8212601
2019-06-17,200.26744079589844,203.0711778583381,199.86690692983564,203.0711778583381,10398919
2019-06-18,200.3402862548828,202.3429558592395,199.53921841314013,201.1049566094056,14378973
2019-06-19,201.86961364746094,203.10763603738124,200.7044323959185,200.77725045408775,9394923
2019-06-20,201.72393798828125,202.4157902651574,200.52233626561224,201.72393798828125,10973042
2019-06-21,199.72128295898438,201.46907790083583,198.99303314319556,201.46907790083583,19311989
2019-06-24,201.17776489257812,202.0880713121807,199.7212653891315,199.7212653891315,9279182
2019-06-25,202.81634521484375,203.90870843240185,199.72128917151852,200.30387981018828,12856683
2019-06-26,202.01524353027344,202.9619473897266,201.25057324972485,202.77989073061678,7707084
2019-06-27,199.1750946044922,202.59784303594358,198.6653220883054,202.4157863687782,24205884
2019-06-28,199.4299774169922,200.5951816785154,198.44685291023094,199.61203409154692,8775151
2019-07-01,200.23106384277344,201.17779095066172,199.64847319801572,199.83052988947634,5236646
2019-07-02,199.4299774169922,200.74081778607626,198.95662544710848,200.52234054452774,10360661
2019-07-03,201.5054931640625,202.12450433717402,198.19196005149993,199.75769826823043,18818695
2019-07-04,202.19732666015625,202.63425808317987,200.41311115876482,202.0516674656762,10071080
2019-07-05,203.50814819335938,205.25594296379126,195.1697313187754,202.19730788558704,38474130
2019-07-08,202.0516357421875,206.020576976171,200.8500341271677,204.01790761780467,12637923
2019-07-09,198.88380432128906,202.124496167052,198.19195204033622,201.68754169070428,8003290
2019-07-10,198.9202117919922,200.449529455764,197.1724168790804,199.21150709744282,8477115
2019-07-11,200.74082946777344,201.65113597372763,199.2479323372586,199.5392276495389,8727346
2019-07-12,200.3038787841797,201.32342393673395,198.88382276477446,200.55877661242275,10872126
2019-07-15,197.3180389404297,200.70438950443685,197.02674368979524,200.26743508838337,8865479
2019-07-16,198.0463104248047,198.6289009902544,197.06316288037632,197.3544812433074,6602372
2019-07-17,198.73814392089844,198.92020059152813,197.13600829102634,198.41042806564096,6536611
2019-07-18,198.8109588623047,200.34027641603694,198.30118634439393,198.7745613768723,9447100
2019-07-19,195.3882293701172,199.7212846525214,195.16975211550712,199.6120460252164,8294444
2019-07-22,192.5480499267578,195.31538971209812,192.2567546462282,195.1697305317303,14037538
2019-07-23,197.09959411621094,197.86426446994122,192.9850162896872,193.34912964275378,14951457
2019-07-24,197.2452392578125,199.0658520538968,195.09691061918357,196.84470536588216,12537555
2019-07-25,195.0605010986328,198.44685216958226,194.3686718897826,197.3544890461237,18350433
2019-07-26,196.9175262451172,197.35448070812265,194.36866367792894,195.71592455205834,4972441
2019-07-29,194.98768615722656,197.4637308181116,194.07737969311427,196.62624240867018,5738104
2019-07-30,195.82516479492188,196.69905064798775,194.11379057420555,195.1697330949677,13743007
2019-07-31,196.7718963623047,197.42732815440306,193.7132839064743,195.60671506107587,14175457
2019-08-01,194.84201049804688,197.13599828824448,194.07736328811805,196.9539416268524,6153824
2019-08-02,192.6208953857422,194.58715600145916,191.60135027979177,194.58715600145916,9233326
2019-08-05,189.19813537597656,192.62089559831657,187.63240868728306,192.54806600205234,12001827
2019-08-06,188.54270935058594,190.4361518538709,187.9965277858261,188.43347072961325,9770895
2019-08-07,184.7194366455078,188.87043522181136,184.3189027074526,188.6519579682888,8816780
2019-08-08,187.70523071289062,188.39705991902974,184.2460616019881,185.7025496075931,6616227
2019-08-09,185.1199493408203,188.50628868131247,184.61017683450083,188.50628868131247,10309668
2019-08-13,179.3668212890625,184.9743074940636,177.6918560787214,184.82865985056915,21801393
2019-08-14,181.15101623535156,184.68301491731162,177.72826771274467,179.36682392128392,14340858
2019-08-16,184.2460174560547,184.53731267935973,180.16784970948186,181.15097397316157,10735480
2019-08-19,183.1901092529297,187.37751663643655,182.75316630912064,184.61018824543865,13006987
2019-08-20,179.51248168945312,183.48141199200944,178.74782285169,183.2265257127551,15577976
2019-08-21,175.83482360839844,179.8037651904408,175.3978806755557,179.6581175461599,15303762
2019-08-22,174.8153076171875,179.14837480025247,174.05066024263425,176.38104601870634,10917955
2019-08-23,171.93870544433594,174.37832936366834,170.8827514061405,174.0506250608298,17073495
2019-08-26,176.59947204589844,177.2913127408149,171.10122475109335,175.28863178409196,13352257
2019-08-27,178.78421020507812,179.36681228992907,176.74512021825382,177.65542659949998,15089362
2019-08-28,179.11192321777344,180.3499338758969,177.03642423964948,179.2575708516643,9237042
2019-08-29,175.6527557373047,178.747799716198,174.88809699851205,177.6554251435931,11532941
2019-08-30,178.89344787597656,180.02223147561546,174.08702974668213,176.7815398522221,12225631
2019-09-03,175.90765380859375,178.01956196812154,175.2522336370126,178.01956196812154,9913882
2019-09-04,177.1456756591797,178.09240271975435,175.7255966084218,175.94407385933965,7303230
2019-09-05,177.87391662597656,179.80376813953237,176.2353604057603,176.2353604057603,8777107
2019-09-06,177.61903381347656,179.03911282125296,177.14567029751652,177.910329112481,9039911
2019-09-09,178.78421020507812,179.51245992611615,177.10924507877283,178.16519909620607,9435127
2019-09-11,177.50979614257812,178.74781848013708,176.96361456899191,178.1288073113576,9314093
2019-09-12,175.32504272460938,178.42008675330436,174.77886119956975,177.9103142525733,8395088
2019-09-13,174.70603942871094,176.56306119032158,173.75931249603664,175.50710718704875,14572355
2019-09-16,174.34193420410156,175.39788832627556,173.5408663555629,174.4147522593666,7357494
2019-09-17,172.7397918701172,174.85170003332271,172.44848503993788,174.63322279571406,11083300
2019-09-18,174.2327117919922,176.45385886600073,170.44583790286114,173.1039279694254,20724917
2019-09-19,172.3756866455078,174.7424813424692,171.93873212045943,174.7424813424692,8810026
2019-09-20,173.35877990722656,180.96894674828565,170.62786077978285,172.59412116673,66016326
2019-09-23,185.59332275390625,189.7079005092464,181.98850599206102,182.06132404537308,54044544
2019-09-24,186.4307861328125,187.88727403492058,184.82865059450387,185.70253641170711,17828419
2019-09-25,180.27713012695312,186.61285463415857,176.7451314495895,185.7753777878395,21390350
2019-09-26,182.3526153564453,183.0808535280933,179.33038943877293,180.0950481740802,18534981
2019-09-27,184.2096405029297,187.88727507258656,182.06131189187585,182.06131189187585,18211017
2019-09-30,189.23455810546875,189.92638734741277,181.62439028366788,185.5205025358603,21381205
2019-10-01,186.35797119140625,191.12798069730772,185.70255100693993,188.68835663397616,16035574
2019-10-03,190.54537963867188,190.90950450783882,186.46719956816685,187.66881279042806,12832216
2019-10-04,187.3411102294922,192.18393786649264,185.84821316218833,191.52851767156105,18781574
2019-10-07,183.44500732421875,187.8873012624458,182.57110984027273,187.52317634912623,22082491
2019-10-09,179.94940185546875,183.66345694838802,179.36681131389068,183.0080368190614,22332047
2019-10-10,177.1092529296875,180.3499447137858,176.70871902739248,179.8765812201175,25230638
2019-10-11,177.6554412841797,179.293997521904,175.57994210177725,177.10925971830613,26037798
2019-10-14,177.76467895507812,179.43964421087898,176.96361112406547,178.7478150004778,15280471
2019-10-15,180.31353759765625,181.4787302912455,178.45651570915885,178.45651570915885,10373904
2019-10-16,177.4369659423828,180.31353280380677,176.3445913298768,180.16788516349325,16681940
2019-10-17,179.0391082763672,179.65811942611595,177.58262027821394,177.69185889759356,14175284
2019-10-18,179.51248168945312,180.4591972094962,178.4929365724356,179.14835678478914,13327812
2019-10-22,181.26025390625,182.86240108002474,178.38368695483857,178.42009598103016,18979485
2019-10-23,182.82598876953125,183.48140897109366,181.36950071495966,182.35263678735524,13325639
2019-10-24,181.36949157714844,184.97430827417472,180.5684237644989,183.95476322531044,17438024
2019-10-25,180.38636779785156,187.30470637326283,179.87659523881908,187.08622912221918,33846376
2019-10-27,182.3526153564453,182.86238784665017,181.84284286624043,182.0248995241268,3252338
2019-10-29,184.42813110351562,185.77538049859294,181.7336207732574,182.75316584633367,12397313
2019-10-30,188.9068145751953,192.25674474914555,185.19275954927616,186.43078173795,35611812
2019-10-31,187.63238525390625,191.4192583643136,186.57643125062845,189.34375938129102,17296427
2019-11-01,190.29051208496094,191.5285229136698,188.43347853174146,188.87043303372445,13055757
2019-11-04,189.88998413085938,192.94860804053064,189.38021155589678,191.49211991496793,8199342
2019-11-05,191.4556884765625,192.25675627485634,188.32423533408482,190.07201857217112,10674212
2019-11-06,190.32691955566406,192.11112349724857,189.34378347435307,191.49211231790846,9198544
2019-11-07,193.60403442382812,193.93173878093958,190.8002967125781,191.4557169669058,15351749
2019-11-08,189.70791625976562,193.31273332090117,189.34379134266328,192.87579034444104,12357632
2019-11-11,188.9432373046875,191.05515698326926,188.46988534888217,189.7807256789794,7524183
2019-11-13,184.86505126953125,188.79757188965078,184.3552787958007,188.5426856527855,10664859
2019-11-14,184.90147399902344,186.357961943325,184.42812205268467,185.0471216394433,9222757
2019-11-15,182.53466796875,186.24872295219765,182.06130451259324,185.15634840878255,17386229
2019-11-18,182.60751342773438,183.69987652600216,181.15101390990623,183.11727441085026,8167820
2019-11-19,181.55154418945312,183.37215701027495,181.18743085737123,183.33574798508738,12621028
2019-11-20,182.5710906982422,183.00804516445402,179.65811477731137,181.55154566388546,10362358
2019-11-21,178.9298553466797,183.08085331049853,178.45650342069675,183.08085331049853,10793493
2019-11-22,180.34994506835938,183.9911707619114,179.6217068537109,179.9858201909835,17000856
2019-11-25,180.42276000976562,180.89611192582572,179.33038546633756,180.42276000976562,10994413
2019-11-26,181.4423065185547,182.35261287580818,180.3863409888505,181.0781816676328,20539741
2019-11-27,179.84017944335938,182.09774684558576,179.5852931734339,181.87926960276292,9182137
2019-11-28,179.65811157226562,180.5684179738298,178.89345281013937,180.09505449057937,11416080
2019-11-29,179.4396514892578,180.16790129613761,178.4201063756677,179.69453776765533,10185713
2019-12-02,178.38368225097656,179.80376117613991,178.09238696891822,179.14834102145707,10356741
2019-12-03,177.728271484375,179.00270283582805,176.70872640321255,178.3836916736789,8442322
2019-12-04,177.07284545898438,177.7282656266865,176.23535708130186,177.32773172087425,12406762
2019-12-05,179.84017944335938,180.2407133617988,177.03644201428318,177.07285104138575,11699738
2019-12-06,177.21847534179688,179.98580337918176,176.59946426208776,179.87656477216225,10773814
2019-12-09,175.83482360839844,177.18208451317773,175.50711929379224,176.9636072767047,6981671
2019-12-10,171.57460021972656,176.0169056498254,171.13765725254987,175.94407605191049,15972570
2019-12-11,173.0310821533203,173.90496799826107,171.57458266487956,171.57458266487956,14331297
2019-12-12,173.722900390625,174.9245020068151,173.03107125526145,173.35877554144858,10704007
2019-12-13,175.944091796875,176.5995120763447,174.19630823165753,174.77889890669493,8521473
2019-12-16,172.5213165283203,177.25490543443263,172.12078261503865,176.96361014115573,12476974
2019-12-17,175.54351806640625,176.01688153774774,172.9582465661923,172.9582465661923,16534369
2019-12-18,178.52935791015625,180.13149375301728,174.59683636489464,175.21584759149275,17794641
2019-12-19,177.94674682617188,180.5320185286094,177.14566745660105,179.18475759713849,9699414
2019-12-20,175.6163787841797,178.49294606584257,174.8881289361187,177.9467644498492,14495913
2019-12-23,173.97781372070312,176.81797183037008,173.79575703781848,176.23536967295178,19817033
2019-12-24,173.86854553222656,174.92449950164377,173.46801166589944,174.05061372425848,8200254
2019-12-26,172.44850158691406,174.34194423429614,172.12079723916025,173.9778193167106,15017235
2019-12-27,172.5213165283203,173.6501002148978,172.19360066830612,172.9582594682357,9048085
2019-12-30,173.46804809570312,175.43430881790522,172.9582755151206,173.32240043555163,13680470
2019-12-31,173.1039276123047,174.01423416666313,172.88546188652998,173.7229388388936,7417112
2020-01-01,173.39523315429688,173.7593465411721,172.66698330033677,173.7593465411721,4370931
2020-01-02,174.6696319580078,175.4707113164957,173.3952121779071,173.46803023043108,8726602
2020-01-03,173.6865234375,175.50713647944073,173.32239852109097,175.50713647944073,9642051
2020-01-06,171.2104949951172,173.54088067779347,171.1376653937377,172.958278487072,7930726
2020-01-07,171.3925323486328,173.2495542630598,170.8463507902841,171.90230488045253,8740894
2020-01-08,170.55503845214844,171.72023104555504,169.8631977766211,170.40939082048538,7314466
2020-01-09,171.72024536132812,172.30283593654897,171.17405227192944,171.5745861774196,9816703
2020-01-10,173.32240295410156,173.8685845726324,172.44850544038937,173.03110762956575,10357864
2020-01-13,174.2327117919922,175.14301834822862,173.50446193096104,173.6865301662713,12715178
2020-01-14,177.1456756591797,177.5462211325638,173.54087025965958,174.96094931041748,12299570
2020-01-15,176.52667236328125,176.96361531597384,175.5799453222915,176.63591098648035,5687654
2020-01-16,175.32504272460938,177.6190189778992,174.8516907882897,176.59947397643705,9730522
2020-01-17,174.74246215820312,176.30818877415402,174.34192824761826,175.3250527408344,7677106
2020-01-20,176.1625518798828,177.14567643310008,174.81529088014216,174.81529088014216,8329721
2020-01-21,173.6501007080078,175.83482695389216,173.322384847063,175.83482695389216,9939680
2020-01-22,173.35877990722656,174.48756350606948,172.66695075444034,174.48756350606948,7949731
2020-01-23,173.2495574951172,173.86856865817532,172.52131925043443,173.39521668415745,6356150
2020-01-24,173.431640625,174.12346990196593,172.59415214646836,172.88545900949507,7063834
2020-01-27,170.84634399414062,172.885434040306,170.6278667634506,172.5941272193516,7100949
2020-01-28,168.0426025390625,171.7930669495869,167.86054586558413,170.95559009544138,15144538
2020-01-29,172.33924865722656,173.06749843196877,168.3339095164551,168.5887957836045,21258057
2020-01-30,170.44581604003906,172.5941332363412,169.68115724606946,172.55772420999125,10794458
2020-01-31,171.2468719482422,173.61366621821415,170.44580418364578,171.6838148543577,19166671
2020-02-03,151.18373107910156,157.95642202917466,149.2903000290587,156.57275200021706,82836335
2020-02-04,157.04611206054688,158.46617954662975,152.31251145988963,153.5141132389388,37145337
2020-02-05,157.6287078857422,158.39336673594048,154.02389088912284,157.5194692585561,22072147
2020-02-06,155.51678466796875,160.14113481524674,154.24235337301306,158.75747644366902,28443398
2020-02-07,155.40753173828125,157.08249678023049,154.9341682894362,155.69882699598492,17793265
2020-02-10,153.33204650878906,155.8809090913034,152.96792163412943,155.84448852576526,9987781
2020-02-11,154.82493591308594,157.99280947342362,154.2423453742346,157.6650936402428,30951617
2020-02-12,155.1526641845703,156.42709551560472,154.24235773956053,155.4075504507772,10310789
2020-02-13,154.31517028808594,155.44395393246606,153.8054093139595,155.15265865007865,9505645
2020-02-14,151.25656127929688,155.0434349345794,150.60114106088457,154.57007140013002,14260540
2020-02-17,149.14463806152344,151.94837533889554,148.56203595888704,151.47502339186298,16161290
2020-02-18,148.45278930664062,148.99898235457536,146.01316549287353,148.96256179131143,21741128
2020-02-19,150.52828979492188,150.8560056270059,148.45279081203049,149.4723357917108,9403278
2020-02-20,151.07447814941406,151.87555748408295,149.61799020110323,150.7467738425931,16193373
2020-02-24,147.83380126953125,151.07449333890605,146.95991533674342,150.7467889991367,17233132
2020-02-25,146.9599151611328,149.58159603657197,146.74143790814483,148.41640325414298,15903285
2020-02-26,144.6295166015625,147.06914057371844,142.95455140605708,146.12241358923504,18557438
2020-02-27,143.86488342285156,145.03007630791325,142.66328150578627,144.4838946674386,17936226
2020-02-28,143.86488342285156,145.57625794838788,139.85953215919542,142.00786122919567,33885063
2020-03-02,142.22630310058594,148.16150516628528,141.02470138510856,145.28493823827736,19274852
2020-03-03,141.17034912109375,143.79202978934148,140.22363366647167,143.46432547586218,18638624
2020-03-04,136.54598999023438,142.4083620842417,135.85414930242368,141.9714076413923,28729502
2020-03-05,136.94651794433594,139.24048250963475,135.85414342457753,136.58239310441647,20797182
2020-03-06,132.3585968017578,134.6161644151109,130.9021086403039,134.6161644151109,27795285
2020-03-09,129.04507446289062,130.35591483970344,127.07881389767138,130.35591483970344,22633662
2020-03-11,127.91630554199219,128.71737347148246,125.51309021341633,126.71470364775676,29032759
2020-03-12,113.46063232421875,123.1826970665516,109.637338063657,123.0734699791964,54043896
2020-03-13,118.15780639648438,119.43223775057854,98.02182562210777,109.23679845792896,63962722
2020-03-16,107.23412322998047,115.13557413040874,105.7776237359797,115.06275607977058,34535653
2020-03-17,108.6177978515625,113.46063746781826,106.36024176210462,107.78032090324734,49492914
2020-03-18,109.74657440185547,112.6231415245004,107.30695023982989,110.76611951673803,52178352
2020-03-19,117.86650848388672,119.10451924318505,105.41351359743747,109.74656856513683,93204936
2020-03-20,127.80703735351562,128.53528705197988,120.2332912659378,120.2332912659378,64384067
2020-03-23,112.36825561523438,117.97574222542127,108.65420004739417,115.06276606483985,53330913
2020-03-24,109.01831817626953,119.21375718479744,107.34335294900916,118.66757563115031,54576761
2020-03-25,107.30694580078125,110.69328534078217,101.22609593149998,109.96504710320883,64913270
2020-03-26,113.89757537841797,116.08231330891567,104.32114674545693,109.23680420405069,60694283
2020-03-27,118.84961700439453,120.88870685165577,112.87800662893113,117.9757197069823,33893412
2020-03-30,115.93665313720703,120.08765129503327,113.64267682679683,113.64267682679683,29203338
2020-03-31,125.03972625732422,126.60545293562345,117.64803582020086,119.43223974573847,44272500
2020-04-01,121.18002319335938,125.80438517601573,119.83277376129763,125.03972635021725,18840671
2020-04-03,129.55482482910156,133.0868114365658,121.61694279239826,122.2723628686277,65288649
2020-04-07,132.21295166015625,135.2351666723075,126.45981696567685,135.2351666723075,37509626
2020-04-08,130.1010284423828,133.9971405419018,128.64454041847276,131.7031641146735,39007671
2020-04-09,134.90745544433594,135.6356937318256,131.0841611596237,133.99714892989556,44268652
2020-04-13,132.24935913085938,135.92700590187516,131.8488251720525,134.36127909741964,18427550
2020-04-15,137.8932342529297,141.09751671031373,133.05040731469072,134.03353169518326,50983406
2020-04-16,135.70851135253906,139.24049847040604,135.05309118159576,138.11172633940015,28122965
2020-04-17,136.98294067382812,139.38614408559536,136.14545230419782,138.69431489859022,27694463
2020-04-20,131.5939483642578,138.3302196282156,130.72006232209347,138.3302196282156,37141676
2020-04-21,130.7928466796875,134.21560651972086,128.20757517268143,129.6276540503341,24232310
2020-04-22,132.72271728515625,133.6694328274007,128.17118472037896,130.35592265949293,26132520
2020-04-23,131.48471069335938,133.99716481839607,130.82929038685106,133.2325058707854,34237726
2020-04-24,131.1205596923828,133.12322907153253,130.57436664343066,131.81238883425226,18744844
2020-04-27,130.9749298095703,132.75912221093952,130.5743843393545,131.26622511508725,13589672
2020-04-28,130.68362426757812,131.66676035863503,129.6640791479944,131.08415820168543,18488267
2020-04-29,132.64987182617188,133.196064900723,130.8292590179428,131.4482701423654,22287597
2020-04-30,132.57705688476562,134.65255599641404,131.41186419857524,134.65255599641404,31326446
2020-05-04,126.7510986328125,132.35858505794113,124.27506551600112,132.35858505794113,31461042
2020-05-05,126.64185333251953,129.22712493493358,125.25819496791985,127.4429211309937,18389548
2020-05-06,119.35940551757812,124.82124416573042,116.88337245868657,124.82124416573042,68112675
2020-05-07,117.24749755859375,120.77948471113605,116.88337267336081,119.43223532988797,25183509
2020-05-08,115.24482727050781,119.54147362305899,114.40735034200489,119.39582596332389,26281664
2020-05-11,115.39045715332031,119.06810327044951,115.06275285442825,116.51924076749886,18792383
2020-05-12,120.19689178466797,120.81590298292274,114.69864367924498,115.39047293605655,22211224
2020-05-13,120.4517822265625,126.42339407909991,119.79636197641106,126.27774641685568,20785966
2020-05-14,119.28658294677734,122.52727499199545,117.93933348869392,119.79635550715575,15525762
2020-05-15,119.90559387207031,120.5246050569121,117.35674261582831,118.12138991462803,15526021
2020-05-18,119.9784164428711,121.83543834853978,118.81322373850765,120.8887228825268,21602419
2020-05-19,124.34789276123047,125.00332454128366,120.23331463159381,121.2528597915371,20917906
2020-05-20,127.98912048339844,128.8994269426524,124.52995132219188,125.22178053839171,26295911
2020-05-21,137.60194396972656,138.6943069964553,125.7315406094213,127.87986917945105,60630670
2020-05-22,135.70851135253906,139.75027099670677,134.43408003678724,136.91011307591793,40516307
2020-05-26,139.6046142578125,141.97140852425554,136.76445652203984,138.36660358894648,55283582
2020-05-27,139.93234252929688,141.20676233519748,136.10904849128414,140.18722879849773,25491463
2020-05-28,138.83995056152344,140.4785065936959,137.63834895931814,140.04155216372874,25524647
2020-05-29,143.71920776367188,144.1925597078431,137.63835821844717,138.69431226173302,37214719
2020-06-01,146.0496063232422,149.47235501805713,144.92082258767385,146.3773106573757,29606349
2020-06-02,143.6463623046875,147.0327012901266,143.24582845458946,147.0327012901266,23502975
2020-06-03,143.24583435058594,146.30446919370257,142.4447666174179,145.6490490901922,19710133
2020-06-04,145.75831604003906,147.46969044641915,142.00785134174856,144.010521064086,22843181
2020-06-05,145.64907836914062,147.105566498608,144.66594224619007,146.9599188396717,15193091
2020-06-08,143.93768310546875,148.30715875147771,143.46433112955535,147.76097718075252,20304292
2020-06-09,144.55670166015625,150.16418838376728,143.93769046297797,144.37464497397644,41451482
2020-06-10,144.9572296142578,147.94303530896414,144.41104803817453,145.24853645625893,28247205
2020-06-11,141.46163940429688,146.55936445677813,140.98828746378283,145.64905806027832,20611505
2020-06-12,141.20677185058594,142.15349893718752,136.8008869232775,137.60196635196445,23431727
2020-06-15,136.32749938964844,141.2431556085645,135.67207932979971,141.20673504849967,25404661
2020-06-16,134.7253875732422,139.05845444069453,132.46783156590462,138.94921581225645,28700454
2020-06-17,131.9580535888672,134.72538205550913,131.59392868902125,133.9971437959212,24952658
2020-06-18,135.89056396484375,136.54599565631548,131.5939181858482,131.95804305663148,30000032
2020-06-19,134.03355407714844,136.87371216635788,133.70584974229567,136.25470098484217,31707306
2020-06-22,134.7253875732422,136.54601214703624,133.37813808274944,135.81776231751863,32605144
2020-06-23,135.34442138671875,136.54603496019044,134.5433533644752,135.01671698675835,27569189
2020-06-24,139.71383666992188,141.78933542540946,135.5628391589467,136.47314542819387,56757828
2020-06-25,147.1783905029297,148.1979356967702,139.56823366051444,140.0051766549725,78484846
2020-06-26,142.1534881591797,152.49456340789692,140.76981820374345,150.01853033087136,74727243
2020-06-29,143.6463623046875,147.83376899032268,142.88170362538168,147.4696557012166,95027403
2020-06-30,141.75294494628906,145.21210229780422,141.27958146993103,145.21210229780422,42797633
2020-07-01,147.76097106933594,148.45280026096677,141.75295095964407,141.75295095964407,46004000
2020-07-02,149.90927124023438,150.56469128125494,147.50605672975823,148.88972638973547,40835235
2020-07-03,151.14730834960938,151.8391375313247,150.018524703566,151.47502419785545,39352660
2020-07-06,153.28854370117188,154.9380441528309,152.63641250556032,153.7105080847902,36046969
2020-07-07,149.03050231933594,153.82556266594855,148.8387047684925,153.4419675642617,32467210
2020-07-08,150.603271484375,151.86916435559033,149.0304855457776,149.0304855457776,22093693
2020-07-09,149.95115661621094,151.14033546708566,148.95378747284485,151.06360915257167,19492371
2020-07-10,149.1072235107422,150.75672372699646,148.8386996542565,149.7209853783939,16815128
2020-07-13,151.56231689453125,152.4829719847571,149.6826496312733,150.2964237439419,21079233
2020-07-14,150.29640197753906,153.05835469066795,147.8796872747752,151.44721155549203,19185879
2020-07-15,152.44459533691406,153.44197670184218,149.222320914029,150.64165448442972,24692471
2020-07-16,148.72361755371094,152.5596657324389,147.30428410430042,152.44458234186868,22997164
2020-07-17,148.8770751953125,149.9128136723672,148.07150352594854,148.30167033363932,15455455
2020-07-20,147.84132385253906,149.8744312228786,147.57280000820077,149.6059073785403,19643434
2020-07-21,147.49609375,148.99215363503677,146.92068890749815,147.38101034998897,29089491
2020-07-22,150.7950897216797,151.83082813153118,147.6878988072312,148.07149391842148,33826583
2020-07-23,153.97903442382812,154.5927963888142,150.98691445063545,151.63903349904464,32700809
2020-07-24,153.1350555419922,154.74619853720458,151.3704720935526,154.20915087213376,62500933
2020-07-27,150.67999267578125,153.82555254244699,149.7209806695728,153.82555254244699,23517850
2020-07-28,149.912841796875,152.40627143694294,149.6443178567104,151.14037807226237,20029937
2020-07-29,150.91015625,152.0609779275961,148.37837044288153,148.41672751820258,15402845
2020-07-30,148.3400115966797,152.21442904438692,147.6878926403544,152.21442904438692,16943579
2020-07-31,148.9537811279297,151.10197195218433,148.45509049871285,148.45509049871285,17294202
2020-08-03,147.76461791992188,148.8387134453884,147.2275701571886,148.8387134453884,13776301
2020-08-04,148.5701904296875,150.2196908083926,147.7646187808938,147.7646187808938,17849565
2020-08-05,147.91806030273438,149.29903680821607,147.0741315668904,149.2223226454413,50646546
2020-08-06,149.87448120117188,150.06627880070678,148.1482541751347,148.9921830651775,18574935
2020-08-07,150.41148376464844,151.14034122888273,148.953793151286,149.9895194126169,21717194
2020-08-10,152.5596923828125,153.17346652055528,150.6800250427655,150.6800250427655,17108987
2020-08-11,155.78195190429688,159.3494762211454,153.44196348988828,153.44196348988828,57266693
2020-08-12,156.66424560546875,157.20129334995502,153.74885224793812,155.359995481397,22106836
2020-08-13,154.55445861816406,156.66428083338508,151.21708800447087,156.12723296813687,23573090
2020-08-14,150.67999267578125,156.01210040290428,149.98950451761326,154.66949332025396,29858596
2020-08-17,152.4829559326172,153.05836074435177,151.02525320634388,151.94590819965086,12192938
2020-08-18,152.3295440673828,153.3652704915033,151.33216257167905,153.3652704915033,12969115
2020-08-19,152.25279235839844,154.74622136691056,151.98426848624771,152.3678757546849,16070316
2020-08-20,150.2196807861328,151.2937762461969,149.2606687192974,151.14033577440955,17561721
2020-08-21,150.98690795898438,152.8282059323306,150.6033006685841,151.90755086688065,17897538
2020-08-24,150.91015625,152.67473976293937,150.6416324076494,151.33212055118642,15304895
2020-08-25,149.912841796875,152.13774749677833,149.6826749460036,151.3321756762845,15784633
2020-08-26,149.5675506591797,150.79508659920808,148.57018150714188,150.7567295203939,23502769
2020-08-27,149.03050231933594,152.59803888846628,148.76197845362353,152.29114578654307,49030500
2020-08-28,150.0279083251953,150.60331323001193,148.87708635800743,149.2990507653766,35979788
2020-08-31,146.6138153076172,152.67476931373565,145.76988654189867,152.67476931373565,100730476
2020-09-01,145.92332458496094,147.57282500600942,144.4272646498758,146.613812850573,41311165
2020-09-02,146.8055877685547,148.071480700608,145.50133776031694,146.76723069237025,21378178
2020-09-03,146.99740600585938,148.26331127371776,145.76988213469372,146.84396552196367,16295787
2020-09-04,143.2380828857422,145.76988124851377,142.47086831337418,145.76988124851377,42983034
2020-09-07,145.07936096191406,146.1534563530489,138.71152708240294,143.66002757080122,33918419
2020-09-08,144.3505401611328,146.19185033118248,141.6269441462017,145.46299281665895,26574542
2020-09-09,141.01316833496094,142.89282324530276,139.86234655240088,142.3174184327991,28901363
2020-09-10,141.8571014404297,142.47086335090304,140.55283914434418,141.24332737240323,18469229
2020-09-11,141.12826538085938,143.08464679564136,140.2076102972633,141.8571107366979,19997552
2020-09-14,140.66790771484375,142.5859317192333,140.39938386792716,142.54757464326,32185628
2020-09-15,139.47874450683594,141.3200545647599,138.71154211399528,141.16661408619174,31956903
2020-09-16,138.59645080566406,140.78299877618673,138.13612939623127,139.51710578208215,52591750
2020-09-17,137.0237274169922,139.24863328629857,136.40995315378808,138.71158536507883,35240133
2020-09-18,137.4072723388672,137.98268929915318,135.79614132272397,137.75252251503878,30929813
2020-09-21,134.83714294433594,138.5581081580488,134.30009516528935,138.09777454312103,24811451
2020-09-22,133.64794921875,135.60433039341518,133.30269904569312,134.83712804920944,19242719
2020-09-23,132.3437042236328,136.2181221570024,131.7299422683786,134.22337148731827,64164525
2020-09-24,127.77880096435547,131.768289858772,127.4719200088357,131.7299327787203,32698988
2020-09-25,131.00106811523438,131.34631828939095,128.12403196080598,129.58173465576857,27650738
2020-09-28,132.95745849609375,134.10826806924482,130.80926765815616,131.19287490172388,24087933
2020-09-29,129.96536254882812,134.06993526733189,129.65848156142985,134.06993526733189,26602326
2020-09-30,131.72994995117188,132.03683094669697,129.4283181696242,130.42568748385813,19193371
2020-10-01,131.0778045654297,133.95484094235044,130.5023997215562,133.87812678052913,20517295
2020-10-05,129.8502960205078,132.5738924922493,129.46668865761143,131.26962988991284,25234767
2020-10-06,130.34896850585938,131.65321876751142,128.96799191937873,130.04207536409928,22728054
2020-10-07,130.04205322265625,131.11614864205154,129.65845813648838,130.4256604663763,16913783
2020-10-08,128.23912048339844,130.73254948549499,128.04732292844983,130.50239485106724,26484289
2020-10-09,128.77618408203125,129.58175579559762,127.62537429553899,128.50766017750914,23234939
2020-10-12,132.11354064941406,134.41515998377523,130.4256710713152,130.80927834622645,68801924
2020-10-13,130.54075622558594,134.14663791164122,130.0420655457376,132.61222094890834,37058708
2020-10-14,128.73780822753906,131.19288009448448,128.16240341818838,130.84762991434246,39688050
2020-10-15,126.62799835205078,128.73783259576828,126.24440317824302,128.66110626647375,28161148
2020-10-16,127.12667083740234,127.97059955064078,125.66896805063844,126.97323035840928,21006060
2020-10-19,129.08306884765625,129.58175958709,127.47193753093713,127.9706161128161,19748904
2020-10-20,128.46929931640625,129.12143051643844,127.8938944400766,128.89126370288494,16770677
2020-10-21,128.62274169921875,129.5817538930668,127.81716999747988,129.00634900826884,17113482
2020-10-22,129.31321716308594,129.7351815139109,128.12403827027762,128.5460147786556,22893091
2020-10-23,131.00106811523438,131.19287782006106,128.6994489177336,129.62009173371294,20921450
2020-10-26,129.31321716308594,131.6532057113163,129.0830503689803,131.5764915516498,16699886
2020-10-27,128.27749633789062,129.88862749221008,127.93224613210917,129.27486555867,47652264
2020-10-28,126.97323608398438,129.27486768777365,126.5896287904272,129.27486768777365,17468592
2020-10-29,125.70732879638672,127.31847195330282,125.40043570157957,126.58961453038226,21816186
2020-10-30,126.78141784667969,127.970584458016,125.32371523183465,125.82240584791232,16976909
2020-11-02,127.9322509765625,128.27750119541767,126.16766711448439,127.97060805947285,14924105
2020-11-03,130.5023956298828,131.0010741387464,128.20076416899914,128.27749048596823,23473408
2020-11-04,130.27223205566406,131.80664901498557,129.0446960566962,130.46404177405006,19533203
2020-11-05,134.06993103027344,134.26172860194734,130.57912039688753,131.38469208151506,28037401
2020-11-06,133.4561309814453,135.9495718739543,133.03416667972414,135.41252418857252,35571152
2020-11-09,132.57388305664062,136.02632476187733,131.8450376293004,133.45616898670747,36645472
2020-11-10,136.83187866210938,137.75253371587408,131.84502042286147,134.26172322235774,59672371
2020-11-11,142.16400146484375,142.62433511699874,137.02370222369925,137.79090471469968,65757234
2020-11-12,144.23544311523438,144.81086008742798,141.05152593767596,142.0872643300717,48153554
2020-11-13,143.54495239257812,144.8492146299747,142.35578570515761,143.62167870671132,29284742
2020-11-14,144.69578552246094,145.76988105936098,144.27382115547212,145.0410235692911,8066280
2020-11-17,143.7367706298828,145.30954466620804,143.00791315379377,145.002663706567,21757459
2020-11-18,141.20497131347656,144.58069831815004,140.20760212296858,143.31480525047994,27620283
2020-11-19,144.15875244140625,147.15087255403154,140.16926301042412,140.24597718084516,50871154
2020-11-20,147.07411193847656,147.3042787111901,142.73937327849873,144.84920699408522,47052232
2020-11-23,146.4219970703125,147.68790230288346,144.73413963695555,147.30429502506055,24073204
2020-11-24,150.0279083251953,150.71839664248617,146.2302165013182,146.2302165013182,47160760
2020-11-25,148.72361755371094,151.86917754656997,147.6878913536837,150.37311778426186,43263598
2020-11-26,149.45245361328125,150.2580251401096,147.72623933369331,149.68262038024693,25155854
2020-11-27,148.5701904296875,150.18133372727485,148.22495238452075,149.18396451533891,32594141
2020-12-01,149.14559936523438,150.64165930292685,147.6111823453726,149.60593298148052,16505446
2020-12-02,150.3347625732422,152.48295347041991,148.49345261636057,149.60591730065082,29520716
2020-12-03,150.5265655517578,151.2937800877277,149.26067250920514,151.2937800877277,29087754
2020-12-04,152.0609893798828,152.94327512402495,150.756727145222,151.02525100779613,23005484
2020-12-07,155.85867309570312,156.31900667836976,151.60066040135425,152.06099398402088,37068111
2020-12-08,155.3216094970703,157.04783594072902,153.09670459983815,156.43407410323806,32042241
2020-12-09,157.5849151611328,159.4262131996137,157.00951028395468,157.27803418097835,41212760
2020-12-10,163.18551635742188,163.91436158443122,155.85865838137144,158.54389683490862,67739601
2020-12-11,165.94747924804688,167.21337224422493,163.6842171176878,164.52814578180653,62645643
2020-12-14,165.64060974121094,167.71207446636245,164.95012149949375,167.21338378607373,28029531
2020-12-15,163.83767700195312,166.02422523515574,162.3416170446274,165.1419272308078,24151252
2020-12-16,164.18292236328125,165.37210139700775,163.79931504683194,163.99112478383384,20304621
2020-12-17,163.45404052734375,165.0268143692873,162.07306422208296,164.33632621665691,23248344
2020-12-18,164.56654357910156,165.67899638047473,160.92229200136958,163.49244786534663,24690701
2020-12-21,155.70523071289062,164.71994665317365,152.78983740778534,164.56650618001578,43445980
2020-12-22,156.0504608154297,158.23700855228665,151.06359137051052,155.82029405653384,42564860
2020-12-23,159.38784790039062,159.77145518458664,154.9763945260201,155.74359693685867,24608258
2020-12-24,160.0399627685547,161.61273666876025,157.7383314553409,161.11405819189127,23645158
2020-12-28,160.73045349121094,161.26750121138096,159.46456050404686,160.34684624001056,16347233
2020-12-29,162.30325317382812,163.79930091102958,161.19078840486398,161.49768152607137,27568853
2020-12-30,161.99636840820312,163.7993093596056,160.76883233271894,163.1855474006405,19654130
2020-12-31,160.34683227539062,162.11141575119268,160.00159428966379,161.53601100328038,18947950
2021-01-01,164.06784057617188,164.3363644845882,160.57704192431427,161.037363414076,20279389
2021-01-04,163.72259521484375,165.71733373929416,162.72522595261853,164.18291668412752,27927482
2021-01-05,162.2265167236328,163.60749313139175,161.57438559842646,162.99373124241117,18718244
2021-01-06,157.5849151611328,162.2648926599277,156.89442687700821,162.22653557679692,50957586
2021-01-07,155.59014892578125,159.27275679226767,155.05310118540493,158.12194715292006,36298522
2021-01-08,154.5927734375,158.04521437187233,153.63376139142144,156.7793213888612,58600546
2021-01-11,155.35997009277344,158.1219225230341,154.40095815684677,156.51077955286507,44625924
2021-01-12,158.39047241210938,158.73571044392008,154.66950743369455,155.74359076631347,36989137
2021-01-13,162.07308959960938,163.41570903927234,157.46982642292312,159.15768391418302,66387977
2021-01-14,164.29798889160156,166.10092972034298,162.34160758355807,162.64848854216228,50164605
2021-01-15,167.1366729736328,167.63536366391435,162.0347312988473,164.87339848414769,60567280
2021-01-18,168.59434509277344,170.3205593384177,164.64321384449784,167.55860681934578,70211602
2021-01-19,167.9038543701172,170.09040226519795,166.86812819524064,169.5533667181651,33009228
2021-01-20,166.9832305908203,168.01895688359423,165.48717069454383,167.63536175741334,46392916
2021-01-21,163.95272827148438,168.40253803103676,162.8019065988904,168.01893080683877,30116008
2021-01-22,161.65113830566406,164.75832965164795,160.4619592546694,164.18292474739573,25663922
2021-01-25,159.42620849609375,163.03210245796404,158.69736315034135,162.6484951653114,25929487
2021-01-27,161.61277770996094,163.1472070801365,158.88919354027652,159.57968189383342,50338134
2021-01-28,158.50555419921875,161.88126895399546,157.85342306429948,160.53866176246535,22984352
2021-01-29,155.93540954589844,160.19342251696622,155.24492128457808,160.00162495009255,24679902
2021-02-01,165.678955078125,167.21337193344834,154.82294154158814,156.51079886668856,59968324
2021-02-02,167.4051971435547,171.47141252068556,166.48454208207053,168.78617365700413,50324035
2021-02-03,166.29275512695312,170.32060152192255,165.48718341644837,169.93699420869825,55709225
2021-02-04,176.41990661621094,177.53235919849692,165.71732083161012,165.79404714929157,109894300
2021-02-05,179.79559326171875,183.24804602273315,174.3484146018329,178.1077361128148,130323308
2021-02-08,178.83660888671875,182.6343002149621,177.6090850673423,182.2123358626632,43093963
2021-02-09,175.6910400390625,183.51658910443422,175.0772781596504,179.98742182515716,73377134
2021-02-10,174.57861328125,177.3022093776212,171.16452888985185,175.69106597004034,49104142
2021-02-11,173.7346649169922,175.9212129644523,172.23860508675352,175.69104617286087,45311749
2021-02-12,166.82977294921875,173.19760700552894,165.5638678273474,173.19760700552894,114826417
2021-02-15,167.7120819091797,169.55339207384236,166.86815314935674,167.59699850419403,33000365
2021-02-16,167.4435577392578,170.16715374170735,166.6763553032146,168.05733184564622,30271502
2021-02-17,167.05992126464844,167.5586118791432,166.13927850219122,166.94483787995335,20615018
2021-02-18,167.9038543701172,169.24647363157942,167.17500912427428,167.40517589982554,24997592
2021-02-19,165.678955078125,167.9422293618301,164.18289530085778,167.90386012622147,29208388
2021-02-22,162.76449584960938,166.65575313651098,161.93907688226142,166.65575313651098,53531490
2021-02-23,163.90435791015625,165.51589375199904,162.72519506555793,163.51131193334746,27703323
2021-02-24,164.1795196533203,164.92633451530642,162.3321584683056,164.37605512524829,13667471
2021-02-25,164.41534423828125,166.0268801694986,164.14020456500447,164.69048391155803,26953713
2021-02-26,160.24896240234375,163.51133668616052,159.58076420927748,162.92174271752094,45101885
2021-03-01,162.64659118652344,163.31478933098327,160.4061716399305,161.50673035854976,16850430
2021-03-02,165.0049285888672,165.7124288386964,162.33214848316942,162.7252069457605,26590262
2021-03-03,165.0442352294922,166.6557586545157,164.1401995632367,166.6557586545157,21648963
2021-03-04,164.84771728515625,166.10549696436613,163.19687912048937,164.14021699416867,25858155
2021-03-05,163.9436798095703,165.08354059891087,162.8824232362745,163.51131925006482,17990773
2021-03-08,163.5113067626953,165.71241150014663,163.27546921839905,164.84769044717444,23874105
2021-03-09,163.35409545898438,164.88701478947416,160.9564549589029,164.06159573020372,23463213
2021-03-10,162.3321533203125,164.454654133046,161.78187394770524,164.37604991243768,20358192
2021-03-12,161.31021118164062,163.51132867109882,159.97381486101608,163.51132867109882,31973696
2021-03-15,161.5067138671875,161.93907439719885,158.48019015710818,161.82116808117496,42699297
2021-03-16,163.39340209960938,164.21882111883585,161.11366804108957,162.2535412988928,50641203
2021-03-17,165.55519104003906,168.1493666625764,163.94366770218312,166.81297051764506,81604999
2021-03-18,171.0972900390625,172.23715077016337,166.57713676358742,167.44187029550253,95536034
2021-03-19,175.26370239257812,177.7792618049191,169.44647903721955,172.1585614679577,139352860
2021-03-22,177.66131591796875,177.9757576602398,174.12380271762166,175.53880301492646,47823778
2021-03-23,174.67410278320312,179.31216263347702,173.96660255035073,176.87522015522686,43165463
2021-03-24,169.76089477539062,175.1457691546135,169.21061545989215,173.73076875964196,28672557
2021-03-25,166.34132385253906,169.76090629627717,164.336741899802,169.13202272564862,42248040
2021-03-26,165.79103088378906,168.58172952770713,165.35867035021866,168.42450864796206,27083832
2021-03-30,168.66033935546875,169.0140956894897,165.39797796367802,167.63839737455197,28862387
2021-03-31,171.7655029296875,172.39438650845725,167.20604715525886,168.26730376579155,37890481
2021-04-01,172.9839630126953,173.4163235749613,170.82216020136542,172.94466090442202,30182056
2021-04-05,167.088134765625,172.94467248825302,165.47661119052773,171.05799676555324,32586507
2021-04-06,167.16673278808594,168.97479163010058,165.2014530629073,168.07075598055022,26663018
2021-04-07,168.07073974609375,169.1712982790213,167.00949577297422,167.20601874367492,15790468
2021-04-08,167.63839721679688,169.87881662556248,167.32395544713162,168.896176752544,14660557
2021-04-09,167.52047729492188,169.7608966883879,167.08811675031316,168.0314545099531,16994483
2021-04-12,161.38882446289062,165.86966391394353,161.15299933084276,165.08355937863737,35840817
2021-04-13,164.0615692138672,164.84768603576077,161.93906874325683,162.7251855651504,21027436
2021-04-15,162.48936462402344,165.43728432160052,161.9390852839088,164.29742353338779,18205903
2021-04-16,163.4720458984375,164.4940006213594,162.3321848217228,163.5113604734581,13824608
2021-04-19,161.62464904785156,162.01770751242347,160.1703464317311,161.15298636461742,16400507
2021-04-20,160.0131072998047,162.7251892191932,159.18768835540698,162.09629325613926,22187707
2021-04-22,161.86048889160156,162.17493068484117,157.65478942148886,158.79465026479772,24030915
2021-04-23,161.42811584472656,162.72519748448318,160.56339475155548,160.56339475155548,20381213
2021-04-26,161.38882446289062,162.52869783898848,160.91716174170693,161.78188295908768,20652091
2021-04-27,161.46742248535156,162.68589994562547,161.1922828155183,161.38880581236214,11885588
2021-04-28,161.54603576660156,162.3321401945587,161.3888024239239,161.939081752037,13197445
2021-04-29,160.60269165039062,163.15755274020708,160.40615620835197,162.80380887587472,13601150
2021-04-30,159.26629638671875,161.7032511735352,158.79463374592484,160.28825079406764,17130954
2021-05-03,157.96923828125,158.67673857623163,157.22243587462708,158.16576129654413,21405441
2021-05-04,156.90798950195312,159.06980506435596,156.51494345159654,158.16576925152384,18962501
2021-05-05,158.32296752929688,158.79463015943796,156.82935051488846,158.3622696342039,14396547
2021-05-06,159.3842315673828,161.8997908247274,158.873254311111,159.03048766464627,14872429
2021-05-07,161.42811584472656,162.29283693789765,159.54144031682043,159.54144031682043,20213092
2021-05-10,161.58535766601562,163.07896249062617,161.1529970634086,162.84313736189637,16922951
2021-05-11,160.3668670654297,162.33214690215766,160.17034406459157,160.28826284792916,14277000
2021-05-12,159.77728271484375,161.34950406436127,159.46284093635757,160.28825994769872,17174525
2021-05-14,166.852294921875,167.59910976147466,160.36687368441076,161.15299063438286,64021335
2021-05-17,167.12742614746094,170.58632311230164,166.38062380275707,170.42910222168433,39465392
2021-05-18,165.12283325195312,168.69964876142777,164.80839149160627,168.30659033245126,31653409
2021-05-19,163.31478881835938,166.1841043910513,163.15756792434826,165.1228477851176,25345241
2021-05-20,162.72520446777344,164.53326340248975,162.56798357654856,163.86506527196892,21688686
2021-05-21,164.33673095703125,164.96561448578402,163.03963687907816,163.19685776126636,23509878
2021-05-24,166.26272583007812,166.6950864476619,163.314805733595,164.69050427003808,29977506
2021-05-25,165.79103088378906,167.75631056623115,165.28005368180322,167.441868806741,26310600
2021-05-26,165.55519104003906,167.00950595741557,165.3193659522343,166.49852876251498,18253046
2021-05-27,165.98756408691406,168.34590234243421,165.31937842113737,165.86964530557506,49385674
2021-05-28,167.36328125,167.83494397127765,166.30203701285328,167.0488394358149,26583388
2021-05-31,170.27191162109375,171.293853820445,168.5424566024737,169.01413181531956,75852502
2021-06-01,169.2106170654297,172.47299088314995,168.42451264803438,171.37243224171044,40247686
2021-06-02,164.29739379882812,167.0094879005828,163.98295207769505,165.47656893870362,100377464
2021-06-03,164.33673095703125,165.6731146841739,164.06157884184444,165.6731146841739,48454441
2021-06-04,164.10092163085938,164.84772406397616,163.51134010697308,164.6905031547457,31286264
2021-06-07,166.22340393066406,166.9702062799439,165.24076401546984,165.3979849070505,32643869
2021-06-08,167.95285034179688,168.424525485271,166.02688502956767,166.8129895068795,22080199
2021-06-09,167.04881286621094,168.81755713249416,166.26269599869443,168.22797571039973,25846432
2021-06-10,169.29049682617188,170.98906638458726,167.83458372389148,168.8051839139019,31902690
2021-06-11,168.1581268310547,170.22066837551174,168.03679859598097,170.09935295770347,22249404
2021-06-14,167.6728057861328,168.60296744352516,165.97423634157573,168.19854431616434,18358717
2021-06-15,167.47059631347656,168.56253753104377,167.43015784386725,167.8750194613631,15426377
2021-06-16,168.11767578125,169.33093240669035,167.47059618168782,167.47059618168782,20878518
2021-06-17,166.33819580078125,168.23898307614326,165.81245730988923,167.3896984170912,22304032
2021-06-18,165.44850158691406,166.98530449810372,163.79038326088707,166.62131980179623,24475206
2021-06-21,165.36761474609375,166.62130982916455,163.7094837020442,164.27567353979143,19809308
2021-06-22,165.8933563232422,166.82353085247783,165.28672800523807,166.7022026254241,18737552
2021-06-23,164.9631805419922,166.49998325816205,164.6800856420994,166.3382037577117,13059519
2021-06-24,164.39698791503906,165.5293674951364,163.8307981249904,165.36760081473153,23299321
2021-06-25,165.85293579101562,166.29779746014998,164.80144573826774,165.00365092705024,14411660
2021-06-28,164.68006896972656,166.5404048639278,164.47785102326816,166.5404048639278,15190488
2021-06-29,164.4374237060547,166.05510330105315,164.31609549340877,164.68008013134656,13839294
2021-06-30,163.95213317871094,165.32715642814165,163.8308049590304,165.2462794931972,16556397
2021-07-01,164.1947784423828,164.84185801472717,163.50727321942588,164.11390150662976,10583793
2021-07-02,163.70947265625,164.76096250514976,163.58814443959548,164.43742913891344,13187847
2021-07-05,164.72052001953125,165.0845046606136,163.95212508915284,164.19476869927786,10642939
2021-07-06,163.7903594970703,164.84184932729272,163.58814153381692,164.3969877523039,11515716
2021-07-07,164.80142211914062,165.97424024397768,163.6286039943036,163.79037068559862,18568033
2021-07-08,163.38595581054688,165.40805877988112,163.22418911107192,164.5992124652415,21730892
2021-07-09,162.86021423339844,163.669060596755,162.49624234197393,163.38596565130678,12289809
2021-07-12,162.65798950195312,163.8308076157777,162.53666128030505,163.38594601457748,13589278
2021-07-13,163.26463317871094,163.54772811681346,162.86021000752658,163.38596141179278,11247522
2021-07-14,165.0845184326172,165.93380318206343,163.14329248609312,163.2646207099089,21269167
2021-07-15,166.82351684570312,168.64340164691495,164.11389605988904,165.32715259403025,29963443
2021-07-16,168.1581268310547,169.5736015448058,167.59193694555427,167.99636012337822,30137464
2021-07-19,168.03677368164062,169.4522481855233,166.9043940785345,167.26837872978874,17099088
2021-07-20,167.26840209960938,169.29050515416927,166.94486868702347,168.40078186092538,24567907
2021-07-22,167.43014526367188,168.44119664878863,166.49998362896045,167.43014526367188,19016769
2021-07-23,171.79788208007812,172.76849498680951,167.02572011310522,167.43014322568192,46241640
2021-07-26,170.786865234375,174.1840046860855,170.5037702800658,173.09206334310255,49084040
2021-07-27,168.76473999023438,172.28320722143818,168.1985501557249,171.47436093863482,25378089
2021-07-28,169.1287078857422,169.85666434114893,167.7941103697773,168.4816283602345,15304399
2021-07-29,166.66175842285156,170.01844610864407,166.33821222274898,169.12872289720647,16204679
2021-07-30,165.77200317382812,167.51102374379926,165.48892110961447,166.70217756322026,15515733
2021-08-02,167.6728057861328,167.83457247362435,166.1764414966242,166.98528775134582,10046707
2021-08-03,169.77578735351562,170.58463361687345,166.98528953427999,167.8345742656265,19179805
2021-08-04,168.72430419921875,170.74640712105705,168.31988105139817,170.5846404253817,11421835
2021-08-05,174.1031036376953,175.31637314208095,167.34927646347072,168.7243126716547,48995450
2021-08-06,173.2942657470703,174.7097275739151,171.95966804418703,174.22442747476245,24489836
2021-08-09,172.93026733398438,175.63988817803198,172.04054414752426,173.9008802725153,21142199
2021-08-10,169.7353515625,173.45602392500396,168.68386165736254,173.09203925557318,18855165
2021-08-11,168.76473999023438,170.34198126961587,167.7941270143232,169.7353529661455,16012451
2021-08-12,168.9669647216797,173.2538143035047,168.52210309353998,170.05889314810815,28758718
2021-08-13,171.0294952392578,171.71701328147688,169.209597555093,169.7353489080718,19576945
2021-08-16,170.5846405029297,172.48541519955947,170.26110711143198,170.9890636509341,11621038
2021-08-17,169.2095947265625,171.06993084762374,168.88606135349025,170.50374103611537,8161139
2021-08-18,169.0074005126953,171.06994192112074,168.52210042167303,169.5331518909179,11149120
2021-08-20,168.9669647216797,170.4228778350942,167.18750539185598,167.43016184984666,20168965
2021-08-23,166.86395263671875,170.01843495562278,166.62129620687585,169.45224516416496,10319044
2021-08-24,166.4191131591797,167.43016466143263,165.5698283592154,167.43016466143263,12971124
2021-08-25,166.94483947753906,168.15809597109157,166.621293304297,166.94483947753906,10994627
2021-08-26,165.48892211914062,167.30880681065108,165.28670416413092,166.9448349992541,15407558
2021-08-27,166.54043579101562,167.30883080536913,165.73158948950118,165.81247924655847,10879860
2021-08-30,168.23898315429688,168.40074982982057,166.62129076453408,166.62129076453408,12550267
2021-08-31,170.9081573486328,171.15081377739654,167.6323468293755,168.27942636699106,26802390
2021-09-01,169.45223999023438,171.71699908691517,169.29047331436618,170.66549646787738,16867486
2021-09-02,169.65444946289062,171.06992393446035,169.04782120857885,169.04782120857885,14872714
2021-09-03,170.34197998046875,170.86773134203847,169.65446192701546,169.65446192701546,10622796
2021-09-06,169.29049682617188,170.8272996862522,169.08829165756924,170.66552017065237,11041632
2021-09-07,171.2721405029297,173.37512014305682,169.97799425621176,170.58462250558446,38933378
2021-09-08,170.86773681640625,172.2832114373175,169.61402889256135,171.67657030173794,17897021
2021-09-09,172.0001220703125,173.0111735725918,170.30155247033966,170.70597563470437,19784972
2021-09-13,173.21336364746094,174.0222099056848,171.31258903962518,172.566296894693,16661794
2021-09-14,174.7906036376953,175.72077810977382,173.25380088488862,173.81999069817195,20377545
2021-09-15,174.70970153808594,175.68031440901208,174.14352458208054,175.5994374798383,21028598
2021-09-16,186.64012145996094,188.9857704130323,174.95236643020303,175.47811776433798,154986538
2021-09-17,186.9636993408203,191.93806735610045,185.30556812421645,188.46005102929124,82563658
2021-09-20,189.066650390625,193.59616886899988,186.2357013416407,186.84234243589717,73101936
2021-09-21,195.33518981933594,196.10358483372562,187.4085447697263,190.03727602387522,58854434
2021-09-22,196.952880859375,198.81321720543676,194.68812133942757,196.952880859375,54648494
2021-09-23,196.14404296875,198.65145906459423,195.49697611644564,198.16614610810004,22630330
2021-09-24,192.8682098388672,197.3572769737961,192.26156875258198,197.3572769737961,25779310
2021-09-27,193.07041931152344,195.6182734791667,190.48212667631043,193.96014250164095,23772123
2021-09-28,192.30203247070312,195.41606376775604,191.12920150622588,194.00058917033908,16319138
2021-09-29,192.58514404296875,195.25431395695935,190.64391790800693,190.88657437919355,16045073
2021-09-30,191.0078582763672,194.44542246147043,190.27990184905252,194.0410121930554,16987893
2021-10-01,190.36080932617188,191.69539418755454,188.37914486040498,190.2394810992708,16570661
2021-10-04,191.37185668945312,192.78733127749896,190.4012437123268,190.88655660952213,11098123
2021-10-05,189.8350372314453,192.05935790826786,189.67327055231948,191.2100732299098,9578825
2021-10-06,187.04454040527344,191.21007406710774,186.51878908286508,189.91592781117149,18179336
2021-10-07,188.4196014404297,190.03728127093544,187.89385004817768,188.46003991144445,10770973
2021-10-08,187.4085235595703,189.91592630298197,187.00410045456505,189.8754878376604,10114327
2021-10-11,192.54464721679688,193.71746518805563,187.4085137846383,187.65115738117504,22000303
2021-10-12,195.1733856201172,196.54842159539214,192.50421623366066,192.98951626285375,30347455
2021-10-13,201.56324768066406,202.93827089221273,194.24323158940012,196.1844574162804,52091422
2021-10-14,207.5082550048828,211.79511751994607,202.4934359134187,204.83908516383485,88696178
2021-10-18,212.3612823486328,214.58559028719347,208.15531009018667,211.10757451930024,62614961
2021-10-19,198.93453979492188,212.36130419301446,198.20658322948827,211.4311296377429,61336411
2021-10-20,199.4602813720703,200.99708428545208,196.02270366574527,198.93454278856314,49663940
2021-10-21,197.92349243164062,200.87575722610185,196.6293459752534,200.59266228822761,23385990
2021-10-22,191.37185668945312,198.8132014853145,189.0262204105568,197.9234782634755,36905793
2021-10-25,188.78355407714844,191.41228513601214,186.4379179210709,189.34974388272076,23194065
2021-10-26,191.45274353027344,193.31307970091905,188.13649432473372,189.3497509147241,19663381
2021-10-27,192.8682098388672,195.17339469769658,191.04831221453878,194.32412281142447,26909428
2021-10-28,182.0701904296875,190.84612015074669,181.30178260678912,190.1586020839877,48064941
2021-10-29,180.5334014892578,184.61804610006956,179.80544489706102,181.98931467365142,27668175
2021-11-01,183.48565673828125,184.05184659341992,179.96720219614633,181.30178707585975,24090945
2021-11-02,182.47457885742188,185.42685593456804,181.5848557329985,184.41580459913007,14896284
2021-11-03,179.9267578125,183.48565070810776,179.32011668959925,182.79814546426087,18530527
2021-11-04,183.24302673339844,183.84965510411018,181.18047232880645,181.86799046367045,7295341
2021-11-08,185.87171936035156,186.59967581647496,182.55547043417533,185.79082961310982,21051238
2021-11-09,185.0224609375,186.76146898587723,184.29450437811568,185.91218419705137,11964518
2021-11-10,186.72103881835938,188.3387187092309,183.76876116154827,183.97097915869813,13948380
2021-11-11,186.0334930419922,187.2467623927212,184.86067497503865,186.3570264086145,8448263
2021-11-12,188.37913513183594,189.22841985901883,185.34598088501025,187.00411187158556,12312123
2021-11-15,192.58514404296875,193.31310063926304,188.54092506467586,189.22844318819423,40247848
2021-11-16,190.44168090820312,193.83880685090224,190.0776962622371,193.35350680687762,15241184
2021-11-17,193.7174835205078,198.36833019972576,190.60345239594648,190.88654729974874,48496295
2021-11-18,192.09979248046875,196.54842092669077,191.12917960812177,194.12189515445485,21005037
2021-11-22,186.761474609375,194.72855853177043,185.66954614605237,192.4233605547651,23443628
2021-11-23,187.32765197753906,188.2173752044726,185.34598754292787,185.34598754292787,13950744
2021-11-24,184.17315673828125,188.21736226802568,183.5665284722723,188.01515711844388,14684422
2021-11-25,187.08499145507812,187.81294797192888,182.5959241316211,183.60697556153963,24825493
2021-11-26,181.18045043945312,186.07394092191376,180.45249391909408,185.14377924150222,28067913
2021-11-29,179.15835571289062,180.8973637470813,178.10686576175002,179.56277886864154,22985358
2021-11-30,178.87522888183594,182.1510391967086,177.94506732504848,179.562746842262,24408641
2021-12-01,179.4818878173828,180.61425462029055,178.43038513164424,179.56276475181576,13496307
2021-12-02,182.35325622558594,182.91943315907625,178.99655618404833,179.4818690088435,16517389
2021-12-03,179.27967834472656,182.95991228472909,179.0370347126625,181.98929930467966,14325920
2021-12-06,176.24652099609375,179.72453689667825,175.92298761400778,179.279675291994,13644352
2021-12-07,178.4708251953125,179.52231499767808,176.40827123799244,177.05535075909177,9246755
2021-12-08,181.94886779785156,182.51505765644038,178.75394663425175,178.75394663425175,10241656
2021-12-09,190.4012451171875,191.25052987628138,180.37162033709367,180.37162033709367,39714672
2021-12-10,190.96743774414062,193.27263560468322,189.0666630343934,191.04832750120553,36517117
2021-12-13,189.75418090820312,193.11086870344965,189.39019622769308,192.50424038653088,22903720
2021-12-14,184.90109252929688,191.77624628739295,184.05180792501946,190.0776770788381,38953007
2021-12-15,181.22091674804688,187.81296444630047,180.6951653441569,186.0335178750809,35987634
2021-12-16,180.2907257080078,182.91945685285543,178.59215623573184,182.79814144820494,25131188
2021-12-17,176.28695678710938,180.25028551789234,175.31635665559287,180.20984705006182,30827201
2021-12-20,171.79788208007812,174.91192594792898,169.69490240230073,174.91192594792898,38778895
2021-12-21,171.87879943847656,174.26487439660772,170.70598119569812,173.09205615382928,20142586
2021-12-22,171.47438049316406,173.25382713753808,170.74642388253235,173.0920604259828,17903428
2021-12-23,175.76123046875,176.69139219708129,172.44498107909934,173.01117093713225,23065082
2021-12-24,176.327392578125,178.30904395212266,175.07368483016754,176.327392578125,17220191
2021-12-27,175.96340942382812,176.6913658732373,174.42661959577708,176.65092740862093,8467106
2021-12-28,177.9855194091797,178.43038099002638,176.3274013018899,176.3274013018899,12014352
2021-12-29,175.3163604736328,178.18774809741282,174.95237580343928,177.94509165061714,11923119
2021-12-30,174.70970153808594,176.24650418228043,174.30529125769107,175.1950143821805,10116360
2021-12-31,176.3678436279297,176.97447190442713,174.83104088584093,175.43768197960213,7875890
2022-01-03,177.21713256835938,177.8237608593242,175.5590015679738,176.36784783410297,8064567
2022-01-04,178.1472930908203,179.32011119706465,177.17669295843712,177.5406648037648,9398805
2022-01-05,178.3899383544922,179.15833328212997,176.85313568195343,177.66198189218713,11663111
2022-01-06,176.89358520507812,178.2686083680829,176.48916210398386,177.13622881192424,9295303
2022-01-07,176.65093994140625,178.4708376026762,175.92298344035106,177.78331956910634,9196075
2022-01-10,180.61427307128906,181.74665280714103,177.05537997834304,177.86421349161938,16451394
2022-01-11,179.5223388671875,181.38267511396404,178.91571054736713,180.65471856672667,8329596
2022-01-12,180.1693878173828,180.89734429254074,179.23922619472788,179.9671826698858,13665682
2022-01-13,181.1400146484375,182.6363789970961,180.16940166785685,181.09957617928208,11944029
2022-01-14,180.04808044433594,181.82752683686576,179.80542400271315,181.1400087971105,10976796
2022-01-17,181.665771484375,182.47460497814987,179.0370401993933,180.04809167956049,12792728
2022-01-18,178.55172729492188,183.84964115279135,178.18775542702093,181.66577149359125,14948456
2022-01-19,178.2281951904297,179.88631347773043,176.89361030300253,178.55172859030327,11915686
2022-01-20,176.9340362548828,179.68409559376028,176.327407968725,178.3899492685671,17997322
2022-01-21,175.5590057373047,178.34951644963698,174.70972098287874,176.73183669622463,17225050
2022-01-24,171.31259155273438,176.1251922531533,170.58463503655955,175.55900242754353,18023332
2022-01-25,173.33468627929688,173.65821964524955,169.49268590250244,171.47435019917373,19028606
2022-01-27,173.57733154296875,174.3052879781512,170.7463827298911,170.86771093863197,24041247
2022-01-28,176.0038604736328,177.3384580740327,173.98175765654287,173.98175765654287,15865353
2022-01-31,178.1068572998047,178.5517189048157,175.59945436090052,176.7318340162973,15618203
2022-02-01,184.21360778808594,185.06289254541718,177.25757585253209,178.75394020380048,44871108
2022-02-02,187.77252197265625,188.70269652761772,185.2246675858555,186.03351391040766,42714702
2022-02-03,189.6328582763672,190.23948661118416,187.48942705171757,187.77252198360083,28918394
2022-02-04,189.5115203857422,192.90865939517457,187.28721233237408,191.89760794959554,58889867
2022-02-07,186.19525146484375,189.87548500300738,184.82022830906934,189.26885676318742,25101983
2022-02-08,187.04454040527344,187.89382508735005,185.26509410983482,186.27614547174554,16825239
2022-02-09,186.15484619140625,188.46004416754772,185.02246643929954,187.89385429149436,12351873
2022-02-10,187.85340881347656,188.7835705367218,184.2136132268058,184.9820210683716,20317032
2022-02-11,188.01516723632812,188.70268528952616,185.87173613945438,187.65118256677707,18793513
2022-02-14,181.7635498046875,187.18871229333118,180.97669898576711,187.18871229333118,23621214
2022-02-15,184.7039031982422,185.11804004119819,181.01810760863412,183.04736895153604,13371177
2022-02-16,184.496826171875,186.1119506539419,183.75138511285317,185.36650959492007,11664158
2022-02-17,184.41400146484375,185.8220509253525,182.92311938895574,184.74530567612612,14564261
2022-02-18,183.79281616210938,185.0766233555312,183.46149880159953,184.4140148847481,9004891
2022-02-21,180.5625457763672,183.2958250839294,179.85851451528598,182.46756459305453,16750193
2022-02-22,177.95350646972656,179.6514635477479,176.42121462502428,178.07774883215708,26741024
2022-02-23,178.86459350585938,180.14841370688015,178.119152481906,179.56862478545895,11438476
2022-02-24,172.69398498535156,176.66967469815137,171.45158769234015,173.93639540347962,42933709
2022-02-25,177.2080535888672,179.32013423381935,174.3919416872254,175.1787924299275,24543858
2022-02-28,178.7817840576172,179.27874039312303,174.5990190145845,176.58687060684352,20806226
2022-03-02,178.32623291015625,179.40297817211916,175.96566740789152,177.58077873827716,20039140
2022-03-03,181.72215270996094,182.38476120884488,178.90602721434772,178.9474500893671,29631546
2022-03-04,186.77456665039062,188.34826821410726,179.73427998338082,180.31406891478716,69409780
2022-03-07,186.31903076171875,188.01697478310345,182.3019308817423,183.87563253568553,47001716
2022-03-08,187.93414306640625,189.21795015453642,185.32509289516338,185.449335254525,37424203
2022-03-09,189.88058471679688,191.66136136448705,187.27153436664327,188.59676441551395,43923809
2022-03-10,192.1583251953125,192.57246206267456,188.72101413393293,191.33006458570702,37523806
2022-03-11,195.76129150390625,196.3824902106581,190.62602348619623,192.07549588536253,43305144
2022-03-14,197.95619201660156,198.32890596620504,194.89159530543964,195.67844607413804,36465969
2022-03-15,197.00369262695312,199.94404722773737,195.38856808391503,197.95620870367722,34269168
2022-03-16,200.93797302246094,201.26927725556868,198.03902816997265,198.78446925702417,22462538
2022-03-17,202.843017578125,203.25715448418754,201.02081781647374,203.13291209985678,35541798
2022-03-21,202.5116729736328,205.2035559388632,201.9318971331737,203.67125090478717,29052540
2022-03-22,206.86009216308594,207.68836587174258,201.7248240446749,202.55309775333154,38368305
2022-03-23,208.7237091064453,210.1317587127038,205.82476414485626,208.2681493623796,42051087
2022-03-24,211.0842742919922,212.45091414538155,208.2681488363506,208.6822857048343,39712133
2022-03-25,209.84185791015625,211.8297095741102,206.44595668226,211.4569824651995,30412482
2022-03-28,212.90646362304688,213.6933144961522,209.1792580068653,210.3802457540172,25876007
2022-03-29,210.87718200683594,213.27915727195392,210.1731507006442,212.90644330845788,18820674
2022-03-30,206.40452575683594,212.36805388659906,205.94897919831888,211.29130866875113,18281803
2022-03-31,207.60552978515625,210.67012670588494,206.65302684870818,206.73584634312036,26644916
2022-04-01,209.80044555664062,211.4983895869442,206.07324013940996,207.06715283392606,14856664
2022-04-04,211.58120727539062,213.61046851910598,207.97824448052705,209.6347786462649,16520039
2022-04-05,214.894287109375,216.8821387147566,211.29132412165794,212.0781749393493,28230046
2022-04-06,215.01853942871094,218.1245462214208,213.11352035416803,213.27917247476498,20352716
2022-04-07,212.5751495361328,217.17203843753802,211.87111819534724,213.69330460668098,16679649
2022-04-08,221.81033325195312,222.68000351805244,212.0367540995224,213.69328826726553,39283623
2022-04-11,221.56187438964844,226.241582975269,220.3194769001305,222.597210005953,47924937
2022-04-12,219.32553100585938,222.5143835038909,217.91748143706013,221.06489793653932,24460888
2022-04-13,223.25982666015625,224.12949705953278,218.3730428975986,219.73968281104084,22239115
2022-04-18,223.71536254882812,225.70321425933957,221.35480997091346,221.97599558341022,25339139
2022-04-19,216.63363647460938,225.70318408157175,214.3559036995257,225.28903414504418,24280577
2022-04-20,214.97711181640625,219.86389490586643,213.32057762296705,217.7518141373594,25454589
2022-04-21,215.68113708496094,219.03561512349427,215.01851555103826,215.10134816469747,24313956
2022-04-22,216.2609405517578,217.83464219108288,214.14884657510902,215.34983424069003,16274820
2022-04-25,211.41558837890625,214.52159534945193,209.13784205876786,214.3559432193705,25140992
2022-04-26,214.48016357421875,215.92962284487297,212.24382723496012,212.53372171411456,21327644
2022-04-27,213.2791748046875,214.10744854183915,211.82971545235006,212.20242944648524,17219401
2022-04-28,216.2609405517578,218.41443115034514,213.81754234842143,214.93571051988948,28999835
2022-04-29,214.97711181640625,217.83463362821678,214.10742841169926,217.83463362821678,21206335
2022-05-02,217.95887756347656,219.07704569906468,212.90644233070114,213.6932931251151,19696250
2022-05-04,215.1427764892578,220.36086409715944,214.1902735380598,218.66292005911836,26951488
2022-05-05,217.04779052734375,219.6568408338776,215.68115075373368,217.00638078044832,18623544
2022-05-06,220.85781860351562,221.43760753455692,214.4387306170208,214.52156323221985,35818441
2022-05-09,217.79322814941406,220.4437012860046,215.80538970336823,220.4437012860046,22228031
2022-05-10,215.1427764892578,220.9820759404605,214.6043972667696,217.00638576892462,18727774
2022-05-11,211.74685668945312,217.17201881031335,208.5166078884865,214.521558928757,18012072
2022-05-12,209.46913146972656,212.36806304668252,206.36312491398388,211.20848516585315,20816708
2022-05-13,214.19027709960938,216.05387328514584,210.7943758419421,211.16708982900204,12380764
2022-05-16,210.46302795410156,215.30840095896787,209.55193486774036,215.30840095896787,8502159
2022-05-17,219.24270629882812,219.9053147566057,211.04284132056372,211.2084934350081,18483427
2022-05-18,220.98208618164062,221.81035992768204,217.95889882119633,220.3194776849025,20978307
2022-05-19,228.31222534179688,231.29398943974314,217.50332392418312,217.50332392418312,81302807
2022-05-20,231.9152069091797,233.8616355693769,229.4303859332312,229.4303859332312,33617466
2022-05-23,227.35972595214844,232.2879452728415,226.1587514014878,231.91521817081468,22535903
2022-05-24,224.33653259277344,227.77384300859552,223.63250136299314,227.77384300859552,16146766
2022-05-25,225.8688507080078,226.86278967717007,224.04666426485957,226.0759388267412,15877459
2022-05-26,226.2852020263672,227.60029743546008,223.86706785554793,227.60029743546008,19129574
2022-05-27,228.40634155273438,229.6790309071398,224.88520924129864,228.2366370900233,13986762
2022-05-30,228.2790985107422,229.93360294570672,227.04881495027382,229.50935518094212,12274291
2022-05-31,229.6366424560547,232.90321870483018,226.0306841065219,228.2791140530255,24102167
2022-06-01,230.65476989746094,232.56379047427643,229.25478203540771,229.63659690687678,15265925
2022-06-02,232.05474853515625,232.8607842872208,227.2609130834946,229.67904722995524,14789457
2022-06-03,231.37596130371094,233.9213671252391,230.4426539028975,233.32744178924258,12968807
2022-06-06,233.15774536132812,234.00621399779703,228.8305902726855,231.12145290212473,11345943
2022-06-07,232.39414978027344,233.32745724290135,230.99418858633157,231.80022440494028,11245578
2022-06-08,227.30335998535156,232.81836584770733,225.86096597650308,232.43655092355297,14915091
2022-06-09,229.80630493164062,230.52750184773086,225.4791368802319,227.21849335755937,10239939
2022-06-10,229.21240234375,229.93359933127138,228.02455164551102,228.2790949223148,8693455
2022-06-13,224.5458526611328,228.32150175925312,223.14587807842375,226.03066603968242,11519902
2022-06-14,225.22462463378906,226.92154850603336,223.1883186761228,223.31557687430515,7708043
2022-06-15,223.4852752685547,226.7942706788968,223.1883125906239,225.6912856539169,5254329
2022-06-16,221.1944122314453,227.3033568168182,220.17626600482828,226.53972697915424,14843837
2022-06-17,223.40042114257812,224.1216181322031,219.37021532538816,219.7520302417075,17296080
2022-06-20,224.07920837402344,225.81856510352503,221.7459262681198,223.4004307530777,17738981
2022-06-21,229.00030517578125,229.80634100550807,224.0792110615894,224.8428274911029,14417711
2022-06-22,225.0973663330078,229.33969643278238,224.75798422746914,226.5397470041148,11756920
2022-06-23,225.26702880859375,226.751855583516,222.636797656635,225.26702880859375,9416459
2022-06-24,225.5640106201172,227.68518230352427,225.0125180830526,225.77613451102528,7283228
2022-06-27,229.04270935058594,229.63663472949503,226.11551530105876,226.53973619016412,8487729
2022-06-28,230.65476989746094,230.9941519309007,227.8548210636194,228.15179714929477,11673046
2022-06-29,232.52142333984375,233.32745916509273,228.36394567826173,228.44878447821705,16635367
2022-06-30,232.05474853515625,233.07289471298512,230.78203220003644,232.4365365454252,20003893
2022-07-01,241.2605743408203,241.81206681830184,230.103264927556,232.05474535448027,36520000
2022-07-04,247.66644287109375,248.85429345250898,241.6423511768495,242.363548093442,41417701
2022-07-05,243.42416381835938,248.5997877519078,242.4484503928803,248.5997877519078,19283789
2022-07-06,245.46046447753906,246.05438981253735,242.06661694480627,242.74538107329937,18997440
2022-07-07,247.70889282226562,248.72703900941576,244.7816990052252,246.9028570628217,14326277
2022-07-08,248.64218139648438,249.83003197005056,246.39375187439592,248.5149097714405,11538313
2022-07-11,250.2966766357422,251.95118081158213,247.79370395352666,248.599739622991,12828405
2022-07-12,248.3452606201172,250.5936635092591,246.81800094480317,248.59977700906794,14616684
2022-07-13,249.49069213867188,250.1270234812717,248.3452742097764,248.5997906126545,9634877
2022-07-14,246.77560424804688,251.4421415745375,245.33321020521552,249.70279828832457,13930984
2022-07-15,249.06640625,249.4482211313099,245.63015298900757,247.75131092037518,11450042
2022-07-18,250.55125427246094,251.39972289531465,249.23613194057785,250.296710996578,11751684
2022-07-19,249.9573516845703,250.8058203846787,248.34527997755367,250.2967337865596,9542292
2022-07-20,253.0117950439453,254.11480694524707,249.10886088195596,250.21187278325772,16397373
2022-07-21,254.15721130371094,256.4056410447792,252.84208897701805,253.69055759652326,16660697
2022-07-22,255.0056915283203,256.6601960000569,252.92696617265906,254.53903779989557,10351425
2022-07-25,255.47238159179688,257.0420474880511,253.52092760181753,253.69060522341252,11050533
2022-07-26,256.6177673339844,257.7207792965251,254.92085688038648,255.3875106164096,10114261
2022-07-27,258.0601806640625,258.7813777445653,255.04814757751217,256.95716861912797,9706094
2022-07-28,257.4662170410156,258.95104383009493,256.575342479782,258.6965005582375,11256515
2022-07-29,257.12689208984375,259.5450268193525,255.68449782243667,258.7813968341581,17584873
2022-08-01,260.90252685546875,262.00553886116097,257.1692968212344,257.93289983265936,16501510
2022-08-02,262.9812316894531,268.66594198841216,261.4964317397,263.02366453297435,40483892
2022-08-03,261.4540100097656,263.7873055875137,257.63594130941976,263.7873055875137,18376724
2022-08-04,262.5994567871094,263.32065382141474,260.6055701764938,261.3267403205295,16514348
2022-08-05,263.744873046875,264.5509088770924,262.2600730322923,262.59945512447496,10477269
2022-08-08,265.6962890625,266.3750800407258,263.06607149908865,263.82967437547717,8627072
2022-08-10,264.0418395996094,266.50240698717647,263.6600515272991,265.69634421385825,9267241
2022-08-11,259.8419494628906,265.95088115689765,259.0359135991356,265.56906620345455,11305242
2022-08-12,261.7933654785156,262.5145624340796,258.35711206473457,259.8419119266054,6669853
2022-08-16,263.4903259277344,264.2963617462434,261.7933886012013,261.7933886012013,8941455
2022-08-17,265.187255859375,265.78118121807273,263.8721335015251,264.46605886022286,8283028
2022-08-18,267.8174743652344,268.11445049047194,265.2296624865342,265.5690445651854,10264507
2022-08-19,264.7206115722656,268.24173100632373,264.04182050223625,268.24173100632373,10823811
2022-08-22,266.75689697265625,268.96292083324323,263.8721358407428,264.04181343600726,11793184
2022-08-23,268.02960205078125,268.11444084482474,264.80543208418464,265.52662905922335,9698555
2022-08-24,266.5024108886719,271.041676987135,265.6115092962724,267.9023722150279,11783894
2022-08-25,265.0175476074219,268.453828070298,264.38121630446545,267.6477922857257,8057930
2022-08-26,265.48419189453125,267.6053499429559,264.72058898003723,267.053857455251,7224507
2022-08-29,266.03570556640625,267.22352930900115,262.0479059330763,263.02364614369816,11798961
2022-08-30,271.93255615234375,272.69615913543754,266.62963366461634,266.62963366461634,18516092
2022-09-01,269.47198486328125,273.12037590363923,268.11445651815694,271.08408338595274,13765474
2022-09-02,274.180908203125,275.11424239390976,269.8537537288708,270.40524616365155,26750910
2022-09-05,279.0172119140625,279.6535701667409,274.6900564666612,275.7506356276114,18144801
2022-09-06,277.5748291015625,279.99293654538434,276.9384708846257,279.99293654538434,12431779
2022-09-07,276.6839294433594,278.55054437179916,275.96273242277687,276.5990906439583,8397233
2022-09-08,279.90814208984375,280.50206755631865,277.87182236331944,279.14451210854463,11331350
2022-09-09,280.4172058105469,282.7928805918821,279.9929580033194,280.5020446158839,9770432
2022-09-12,280.7565612792969,282.0292507996631,279.99293143291607,281.68986872025,9048240
2022-09-13,283.7261962890625,284.2352559777639,280.50202610602986,281.43533357396336,10925371
2022-09-14,284.5322265625,287.62909815011665,280.7989698733131,280.8414027174895,12739464
2022-09-15,283.4716491699219,285.9746222956876,282.45347602573565,285.42310287916376,8742900
2022-09-16,281.09588623046875,283.89580798428875,279.73833129844917,281.98676064658855,12973988
2022-09-19,284.7443542480469,285.8473662510156,279.2293480137439,279.2293480137439,14918717
2022-09-20,285.0837097167969,288.1381752501277,284.23524109303435,287.4169782644429,9892945
2022-09-21,289.2835998535156,292.8895848660916,284.65949549309363,285.0837163697409,21800547
2022-09-22,292.7622985839844,295.9016028288756,289.24117943504405,289.326018228077,25111230
2022-09-23,293.90771484375,296.58039226762116,291.27749715157046,294.84102223295355,23718397
2022-09-26,282.198974609375,293.52593631754155,281.4777775573842,292.5926288126759,16829922
2022-09-27,284.10797119140625,288.0957710584365,283.3867742013136,284.2352428302619,10375837
2022-09-28,275.7082214355469,282.79286635563835,275.1567020029426,281.64744842530143,16151900
2022-09-29,282.5807189941406,284.1503845053013,278.0838597710169,279.1444387617436,18985406
2022-09-30,281.8594970703125,284.8715561955442,280.1201541333555,282.5806939469135,12906555
2022-10-03,275.2415466308594,282.5383559337637,274.2658331722687,282.4534902406312,9462192
2022-10-04,282.41107177734375,283.38678519272355,278.2960270021202,278.8899523763931,9142294
2022-10-06,285.6352233886719,287.88365330764236,282.1565367308051,284.2352621563399,23091432
2022-10-07,283.4716491699219,285.8049178082336,281.0959476871794,285.7624849638028,10910698
2022-10-10,278.16876220703125,281.22322795270395,276.6415293341949,279.9929443291806,9750594
2022-10-11,276.8536376953125,280.3747571564123,275.8354645275837,279.14447354216315,11018577
2022-10-12,280.0777893066406,281.22323415422954,275.53852343376366,278.2536071442645,10735673
2022-10-13,278.8475646972656,281.09599491474864,278.29607207835323,279.9505768253639,7546587
2022-10-14,281.7746887207031,283.30192142131654,280.71410970943646,281.94439319422315,6672357
2022-10-17,281.9019470214844,284.02310494370334,279.65351747271103,280.9262068479893,7195922
2022-10-18,288.732177734375,289.32610324065297,283.0050600519108,283.3444422140303,21691854
2022-10-19,293.8653259277344,294.79863337104103,288.30788722151016,291.10780955143014,16923690
2022-10-20,296.7076721191406,297.76825117172416,292.55019470373804,294.41680953384224,19186222
2022-10-21,293.2289733886719,299.6772868189587,292.2956659273252,299.6772868189587,28426343
2022-10-24,295.0107421875,296.7076794697808,294.4168168277286,296.0713212663584,3292671
2022-10-25,293.8229064941406,296.5379901504789,291.5744765807541,296.4955573046579,17906260
2022-10-27,293.398681640625,295.56224583319454,291.7441771396938,294.1198517779685,19273344
2022-10-28,293.398681640625,295.7743562788997,292.80475625848896,294.88348165083033,13572499
2022-10-31,295.85919189453125,297.3864245947382,292.507750388103,295.2652665727693,14358449
2022-11-01,296.5379638671875,297.3864324765158,294.5865102669731,296.32585343742227,20422565
2022-11-02,300.9075622558594,302.2650905663757,295.6895056704918,295.6895056704918,17427813
2022-11-03,300.1015319824219,304.17414387918006,299.5076066130749,300.35607526789465,11149636
2022-11-04,300.0166320800781,302.0529512413714,299.0833247332908,300.3560410155152,8709851
2022-11-07,299.93182373046875,302.34995802183795,296.9621969210103,301.2045132515885,10437370
2022-11-09,306.040771484375,306.67712972446185,299.6772966445866,299.93183994062133,21404869
2022-11-10,302.052978515625,305.3619873676679,300.44090693293117,304.5983844196486,20071989
2022-11-11,302.3499450683594,306.2528791521114,300.90755112409437,305.44681649600983,11372654
2022-11-14,294.5865173339844,302.8590125251536,294.07743077812114,302.34995285955847,18319254
2022-11-15,292.9320068359375,296.07131112129144,287.75635636940854,296.07131112129144,16046491
2022-11-16,291.95623779296875,294.2895060783308,289.87748586488397,293.313765926174,7897812
2022-11-17,291.61688232421875,294.79861942780377,290.6835749250552,291.9562643884357,10379179
2022-11-18,289.36846923828125,292.50777368027974,288.3078901428437,291.61689907183046,8140173
2022-11-21,286.1018371582031,288.4775383927463,283.7261628139261,287.7139355046524,9553090
2022-11-22,288.6896667480469,289.32602493621624,284.8291654472003,285.93217734327123,6746019
2022-11-23,288.3078918457031,290.17450676225525,286.3564112400212,290.17450676225525,8067471
2022-11-24,289.1139221191406,290.5987220769565,286.39883859521296,288.3078863197395,8454385
2022-11-25,288.732177734375,290.0897332731282,286.61101905342156,289.32610324065297,7200274
2022-11-28,288.5199890136719,289.96238297928875,287.4169771181529,288.4775561710592,10284123
2022-11-29,290.4290466308594,292.71988240502225,288.47756604814566,288.47756604814566,10582296
2022-11-30,288.4775695800781,291.99868897256374,287.62910092026095,289.5381486822823,23425220
2022-12-01,288.0958251953125,289.9200075445838,285.76252930468155,289.9200075445838,17270904
2022-12-02,286.0594177246094,289.1563157515378,285.72003569142424,287.92603235226,8711914
2022-12-05,285.7200622558594,287.5018382634382,283.5140384996567,286.48366517895465,10090597
2022-12-06,286.18670654296875,286.95030944094776,283.4716232240956,283.4716232240956,6571118
2022-12-07,288.56243896484375,289.75026283547726,285.6352180174455,287.2048837136964,10191144
2022-12-08,287.12005615234375,290.30179362424616,286.35642625175734,288.6472890632461,6439244
2022-12-09,289.6653747558594,290.5986820677504,286.780614034632,288.2654137880228,8445424
2022-12-12,291.1926574707031,291.87144854277307,288.5624395436589,289.3260425256171,11646572
2022-12-13,293.2289733886719,293.56835547550077,290.5138898037718,292.2956659273252,11105261
2022-12-14,293.0592346191406,294.7137389053118,291.65927359088283,293.56832113496745,7664099
2022-12-15,287.5018615722656,293.6531989684838,286.7806645423755,292.50778104584407,8469001
2022-12-16,284.3200988769531,287.5442419112723,281.09592895236676,286.3563912490704,12907968
2022-12-19,288.90179443359375,290.47143309493754,284.53220672797494,285.7624633303723,8113695
2022-12-20,288.6048583984375,289.28362261057686,285.7200970517099,288.52001959448774,5693354
2022-12-21,284.3625183105469,289.5381420597002,283.81102579490107,289.32603162216475,7316532
2022-12-22,282.0716552734375,286.2715383353136,279.9080644832351,284.786738525935,6838031
2022-12-23,277.1930236816406,281.6050447264805,276.04760574212514,280.75657603821094,10461859
2022-12-26,283.8958740234375,284.32012180287114,276.17487098681516,277.0233127651438,9934633
2022-12-27,282.66558837890625,285.4230776567746,280.12018263364325,284.74431354747776,6986433
2022-12-28,283.7261962890625,284.2352559777639,281.26562908421664,282.4110738869009,8035558
2022-12-29,284.5322265625,284.87160864510446,281.30805644235426,283.6837579108544,8417520
2022-12-30,281.3080139160156,285.7200341034306,280.4171394451391,284.574589496249,7228324
2023-01-02,282.41107177734375,283.38678519272355,279.69598819356304,280.7565672983169,6181118
2023-01-03,280.92620849609375,282.8352560153437,280.2050115714764,281.265590538808,6228015
2023-01-04,277.4475402832031,282.11407728430135,276.5990716765669,281.56258479060807,6947412
2023-01-05,282.92010498046875,283.30191987610624,278.46567853549766,278.8474934311352,8486143
2023-01-06,284.2776794433594,286.3988375987267,282.6231750065621,283.98070331866836,8603181
2023-01-09,286.8230895996094,289.5806062569387,285.2110178314748,285.8897820611871,11027747
2023-01-10,282.877685546875,287.1200013665963,282.15648863069055,286.695753650465,7217255
2023-01-11,281.5201110839844,284.32005976847773,281.0958902873787,284.32005976847773,4760847
2023-01-12,279.86566162109375,283.0473988879398,278.3808616526731,282.8777212922585,6894087
2023-01-13,278.93231201171875,281.9019383899516,276.9384257771048,279.865619317697,14967746
2023-01-16,280.1626281738281,281.8595385239895,277.91419843087994,280.2898998113737,8571826
2023-01-17,281.9019470214844,282.96252598259383,279.22929664437345,280.16260397892853,14240647
2023-01-18,283.93829345703125,285.55036502803495,282.02924576542426,283.38677405884465,13039078
2023-01-19,281.8171691894531,284.7867963009276,281.39292137908745,283.3868081060193,8667564
2023-01-20,283.8958740234375,284.4049606026502,279.3566083263557,281.68987699729814,13608325
2023-01-23,286.56854248046875,286.9079514810832,282.58076907109415,285.08374238643216,7399204
2023-01-24,287.5867004394531,289.11393330008354,286.4412825165477,286.6109601175791,12776694
2023-01-25,287.8412170410156,289.3260169185744,284.44734265185195,287.5442409313436,12978859
2023-01-27,293.568359375,295.9864937498961,289.7502637894881,290.0048070805581,21850457
2023-01-30,292.5502014160156,298.44702215928777,290.0472283408259,294.33197749206926,14634225
2023-01-31,298.9560852050781,301.2045150247423,289.3684674513022,293.5683509628021,17794183
2023-02-01,306.6346740722656,310.2830649667827,279.22932296558173,299.5075967647228,67003785
2023-02-02,321.2283020019531,326.4039262723965,305.7862679961284,306.8044143330075,57892084
2023-02-03,322.9676208496094,324.3251491955415,315.6284059198903,324.02819995371976,23153980
2023-02-06,325.30084228515625,329.37348051237205,322.07667259613254,324.5372394239691,26783409
2023-02-07,316.68896484375,325.7250896300786,312.6163531752021,325.7250896300786,21438758
2023-02-08,318.6404724121094,320.12527243334034,315.24659769454775,317.96168133443524,10821785
2023-02-09,317.5374450683594,322.4161195709826,315.7556689949735,317.3253346313471,12318006
2023-02-10,315.076904296875,319.82828026077203,314.18600281658485,315.7981012936871,10674456
2023-02-13,317.4949951171875,318.30103086856315,313.9314431624316,316.47684894022876,10282470
2023-02-14,327.888671875,328.9068449329148,317.1131773170906,318.1737832158408,30246745
2023-02-15,329.59710693359375,330.1576373531898,326.4494562746619,329.2090347980511,12679568
2023-02-16,329.8989562988281,332.2273620190069,328.56228147159135,329.4246549728039,10151755
2023-02-17,330.6319274902344,331.62365824844454,327.0531039108078,328.60536506972716,7967611
2023-02-20,331.1924743652344,334.1676667878579,328.8209679393305,331.7530321247744,8105569
2023-02-21,329.6401672363281,332.78781750755417,329.16586601717995,332.011700663014,8577674
2023-02-22,331.0199890136719,331.9254632728207,327.69988028886405,329.4245996708015,9306194
2023-02-23,334.25390625,339.7730635557299,330.3732393743947,331.5374558356461,19555814
2023-02-24,332.0979919433594,335.46122933796937,328.5622689227143,335.46122933796937,13407431
2023-02-27,329.59710693359375,333.56400276915014,326.06138413911924,332.0979706999546,8455904
2023-02-28,324.8540954589844,331.36498387124664,323.3880905915263,329.8558507634998,16997837
2023-03-01,326.57879638671875,328.0448283784041,322.1807277426097,322.74125813257007,8065784
2023-03-02,323.8623962402344,327.4843212134342,323.12938013123113,327.26873467101,5212922
2023-03-03,331.9685974121094,332.356669529054,324.33664910026766,325.1127660032098,8495772
2023-03-06,334.72821044921875,338.4795199727342,332.22734654385846,332.78787699460906,11126980
2023-03-08,338.39324951171875,339.04003641351176,332.09797543504453,334.598839237063,9261146
2023-03-09,334.16766357421875,339.42810589779805,332.57227411624933,338.13455943528567,10005328
2023-03-10,334.598876953125,336.4960823043063,330.71820976683466,333.69340251949825,8684320
2023-03-13,330.8475646972656,337.09973852595965,329.8558611180502,335.6337062815304,9130473
2023-03-14,327.441162109375,333.2621343750582,325.28524240638916,332.6153748627302,10623744
2023-03-15,327.1824951171875,331.4081060043401,325.9751777208582,328.5622708095923,8748113
2023-03-16,328.9502868652344,329.72643105804275,324.98339142975334,328.21727090456386,16315136
2023-03-17,323.8623962402344,332.01177525909844,318.774411718077,332.01177525909844,50787703
2023-03-20,326.6650390625,327.1393403346496,320.8009381836736,321.9220263410037,10512002
2023-03-21,325.0696716308594,326.6650611683009,322.5688077238388,326.6650611683009,12057999
2023-03-22,325.75958251953125,326.7081851155626,322.698160870653,325.0696673607315,4958761
2023-03-23,328.26043701171875,330.07141300627836,322.8706372651541,325.1127863070593,10127917
2023-03-24,326.57879638671875,330.28697726919245,325.97513776255107,328.99343088338946,10317108
2023-03-27,327.87237548828125,331.4943275946929,324.5522663895454,325.9320420504929,11232922
2023-03-28,327.4842834472656,329.7264597565682,326.1045078701083,327.87235557744657,9523719
2023-03-29,330.0714416503906,331.14940169325064,325.24217191247357,327.87239332381387,10551626
2023-03-31,330.71820068359375,331.5805741825232,327.6999344337672,329.4246541006751,9877493
2023-04-03,326.7512512207031,331.14934714944366,326.40630734351794,331.14934714944366,7331070
2023-04-05,333.21905517578125,333.7795855891628,326.7512683146224,326.7512683146224,12055499
2023-04-06,334.038330078125,336.5822949482747,331.3218522485814,333.43467137499874,13394394
2023-04-10,335.0731201171875,336.3235656075255,331.7961122325701,334.03828846828327,7044256
2023-04-11,341.497802734375,343.3087788915467,334.5988693716791,335.07317069872755,18939829
2023-04-12,339.3849792480469,343.0500594617437,338.1345610164522,343.00693122477713,10122932
2023-04-13,341.1528015136719,342.0151748719387,339.51431126462745,341.06657237712915,6292395
2023-04-17,345.0766296386719,346.67199180859274,338.82445634896516,338.82445634896516,11466474
2023-04-18,343.6536865234375,346.6719797998749,342.36014007094957,344.9472603068738,9860308
2023-04-19,343.86932373046875,346.1114728891326,341.497789853725,341.54091809308494,10119480
2023-04-20,345.2059631347656,347.2325255508556,342.96378687492137,344.9472483870184,6924577
2023-04-21,352.061767578125,352.70855444801253,344.1280035162061,345.2059634120538,14801099
2023-04-24,352.4498596191406,353.5709478133228,348.56919284238995,353.5709478133228,6212135
2023-04-25,354.9076232910156,356.6323428269631,351.32877217565795,352.44986037223555,9180650
2023-04-26,355.51129150390625,356.1580510981409,352.7517128413691,355.295677641545,7914219
2023-04-27,358.74517822265625,359.9524956184329,354.4333381894397,355.46816995826964,13100076
2023-04-28,366.9808044433594,369.3091828721778,356.7617343086795,360.46991582908987,13208557
2023-05-02,366.03216552734375,368.23118634446615,363.22945871103417,367.3688402449391,10648421
2023-05-03,368.36053466796875,369.52475106941137,363.9624658109192,365.6440843931658,7607609
2023-05-04,366.1615295410156,368.2311930145085,365.6441000071677,366.7651882201884,8292456
2023-05-05,369.7403259277344,372.45677611686307,365.9459158437518,367.32569139031006,12890455
2023-05-08,372.0687561035156,373.7935031092116,370.25780727777135,371.6807112585425,7522610
2023-05-09,365.47161865234375,373.53476810451167,363.48818430101966,373.23295242687635,10377820
2023-05-10,366.80828857421875,367.670662019015,364.09183818751245,365.6009712176939,10130159
2023-05-11,362.5395812988281,368.5761681543761,361.2460347814821,368.4468107695465,16597954
2023-05-12,362.58270263671875,364.5230087103349,358.78826497218336,362.53957439894646,11564770
2023-05-15,368.921142578125,369.6972596203336,361.3754220501732,362.1946673345414,9503538
2023-05-16,365.6009826660156,370.8183244052902,365.2129378350131,370.8183244052902,8302077
2023-05-17,368.74859619140625,369.91278522840224,364.4367566000682,365.77343124633455,9844782
2023-05-18,361.9359130859375,372.9310991903745,360.55613745867515,370.8183075120231,24919291
2023-05-19,362.0652770996094,364.86798397388037,354.73514378539636,363.0138796934658,26759905
2023-05-22,366.2909240722656,367.15327027486876,361.41852590660676,363.87628911069174,16015615
2023-05-23,370.0853271484375,371.8531750904477,365.81661514264306,367.368876538473,9068926
2023-05-24,373.83660888671875,374.91456886776746,368.231195120506,369.3522833399385,11921823
2023-05-25,380.4337463378906,381.5548072858419,374.95768966539407,376.81179405000734,18905572
2023-05-26,382.5465087890625,383.538239600723,379.0108132541104,382.3740231705763,13496209
2023-05-29,387.2895202636719,389.6179257846181,382.9776804575075,383.75382474147256,20589822
2023-05-30,396.6940612792969,398.06075980006375,388.8465899847632,388.8465899847632,19627897
2023-05-31,392.81439208984375,398.5457120356545,390.1250920308218,396.16500689487293,14821960
2023-06-01,387.7003173828125,394.1370210863762,387.08309960226313,394.1370210863762,9142172
2023-06-02,390.9627380371094,392.28536752672613,387.7884831517181,387.9648430652818,9558309
2023-06-05,388.5379943847656,394.00478885145765,388.05303951544744,392.3735643160935,7427630
2023-06-06,390.4337158203125,391.13909958783097,388.3175365729127,388.67022845667185,6703067
2023-06-07,391.4477233886719,392.94665691202545,390.3896197900168,391.4917924087194,7833952
2023-06-08,390.52191162109375,393.0348799089027,389.64016787195294,392.9907829407493,7294955
2023-06-09,386.5981750488281,392.1090385407523,383.6884458318554,383.6884458318554,7329661
2023-06-12,385.27557373046875,388.8025207793585,382.542176493777,387.9648739990424,9054977
2023-06-13,392.7262268066406,393.6079704879434,386.4658829976891,388.84658814272206,16732376
2023-06-14,391.93267822265625,394.79831026437284,391.2713634734976,393.4757087109002,9039402
2023-06-15,395.10693359375,395.68005441379864,392.15310761877413,392.3735365538048,7787525
2023-06-16,399.515625,401.71997024510654,394.9305745944466,395.9004842667059,12181426
2023-06-19,399.9565124511719,401.98452587577134,398.7661737553355,400.97051916347164,4350517
2023-06-20,399.2951965332031,401.0145589993537,396.9144913699615,401.0145589993537,4644353
2023-06-21,394.18109130859375,400.48553208235376,392.4176318908195,398.5457127503798,6292873
2023-06-22,394.71014404296875,396.4736314097722,393.1230165907835,395.0187389624948,6892713
2023-06-23,392.1531066894531,394.71014380840734,390.34555030370274,394.57788085873347,6325479
2023-06-26,392.99078369140625,398.0166923317774,391.49182210948834,394.04885942548816,5688287
2023-06-27,392.4617004394531,394.31335378452604,390.7423100436601,393.34344411970375,5052984
2023-06-28,396.2091369628906,397.3113096684264,391.9327091009996,392.37356700527516,12548096
2023-06-30,398.19305419921875,398.50164914384476,393.78433542362166,396.7822586020583,9456776
2023-07-03,408.46527099609375,410.84594822373344,396.8263269252858,398.19302545533765,11111199
2023-07-04,411.1986389160156,412.6535313723766,405.42327783509205,410.008300305656,8022597
2023-07-05,418.9138488769531,423.8075221771925,409.3910840683227,411.19864047327803,16878943
2023-07-06,417.85577392578125,420.94186288148336,414.85787890084566,420.89776591610007,9835812
2023-07-07,413.0062255859375,419.26656948415007,412.30081386393067,417.0622242218856,7605499
2023-07-10,410.7577819824219,415.21056945742544,408.86203164969874,414.4169917521428,6772454
2023-07-11,417.1944885253906,418.4288961670022,410.89004764135507,410.89004764135507,8783282
2023-07-12,416.44500732421875,421.25045876818416,414.8137828842925,421.25045876818416,12816220
2023-07-13,416.18048095703125,420.3687425486203,415.2987372622475,417.8557744157289,8214385
2023-07-14,416.97406005859375,418.82571356446556,415.6073614272469,417.0622539956688,5277090
2023-07-17,416.48907470703125,419.53106669234575,414.9460442041412,418.38482504271707,6325310
2023-07-18,416.621337890625,418.12029937388587,415.29873632386034,416.66543485596026,5558415
2023-07-19,422.22039794921875,423.6311655117629,412.7417020883116,416.84176976869503,14401395
2023-07-20,433.9475402832031,435.3142389262866,419.9719868493442,423.1462420452844,21030102
2023-07-21,432.4485168457031,438.84112329246966,429.4065250466156,433.63885538777146,14510084
2023-07-24,415.6073303222656,440.60463680825757,412.7857672785159,435.09374572678,40477929
2023-07-25,407.6276550292969,413.09442161717914,401.54364266044803,412.56536977340613,45211370
2023-07-26,416.4009094238281,417.06222418037964,407.4071684589522,409.92013658900305,18842179
2023-07-27,410.0523986816406,418.9579456970976,406.56952087917085,418.29665888677584,14528232
2023-07-28,413.05029296875,413.9320366591287,408.59753344133156,412.38900615959966,10362522
2023-07-31,410.62548828125,414.1524348359699,408.68566907339624,413.5352170930307,8510403
2023-08-01,409.83197021484375,413.40298606230425,408.950226521892,410.8900458794789,6686176
2023-08-02,405.68780517578125,409.8319980193271,403.83615167841316,409.65563809083386,10715605
2023-08-03,402.11676025390625,408.9061279792718,400.57370181098145,405.6877760875922,11026824
2023-08-04,401.14678955078125,406.8340121262301,400.52957181348324,402.3371560086833,7097614
2023-08-07,401.1027526855469,402.55761719475873,397.6198749005769,400.39736891347656,9513953
2023-08-08,398.85430908203125,402.9544046394637,397.7080394977841,402.9544046394637,6638681
2023-08-09,404.40924072265625,405.51141326452796,394.0488020621564,398.8542810514794,10134166
2023-08-10,398.32525634765625,404.98238901293035,395.9004821797897,404.6296971289538,13702317
2023-08-11,395.6800537109375,400.2210071328504,392.15310692217804,400.2210071328504,12028396
2023-08-14,396.07684326171875,397.8843996517433,392.41763351672574,395.68005441175876,7854074
2023-08-16,397.00262451171875,403.3070648120905,395.1950682649093,397.6639392092551,15494896
2023-08-17,388.84661865234375,396.78225651702405,387.96487490185774,396.78225651702405,16896158
2023-08-18,389.4197692871094,390.9187309830503,386.64230280833857,388.84664838065794,20068497
2023-08-21,394.8424072265625,395.4596250108248,389.15518421837106,389.72833298258615,9940689
2023-08-22,400.52960205078125,401.32317974929236,394.1370232220497,395.9004826440001,10234488
2023-08-23,397.17901611328125,401.76403856600933,395.54779169239134,401.7199695458845,8770272
2023-08-24,397.5758056640625,399.86831689446626,396.16501017584454,397.31127976346886,6322751
2023-08-25,390.9186706542969,397.66396930020994,389.7724010734439,397.57580331548115,9628041
2023-08-28,389.1993103027344,394.0047899865427,388.8466183917457,392.3735654464792,7176903
2023-08-29,388.0530090332031,391.4917898163721,387.25945928431116,390.5659771185241,9845106
2023-08-30,390.4337158203125,391.49179147159015,388.4057025576413,388.8465883709738,7648569
2023-08-31,387.7003173828125,392.2853677447282,384.5260624956572,390.6100463718974,20666732
2023-09-01,388.8906555175781,392.37353326329537,386.46588136288614,387.9648428202756,11879159
2023-09-04,385.76055908203125,390.9187310758652,385.0110782338828,390.9187310758652,14128562
2023-09-05,390.6982727050781,391.932708368559,386.6422738029047,386.9949657146354,8701612
2023-09-06,394.5337829589844,395.4596236045077,389.7283315966505,391.4477219934921,13358433
2023-09-07,393.16717529296875,395.9005448124251,392.02090553006826,395.7242128149629,8401953
2023-09-08,390.3014831542969,394.93060291197133,389.59609933204774,394.93060291197133,10322317
2023-09-11,394.3133850097656,395.1069627682871,390.3014830834986,393.25530927658383,9679540
2023-09-12,397.7962341308594,400.5737001941304,392.90258881017746,395.81231782358947,14961276
2023-09-13,399.8683166503906,402.9544055806916,397.75213739177775,398.722047063466,12268130
2023-09-14,396.7381591796875,401.9845247095016,394.26931580340914,401.9845247095016,14986708
2023-09-15,395.3273620605469,398.63387991662444,394.1370234569155,395.0628361608855,15657801
2023-09-18,398.58978271484375,400.309173116776,393.431611509047,395.3273618255969,8513132
2023-09-20,399.3833312988281,401.2790535323377,396.3854085827855,398.28115876113765,10343224
2023-09-21,394.577880859375,399.91238403180046,391.93267775558206,399.25109722827455,11132308
2023-09-22,390.6982727050781,395.371489438992,389.9487919133328,394.5779116789628,7795399
2023-09-25,390.2573547363281,392.19717406361207,386.50997903087915,390.6982405483392,6005673
2023-09-26,390.1250915527344,391.93267587465755,387.7003173950868,391.13909818042134,5533023
2023-09-27,396.03277587890625,396.60589674176185,386.90679931722025,390.12512348770593,10894817
2023-09-28,388.6261901855469,396.7381600435319,387.6121834739812,396.7381600435319,10610213
2023-09-29,391.844482421875,392.9025860154766,387.25945999908333,389.728331124361,8474326
2023-10-03,387.74444580078125,390.5219120661356,387.30355995328506,388.8466185022516,7770032
2023-10-04,384.52606201171875,389.46380424989917,382.05719089262857,387.7444138594502,13912656
2023-10-05,384.4819641113281,388.4056997135795,383.60024838080864,387.9648418483198,10416552
2023-10-06,389.8605651855469,391.13909770977415,385.01101687608707,386.06909252228434,8742804
2023-10-09,388.3616638183594,390.78643817379213,385.54010058344306,388.80252172122107,5827256
2023-10-10,391.844482421875,392.2412712694756,388.36163261252193,388.36163261252193,5207891
2023-10-11,395.23919677734375,396.29727243302307,392.19717687068186,394.3133561268852,7946195
2023-10-12,397.3994140625,398.9865413946693,393.38751274296686,396.47360142908565,12227957
2023-10-13,395.3273620605469,398.3693540169631,394.1370234569155,396.649963614009,7926432
2023-10-16,395.8564147949219,397.66397118708454,393.431612672195,395.0187401290674,4377288
2023-10-17,399.82421875,400.7500593993467,395.9004831074062,396.60586687701203,7203352
2023-10-18,398.23712158203125,404.0125110176941,397.6640007187461,400.52963298001873,7160492
2023-10-19,397.13494873046875,401.1027816382518,394.00479055043525,396.56182786739777,9830006
2023-10-20,386.46588134765625,395.90048001314057,385.6282346346906,392.37353324783265,13521824
2023-10-23,384.34967041015625,387.9207138455043,381.88082743945694,386.20132359681236,7555671
2023-10-25,381.5281677246094,386.2013844157009,376.5463560928988,385.23147468111733,11308597
2023-10-26,382.9830322265625,384.9669205734882,378.7506737448066,378.7506737448066,19525305
2023-10-27,382.4539794921875,385.1432795427069,381.0872809846565,382.98303128732067,13638258
2023-10-30,379.54425048828125,385.45187443929177,377.692597150259,383.1593632352452,7911426
2023-10-31,377.7366638183594,382.10128521111284,377.2958059550796,379.14745928157436,8952141
2023-11-01,377.4721984863281,380.11740178427897,375.17965915360094,379.1474920453739,8297973
2023-11-02,380.1614990234375,381.52816969661706,377.957153625291,379.19158928384076,8465990
2023-11-03,382.0131530761719,383.02715985955194,380.11743042360786,381.61639211297864,14334179
2023-11-06,383.86474609375,385.1432786139572,381.39590292705253,382.23354963743043,7589690
2023-11-07,381.5281677246094,383.468015138623,381.0432128573176,383.468015138623,5321353
2023-11-08,385.27557373046875,385.7605286003805,381.1754778754311,381.92495866435775,7248663
2023-11-09,383.027099609375,386.2013544847034,382.58624174413,386.0250225165432,8085620
2023-11-10,384.9228820800781,386.2013867630515,381.3518380606581,383.02713162242185,4236307
2023-11-13,384.4378967285156,386.5540480245854,383.5561530493976,386.5540480245854,3888975
2023-11-15,389.6842346191406,390.16918945183164,385.7604989928791,386.2895507903037,7722827
2023-11-16,386.7745056152344,391.93267680548666,385.84866496975997,389.684234611322,11276031
2023-11-17,387.30352783203125,389.28744411911,386.46588111956004,387.30352783203125,6911592
2023-11-20,385.1432800292969,388.2293689300651,383.11529472013177,387.83258008321394,4502356
2023-11-21,384.6583251953125,387.3476252492101,383.99701045056537,385.4518749441646,6228803
2023-11-22,387.7003173828125,388.3175351633618,383.37979291896715,385.31964018986827,5074887
2023-11-23,388.2734375,389.94875886981583,386.42181210652865,388.8024892951886,6611803
2023-11-24,386.0250244140625,389.94876003547023,385.18737769907284,388.8465874220955,7084608
2023-11-28,383.776611328125,387.08312941901437,383.46801638650174,386.20138567247454,9082513
2023-11-29,385.4960021972656,386.64227186327514,382.8067019320691,384.43792646738143,14316126
2023-11-30,384.2615051269531,386.59811310874943,383.1152635889836,385.055082756171,15710110
2023-12-01,396.6058654785156,397.61987210927634,385.67233325364487,386.11319112188283,20081576
2023-12-04,400.353271484375,402.4253537779579,397.66397140473475,401.1909182058432,13293194
2023-12-05,398.32525634765625,403.65978746180724,396.87039184693634,401.1909163291269,12603697
2023-12-06,408.46527099609375,409.56744362422006,398.6338833286502,400.2210107953583,21203900
2023-12-07,403.92431640625,409.831968383296,403.3070986184266,409.78787141814973,11746535
2023-12-08,396.03277587890625,407.01043387871886,395.45965501605065,405.55554132019086,19386851
2023-12-11,398.9424743652344,399.9564809977906,396.1650083117594,398.10482764719234,6854157
2023-12-12,399.515625,405.5996089341438,398.8543102485301,400.4855346722593,10549319
2023-12-13,401.7640686035156,404.5856318410862,399.51565417402054,402.3372174115911,11718443
2023-12-14,405.68780517578125,406.4813829367305,396.2973026736294,405.59963918395806,14924265
2023-12-15,404.0124816894531,408.20074324634294,401.19091865642844,407.2749025937947,16397959
2023-12-18,398.23712158203125,402.0726915313319,397.0908519106141,401.1909477798453,12490839
2023-12-19,402.1608581542969,403.83615172335817,398.58981411932143,399.7360837925379,10664235
2023-12-20,397.6639709472656,404.9382934765252,396.16500947644437,404.7178645413679,10766954
2023-12-21,398.060791015625,400.0887765009009,391.888612678095,395.900514625066,11584223
2023-12-22,401.3672790527344,401.9844968402244,397.2671834762267,399.4274317600194,11450973
2023-12-26,402.469482421875,404.6297308706893,400.9264238628531,402.1167905084878,6097422
2023-12-27,403.0425720214844,404.27700759500016,400.08874603806044,402.9544060361889,7833901
2023-12-28,409.2147521972656,409.74377605686726,402.16083060240936,403.1307402806648,21493169
2023-12-29,407.4512939453125,412.5653686044719,406.78997914247,409.21478145632807,13384631
2024-01-01,412.6976013183594,414.3729227144936,407.93621892139623,408.6856996614059,9706230
2024-01-02,414.7256164550781,415.6073322050578,408.7738674736452,414.4169935867092,10924918
2024-01-03,420.80963134765625,423.85162356508897,413.84390315321025,414.6374529754397,24961710
2024-01-04,420.0600891113281,424.5128762817951,418.1202698908769,423.2343438256743,12240910
2024-01-05,417.89990234375,422.7053820832455,416.18051179222624,422.7053820832455,9564086
2024-01-08,410.44921875,419.2666004502911,409.61154401480087,418.82571459836834,8311403
2024-01-09,409.61151123046875,414.37292155899934,408.8179614722768,412.2126453306293,5916180
2024-01-10,408.5093688964844,411.55138903884136,405.64373662767423,409.6115416025299,6123200
2024-01-11,407.93621826171875,411.3749990892165,406.5695197347844,409.21475080316065,6786448
2024-01-12,411.5072326660156,412.3889762925345,405.9082039521272,408.46524090764194,9714589
2024-01-15,412.3008117675781,414.8578768502671,410.97821020591323,414.4169910331489,7167978
2024-01-16,416.44500732421875,418.8256845634594,409.34701668229076,412.4771746656909,12531058
2024-01-17,411.41912841796875,420.5892020310293,410.1846927445907,415.65145933751705,11536527
2024-01-18,410.44921875,412.5213012139807,400.7941623145097,410.2287618516151,9495938
2024-01-19,415.7395935058594,417.06222301526753,411.2427370084064,413.1384873419948,12673308
2024-01-23,404.9823913574219,417.72350799852904,402.42535422515556,417.72350799852904,8728196
2024-01-24,408.77386474609375,412.12447958613257,403.9243163741842,405.68777580722184,22459072
2024-01-25,401.7640686035156,409.9642323963227,398.63391042262094,408.7298246781795,20435547
2024-01-29,396.6058654785156,403.17483215123497,394.5778801618387,401.98449355111694,18557346
2024-01-30,386.24542236328125,400.0446134334154,385.6723015926522,394.1369899377166,45190319
2024-01-31,389.3315734863281,390.1692202685137,386.8186051949246,387.96487486493197,20648695
2024-02-01,390.52191162109375,394.79833946233754,387.3476564800643,389.72836180825976,19903526
2024-02-02,388.0530090332031,394.3133528193609,387.5239851822233,392.3735334944645,17816750
2024-02-05,386.24542236328125,391.183164217446,384.9228209222992,389.72829983788154,12505666
2024-02-06,380.38189697265625,388.7583920360094,378.70657560411007,387.96484228867234,19487043
2024-02-07,380.7345886230469,383.5561516187938,379.8528449472176,383.5561516187938,13376903
2024-02-08,371.1029357910156,384.12800816758073,365.7765333782061,384.03849666697397,50039587
2024-02-09,371.953369140625,379.74157904258544,365.77653649119355,367.11932249698526,33527317
2024-02-12,364.2099304199219,374.1913565530827,363.4937816638938,373.7885122385735,11326971
2024-02-13,364.12042236328125,367.74596448553467,361.0320059987887,364.25470380272145,16207766
2024-02-14,368.4173583984375,369.04399563612463,362.01670458696765,363.4490304322448,12618012
2024-02-15,361.56915283203125,371.10296536010526,360.8977455956946,369.7154093192213,21169031
2024-02-16,362.19573974609375,366.6269417755661,357.5407164214317,362.55381409855795,38963810
2024-02-19,366.3583984375,369.4915846526361,362.1957590434242,362.5538334149661,17602580
2024-02-20,363.5385437011719,367.4326485808488,361.9271948494633,367.4326485808488,14626643
2024-02-21,361.0767822265625,367.1193336213837,359.24161197934507,364.3442216530248,20162369
2024-02-22,371.0134582519531,371.64009555619225,361.1663127730457,364.2547293541822,19321180
2024-02-23,368.2830810546875,372.3114390234385,367.477392438148,372.3114390234385,11576964
2024-02-26,366.31365966796875,369.7601503452562,364.6127709260232,368.0145200385987,8289561
2024-02-27,368.05926513671875,369.49159101888046,365.73176749593637,367.0298119400418,8083518
2024-02-28,365.5079650878906,369.1335070788597,364.1651791134282,368.05925560223767,8949664
2024-02-29,363.7175598144531,367.9697389838581,362.10621099325186,366.1345972319124,15468800
2024-03-01,366.58221435546875,369.84968221119516,364.79184238551517,366.0451169501413,12873024
2024-03-04,366.22412109375,369.6706401545669,365.6422537799073,369.044002904538,7103794
2024-03-05,363.58331298828125,368.2831068378252,361.61388961617246,366.7164994308714,10108373
2024-03-06,365.10516357421875,366.9850755073165,358.704537384896,363.8966588926982,11534613
2024-03-07,370.2077331542969,371.46100763953405,361.34530025763866,365.10512371335005,23907135
2024-03-11,366.4927062988281,374.4599396612226,365.2394317224076,373.11715357829127,18298683
2024-03-12,362.06146240234375,363.89660411866976,357.4959505214604,363.89660411866976,36226074
2024-03-13,378.1749572753906,392.09522935851203,377.01122268812105,389.409657449551,105525827
2024-03-14,375.6684265136719,380.9053175233625,374.1913590552437,377.72738966516533,31949569
2024-03-15,375.1760559082031,383.6356443794862,371.7295653076996,373.47519557546644,76074975
2024-03-18,373.698974609375,376.6083677378852,373.20661882761476,375.08653045923944,16547358
2024-03-19,366.626953125,375.57889732766563,365.86603446321567,374.1913414368421,21803126
2024-03-20,372.1324157714844,372.9828459519357,366.62696200946334,367.02980631746095,20364534
2024-03-21,377.1007080078125,377.7720867527884,372.5799662911985,375.08651503025925,19968509
2024-03-22,383.680419921875,384.62036160072563,377.10074305597453,377.10074305597453,40358503
2024-03-26,382.8299865722656,384.2175424825222,380.9500748588195,380.9500748588195,10669833
2024-03-27,383.143310546875,383.9489991957222,381.75575456584926,382.24811039415033,12698464
2024-03-28,383.4566345214844,387.84306693740666,382.24810157609323,383.1433017081666,29009002
2024-04-01,381.97955322265625,386.14219254747997,381.1290946866631,384.127999416165,9743648
2024-04-02,381.2186279296875,383.76991837937226,380.0996349174438,383.76991837937226,9194659
2024-04-03,380.6367492675781,383.8594753883552,376.87695414075034,381.3529263895928,13152268
2024-04-04,378.44354248046875,382.561440456257,375.89225185348187,380.9500915414978,19065447
2024-04-05,382.740478515625,386.4555320406198,375.9369803377719,378.21973637562843,16768902
2024-04-08,384.1280517578125,386.18701510462495,382.9195470628775,383.4119029290598,8844633
2024-04-09,381.6662292480469,386.2764829149658,380.9500805003139,385.3365412299807,6967273
2024-04-10,391.15533447265625,391.9162532244859,381.12913762155324,383.4118938770422,14547618
2024-04-12,385.023193359375,390.08106107425925,383.411844554351,389.4096539174515,18785009
2024-04-15,381.2633972167969,384.1727906087181,378.5778251406515,383.14330901862525,9083087
2024-04-16,381.2633972167969,382.24810886947125,378.8463880225293,378.8911295886313,10357752
2024-04-18,374.9522705078125,382.1585846561629,373.87804738734405,381.35292440864043,22133191
2024-04-19,380.2339782714844,381.5767644305929,372.4010259101458,374.19139799851746,17221280
2024-04-22,380.7262878417969,382.7852225858655,378.9806575358475,382.24809683901475,7386048
2024-04-23,384.217529296875,385.3812638619412,380.5472174952533,380.72626885904805,12484384
2024-04-24,383.9490051269531,385.6498655834832,383.4118793527575,384.2623095810225,6070285
2024-04-25,391.69244384765625,392.36382269137283,384.0385150815419,385.82891540742,30337038
2024-04-26,393.8856506347656,396.83978556705586,390.662952822937,393.2142434359195,15342965
2024-04-29,392.2742919921875,396.07885703437194,389.05159426034965,395.67604109637887,12075706
2024-04-30,389.99151611328125,394.3332066804385,389.4991603284896,393.84085089564684,12528665
2024-05-02,392.9904479980469,396.2131457894124,389.27539438775926,390.3048759623476,24123523
2024-05-03,390.70770263671875,393.93042888789734,386.14221870213413,393.93042888789734,23786388
2024-05-06,389.1858825683594,394.2884921290817,387.93260805370363,392.0952475427761,10753860
2024-05-07,394.1989440917969,399.25681198237896,389.5886904450738,391.11052780582645,26969062
2024-05-08,394.7808532714844,398.09306260698986,392.27430420837044,395.00464621540885,10916481
2024-05-09,380.5472412109375,395.22843258972705,378.9806622581897,393.930416513751,24314298
2024-05-10,387.9326171875,390.6181892842415,381.8005259086496,381.8005259086496,14524604
2024-05-13,386.5898132324219,389.8125109477641,384.48608019612794,387.8430593472191,7584217
2024-05-14,384.6651306152344,387.88782832259807,383.6356490674802,385.38127935657843,11423749
2024-05-15,382.96429443359375,387.84308286683984,382.02432432634987,385.60509663039625,7856433
2024-05-16,386.2317199707031,387.2612015462776,378.5778198017074,384.9337038883544,23911954
2024-05-17,390.57342529296875,391.64764839572535,383.9489785643487,387.08216474486596,11894830
2024-05-21,389.2306213378906,391.28958447059944,387.7983238293244,390.30487284063116,11175153
2024-05-22,393.796142578125,395.63128444260855,389.7677560924288,391.51338645338825,11036895
2024-05-23,395.0941467285156,398.2721029063194,390.79722586221516,395.13891666458176,27244733
2024-05-24,390.4839172363281,396.0788828819043,389.6782569364502,394.78086674006835,13252938
2024-05-27,386.2764892578125,392.90093621140824,385.56034049832,392.81142470930064,12282545
2024-05-28,384.0385437011719,387.17173031929394,383.36713643610324,386.81365590169696,9668761
2024-05-29,385.78411865234375,387.08216305407205,380.905302219086,380.905302219086,10832067
2024-05-30,379.4282531738281,385.78413731361627,378.0854671434653,383.59092107640083,21314885
2024-05-31,381.7557373046875,384.53084914126174,379.7863140805311,382.02430017549347,29300711
2024-06-03,385.24700927734375,389.3201656528504,383.725200249957,388.514477016602,16116836
2024-06-04,378.535888671875,388.6557312027862,367.2764561221505,388.3822180405629,47791986
2024-06-05,392.3025207519531,397.499184347516,381.13424920337036,384.7354289238378,28197030
2024-06-06,396.9521179199219,399.04900387392235,393.0318302625804,397.4991442097778,32318523
2024-06-07,400.37103271484375,402.6502707286166,393.0318874662661,393.30540065100246,29543660
2024-06-10,398.3196716308594,402.05763661284067,397.36240447731143,401.14593572253284,11872688
2024-06-11,394.7640686035156,399.1402214325666,394.0803145887873,398.4108722591482,13158571
2024-06-12,394.1258544921875,396.04041761505835,392.2112913693166,392.5303996702627,10751658
2024-06-13,392.3025207519531,398.3196949708831,391.8010895670423,398.3196949708831,9641349
2024-06-14,393.0774230957031,393.7611770597148,391.1628599867876,392.9406665240471,9572809
2024-06-18,390.8893737792969,395.8581191738071,390.38794261342787,394.7640665251691,14641141
2024-06-19,386.23974609375,392.71275624893684,385.6927197561344,392.0290022211883,11329972
2024-06-20,385.9206237792969,388.8380493170652,384.2795737201941,386.6044066765355,15147549
2024-06-21,382.54736328125,387.74402663160475,381.5900672225091,387.47051347196447,26176371
2024-06-24,385.9206237792969,386.5132163607238,382.9120368199867,382.9120368199867,9723008
2024-06-25,385.9206237792969,386.5588115186297,382.68411881899715,385.64711062040146,10655609
2024-06-26,386.5132141113281,388.74688563312844,384.7810026407644,385.6471083760463,11511714
2024-06-27,388.0175476074219,389.5218411214756,383.9149079187151,386.51322519909763,38438054
2024-06-28,387.3793640136719,390.2055993306075,386.1029884921122,387.9263614555754,18554411
2024-07-01,391.1628723144531,392.25689602791135,387.1513942432347,388.6557165788598,13391362
2024-07-02,387.9263610839844,392.6215934135948,385.2368534593977,392.0290008128207,11177863
2024-07-03,390.4790954589844,391.70987576739714,387.9263445272619,388.4733708395652,7435499
2024-07-04,391.1628723144531,393.3965148981146,389.33947056442025,392.0289780327245,9478861
2024-07-05,395.356689453125,395.67576888063064,389.84091771413347,391.1172932126966,13427543
2024-07-08,404.4280090332031,405.29411470865244,395.3566536768295,396.7241904746056,21311436
2024-07-09,412.6332702636719,414.8213465379182,404.79269491641344,408.07479488064865,27489709
2024-07-10,411.5848693847656,415.1404827339749,407.0719599600082,413.6361603295421,12065662
2024-07-11,418.1490478515625,418.9239921454672,409.0776632126487,410.26287723172686,19556596
2024-07-12,418.51373291015625,422.3428593192128,415.5963073929136,418.14905833228465,19693114
2024-07-15,422.4796447753906,425.2603139042144,416.82711619633983,418.5137615167691,16876907
2024-07-16,424.4397277832031,425.53378036576675,420.6561966884638,422.52516465798533,13497253
2024-07-18,428.7247009277344,429.31732238979913,421.7958262702707,422.1149345797316,21907158
2024-07-19,432.6449890136719,437.0667368269077,427.94975694190003,429.40848412543824,25939326
2024-07-22,425.3514709472656,437.1123351198066,424.7132831753787,432.6906158768297,18762384
2024-07-23,448.7364196777344,453.4772470105013,425.21469253973703,425.3514491191427,56125835
2024-07-24,450.4230651855469,465.55721919731405,447.3233168036432,452.2008718247006,43693692
2024-07-25,446.68511962890625,452.20086227300567,441.8531309735649,446.7306858915952,18567567
2024-07-26,457.8534240722656,461.6825218161174,444.36031941248064,450.42308880903994,21534703
2024-07-29,452.2464904785156,461.50019873560984,450.42308858670805,460.8620109629043,12978187
2024-07-30,446.6395263671875,453.8419142238035,445.4999074868191,452.47437734621525,13891052
2024-07-31,451.6082763671875,453.97867557287424,447.1865573764219,448.9643640042543,11982586
2024-08-01,450.10400390625,452.88467297760064,447.59681911064166,452.155294892808,12114803
2024-08-02,445.9101867675781,455.3462174298525,441.9898988909283,441.9898988909283,22141163
2024-08-05,443.08392333984375,448.4629384481495,437.20347706841375,437.6593419676077,25022076
2024-08-06,443.3574523925781,448.28060277815945,441.3061325083515,443.31185723274336,14251363
2024-08-07,449.1466979980469,451.8362055853885,444.99849206153243,446.73070357474273,11320399
2024-08-08,451.0612487792969,454.02426944874264,449.00992900000904,450.3774947823807,21349889
2024-08-09,452.1097106933594,454.02427391323624,449.55695973352357,454.02427391323624,9556181
2024-08-12,450.92449951171875,455.84764972526483,448.5541002742936,448.5541002742936,9425644
2024-08-13,446.7306823730469,453.8875038800431,445.13522751757506,452.15526355477385,8056478
2024-08-14,448.7364196777344,454.93597422607183,446.6395336172972,448.5085016768149,9609981
2024-08-16,458.2636413574219,459.67677341741495,449.1466901515516,450.833335370804,13643352
2024-08-19,457.16961669921875,464.32640951224664,455.4829714833437,460.1782036565068,10591508
2024-08-20,454.75360107421875,458.94740189187496,453.75073880198227,456.7593256186916,6888634
2024-08-21,460.7708435058594,464.0529437527386,454.9815584669918,455.84766424126957,8801221
2024-08-22,459.9958801269531,463.5970596598946,457.16961601684477,463.0044670797505,8686423
2024-08-23,461.135498046875,462.18392662579055,455.80207815406663,460.45171515256504,8195369
2024-08-26,461.0443115234375,463.1412264870548,457.67104997039354,461.31782468341106,8126402
2024-08-27,456.3946533203125,462.77653044282096,455.847627025735,462.73093528684996,8260450
2024-08-28,453.3861083984375,457.94458422323976,452.65675920109425,456.2123437617104,8081932
2024-08-29,460.497314453125,462.86771368427515,453.4316541292554,454.02427560774544,19389694
2024-08-30,457.57989501953125,464.1896905333773,456.0300063539427,457.6254612839912,15523349
2024-09-02,465.0102233886719,467.6085696752679,458.85629248475635,459.49448026617716,16497266
2024-09-03,464.4176025390625,470.3892102248928,463.0500656317912,465.0101951235504,12481552
2024-09-04,461.6369323730469,465.0101939214988,455.8020812824538,455.8476475462073,8739052
2024-09-05,466.05865478515625,466.6968425307686,462.27512346983656,463.4603086443522,11318636
2024-09-06,457.3975524902344,466.7880172017965,453.2493464731528,466.7880172017965,14245025
2024-09-09,466.5600891113281,467.38059970737794,456.16676226622855,457.67105577087847,14265060
2024-09-10,468.2467346191406,469.52308122545986,463.8249866314957,466.6968459549575,11332248
2024-09-11,468.9305114746094,473.6257439602737,466.74243495355415,467.69973107275973,15497555
2024-09-12,473.6257019042969,474.5374027816373,463.6426451989518,469.61425271712204,19085324
2024-09-13,468.4746398925781,474.0815440167886,466.7879946924352,473.6257080193676,9165077
2024-09-16,465.9674987792969,471.3464850740398,464.69112327323506,470.34362273274417,7821668
2024-09-17,462.9132995605469,468.20112423719047,461.5457337870447,465.9218864737128,10889862
2024-09-18,462.5486145019531,467.15268536936793,460.4973235485926,463.0044794093549,5638729
2024-09-19,463.369140625,469.34074825372676,462.685357730768,464.96459551918156,14461616
2024-09-20,468.97607421875,471.6655817468218,463.14122316210313,466.78799784894,24725118
2024-09-23,471.3009033203125,473.580141232498,468.2467499449426,469.93336635185545,8105508
2024-09-24,469.7510070800781,472.07581107793266,468.74814478800965,471.34646193720454,7015487
2024-09-25,471.847900390625,473.44338416672934,467.061506850851,469.978932353214,8802667
2024-09-26,476.5887451171875,477.50044603773256,471.3464864947561,471.93907909068867,16086557
2024-09-27,476.54315185546875,481.83097676370437,474.30950915137026,474.30950915137026,17916386
2024-09-30,472.3949279785156,478.047427263378,468.6569629993216,474.6285705979751,10936940
2024-10-01,470.6170959472656,473.8536007022903,468.61137143493846,472.39490247305895,5285319
2024-10-03,467.4717712402344,470.161249819359,463.2323751658065,463.6426448944806,16481353
2024-10-04,459.0841979980469,471.6656015344404,457.260796130997,464.9646155648812,18930962
2024-10-07,465.14697265625,469.47753046957075,462.00162895956305,462.2295469719965,17114457
2024-10-08,463.09564208984375,467.28944322025905,461.317835402975,464.964610200732,9868331
2024-10-09,448.28057861328125,464.7822693286866,447.2321211477684,464.7822693286866,24874940
2024-10-10,448.5997009277344,451.88180111030306,446.22927276700216,451.60828794604396,13292273
2024-10-11,445.08966064453125,450.3319193215231,444.3603114582125,449.4658135509857,14949380
2024-10-14,453.0669860839844,454.9359830741221,445.4999233829581,447.64240464295625,6970606
2024-10-15,454.52569580078125,455.3006401045124,450.83332601593787,454.024264650634,8347216
2024-10-16,449.64813232421875,454.79922952979206,448.87318798542856,452.2008833474638,6939430
2024-10-17,445.72784423828125,451.2891822969338,444.9073336349127,451.2891822969338,7669729
2024-10-18,443.7220764160156,448.1437951165415,436.1550144021536,445.5910443421621,22616838
2024-10-21,440.9414367675781,444.54264518224113,435.1977471460307,443.72210571019014,7680088
2024-10-22,439.2547912597656,445.27199403454927,438.34309036731116,440.94143646609285,12772970
2024-10-23,437.932861328125,440.62234002608295,437.15791699336745,438.5254539217694,10553961
2024-10-24,430.04669189453125,439.80183106506763,428.4968032192426,439.43715647575334,13596626
2024-10-25,439.71063232421875,449.9216066412517,432.3258930580839,433.78459129154515,32154050
2024-10-28,441.39727783203125,442.9927616367931,433.96697181201,439.3915531808061,8946214
2024-10-29,444.8617248535156,446.00134374693727,438.7989558078247,442.1722173304157,7131161
2024-10-30,448.1438293457031,449.6937179905663,443.5397585692342,444.861729212034,6640080
2024-10-31,445.6366882324219,449.46581481275115,441.89872307707066,448.55411388015784,8111694
2024-11-01,447.00421142578125,448.6452614962307,446.09251052124927,447.6423991695266,1517892
2024-11-04,441.80755615234375,449.87605007209993,437.20348528133655,449.87605007209993,8754385
2024-11-05,437.7961120605469,442.21783124301106,434.8330912542778,440.30326795355165,7610046
2024-11-06,438.61663818359375,441.62525425585875,435.79040275620883,437.7961275415375,11749720
2024-11-07,435.69915771484375,440.0753102371216,434.0581077425567,439.20920454261847,9267980
2024-11-08,435.8359375,438.2519318787487,432.69059396011545,435.6991809205033,6325023
2024-11-11,434.8330993652344,438.98130545597087,432.2347819988186,435.83596174114274,5700343
2024-11-12,431.09515380859375,435.74479098776305,429.545265117447,435.4257115541998,5236095
2024-11-13,430.5025329589844,432.7817708396454,426.9013532883317,428.54240340663677,11548660
2024-11-14,424.8044128417969,431.1862900835361,421.4311513821743,429.59083522023593,12087836
2024-11-18,425.3514709472656,426.49108990461576,421.20326487713623,424.8500397618024,8448573
2024-11-19,426.0807800292969,431.9156308531127,425.0779177527912,426.67340147942747,7121472
2024-11-21,416.7815246582031,423.0722117400087,415.1860408616483,420.2915427797919,20313155
2024-11-22,432.7361755371094,434.4227918075198,415.27718911581206,415.9153768353446,20214206
2024-11-25,434.69635009765625,439.61950063345034,430.684900526477,436.7020748832458,14427013
2024-11-26,434.8786926269531,440.0297610711077,432.2347801116228,437.6137665685303,6791715
2024-11-27,434.8330993652344,437.7049588001279,431.23191962291025,435.33453055318853,7339184
2024-11-28,432.964111328125,441.0782002838839,428.9982282727063,434.8786745654213,14967609
2024-11-29,434.6507568359375,436.6108863385638,430.8671966230568,431.4142229467061,8668142
2024-12-02,435.0610046386719,436.9755679077777,431.5965815849029,433.966980868156,5689595
2024-12-03,430.8216247558594,431.5965690728606,421.886996425715,424.85001711458597,23073942
2024-12-04,425.8528747558594,435.97268813501296,425.2146870249997,432.5082652197201,13957078
2024-12-05,426.2175598144531,431.0039534664892,421.6590841659863,426.26315497287504,27432375
2024-12-06,429.5452575683594,433.009709482812,426.3999139761327,428.49680007286037,7842234
2024-12-09,423.8927001953125,430.3201724154078,422.0693273870647,429.86430754264455,12154116
2024-12-10,424.34857177734375,425.26027264301655,421.75022575488975,424.25741035905713,9163636
2024-12-11,424.1662292480469,426.8557367471317,423.6647980951895,425.94403586168113,7005617
2024-12-12,419.9268493652344,426.5822107292306,418.60487878705237,424.39416334324943,13380617
2024-12-13,428.4967956542969,432.508273854474,411.76718663458706,419.3798443995844,32976794
2024-12-16,428.58795166015625,432.50826838863884,426.67341734781934,428.7247082387903,9354160
2024-12-17,428.0865173339844,433.7846117539849,422.1605049160377,428.4967870668491,20608409
2024-12-18,428.9526672363281,431.9612542626298,425.67053815077026,430.9583919205292,12841386
2024-12-19,425.3514709472656,432.46269786421396,424.2118519899155,427.5851137017342,15161531
2024-12-20,423.6192321777344,426.17198310137036,418.74164832844355,425.3058484782107,20231570
2024-12-23,432.3714904785156,435.5168338433801,426.3086928429072,429.590821673927,19562956
2024-12-24,436.20062255859375,437.84167265770424,430.9127976719345,432.96411751939024,12009880
2024-12-26,434.8330993652344,439.3004137906353,433.9669935764291,438.11519966716565,9188830
2024-12-27,436.3373718261719,439.3459877026604,433.96697258814555,437.38582931183106,16906420
2024-12-30,434.8786926269531,438.93573727333114,433.96699168167027,438.2975495010603,13578360
