Price,Close,High,Low,Open,Volume
Ticker,GODREJCP.NS,GODREJCP.NS,GODREJCP.NS,GODREJCP.NS,GODREJCP.NS
Date,,,,,
2017-07-03,611.1611328125,615.965633904076,589.4944793978227,593.8960087849866,641602
2017-07-04,610.2003784179688,616.213739191393,604.7449349300825,615.903734693569,329848
2017-07-05,608.5264282226562,616.7715129764902,604.4658356499591,616.7715129764902,486025
2017-07-06,602.9161376953125,611.8742008609939,599.041592194255,611.8122226626646,486171
2017-07-07,601.9552001953125,606.2947521046993,596.9957528392899,604.7139108782624,573423
2017-07-10,604.2178344726562,610.6341652099179,600.8081832648633,605.6126840454023,86170
2017-07-11,600.560302734375,609.3943513367581,597.6156577046359,609.3943513367581,611337
2017-07-12,600.96337890625,604.4969876099482,598.3906593166336,600.7154093528287,712267
2017-07-13,608.7744750976562,611.8741224526175,604.4659124906364,607.4416034648232,575740
2017-07-14,608.0926513671875,613.7340298397132,602.792209758162,611.6882383889285,398598
2017-07-17,598.5765380859375,609.0534058280471,596.5927252751053,604.5278630052702,782851
2017-07-18,592.7493286132812,601.366398988737,583.7602754995363,595.353037511513,905104
2017-07-19,594.4539794921875,597.3056572584121,589.0915607550118,595.662837957732,1514037
2017-07-20,593.802978515625,599.1963858047659,587.2317019738343,595.1358499813998,236001
2017-07-21,596.5308227539062,601.3663138843673,590.6104861773894,593.8340901744408,519964
2017-07-24,613.6719360351562,617.7634614093708,596.1898298297684,598.4525445586982,830359
2017-07-25,620.5531616210938,625.8536022367629,616.2446558225879,619.9332662115237,1193172
2017-07-26,637.7252197265625,640.7628883762327,621.7929680499083,623.6527674989543,1168326
2017-07-27,665.8084106445312,671.3878107337313,635.4316579066893,641.569032058765,2140986
2017-07-28,653.1306762695312,665.405366482381,647.8302921664115,665.405366482381,2677426
2017-07-31,643.0257568359375,670.7677505643727,634.6256689538537,660.1979152488476,2468395
2017-08-01,597.8636474609375,632.331921373253,592.0362786359759,626.1325698919086,4457775
2017-08-02,570.49365234375,603.8150502284465,567.239002330379,603.8150502284465,4763310
2017-08-03,601.4281616210938,606.2326626116816,541.914577248711,570.338497983142,9513037
2017-08-04,595.6629028320312,601.5212612312356,581.0324730046264,600.7153744186304,1520469
2017-08-07,600.2241821289062,604.2579847472642,589.5191910849259,601.3102146516521,618633
2017-08-08,587.564208984375,601.6823433673603,585.2060163581117,601.6823433673603,966777
2017-08-09,572.0498046875,589.4880811206777,570.9948505231181,589.4880811206777,468627
2017-08-10,559.6072998046875,572.1740283187311,556.6595297331899,571.8637008486442,997294
2017-08-11,558.39697265625,570.2811138528465,533.1704583562259,549.5227002937639,2003089
2017-08-14,569.350341796875,582.5065888770304,561.0655877947412,562.5549549607422,1146735
2017-08-16,572.1118774414062,585.4543666186973,564.3236358709029,576.4869716727372,1095121
2017-08-17,570.6845092773438,580.0863164693016,566.6507641785249,580.0863164693016,368572
2017-08-18,569.9398193359375,573.5702296550719,557.2800289179248,566.5887150534375,453412
2017-08-21,560.7551879882812,575.8662899102684,559.1416788556351,575.8662899102684,460717
2017-08-22,549.9573974609375,567.7990723504214,547.97157388291,567.7990723504214,802023
2017-08-23,561.5931396484375,567.3024948428179,547.9714564138238,554.115167810983,3104773
2017-08-24,569.350341796875,577.138583261293,559.1728290487216,564.6028774257802,1273173
2017-08-28,583.2512817382812,585.733617203487,570.9327821871478,570.9327821871478,1013973
2017-08-29,567.8919677734375,582.7238246813613,562.6481042321748,582.7238246813613,696679
2017-08-30,574.65625,578.7210735647254,569.6916359455821,573.8805450334172,549118
2017-08-31,576.7042236328125,579.8692001728983,565.7510049080711,577.7282133678852,1201590
2017-09-01,578.0382690429688,592.1564590571556,572.9805354628273,579.0001588375294,1349253
2017-09-04,571.92578125,579.993272518696,569.784737677951,578.3797629018129,331518
2017-09-05,576.7973022460938,579.2485595221304,570.3122427244598,572.9496851037222,520605
2017-09-06,558.6453247070312,574.0356786014843,556.3491744929512,574.0356786014843,1356166
2017-09-07,574.0355224609375,574.7181630636502,561.3756783478906,562.8651018518535,1015062
2017-09-08,572.980712890625,577.076557944515,570.7776834556884,573.3841044828378,883491
2017-09-11,577.3869018554688,581.6378543568616,572.7946004817375,575.8975344554219,498282
2017-09-12,582.6306762695312,593.5838929483863,577.7591268352129,577.7591268352129,671143
2017-09-13,585.02001953125,593.2736963788801,579.714056007055,582.5997265613372,776790
2017-09-14,580.7379150390625,588.2159426889607,577.1385826505115,580.8620573772889,249316
2017-09-15,582.599609375,587.6883653678651,577.2937037337781,580.2414164642988,898012
2017-09-18,586.3541870117188,590.4809963734781,583.0650685321757,583.3443745805326,227974
2017-09-19,593.2426147460938,595.7559716144858,585.2061452223849,585.2061452223849,606250
2017-09-20,588.743408203125,595.4456739425502,583.9649225504792,593.9252286117085,601182
2017-09-21,581.0482177734375,589.4570569318118,578.7520675474505,587.5642982682662,331167
2017-09-22,569.0711059570312,580.0554032205713,565.4407517360621,578.9693706848682,536343
2017-09-25,578.379638671875,587.1918684984489,572.5151781847818,582.4754830078456,739000
2017-09-26,566.1852416992188,581.9479630954307,558.5831301816891,577.7590549396762,1290796
2017-09-27,563.2376708984375,570.6225785834382,557.7455790276066,570.6225785834382,709014
2017-09-28,558.8004150390625,569.0399697457495,551.3534661614719,569.0399697457495,1274667
2017-09-29,570.4052734375,578.6590057324632,559.7313053895984,564.3856486188745,713446
2017-10-03,591.9395141601562,601.3412666555712,573.477244412002,573.477244412002,1617849
2017-10-04,603.4821166992188,609.3776558531273,594.2665514244358,594.2665514244358,1233393
2017-10-05,598.0520629882812,607.8572048115489,594.7940228399805,598.9829316020815,427980
2017-10-06,588.2160034179688,601.7756434637265,586.7576006678868,597.3385060772623,344730
2017-10-09,608.9122314453125,610.7428905260099,589.550118326765,593.2735928779144,527511
2017-10-10,615.4902954101562,617.3520325064873,608.229532097607,611.1772446229928,760329
2017-10-11,607.9813842773438,618.9656232279817,598.8588258523098,616.7315156921132,418089
2017-10-12,604.7854614257812,611.2705215415161,602.613396382024,608.1675877120691,415458
2017-10-13,602.7374877929688,607.1436034605598,598.858849241829,605.0956809419808,421386
2017-10-16,605.84033203125,613.1011530088884,601.5893803148668,609.4086997604556,1181542
2017-10-17,601.4652099609375,609.2534501124998,598.9208322028023,603.2338260704654,452385
2017-10-18,598.889892578125,604.1648343831641,597.6177318125677,602.3962178644275,617524
2017-10-19,595.1043701171875,601.9618000907927,592.6531127533873,601.9618000907927,34255
2017-10-23,582.2274169921875,598.8278917669986,575.8975204720972,598.8278917669986,574893
2017-10-24,578.783203125,588.9296960523543,577.4799640426103,585.0200356209093,383797
2017-10-25,572.0808715820312,585.1130336706473,569.3503649997524,578.7831377336058,649672
2017-10-26,572.8255004882812,576.2387044098026,564.726988844941,569.0710045824638,643558
2017-10-27,575.2147827148438,582.1962975871006,568.4814956947752,576.5179647349036,491359
2017-10-30,574.8426513671875,579.0005406385228,572.3603149982183,577.7594008619067,528933
2017-10-31,579.558837890625,582.8479565829635,574.9976152871179,581.4826748953628,1561648
2017-11-01,600.472412109375,614.3734011860603,583.3444604687726,585.2682408165768,3649869
2017-11-02,607.174560546875,615.6144207792469,592.0014135923755,605.6541721214619,1407565
2017-11-03,603.3270263671875,612.4185063768907,595.1663581899707,610.6498332190258,621553
2017-11-06,602.61328125,609.7809808935336,599.4483620727601,608.1674715188916,286422
2017-11-07,608.60205078125,610.6499736413633,596.9972113896679,603.234044129943,333295
2017-11-08,600.1533813476562,614.8450531875382,596.3640002623104,613.1367377696878,350103
2017-11-09,605.4027709960938,611.7080753058485,596.3951690362809,603.8186674382567,597033
2017-11-10,595.6497192382812,605.9618334732354,591.3944279950414,605.6822991714374,512211
2017-11-13,580.119384765625,602.5452018518695,575.8640935234956,602.5452018518695,1061682
2017-11-14,577.4171142578125,588.9095280734952,574.4663355337179,584.3435928436943,802479
2017-11-15,568.7822875976562,580.1193797970498,565.3034931953832,577.7277264185224,1032226
2017-11-16,578.5664672851562,580.212677138305,559.3399077990293,568.4096169540303,846423
2017-11-17,586.48681640625,588.2572381256017,580.8959032160044,580.8959032160044,576784
2017-11-20,594.8421020507812,599.4080374368389,584.0019724503406,586.4868418227061,437932
2017-11-21,590.1829833984375,601.6444009655955,585.9587454496915,596.4572342300571,655738
2017-11-22,593.568603515625,596.6746473704674,590.1519154637023,595.525400338171,341088
2017-11-23,593.568603515625,601.3337415895853,587.1390307437588,599.3769447670393,675286
2017-11-24,604.1603393554688,605.5580678252309,591.8603743205351,597.6065534470795,1035466
2017-11-27,590.1829833984375,603.197394495343,583.3186109501528,603.1042353580938,705225
2017-11-28,609.37841796875,639.2276714274648,590.1518642841702,590.7730957507473,1918564
2017-11-29,606.52099609375,626.120247699415,603.0732544972003,613.9444380014992,1080694
2017-11-30,597.2958984375,611.5216627938327,593.8171041818007,606.2724468011565,1751388
2017-12-01,606.1171875,616.6156774468575,597.0164260094435,597.0164260094435,764616
2017-12-04,607.8565673828125,612.950518765662,595.7739735918556,606.1482515298477,555558
2017-12-05,606.5830688476562,613.1679074366746,598.5383388979409,611.2421634858699,445723
2017-12-06,623.542236328125,627.8596340509899,603.2596464488344,604.1603555295727,1483402
2017-12-07,618.1996459960938,632.8913181017392,612.6708394773284,625.560980133272,1000072
2017-12-08,625.9646606445312,630.5305944579745,612.5464502785007,619.5972526084627,633747
2017-12-11,637.861083984375,644.1974410689129,626.8345793979433,629.7853013038592,873184
2017-12-12,626.2752685546875,641.7745447292707,622.9517973266429,635.5934547071078,879796
2017-12-13,616.025390625,632.6739169778483,607.3594870937019,626.4307195955301,1041838
2017-12-14,618.8829956054688,621.2125425690105,605.8375326096354,613.7579922856771,396201
2017-12-15,613.5095825195312,624.0080715996736,610.6519628707268,619.9390987634897,1116132
2017-12-18,613.8822631835938,617.764860785486,596.364079716659,612.5155879177483,505089
2017-12-19,615.4353637695312,622.9830745192522,612.2982096368012,615.0005073427935,994929
2017-12-20,610.9937133789062,618.07551484054,607.7323469658903,618.07551484054,670524
2017-12-21,614.44140625,616.7087905357126,611.2731992361812,613.6027464893679,466560
2017-12-22,613.5095825195312,615.4974324939568,609.4095566367109,613.2299913523799,503601
2017-12-26,607.6389770507812,614.068549100403,605.7132334895235,613.7579618119202,234555
2017-12-27,611.6148681640625,614.068684592982,606.0550644175823,609.8444462932586,361060
2017-12-28,611.5526733398438,618.5413144115479,608.9435920478155,610.6519075741077,518566
2017-12-29,620.8709716796875,624.9399448699146,614.7520422433944,617.3611239987011,1034125
2018-01-01,612.6708984375,626.1512188177145,610.4034573859589,626.1512188177145,225507
2018-01-02,609.751220703125,615.3110812360454,603.1974351443927,615.0004938839077,728892
2018-01-03,612.7640380859375,616.1807260772898,607.6079814913471,607.6079814913471,439615
2018-01-04,614.6587524414062,617.6094739859362,610.6829392443067,615.0003927852247,404134
2018-01-05,615.031494140625,616.8330257505604,608.9436185695081,614.9693880502712,334704
2018-01-08,617.9201049804688,619.9390077049882,613.1988482372568,619.9390077049882,375906
2018-01-09,613.9132690429688,619.9700912620515,611.2110286386786,619.3489166425651,356152
2018-01-10,607.8253784179688,616.8019258671046,605.1231380819756,613.7579883126946,414211
2018-01-11,611.8943481445312,615.466301159039,606.5208636645741,611.707973014708,423516
2018-01-12,615.8080444335938,617.4232010391908,607.6391022619781,614.9383884718985,259963
2018-01-15,621.6475219726562,631.4316211562752,615.0315731623602,615.8080700126784,1697655
2018-01-16,624.7224731445312,631.7732210648211,618.8830784326614,625.3436478354728,568351
2018-01-17,620.8087158203125,628.636016071732,612.235971943449,624.7223659460223,467842
2018-01-18,643.0482177734375,653.5156541620443,622.9520047787057,622.9520047787057,1979728
2018-01-19,652.86328125,655.3791462906188,642.9859687111334,644.0731095071237,962872
2018-01-22,678.7989501953125,682.0913690748993,646.8375763797956,649.1671234053246,1050280
2018-01-23,674.26416015625,683.333868269209,660.4421982134245,683.333868269209,1426413
2018-01-24,694.2671508789062,700.7277767528793,665.1322852292545,674.015617369113,1650483
2018-01-25,667.803466796875,699.5163578296955,661.0322542336229,698.8640733198562,1660219
2018-01-29,658.4854125976562,673.3634628012636,653.7020487631682,664.697501036938,1939369
2018-01-30,657.0565795898438,663.2065614495897,653.5156223461667,659.7277671719797,410211
2018-01-31,654.38525390625,665.9087762934722,647.9867915975988,665.9087762934722,3530017
2018-02-01,654.3230590820312,660.2245581657344,644.2283192529674,658.4851899155836,825828
2018-02-02,653.2672729492188,664.2006204749516,646.868808554962,652.2112416711856,775993
2018-02-05,645.4398803710938,648.5459242688845,635.0034978012204,647.1792490292179,460689
2018-02-06,627.1586303710938,634.2472533726824,619.696897978474,628.0291240693325,1211173
2018-02-07,629.0862426757812,641.2737239934855,623.9563015475279,634.185100842209,563382
2018-02-08,632.7238159179688,637.3563158935866,626.7855468767924,635.8329091623514,587517
2018-02-09,632.1331176757812,638.973020254489,621.1581564306924,621.8110694193582,383464
2018-02-12,640.1543579101562,643.5432541747275,632.5993775934828,634.2471728256892,263572
2018-02-14,638.9108276367188,651.036142613766,633.0036418804776,642.8282484765416,2371077
2018-02-15,638.1336059570312,646.4036663154598,634.869097960296,642.983686580808,895728
2018-02-16,641.0250244140625,645.3466378912169,631.7911073086733,636.1127207858277,340287
2018-02-19,645.3154907226562,647.1187579754144,637.2630678672414,643.3257256949255,427128
2018-02-20,655.8241577148438,663.2236676508469,645.1600827546436,650.4143558991773,591634
2018-02-21,657.3787231445312,661.109589969334,653.1814979666283,659.0576018299905,522387
2018-02-22,647.958251953125,661.6380578590325,643.6366383494532,657.3786671113775,829582
2018-02-23,651.7822875976562,652.9015587984389,642.2064018638457,652.9015587984389,408862
2018-02-26,662.5706787109375,667.6073705384559,649.2328442628385,654.1451473248085,549817
2018-02-27,678.6134033203125,682.7173785928409,665.524289676114,666.3326743185041,992295
2018-02-28,665.6175537109375,683.6500521687357,661.1093864001186,676.5613732272551,1145616
2018-03-01,671.6802368164062,677.2765355502037,654.145121907712,665.6175798547924,1148998
2018-03-05,668.6332397460938,673.8564855064855,661.6378670631047,671.3692229097043,505035
2018-03-06,677.307861328125,691.8893034502103,668.1361082739306,676.5305593840994,1094581
2018-03-07,678.2093505859375,695.029332190228,669.4107088946218,680.2301985812163,700111
2018-03-08,663.5345458984375,694.2830507433619,655.2333462141474,683.9610032460931,767578
2018-03-09,667.1100463867188,670.1879999642722,657.4408533625028,659.0575660273249,373114
2018-03-12,670.685302734375,677.1521520580097,668.2913456605564,671.5558532806708,349089
2018-03-13,679.2974243164062,681.5670496765808,669.0686256441516,674.4784269566496,433273
2018-03-14,675.5975952148438,683.3702702379395,668.6644446952826,680.5721208924637,281898
2018-03-15,667.1410522460938,678.9554808268697,664.1252649465259,671.6180802895088,251907
2018-03-16,656.6322631835938,668.3533826248339,650.2587208930582,667.8248585787686,2140009
2018-03-19,651.2225341796875,667.6383183420863,648.2999965301509,659.5858979542247,1953435
2018-03-20,664.3740234375,666.0529019334247,651.2227421361691,651.2227421361691,345360
2018-03-21,669.4105224609375,676.1882573408433,659.8035556327922,667.0787316323349,443469
2018-03-22,674.0743408203125,675.8776082085817,666.0529433961021,667.8251278195401,853495
2018-03-23,680.8208618164062,682.9350153675616,663.845410561177,663.845410561177,616420
2018-03-26,685.9508056640625,699.5995264703116,676.9034444152172,681.4426380548376,860946
2018-03-27,673.2658081054688,693.31921186754,670.4676587433192,691.3605300854332,555271
2018-03-28,680.0435791015625,689.5883817709783,668.5400945485829,670.4366105129217,661080
2018-04-02,693.536865234375,696.397237505909,672.7994651403563,686.9456839905058,364870
2018-04-03,687.4119873046875,695.6509632012394,675.3177570520093,693.3191721995274,689973
2018-04-04,674.789306640625,689.1842465110261,665.990665785568,687.7229489094548,633168
2018-04-05,675.1624145507812,683.961056128668,671.2450504610174,683.961056128668,1361034
2018-04-06,677.6497192382812,680.8831445012661,673.4214114108412,677.7741080230909,524569
2018-04-09,673.545654296875,680.167918208756,668.7576833676867,677.7117383652292,520810
2018-04-10,670.0013427734375,677.6496295647243,668.5090191242344,674.0120693216048,272964
2018-04-11,668.5712280273438,674.664968712777,665.9907159710481,674.0431956165503,1226929
2018-04-12,670.063720703125,673.0795085879738,664.1253938348975,671.3384069991071,452130
2018-04-13,666.5193481445312,675.2869081208192,663.0372019133151,675.2869081208192,1502832
2018-04-16,670.3744506835938,674.6027579422516,660.9851196554418,660.9851196554418,913558
2018-04-17,669.3173217773438,676.5925558478442,665.9595652282635,672.7683841313127,426153
2018-04-18,703.4547729492188,709.3619582821258,668.9442635646387,669.3173159954829,2216571
2018-04-19,693.7855834960938,718.8135134488798,690.2101893293367,708.8334358120673,1523106
2018-04-20,696.1485595703125,704.4497601586299,691.2051729302094,693.7856850855526,1009224
2018-04-23,693.2260131835938,708.7401676306614,688.6556794564564,701.0608547362582,563677
2018-04-24,700.8432006835938,704.0454855851709,694.9359582328452,699.475208893494,553909
2018-04-25,679.88818359375,703.890092730793,672.3642285136477,703.890092730793,946804
2018-04-26,691.7337036132812,696.4283692770753,675.7842166122365,685.3601026336406,1640110
2018-04-27,693.443603515625,696.4283075667121,688.033859445308,694.5317916927127,270010
2018-04-30,694.5940551757812,700.1281887844775,692.1067919624172,697.0190955356467,258438
2018-05-02,695.8997802734375,715.8599367871767,690.2413151722744,693.9410983318039,893883
2018-05-03,692.5421142578125,705.755619140135,687.1012860961534,695.1847924628744,536182
2018-05-04,688.46923828125,696.4284123291021,682.2200256873377,696.4284123291021,305841
2018-05-07,686.26171875,693.3192585465404,667.8250260622302,690.2102224665508,567711
2018-05-08,698.9154663085938,712.5953257440675,672.2398001843352,689.557219403031,3314394
2018-05-09,677.929443359375,698.915565215669,673.5457212255261,693.3503490144222,1029331
2018-05-10,670.5299682617188,683.308139791135,666.643630224658,674.6649699949413,513127
2018-05-11,671.0585327148438,675.5666441196536,662.073335940603,675.2868405161905,395736
2018-05-14,672.3331298828125,676.9034635389409,665.5243107667726,674.6649211505315,567279
2018-05-15,677.5277099609375,687.51018994679,670.4867542469873,670.4867542469873,722836
2018-05-16,684.4122924804688,688.4178107863984,673.1780470030754,677.5278204264076,823021
2018-05-17,676.589111328125,692.7989569014242,669.6732956025609,683.1293863873427,858336
2018-05-18,678.9361572265625,686.5403693464748,668.9536161754379,676.5891711031987,399703
2018-05-21,676.4639282226562,689.8261055114446,673.5224030304503,682.1279800624872,322254
2018-05-22,674.71142578125,683.6299709823811,667.3262139321843,679.7183092504885,411420
2018-05-23,691.3280029296875,693.142962849284,672.8650330691515,675.7439863824967,592768
2018-05-24,700.027587890625,702.1868031739873,688.4490874445615,697.1799196807549,703809
2018-05-25,703.2507934570312,706.2549467036079,688.5117686556733,700.12149819572,401527
2018-05-28,700.8724975585938,709.102590219253,696.6792088220752,704.3773333398874,464143
2018-05-29,709.6972045898438,716.4252494996293,699.2765534905471,703.3134148160924,544399
2018-05-30,709.3842163085938,718.9285857942791,705.9732373140968,708.4767076100628,671439
2018-05-31,712.9515991210938,731.3206563828204,710.4794144072713,712.2318607460718,2278680
2018-06-01,726.8458251953125,735.3888301842345,714.1721024736086,718.7408745421807,896551
2018-06-04,710.1353149414062,729.0363429017497,704.0957230152426,729.0363429017497,509166
2018-06-05,711.2306518554688,716.613077184644,702.9379866533089,710.3857712307954,388182
2018-06-06,717.11376953125,724.2486418211146,709.3217869576524,710.0728110672521,579087
2018-06-07,728.5669555664062,731.0078551520771,717.7708210014222,719.3354972845723,672217
2018-06-08,731.35205078125,733.8242358631846,723.3097281631017,727.5030170416771,448951
2018-06-11,713.1393432617188,736.6404820831557,710.3542463607255,734.7628938172678,492538
2018-06-12,733.47998046875,738.6433491563316,713.9530703465146,715.2986907994972,537877
2018-06-13,731.6963500976562,736.6093777550562,729.1615938553928,736.6093777550562,359068
2018-06-14,732.6351318359375,735.4828003839204,726.345198246704,731.6963374882746,472504
2018-06-15,727.8158569335938,733.3547657142988,722.2769481528887,731.8839460932126,952279
2018-06-18,726.0322875976562,736.2025987234513,721.6199996446509,726.0010020901198,287359
2018-06-19,729.1928100585938,735.3888293512933,725.5941177723748,726.0008866051089,627252
2018-06-20,727.4091186523438,733.730337607861,724.4363081496185,733.730337607861,538884
2018-06-21,730.1941528320312,736.7344270502138,722.1831162421336,724.12327573669,809098
2018-06-22,729.7247924804688,734.6691052702471,716.6755861875953,726.0009008116848,760824
2018-06-25,726.28271484375,737.8611607617432,722.371052156828,730.1317492136695,494122
2018-06-26,745.5592651367188,750.6913490137954,722.8717138909684,722.9029993988272,939175
2018-06-27,756.3865966796875,761.2996241180167,748.0313042942767,751.0354575845063,1745367
2018-06-28,762.2696533203125,773.5664699379746,755.7606645069993,757.8885943422049,1362369
2018-06-29,767.1199951171875,774.0983227209998,757.3252278547074,762.2069687372482,1011429
2018-07-02,773.0032348632812,778.5733722512564,767.120127848277,767.6208104921766,475699
2018-07-03,782.6729736328125,785.4580715783427,773.1285439351433,773.1285439351433,496846
2018-07-04,790.9654541015625,797.6309277655737,780.2945193579307,782.9544173434117,345943
2018-07-05,780.8265380859375,793.5315469942617,779.3870610923194,792.34241133434,220477
2018-07-06,782.3285522460938,790.6525588049241,776.0699618749637,777.8849221408852,351643
2018-07-09,787.6171264648438,789.2130882231208,775.6318564753617,786.0837357129229,547197
2018-07-10,785.7708740234375,791.7165524968732,777.2904393351954,791.6539814864844,816388
2018-07-11,828.8615112304688,839.8767015149382,782.0469381966093,790.9654840556551,2535345
2018-07-12,824.5743408203125,836.0902142091004,818.0340659612838,833.0234898593424,981414
2018-07-13,819.6611938476562,830.4886699570536,815.906017044232,824.292593851733,658060
2018-07-16,814.1536865234375,844.0699038035451,809.2406593654854,816.7510135127288,1120015
2018-07-17,816.0,828.3607531592118,803.1697924011231,815.3741180465688,510753
2018-07-18,830.614013671875,840.4087841593179,812.6517774930778,814.2476821825376,958812
2018-07-19,822.5715942382812,838.4685266622979,818.221820484679,832.2098787655647,386715
2018-07-20,805.5167846679688,826.7335699580482,798.1942006809059,820.0055251270536,397596
2018-07-23,843.25634765625,846.3543574246879,806.142686843666,809.4284669343183,911103
2018-07-24,848.5760498046875,854.4278704564343,832.7104058490031,839.9078467205314,671518
2018-07-25,848.95166015625,863.064859929013,844.0386329132432,844.9148561921121,635148
2018-07-26,835.9649658203125,861.2498387107731,831.1457954270616,854.0523972713029,1355452
2018-07-27,818.8789672851562,845.5094627031077,806.3617291073059,838.6562185040186,1133325
2018-07-30,820.3184814453125,841.785609210066,803.5766681767685,818.8790044330073,2814003
2018-07-31,824.1989135742188,828.4234883813316,804.8597145219798,820.3185366412694,1332435
2018-08-01,825.8886108398438,832.2098293694928,818.6598835485801,832.2098293694928,704134
2018-08-02,830.3634033203125,839.4697177900457,823.6353596599594,824.2612415095922,935551
2018-08-03,832.2097778320312,835.0261604490611,824.2613125840427,834.2438510441475,965314
2018-08-06,822.6198120117188,836.8482707272846,819.8618516421592,829.3893250161944,378816
2018-08-07,814.5966186523438,826.161171033784,811.0551706731264,826.161171033784,465778
2018-08-08,817.44873046875,822.3691594097178,809.8330062092213,814.5967719705843,619275
2018-08-09,813.9697875976562,821.11534876086,811.7132643957136,821.11534876086,405952
2018-08-10,811.3372802734375,815.7562717552604,801.1830398249717,813.5937462698892,622063
2018-08-13,818.2947387695312,826.1298474776698,803.6275098396446,807.7017273455532,898581
2018-08-14,811.5565795898438,823.9359520830882,808.7672869845154,822.3376436922804,648102
2018-08-16,837.0050048828125,844.6206712705049,812.2148085588578,814.847438437554,1293097
2018-08-17,843.58642578125,847.5979782957743,828.3237036922652,839.9195896096876,1179528
2018-08-20,876.8696899414062,881.9154480632371,846.1875301246412,848.6320489240287,1291311
2018-08-21,867.3421630859375,878.3739443789087,864.9916423187669,876.2741420011857,727207
2018-08-23,889.8446044921875,910.0590855272,856.9999750425051,871.855256605035,1804638
2018-08-24,875.020751953125,901.3465906197657,870.8838114940576,885.0496046165673,721893
2018-08-27,879.815673828125,895.7052186921135,875.9295097261737,880.2231127697058,629518
2018-08-28,903.665771484375,908.8682509530371,876.7757735044496,876.7757735044496,1130928
2018-08-29,904.699951171875,916.6406104454366,893.5741698602437,899.1526981389204,1193619
2018-08-30,903.0388793945312,907.6145337165564,896.7394713316772,900.9704093369983,1320093
2018-08-31,910.2158813476562,920.1507938524753,904.8253484602039,906.3610492171221,684190
2018-09-03,898.5573120117188,918.2703586934034,890.1267677956768,916.4526068821765,1067916
2018-09-04,876.9952392578125,899.4662477851824,869.4735704467469,896.0187971181844,2937096
2018-09-05,843.1476440429688,876.5563786369332,829.0758490855426,876.5563786369332,1671447
2018-09-06,822.494384765625,849.2589943981365,813.2176876739916,844.338566086436,2243197
2018-09-07,840.6716918945312,848.6947958695987,809.8328106715478,824.2493776325977,1277299
2018-09-10,813.656494140625,848.9143144196715,811.7133544067891,836.4722175710363,1205574
2018-09-11,782.4100952148438,820.1750936764305,777.2702817361243,820.1750936764305,2196181
2018-09-12,813.6094360351562,818.8746382835058,782.4415574077424,782.4415574077424,1107493
2018-09-14,812.669189453125,829.2638923391644,805.0065246526563,825.4090604651393,839172
2018-09-17,802.7030639648438,809.8486261187413,789.9632493609172,804.8185332403001,445803
2018-09-18,807.4509887695312,825.0328978999372,799.1771660569192,802.4208966198333,747719
2018-09-19,771.72314453125,811.3529567469561,763.637374184302,808.861381205631,1129212
2018-09-21,770.453857421875,789.4460803677991,694.579020918497,764.2014480186891,1408706
2018-09-24,742.341552734375,780.4199940624314,729.2256336886686,780.3729951181924,860421
2018-09-25,735.6192016601562,750.3334312199307,723.9605925402623,750.2864322689991,867203
2018-09-26,726.2169799804688,749.9101853886082,718.319206587245,743.9398850944472,775754
2018-09-27,736.6063232421875,746.3844567121314,716.2977862462675,728.802604567258,1726718
2018-09-28,722.6912841796875,741.8245041394961,714.5584577262573,738.4397765045754,907055
2018-10-01,749.1111450195312,755.1755015050024,725.9820381746814,727.7214009979507,860202
2018-10-03,719.6826171875,754.4703321411648,714.5584693185217,754.4703321411648,930245
2018-10-04,677.5140991210938,723.4903093769349,672.24895543146,714.5113313095133,1443003
2018-10-05,659.2742309570312,671.3088886318193,639.3417986969708,671.3088886318193,2406165
2018-10-08,656.4066162109375,672.2491071811052,640.752121040452,671.214900739752,1342917
2018-10-09,629.0935668945312,662.8470794252497,605.2593012482333,659.5093502896971,2686369
2018-10-10,675.6337890625,688.796707749162,621.1487536931126,630.8798884821578,1346708
2018-10-11,684.4248046875,692.1815249896985,647.0515159587258,652.1286075432457,1085121
2018-10-12,673.5183715820312,694.8141181857422,663.8812339481966,689.1728668878877,927076
2018-10-15,686.3052368164062,692.4635912903055,666.8899074667876,684.4248197321149,797665
2018-10-16,707.083740234375,710.9856281838328,681.7921678298011,681.7921678298011,1139203
2018-10-17,690.3950805664062,716.4388671349492,687.2924040362833,714.4644522664452,917359
2018-10-19,698.4337158203125,706.049437515785,672.4369906406521,691.0531035866505,792421
2018-10-22,703.3229370117188,709.8573973786499,686.3991844914331,702.1946753665454,1423662
2018-10-23,698.574951171875,703.6990992356879,686.5402932344945,701.4895747163977,1153679
2018-10-24,695.5192260742188,701.3955290995164,678.9245233764698,694.0619144010993,883615
2018-10-25,659.7913208007812,687.1043664939333,646.0642995318038,676.9501260798895,1682499
2018-10-26,671.1676635742188,673.6122395549835,643.10246912588,659.8381651786121,473903
2018-10-29,674.45849609375,677.8902798266529,653.5388584708055,670.3686123667177,389295
2018-10-30,671.1676635742188,676.0097592127306,659.7441673040964,673.8942905642903,496211
2018-10-31,681.5099487304688,684.2835746333226,661.9066290488788,671.3087118478686,622000
2018-11-01,663.2701416015625,695.7543359445195,659.0862020231192,684.1427831570534,1431738
2018-11-02,671.7318725585938,704.0750056282923,653.679860615679,667.4068796822132,2303337
2018-11-05,666.0906372070312,673.1891989873566,656.2654481748253,673.1891989873566,1173900
2018-11-06,657.3468017578125,671.2148772599961,644.1838826370958,669.4284581393039,1312473
2018-11-07,663.2232055664062,668.5823489700701,660.7316296862045,667.5481424079762,64680
2018-11-09,653.3037719726562,670.3685770783972,651.564409418414,665.4794820096485,1222237
2018-11-12,651.470458984375,661.7186966740385,648.1797294041971,658.1459160355707,530771
2018-11-13,645.9855346679688,655.3476672882466,633.7864568779687,655.3476672882466,1611367
2018-11-14,674.024658203125,677.9964741165494,646.127460845016,646.127460845016,1063227
2018-11-15,682.2992553710938,686.081926225542,665.0880914395592,676.1524152326155,637161
2018-11-16,684.0961303710938,687.9733453811812,672.3698262075874,678.989501008506,785673
2018-11-19,688.7770385742188,690.8575190349575,671.7550201628608,690.3374133495166,596700
2018-11-20,669.7218017578125,688.7769691496059,666.790197584404,688.7769691496059,478063
2018-11-21,670.1946411132812,672.9370425278306,659.3194636897606,669.5326622480555,542315
2018-11-22,678.327392578125,687.2639633983061,662.9602932933332,663.4803989561008,627062
2018-11-26,706.1298828125,708.3049063616745,674.3081506473857,680.8805508416631,1154088
2018-11-27,707.6430053710938,712.0876543323666,697.1933906461318,699.7939763691252,778739
2018-11-28,705.08984375,722.4901532509654,700.787067077445,709.2508048929634,1171341
2018-11-29,704.5697021484375,713.9791072245293,689.1553303177162,708.3051010744007,1230179
2018-11-30,709.581787109375,712.0878297838558,704.5224876347577,709.250826477944,1008042
2018-12-03,729.488037109375,742.9164713582438,713.1279408401128,718.7074029771293,2634832
2018-12-04,721.4972534179688,738.4246722626237,713.6482222885156,731.3321638229406,889465
2018-12-05,711.2838745117188,716.7687347863924,703.5766608516309,710.1963337359877,857081
2018-12-06,705.5153198242188,714.830180558376,700.3614197260974,707.2648395611988,798579
2018-12-07,711.236572265625,717.383411608526,701.4016639483648,709.25069341166,529815
2018-12-10,697.713623046875,702.1110009743227,691.4249674234112,695.065765009681,295083
2018-12-11,703.6239624023438,723.4357100581886,688.6824259475502,690.337344238533,922841
2018-12-12,733.6962890625,737.006126134776,703.5767947923798,709.2980730449469,623967
2018-12-13,764.7615356445312,774.0290682285789,729.2517224943955,729.2517224943955,1986309
2018-12-14,782.25634765625,784.8096620379366,758.4255096254698,767.8821868028447,1455548
2018-12-17,797.1505737304688,801.8316402393552,781.783474097592,782.3035797721408,993343
2018-12-18,793.1315307617188,797.1506185841537,780.175871413839,794.4554309424286,897798
2018-12-19,791.665771484375,803.7230351671785,786.1335805749958,797.1979046747759,841348
2018-12-20,781.1214599609375,790.578136231651,766.4163399037723,784.9041304692229,761160
2018-12-21,758.8982543945312,782.7290896277236,755.1155839676426,782.7290896277236,873245
2018-12-24,758.9456176757812,773.0833616435162,756.5341765318813,760.3168474145407,390464
2018-12-26,755.8720703125,759.6074687239682,738.3772204259225,758.4253842721723,565588
2018-12-27,771.0501708984375,774.0290473754395,753.9336078437009,760.3641369500615,842644
2018-12-28,766.794677734375,779.2302318274657,761.4044176942471,774.5018930421048,918475
2018-12-31,766.6055297851562,777.8116687334217,763.910342259072,766.9364903863891,482685
2019-01-01,763.4847412109375,774.5017922344622,758.7091312031031,768.8277864305467,297709
2019-01-02,762.82275390625,778.0479784058206,752.9405164440843,770.7190548778411,1265919
2019-01-03,770.6246948242188,779.608538708742,747.9286681685812,765.4235220489685,597625
2019-01-04,759.7494506835938,772.6105082722615,751.9003626251088,770.1044657881945,631173
2019-01-07,757.0541381835938,768.4494205055366,754.9736580502056,766.841831861477,513788
2019-01-08,737.1007080078125,761.1679627679902,733.1288920825317,757.4798356118773,981603
2019-01-09,731.8522338867188,746.5100827914694,722.3955571739764,738.5664512651762,824297
2019-01-10,737.1480102539062,740.6469924685673,727.2657707342884,734.5946957881278,793139
2019-01-11,736.6278686523438,739.5121436021375,728.636965019753,733.9326810679324,483902
2019-01-14,734.9729614257812,741.3562185175251,730.4337679265586,741.3562185175251,445680
2019-01-15,738.9920654296875,741.9236123299986,733.6962914653158,740.457838879843,593037
2019-01-16,732.84521484375,741.3562243665574,729.3935045607983,740.1741397106119,505038
2019-01-17,750.1982421875,754.6428923201493,732.8925332683153,736.0132254145649,875985
2019-01-18,746.7465209960938,754.1699893396207,738.566472318801,750.1981734632533,348112
2019-01-21,741.734375,760.7423288021106,738.8973721386973,746.7464595634782,789707
2019-01-22,749.7726440429688,754.0281488699694,726.3200956512937,744.2405108554591,995607
2019-01-23,746.8882446289062,754.6427303441562,743.2474475262368,751.8057275985014,499882
2019-01-24,747.6448364257812,751.805797259208,733.9799847765636,749.8671900805105,506573
2019-01-25,737.9044799804688,761.2152114059711,730.0554497715386,747.6448455515014,1154910
2019-01-28,717.9981689453125,744.2404464405149,715.5394561234414,737.006065773167,1026380
2019-01-29,710.3855590820312,730.5282687344086,695.0657314172043,713.9790846530466,1133315
2019-01-30,655.820556640625,699.0375825153166,646.174734458424,699.0375825153166,4595384
2019-01-31,670.7620849609375,676.1524023697783,655.3949849070789,655.4895863080264,3073460
2019-02-01,672.0387573242188,680.1714762537049,657.5227238600299,672.4169897633958,3093553
2019-02-04,661.7308959960938,672.369656381883,658.184642534164,671.4239887920351,652170
2019-02-05,649.1649169921875,663.8647799774014,644.89721483519,662.394805255763,1509185
2019-02-06,668.8436889648438,672.4001070203109,649.686438795846,649.686438795846,596299
2019-02-07,664.386474609375,668.8912719962635,660.6403683633936,667.1842024581168,1857501
2019-02-08,648.2166137695312,664.3390460066666,644.7550095766129,664.3390460066666,690979
2019-02-11,661.9680786132812,666.7099702938922,640.3450641265796,650.966913068032,2120352
2019-02-12,657.7477416992188,669.0334663366355,653.3852247836751,664.8131714318326,767323
2019-02-14,645.7982177734375,653.0058697310498,640.9140463534067,646.3198142638248,614627
2019-02-15,629.486083984375,645.9878892267716,620.6187702112054,645.3714201903837,1247110
2019-02-18,624.6494140625,627.3522691659094,601.2718649299873,625.9297016621318,1222854
2019-02-19,635.1290283203125,644.1860304957045,627.0204045483003,627.0204045483003,1599871
2019-02-20,641.435546875,643.0003939964542,633.943394123976,639.0171941381784,457829
2019-02-21,630.2448120117188,641.7676319551963,625.692607572915,640.961475638433,1282699
2019-02-22,633.4692993164062,637.3102198681926,631.0509462196828,631.6199500479408,793384
2019-02-25,625.9769287109375,638.8749050943547,624.4121396381178,638.2584361998358,674339
2019-02-26,620.6187744140625,628.7273971942627,615.4975085084534,622.61034566379,3171686
2019-02-27,623.4639282226562,637.3102284853868,617.8684730033177,625.9296886910049,1930466
2019-02-28,638.1162109375,640.1552471005465,625.4553858708302,631.6198438058725,1063209
2019-03-01,644.0911254882812,650.8719953909113,638.5430778758575,641.1037107827904,2309283
2019-03-05,659.6918334960938,665.2872878664106,643.9961863214588,644.8971571620231,1405483
2019-03-06,669.2705078125,675.2452789000422,661.3989803235532,662.9163622909123,1429976
2019-03-07,671.736328125,679.0388525011273,667.6109057363367,669.9344441129795,1662566
2019-03-08,671.4517822265625,677.1420515674656,665.5244183297885,673.7753204509805,629722
2019-03-11,685.4404296875,689.2813503004943,673.822795286017,673.822795286017,1521743
2019-03-12,687.6691284179688,696.8684101234503,684.0178948712118,691.2730125078431,1165175
2019-03-13,686.1990966796875,703.6018729437604,682.3107688641336,691.8419590535118,1100649
2019-03-14,678.1378173828125,690.4667339291743,668.6540354240726,690.4667339291743,1077617
2019-03-15,665.382080078125,685.5825807739627,660.9247491262587,674.2968577506734,2413757
2019-03-18,679.4656982421875,682.8324298960405,668.9386635506368,669.5551326480619,1348463
2019-03-19,673.72802734375,681.8840582947582,670.5983323680995,681.8840582947582,1607155
2019-03-20,667.2315063476562,675.6246885925289,664.2441495901915,674.6763103423341,460701
2019-03-22,663.627685546875,675.1030393064597,654.4284048741654,667.2315113477384,803144
2019-03-25,653.9541625976562,661.0195916172188,651.5358098149632,661.0195916172188,368235
2019-03-26,656.4674072265625,658.9805747473912,647.7897234686449,651.5358289675386,485628
2019-03-27,654.4759521484375,661.5887905990484,650.7299035386577,656.2778943763633,1273004
2019-03-28,657.7003784179688,661.7309863606888,654.3810542298463,657.226189248237,1003439
2019-04-01,642.0520629882812,657.0364274752314,640.3449937477653,656.2777364666036,963690
2019-04-02,622.8948364257812,646.2723839450557,617.583941265274,646.2723839450557,1796419
2019-04-03,631.6198120117188,637.2152659325517,622.1834383785065,624.5069762908661,2308491
2019-04-04,640.5347900390625,646.2250603993109,632.6632030665135,632.6632030665135,1666448
2019-04-05,635.9349975585938,644.8971832258949,633.5166446983791,644.5178087878794,451822
2019-04-08,628.727294921875,641.1036179820734,626.403756918875,641.1036179820734,606066
2019-04-09,630.5294189453125,632.1890813107685,628.7749418841738,630.6716988732663,809522
2019-04-10,629.0118408203125,633.94341903461,626.7357099877408,633.5166372679514,3585333
2019-04-11,630.0551147460938,636.0773518183785,624.2226227994151,632.4735257734975,5275097
2019-04-12,635.9825439453125,640.1554321382056,632.1416229293682,633.3745032958606,1700033
2019-04-15,638.2587280273438,642.8109332328222,635.6032798145171,642.8109332328222,702499
2019-04-16,633.706298828125,641.1036369078724,632.5682334579155,640.1078514155927,850682
2019-04-18,633.184814453125,638.2586153590465,630.434494145507,635.2712004691999,2616694
2019-04-22,632.5682983398438,636.8360005025563,628.7747853063214,633.2321746975932,846212
2019-04-23,637.1679077148438,638.732754989966,631.6199180747102,635.2237438682236,2127929
2019-04-24,639.538818359375,645.1342729136402,633.564047254367,639.2069091419236,1177887
2019-04-25,616.7778930664062,642.5263907729218,613.8379430668246,640.1554446815088,2362113
2019-04-26,619.4806518554688,628.6324667553919,614.6438883045205,618.627088321651,929725
2019-04-30,618.1529541015625,624.2225982745714,612.3204623840345,617.3942630510406,1360954
2019-05-02,620.5239868164062,627.8265122059587,613.3637413432082,620.7610814207136,1827075
2019-05-03,608.242431640625,619.0065606441649,594.1590362963864,616.4459275221886,5126225
2019-05-06,603.1685180664062,622.136081527614,599.3750053741647,606.8672160951057,1919921
2019-05-07,603.1685180664062,610.8503581144314,596.2453689799474,605.0652744125271,1273122
2019-05-08,603.2634887695312,606.7725004943744,594.7280830042275,603.642863290648,613906
2019-05-09,608.0053100585938,610.755630305351,598.4267123022927,600.2286542411223,663525
2019-05-10,613.1901245117188,615.2355418775254,603.200990341661,608.6712304824069,1963889
2019-05-13,609.3848876953125,616.472429555633,603.1535807689372,613.6659462338934,974362
2019-05-14,607.0064697265625,610.2410702375711,598.9675822145065,609.3848353771372,738911
2019-05-15,609.7653198242188,617.233363794277,607.7199023977389,609.7177641303481,640616
2019-05-16,607.1015014648438,613.0474142423905,604.8658034211536,609.8128144651832,703021
2019-05-17,637.211669921875,640.9694990059689,607.9102187232862,609.0042900739746,1896076
2019-05-20,644.965087890625,650.7207200734853,637.5921557552895,645.0126435816127,662808
2019-05-21,625.938232421875,648.7229851070597,622.2755147797199,645.1078231609195,621767
2019-05-22,626.6516723632812,636.5932504783499,622.6560072278522,631.2181219185331,481955
2019-05-23,624.7965698242188,645.2029558914296,621.3717469882162,631.2181561908932,925739
2019-05-24,627.60302734375,632.645150008905,617.4711682564822,627.8884195577102,1748809
2019-05-27,634.8333129882812,645.0127290270422,629.3630722922554,634.5479207389928,631334
2019-05-28,638.3058471679688,643.5382521095466,631.5512532222242,637.4020565194907,1199497
2019-05-29,633.7868041992188,643.1099846715824,631.6938310975306,641.2072924092405,649561
2019-05-30,626.4138793945312,637.164079195999,622.2279331396212,634.0722042316287,1344338
2019-05-31,654.5737915039062,657.3802746222815,627.8885401602109,627.8885401602109,2502037
2019-06-03,672.4590454101562,676.4071554084568,657.9510157055445,661.0905046514531,2458486
2019-06-04,666.3228149414062,676.644896641097,664.0871168231879,672.9822374742536,529226
2019-06-06,666.1800537109375,680.2124075734671,665.4189885043855,672.3162471825781,1705102
2019-06-07,657.8557739257812,672.8394737657394,655.810356753153,670.2232722063816,665609
2019-06-10,658.2364501953125,671.3650159664654,657.3802154005481,658.5693981346302,501581
2019-06-11,651.8148193359375,663.040691973128,647.3910366381964,663.040691973128,651733
2019-06-12,647.8191528320312,654.526131373253,644.1564354261449,654.526131373253,649349
2019-06-13,646.5348510742188,650.6256861662988,640.351100805012,650.6256861662988,613271
2019-06-14,630.8851318359375,645.7736621021509,627.0321340303034,645.0125969047542,697429
2019-06-17,626.0333251953125,636.4030215029318,623.3695675765068,632.5500811913056,988618
2019-06-18,639.3521728515625,648.5802421825638,616.0917477124309,623.1317324966326,2874269
2019-06-19,631.4085083007812,645.155473020926,625.0344769079372,639.3522261433238,1066072
2019-06-20,635.166259765625,644.8223880370136,625.9381907954665,628.269000400822,931882
2019-06-21,636.8309936523438,643.2049649797905,628.8396645528359,631.8364274815383,1349988
2019-06-24,641.3975830078125,644.0613406025099,635.4992252916936,636.8786888159929,351635
2019-06-25,642.7769775390625,645.440734847843,637.1164569669323,639.3520969430123,926776
2019-06-26,637.97265625,650.1974881833831,630.3618876311366,642.1586022165974,1164794
2019-06-27,635.737060546875,640.7791834955264,633.5489760294105,633.5965317234849,919680
2019-06-28,630.8375244140625,636.0699275388123,627.3175905825825,635.9748161627654,955009
2019-07-01,632.4549560546875,641.1122415044013,629.7911982492238,629.7911982492238,423618
2019-07-02,641.3975830078125,644.6797388234043,633.0257485392376,633.6440886945713,794649
2019-07-03,640.1608276367188,653.0991116478004,636.8311162153534,644.4894408713818,941480
2019-07-04,641.8732299804688,646.1542874617984,631.2656976616175,640.2559299855214,804769
2019-07-05,639.1617431640625,646.3444514253072,631.9790929683656,641.6828331178759,830004
2019-07-08,619.8019409179688,634.1672427997462,615.7111645864176,634.1672427997462,953580
2019-07-09,615.2830200195312,621.4192132779851,608.5284867059162,616.8527641317698,1309462
2019-07-10,606.7210083007812,619.5641813498765,604.104806383373,614.9501757399445,1278283
2019-07-11,604.628173828125,613.1427354525672,602.6303696773953,612.7621736783452,877118
2019-07-12,597.5881958007812,609.812972411508,594.9719935010439,606.9589335390673,829670
2019-07-15,590.5005493164062,600.2994027562087,587.9794588678308,599.8237296953877,1507682
2019-07-16,602.4400024414062,608.1005241445729,590.500618822558,590.500618822558,1067426
2019-07-17,612.9998779296875,618.8031243730458,600.8702143311185,603.6291414346648,1766171
2019-07-18,612.7620239257812,620.1825702505872,607.9101818508483,614.5220491194586,653799
2019-07-19,597.3026733398438,622.1803990669889,595.3048695965877,613.1426103955265,663154
2019-07-22,590.9761962890625,598.3491284063172,585.0778389821473,595.5426458582508,671516
2019-07-23,588.21728515625,596.9696809360738,584.697292954352,594.4962042890958,912086
2019-07-24,586.3146362304688,595.4475943527826,574.6130898872677,592.6886672181586,569229
2019-07-25,586.6952514648438,594.210852096281,578.8466448023227,589.6444016512004,805919
2019-07-26,589.2638549804688,591.1665473658554,582.4141507799642,583.3179412761355,221434
2019-07-29,583.4130859375,593.1643849686608,580.5114914974387,592.2130387217182,416576
2019-07-30,569.28564453125,589.3590280722948,564.9569724488848,581.3676959908495,643155
2019-07-31,569.6184692382812,578.0854726335574,561.4844718125829,569.8563057598839,719391
2019-08-01,574.1849975585938,589.8346544386682,567.5731297384667,570.807730101937,1971966
2019-08-02,581.9860229492188,588.883282722626,556.585068446455,570.7601496897513,1486530
2019-08-05,584.3168334960938,588.0746625081606,570.1417522333066,581.9860237494526,767276
2019-08-06,592.1654052734375,601.2031934327645,580.368690133987,585.0303093581794,919125
2019-08-07,603.9620971679688,609.337226293583,591.7848777169785,591.7848777169785,1086721
2019-08-08,613.4578857421875,615.2234731343381,605.1072998644961,606.7774170400344,1127122
2019-08-09,623.5740966796875,629.777389420689,613.0762166564541,613.7442169677691,611190
2019-08-13,615.6529541015625,629.0138930003637,606.443484738617,623.1923643512288,2069470
2019-08-14,601.0513305664062,620.0429729674984,599.3335073226199,618.7068558617382,490747
2019-08-16,594.418701171875,608.8771714101655,584.4457596187314,601.0514657077422,1026470
2019-08-19,597.5202026367188,607.7794941697258,589.9808512502742,595.516085264781,725123
2019-08-20,600.7172241210938,610.6424556895741,592.6052274477981,598.6653428394021,659157
2019-08-21,585.3999633789062,601.4330769220046,582.9663174200155,599.4766655572065,517578
2019-08-22,580.0555419921875,593.3210674234747,575.760954971146,583.9684228941306,623589
2019-08-23,572.9932861328125,580.0554599524754,566.3128183782617,580.0554599524754,504221
2019-08-26,579.9600219726562,583.5865497982887,559.2982671879441,578.9101992803327,701966
2019-08-27,576.0473022460938,595.5161218365313,571.0369502594883,581.6780068259068,1501574
2019-08-28,572.8024291992188,577.3833099256768,560.5867278456443,572.8978411574342,1108391
2019-08-29,572.9932861328125,577.8127547916415,566.5036422862896,568.7941116731866,538534
2019-08-30,581.1530151367188,584.159190813745,561.3024931260861,580.2463685360694,1242797
2019-09-03,572.3731079101562,585.9726356929319,570.1781080581898,581.1531655670964,628121
2019-09-04,556.292236328125,577.3357026286944,548.752826370537,576.4290558744424,2037306
2019-09-05,569.9393920898438,571.6572151433003,550.8523398313029,556.8647496429311,1139382
2019-09-06,572.1343994140625,581.3439255566325,561.0639322496286,570.7028704747446,702374
2019-09-09,579.9124145507812,581.2484733193579,570.3211237614966,573.5659460905862,458053
2019-09-11,583.0140991210938,590.6489208702699,566.933220862451,581.2008056560375,1385716
2019-09-12,589.5037231445312,597.1862513644475,587.1655471865382,590.5534879016362,1099383
2019-09-13,595.0865478515625,598.2836639882801,587.6903152541194,598.2836639882801,707056
2019-09-16,609.1156005859375,613.1715994930902,589.8853707029873,592.1758404442996,1685687
2019-09-17,616.94140625,631.7815812906218,611.5492893940377,611.5492893940377,2193442
2019-09-18,619.6134033203125,623.1445194634397,608.399760672621,620.7586380490372,586262
2019-09-19,625.6736450195312,637.2213483439912,618.2774111429701,619.6135283041704,1246804
2019-09-20,653.4930419921875,658.5033939023137,625.291930033576,629.5388113976874,3020822
2019-09-23,631.208984375,691.1423303839897,626.6758084374312,657.9308635859319,4222736
2019-09-24,633.690185546875,643.7108887821795,627.2960108802486,631.8768921380032,888965
2019-09-25,640.7046508789062,644.8561200022883,625.1010078006087,634.6445346372592,1624694
2019-09-26,648.8644409179688,652.3000874277637,639.654913823641,641.3250310921101,985460
2019-09-27,660.650634765625,663.5613987547217,648.9121085929501,649.9141672450569,1222468
2019-09-30,655.926513671875,665.1360393276083,649.1506336835835,660.650570571712,1004570
2019-10-01,648.9597778320312,662.7024787798633,642.5656036653446,657.4535394003395,861264
2019-10-03,629.8250732421875,650.1050680279106,625.387309907097,647.146539721495,1224879
2019-10-04,638.032470703125,654.5427603691535,627.00970893109,634.3582361954683,1487678
2019-10-07,640.0366821289062,644.0926812342882,635.2171542397273,639.4163295543383,400986
2019-10-09,642.2794189453125,645.0947712873832,627.9641272897705,640.0367132189059,1025701
2019-10-10,649.05517578125,651.4410572658878,640.9909429624219,641.3249430706474,500575
2019-10-11,660.7460327148438,663.2273845497263,645.1423902156149,645.1423902156149,984496
2019-10-14,659.17138671875,663.2750914621565,656.5946229150557,660.7460336411287,634142
2019-10-15,658.2648315429688,663.2751836496749,652.825009034445,659.1714783359013,797085
2019-10-16,674.2025146484375,680.8829839257967,661.461870434318,662.368517200345,1404836
2019-10-17,682.0757446289062,684.8910961587903,671.530161134714,677.5902762210127,1389802
2019-10-18,684.1754760742188,696.6774731837805,680.548889203598,682.3621826389084,1207247
2019-10-22,667.9514770507812,681.885003150736,663.2751255280077,677.6381219921464,1074009
2019-10-23,682.743896484375,690.3787175431925,660.6506097457972,672.1028413340233,743339
2019-10-24,681.6464233398438,692.6691854941259,675.2522485309447,685.2252460035112,663418
2019-10-25,670.5281372070312,685.8932495606205,668.0468436587806,685.8932495606205,1076799
2019-10-27,673.4866943359375,682.3621625628157,669.3829894836244,674.5364589787159,65422
2019-10-29,685.0345458984375,688.5656635149975,666.1383688613558,670.1943689582911,594444
2019-10-30,699.492919921875,706.2210957382148,685.9888040483321,688.4223921203179,671410
2019-10-31,706.5549926757812,709.9906973186244,696.2002892605657,699.5882296695256,1237548
2019-11-01,704.3600463867188,727.6939831350941,698.156753415731,708.0343394805151,919650
2019-11-04,688.0882568359375,707.0321335338066,685.7023752241624,704.3122517960081,863358
2019-11-05,688.5654296875,691.9056639271483,676.2542573331713,691.6193697849909,761475
2019-11-06,707.7001953125,723.3993080405003,686.4658488693586,690.9513179700821,3447075
2019-11-07,718.2935791015625,729.1254588888318,708.129699601457,725.3080481093091,1038973
2019-11-08,700.9720458984375,717.530041654411,696.7251648078511,716.0508066450783,436629
2019-11-11,699.1587524414062,710.8495728110863,688.3745787706164,702.7375750035532,626373
2019-11-13,696.05712890625,709.1794787284626,687.1339543267721,699.5405396132278,688455
2019-11-14,684.6691284179688,694.5259787144322,682.2766861902236,694.5259787144322,478181
2019-11-15,680.0755615234375,687.8748871139418,679.4535032623941,684.1905499317729,547792
2019-11-18,686.439453125,701.2725936582582,674.8600571046642,680.0755923933654,488224
2019-11-19,673.0418701171875,690.4110249392252,669.9316950626634,687.1094428148828,338202
2019-11-20,682.563720703125,689.8367212123298,662.0365561168527,670.8407545922056,698332
2019-11-21,695.0523681640625,700.5071486261963,676.3434799065086,683.2815630042406,988623
2019-11-22,682.0375366210938,697.349169003622,678.4967099507857,697.349169003622,533497
2019-11-25,683.664306640625,688.0185397640835,672.8025840038291,682.0374342622906,505280
2019-11-26,672.2762451171875,695.4350968443521,668.6397447258022,686.1045724459284,1721590
2019-11-27,689.9802856445312,693.6167858703819,673.7116797416783,675.625633377308,746721
2019-11-28,691.2243041992188,693.8081531410375,683.2814087485527,688.9754321699693,300913
2019-11-29,693.8082275390625,695.6265069473407,682.611586530034,693.8082275390625,749220
2019-12-02,697.3490600585938,700.1242579488198,679.5492551491765,692.8512570670576,935806
2019-12-03,684.6212158203125,702.5166349846536,682.420122485927,698.3059721733141,824791
2019-12-04,665.7688598632812,687.5879221192473,658.7829399773199,686.535270863135,1681007
2019-12-05,642.8970947265625,666.9650880607418,639.7390825156624,665.7688668892465,1508422
2019-12-06,636.2939453125,654.9549943093442,633.8057704007143,643.0884577374014,916470
2019-12-09,629.738525390625,641.4136531765412,627.3939207206674,640.2174322642388,627334
2019-12-10,618.4942016601562,636.198275537345,617.2979804522381,633.0881003967578,770669
2019-12-11,641.7007446289062,645.9593028256761,621.8434771716725,621.8434771716725,2431870
2019-12-12,637.5380249023438,647.3948753282289,630.6477795141209,642.1315023580806,858960
2019-12-13,645.72021484375,648.3997386958963,638.4472131866047,641.5094927837779,934145
2019-12-16,645.9592895507812,653.1366149902344,640.2174291992187,641.1744059244792,1000388
2019-12-17,649.7872314453125,656.486068882893,641.1744404541375,645.9593243381236,1380097
2019-12-18,651.0313110351562,655.5291137162228,645.9593456327743,652.6103461326169,512282
2019-12-19,655.4813232421875,660.5532890058038,647.8733453921466,651.3663343550737,578141
2019-12-20,676.4390869140625,681.7981925085952,651.7490949951932,655.5291653678472,2347490
2019-12-23,668.3526611328125,678.44875530501,661.3188461794797,672.7547313168544,850319
2019-12-24,661.5581665039062,669.9795521430981,656.5340374203315,669.9795521430981,451533
2019-12-26,653.8543701171875,661.7972655293381,650.0264630839365,661.55802133976,545761
2019-12-27,659.2135620117188,661.223248693015,649.2131994088157,657.0125266639325,1057690
2019-12-30,659.022216796875,671.9892431183955,654.4286805922757,660.3141123486441,765693
2019-12-31,655.0985717773438,663.1372016724207,652.3712107821776,661.0796778274788,344433
2020-01-01,661.60595703125,664.0462948557769,654.1893860497488,655.433502748227,279887
2020-01-02,654.2850341796875,664.046208987872,649.9786386827732,661.2709529706141,501299
2020-01-03,659.3091430664062,661.3187708761069,652.8495500090787,653.4237126949288,885454
2020-01-06,667.3956909179688,673.2332264474232,649.1652348603433,658.4000849976221,1650497
2020-01-07,678.11376953125,685.195421553456,670.7450945463981,670.7450945463981,1578096
2020-01-08,681.5110473632812,683.233593911021,671.1756512583861,673.9509073252983,634934
2020-01-09,693.2339477539062,694.0951917419883,681.5109831296928,682.946448185719,676098
2020-01-10,706.4881591796875,710.0768223654969,690.4109597891074,693.7125416018985,1243343
2020-01-13,710.8424072265625,717.7326523711723,702.7081038330225,710.3160816300035,1032614
2020-01-14,719.4074096679688,722.5175847014518,705.3876742302658,710.8424544323757,1045858
2020-01-15,729.6470336914062,731.8480688331177,716.7756829761428,719.4073693956146,980328
2020-01-16,714.6224975585938,738.7861641985061,709.3112874641431,728.2115811725893,870590
2020-01-17,711.7036743164062,718.689593436271,709.0241508962262,713.9047093255102,534526
2020-01-20,716.3450317382812,721.1299161375874,707.2537513795995,715.2445433719809,1334231
2020-01-21,700.076416015625,717.636976586759,698.4017064968353,717.636976586759,611181
2020-01-22,694.86083984375,702.4209800223966,691.128665322411,701.0333519631223,487900
2020-01-23,709.1677856445312,711.0339024539502,692.8513396724899,698.0190387740746,757948
2020-01-24,717.110595703125,718.6896309056922,701.9425356449071,708.1628853131988,409201
2020-01-27,706.0097045898438,720.1729509600873,703.3780181274622,715.8187177678118,270404
2020-01-28,704.7177734375,709.6940063141125,696.1049818151965,703.8564709115772,473685
2020-01-29,708.976318359375,721.5605880531741,688.3056405268508,709.7897837760635,1575262
2020-01-30,654.0936279296875,699.3586178587773,648.4474415743578,692.8511874485644,2892436
2020-01-31,643.7105712890625,657.0125159003436,642.7535943353341,655.3856433971579,1859249
2020-02-03,638.5906982421875,646.2943509015487,627.776870538239,633.0402436906174,1822043
2020-02-04,626.3892822265625,647.4906133461511,622.9920255662291,641.7487513593657,2088083
2020-02-05,634.8363647460938,637.2361394046762,623.5094400752345,631.6206901388928,1410185
2020-02-06,625.8132934570312,638.3401063834468,621.8776275729937,637.7641838581012,1348347
2020-02-07,620.8696899414062,630.6127985217882,619.6218188325922,624.3733843894694,1690674
2020-02-10,605.5591430664062,624.3734124484661,603.8313169466893,624.3734124484661,1454583
2020-02-11,591.0166015625,610.6947566572204,589.864697839304,607.6230329247834,2090350
2020-02-12,616.4061889648438,620.0538350047456,593.4643180544105,596.0081028206364,4910853
2020-02-13,610.838623046875,622.8855387999308,607.7189159657607,617.1740633491642,1547406
2020-02-14,600.99951171875,613.8143429015753,597.4478922739496,611.4625521372444,1078421
2020-02-17,600.6636352539062,605.6551785789403,593.27231711763,600.9995802921792,1006447
2020-02-18,595.8641357421875,601.5756119909158,588.4248332017091,600.9036632696084,993432
2020-02-19,597.6398315429688,600.5195610080102,589.6246079672351,597.4478964492295,2216292
2020-02-20,605.7511596679688,612.3265779506119,597.6399089071226,597.6399089071226,1415897
2020-02-24,590.2006225585938,608.5829219486541,588.4248125465693,603.7833720910148,902809
2020-02-25,591.0645141601562,597.5439059109984,583.9131737693546,593.8002339085451,739783
2020-02-26,577.1458740234375,588.1848387656737,574.9860765738695,585.7370800404811,1089270
2020-02-27,570.8584594726562,580.9375139563077,565.3389772554185,577.8657903960203,929861
2020-02-28,538.0293579101562,569.5143826589733,534.0937517871424,564.426873240271,2178954
2020-03-02,563.6111450195312,586.7929349304628,550.7963121604574,550.9883058662148,2637496
2020-03-03,593.8961791992188,600.6635312778287,569.8024091120769,570.9063287694585,2325261
2020-03-04,606.4230346679688,611.126616266897,590.3445450269897,598.7917398072876,2965643
2020-03-05,624.5653686523438,628.5969431602309,610.5506496598979,612.51845313889,2911172
2020-03-06,613.2864990234375,619.6218813462851,597.8798972409704,603.6873993898778,2063109
2020-03-09,589.1927490234375,603.7833928089686,583.0013177769819,602.9194503696466,1682055
2020-03-11,583.0492553710938,604.7911779121625,578.0577125272242,583.5292102870765,2307202
2020-03-12,537.7415161132812,571.1463675747962,521.6630259336547,571.1463675747962,3821522
2020-03-13,526.2705688476562,532.5099827966025,477.55514455396076,520.2711323582848,3890728
2020-03-16,488.6421203613281,527.0864999407277,481.4427961483975,518.3513433310053,2769613
2020-03-17,502.7527770996094,519.0232605534657,476.5952340428755,485.714377493847,4342321
2020-03-18,500.6889343261719,521.0390340509973,491.857810929503,521.0390340509973,1683978
2020-03-19,463.6844482421875,491.42586675633856,457.15707288246034,489.5540308032646,2685745
2020-03-20,479.0910949707031,489.362114568133,456.4851965114674,468.62808165237107,2260008
2020-03-23,416.6488952636719,467.14016366648417,408.0577189281956,456.7731480937344,1197761
2020-03-24,426.6319885253906,478.9950645225834,416.60091784128497,431.9594770243738,1876947
2020-03-25,451.6376037597656,458.8369279429712,420.72849354888615,431.95945099233694,2341320
2020-03-26,480.4828796386719,492.8657405497415,455.9571938752429,459.98882709663184,3577885
2020-03-27,479.4270324707031,496.56140150800564,461.3327241968312,484.75452093360997,2579279
2020-03-30,473.3315734863281,482.11474313711915,459.98883184967093,470.307863186105,1778405
2020-03-31,499.9690856933594,506.832465431378,478.3711406083089,479.9549862039564,2269015
2020-04-01,526.7506103515625,542.6371090691155,504.2407092257214,513.5518479053958,2976902
2020-04-03,510.1441345214844,535.7737408931235,504.1446975706443,529.1983228420519,1709383
2020-04-07,536.445556640625,547.1485741134038,519.3591742894691,526.990468751331,1967959
2020-04-08,575.9458618164062,603.7352613666964,539.037319454023,543.5489070892334,2526918
2020-04-09,571.2423095703125,614.150290176133,563.4670634755395,592.2643580313592,1792786
2020-04-13,534.6217651367188,544.7488016255,521.2789957232814,542.349027169,3394593
2020-04-15,548.7324829101562,574.8900260234071,540.2852294561969,542.6850040537429,2778395
2020-04-16,541.773193359375,559.8674722859957,539.9493410387872,548.0126079669343,1768369
2020-04-17,530.5902099609375,555.5958517385062,523.3908855381296,555.5958517385062,2264510
2020-04-20,516.0956420898438,537.0216686622862,513.551857119277,536.5896974386465,1505931
2020-04-21,508.5602722167969,515.855622881077,497.80926921929387,508.7522659215877,2302729
2020-04-22,509.85614013671875,512.5918597732432,494.6895176398711,505.1525584375828,1907487
2020-04-23,517.8233642578125,528.7183172824842,513.5517538399989,513.5517538399989,2186606
2020-04-24,512.975830078125,525.1666378938381,508.800187217662,515.423588395916,1404955
2020-04-27,515.423583984375,522.1909364244323,505.8724696611688,515.4715677572061,1513877
2020-04-28,512.39990234375,520.9911078247003,505.7285166981739,518.3513555510607,1353788
2020-04-29,514.9437255859375,518.2073843972902,508.8482619996468,514.9917093677614,906484
2020-04-30,521.4230346679688,524.9747127790573,506.83239344213666,518.8792501670987,2792192
2020-05-04,505.2005310058594,515.9035490285931,501.3608916919813,508.7522090888459,2940240
2020-05-05,493.6816711425781,511.77600869085444,486.8183209204184,510.67208882294716,2381774
2020-05-06,486.86627197265625,493.15366957020876,475.25135730254306,493.15366957020876,2065103
2020-05-07,466.8041687011719,485.2344503428223,464.6443714444531,484.7544953968848,2263764
2020-05-08,479.5229797363281,486.5783233735272,471.79571674433055,471.79571674433055,2795019
2020-05-11,496.0813903808594,502.9447691276989,484.8024498339215,487.63419556122756,2283976
2020-05-12,497.08929443359375,503.6647120861117,489.554025515372,497.90525296240145,2022416
2020-05-13,513.0238037109375,523.00683046599,502.0328247965009,511.6319227849618,1828087
2020-05-14,541.8211669921875,545.3728454199377,499.15315925725804,499.15315925725804,6363235
2020-05-15,521.7109985351562,549.5483839215767,517.3914042510565,543.3089699556549,2855729
2020-05-18,515.9995727539062,528.9103730700917,513.6477817004632,525.8866333459144,2235232
2020-05-19,531.7900390625,535.4376846524998,515.6155820678288,518.4472691597491,2041488
2020-05-20,542.0131225585938,544.6528746573966,533.61391133513,533.7098788852418,1412403
2020-05-21,552.5240478515625,561.5472232501965,539.9972368967069,547.1485765001914,1661712
2020-05-22,546.3807373046875,559.7234500183207,544.0769300650844,552.9081130325604,884548
2020-05-26,551.900146484375,564.4269575490652,547.148581297563,547.148581297563,1415962
2020-05-27,551.8040771484375,557.6115778044194,545.3727289178531,554.347861332706,818578
2020-05-28,580.1695556640625,585.5450275637744,550.7003105919734,551.9481817199512,1946395
2020-05-29,608.3909912109375,614.294461582201,578.8737565311425,585.5451432414638,6532208
2020-06-01,607.9110107421875,631.2368127712184,602.0075992061675,609.7348632358736,2040611
2020-06-02,613.9103393554688,621.7336281511713,606.9989766445793,614.0063654944349,1671735
2020-06-03,632.2926025390625,646.9312271178185,617.2699906016312,619.1418264457442,2019006
2020-06-04,628.9330444335938,643.859633232934,615.6862981361658,631.620780719002,2220699
2020-06-05,623.8455810546875,637.3323058881236,621.0138346163441,636.1324182946104,976194
2020-06-08,632.148681640625,634.4045051610387,618.0379937520432,632.580652832896,1108989
2020-06-09,632.9166259765625,649.8590606685865,625.8613110131735,633.5405909029056,1239575
2020-06-10,607.2869873046875,638.3400473771333,601.2875507691881,638.3400473771333,2075096
2020-06-11,589.0006713867188,618.6619097340136,585.929006680671,607.6229462554393,2014187
2020-06-12,582.473388671875,594.1843026386239,567.5467995720296,575.9460122506855,2084527
2020-06-15,584.3451538085938,587.1768997418257,572.4422475688144,586.6009186467229,1878427
2020-06-16,608.9188232421875,622.4535880209796,590.3445900633011,590.3445900633011,4979145
2020-06-17,614.582275390625,617.1740436776687,596.1999785094371,602.8233798442991,1503222
2020-06-18,616.3102416992188,619.7179106912153,594.8562753146225,614.3424377958061,1415905
2020-06-19,624.42138671875,628.740981246397,611.606613055364,617.4620399797632,2439527
2020-06-22,635.17236328125,645.0594230780406,627.1570808326142,629.6048978354283,1991649
2020-06-23,638.2921142578125,644.0995575674092,623.9894329868121,637.380188114396,2304549
2020-06-24,644.7715454101562,658.9302176179342,641.2678505471665,644.3395742014203,2289595
2020-06-25,649.1869506835938,659.5539642416122,642.611592346824,644.7713892792545,1924228
2020-06-26,657.9702758789062,668.8652301928652,651.7788450878877,652.7387550217433,1515668
2020-06-29,660.08203125,666.1774353572347,655.9063882529534,659.4580664127093,1506765
2020-06-30,663.105712890625,669.7291142932041,659.6500608647344,660.0820320150327,3278250
2020-07-01,666.9933471679688,668.9131669005824,657.586242195812,667.1373570832143,708593
2020-07-02,668.9612426757812,671.936939974654,659.4581110894105,668.1932678737803,890340
2020-07-03,688.54345703125,690.0793482416406,667.2814848890874,672.8969351637811,2286821
2020-07-06,679.5201416015625,691.1350262462371,673.9526181306519,691.0390587056664,1312275
2020-07-07,675.3926391601562,692.76704496828,662.7218742822388,691.1351862830161,2861203
2020-07-08,667.473388671875,680.0002609225025,665.6016110604078,680.0002609225025,784395
2020-07-09,665.6974487304688,670.9769526497442,658.2101639807815,667.5213007924254,1113721
2020-07-10,669.2971801757812,676.1605594207006,657.9702550328014,665.6495342603472,1076732
2020-07-13,667.2333374023438,676.6884849193432,662.3378204258008,676.6884849193432,1486087
2020-07-14,666.7534790039062,675.2967016498473,662.9138389092376,669.7292352302294,663400
2020-07-15,666.7054443359375,679.2802998391915,662.673810826587,671.936965283294,1499695
2020-07-16,666.5134887695312,671.9370037349807,657.8742987215101,671.9370037349807,666601
2020-07-17,672.4649047851562,677.6964257383223,667.2333838319901,671.9369660294981,803292
2020-07-20,670.6410522460938,681.536005805001,664.30561196876,674.816636733684,985318
2020-07-21,652.9786987304688,675.152593620305,650.146952854414,671.8889351669577,1327599
2020-07-22,665.4095458984375,668.0972818664573,648.4191291678044,652.9787011345654,1727347
2020-07-23,654.37060546875,670.7370579192913,641.603815225289,669.1531831128751,2053661
2020-07-24,652.7386474609375,660.4179256663604,638.9159232558792,654.130528353319,869014
2020-07-27,640.1639404296875,653.6026791280252,636.900223310505,652.8827466977572,677160
2020-07-28,650.2910766601562,652.4508742778706,638.5321785192666,640.4040148389378,831857
2020-07-29,652.8827514648438,657.2983136340949,640.2599126600091,640.2599126600091,971664
2020-07-30,655.2824096679688,664.2575423321017,648.9949539790589,659.4100098463148,1029899
2020-07-31,664.1136474609375,667.1373871112024,651.5868348594494,655.6184681970522,1127724
2020-08-03,671.0249633789062,680.0961231040837,663.9216657005628,668.097250078253,2106169
2020-08-04,664.2576904296875,677.5524199025522,654.7545584174293,677.5524199025522,2391759
2020-08-05,650.0509643554688,664.4975959296077,645.4913925524125,664.2576184662889,2028174
2020-08-06,663.1537475585938,666.897419697486,652.7387483185182,654.562600609415,830991
2020-08-07,661.4739379882812,673.4248288522442,659.5541180450986,663.2018228077496,1129317
2020-08-10,654.6585083007812,668.433191015213,652.9306823132379,663.4896905116376,512185
2020-08-11,660.2260131835938,668.0493022527194,653.5546277045834,656.4823997510324,672208
2020-08-12,662.289794921875,665.649479306562,654.7064838754259,657.7302232569426,548015
2020-08-13,680.7681274414062,687.9674518462683,662.8178002076331,665.0255813074738,3535791
2020-08-14,657.154296875,685.2797039341662,653.6986446557327,685.2797039341662,1842878
2020-08-17,654.3225708007812,660.4179748954035,643.715520118273,657.5382453537085,1038068
2020-08-18,663.0576782226562,667.9531946482863,654.4664740039685,654.4664740039685,639256
2020-08-19,662.961669921875,669.8729730182758,657.8741015478028,665.2174343230281,872875
2020-08-20,661.5699462890625,666.6094735039492,651.1548882253445,662.337862527966,486335
2020-08-21,656.098388671875,667.1373520511385,653.6986140242091,667.0413845005311,386242
2020-08-24,657.826171875,662.8177145348374,653.1226490247305,655.9543360540305,374391
2020-08-25,650.5789794921875,672.8968862029118,647.4112883218647,658.498236712122,1183775
2020-08-26,653.9385986328125,657.2502994004193,648.2271231913238,652.4507500526555,573515
2020-08-27,651.5388793945312,660.8980014189831,649.8590369798861,656.5784066384668,1026839
2020-08-28,644.0516357421875,658.4502859551214,643.1397095110501,657.5383597239841,959808
2020-08-31,625.1892700195312,649.7629971922429,621.0616694057361,649.7629971922429,1600905
2020-09-01,631.812744140625,638.3401201174079,615.3022811958773,626.8212006566425,1964273
2020-09-02,631.9086303710938,637.1881344444464,622.7415031977397,633.5404888023248,774332
2020-09-03,645.347412109375,652.2587750862168,633.5405320925727,635.4603518867925,1187920
2020-09-04,629.4609375,641.8437990500552,626.2932464441087,634.5004646397255,788682
2020-09-07,625.5732421875,637.380121270494,621.4936254474404,631.620662343351,1257643
2020-09-08,642.8516845703125,646.8833179483797,622.0216276071749,628.0210646018429,1842735
2020-09-09,645.8753051757812,657.490249262658,633.1564999382144,633.1564999382144,2392806
2020-09-10,646.0673828125,654.1786336413309,637.2361995181797,650.6269550939326,595369
2020-09-11,658.1622314453125,660.4179962238587,643.9075346006124,646.0673318266352,679537
2020-09-14,663.82568359375,669.7291529493239,650.2909773581796,660.3220475907659,1121410
2020-09-15,677.8883056640625,683.3598031867164,661.1378681047754,663.8256038001116,1659129
2020-09-16,679.040283203125,684.4157551801796,670.7850229526298,681.5360254949895,1458461
2020-09-17,680.7681274414062,693.918905071938,675.2966291760606,679.0403013018897,2694507
2020-09-18,685.1356811523438,697.5665258940538,669.3931355861879,681.2960416082326,2029856
2020-09-21,659.7460327148438,688.2073833979582,652.7866862545853,687.199489766191,879006
2020-09-22,655.8104858398438,662.0019166998951,639.3000230757913,657.5383120223979,864996
2020-09-23,651.682861328125,661.4738955394312,641.55576490712,655.3305072684402,1003035
2020-09-24,663.7777099609375,673.8087803468334,643.1396466722026,646.3073376918929,1980016
2020-09-25,673.95263671875,686.3354963824868,669.1530877929983,671.9368496052317,2234701
2020-09-28,684.65576171875,694.3988710025549,674.096752424805,680.5761444915439,990055
2020-09-29,677.1204223632812,700.7341809149805,673.9526730310132,686.5755108211504,2736611
2020-09-30,695.8866577148438,707.4055759188113,677.408393095979,677.6003867836947,2919411
2020-10-01,704.6217651367188,711.2931498523075,699.0063163363401,699.7742324457923,1769617
2020-10-05,722.3802490234375,727.6117701704143,708.9415092049866,711.2933003908666,2379878
2020-10-06,710.9572143554688,731.4512650795522,705.6296681132309,729.3874355813659,1714797
2020-10-07,700.2542114257812,718.0125430383611,692.1909455285548,711.2931743200876,1407930
2020-10-08,697.614501953125,706.3496583840426,689.4072842360322,703.4219449816966,1543254
2020-10-09,690.9910888671875,702.5580495437804,686.9114719646584,697.8544677973298,1095824
2020-10-12,679.8560791015625,694.0147478862402,672.416778553681,693.0548381381265,1426463
2020-10-13,686.0476684570312,698.5744818694333,675.6326101116587,682.8799772682321,1250360
2020-10-14,671.7449340820312,691.0871419383998,669.0571980885652,687.2954861282822,2912627
2020-10-15,654.8025512695312,675.776558814482,652.4507603344161,675.7285750378979,1988759
2020-10-16,650.6748657226562,660.5619840077662,647.9391460966582,657.5382445573495,1292241
2020-10-19,659.5540771484375,662.3378393287429,646.7872870355483,654.9465212881487,1826412
2020-10-20,663.2017211914062,664.7375534753288,649.1390188269908,660.8979141772763,1195995
2020-10-21,658.9781494140625,673.472765536158,652.8347025901969,666.0815061423914,1474252
2020-10-22,644.819580078125,657.5383883193385,640.4040172561022,656.4344683197027,1683175
2020-10-23,653.9385986328125,655.0905021939255,641.6037802443592,644.0995224698968,1132236
2020-10-26,644.819580078125,664.0657649820828,640.355974882697,658.4982983752792,1658171
2020-10-27,657.874267578125,660.8020398264056,646.9793129686286,646.9793129686286,1378308
2020-10-28,650.0029296875,663.2976566791287,645.8752707710005,661.7137821099377,875159
2020-10-29,657.3462524414062,659.8900369748675,644.1474920264135,647.84318009556,577060
2020-10-30,638.1480102539062,658.5940768575483,634.5003648062542,658.4981093148115,1402334
2020-11-02,629.7489624023438,647.4593141436429,627.3971711151562,638.148175150686,1871847
2020-11-03,641.7476196289062,643.9074164586568,631.8125776473491,633.5404033935018,741881
2020-11-04,648.947021484375,652.3067058512222,638.6759747023642,641.7476978411308,755755
2020-11-05,642.3717041015625,665.9854637395505,632.5806115974274,652.7387190990146,2233167
2020-11-06,642.7077026367188,655.0425807878846,636.8042915298262,644.2915775075887,2705596
2020-11-09,660.7538452148438,664.2575391964799,649.5229481423746,652.7386223318011,1872686
2020-11-10,649.8590087890625,667.089403383764,645.2514529407047,667.089403383764,1546696
2020-11-11,661.2820434570312,662.9138436382997,649.09117435184,650.8190006891151,765078
2020-11-12,659.6021118164062,665.3615712216113,653.8426524112012,660.4180117968433,977267
2020-11-13,654.5625,662.8177006422162,651.2028157824072,659.4580164246235,578872
2020-11-14,658.2103271484375,662.3379286090741,654.5626807085322,654.6586482773747,116788
2020-11-17,651.8267822265625,661.8098682596379,648.3711301472472,658.4981675071491,981089
2020-11-18,655.954345703125,657.4422527802984,646.2592800504037,650.8188516512049,1174650
2020-11-19,657.4422607421875,674.816605090879,652.882689086168,653.6985889998415,2013582
2020-11-20,670.9769287109375,680.5760264035117,658.5460854814054,661.2818634767347,2306191
2020-11-23,679.47216796875,686.7675180255213,673.1367863559929,676.7364483151158,1798703
2020-11-24,679.9041748046875,685.6636342415561,676.4485225778667,682.7839045231218,909867
2020-11-25,668.289306640625,684.415781786959,664.4016831321364,683.1679105925155,1419977
2020-11-26,672.9928588867188,675.776621244762,661.71391669975,665.6975665244921,1064058
2020-11-27,671.6968994140625,690.7510859871516,666.1774179254868,673.9526640653994,3483741
2020-12-01,677.3123168945312,686.8634309170011,674.384603785074,683.4557629178543,1328512
2020-12-02,689.119384765625,690.3672559978688,679.5202851510502,679.5202851510502,1642706
2020-12-03,683.6478271484375,695.9346618749242,677.3123867977299,695.9346618749242,2822160
2020-12-04,681.5360107421875,690.0792320586216,678.6562811193332,686.4315276657402,1261160
2020-12-07,685.8076782226562,688.2554368872404,678.1283985921152,683.4558871181522,989380
2020-12-08,678.1763916015625,688.255446253815,673.1368642754362,688.255446253815,1631504
2020-12-09,676.6884155273438,683.8877389241417,675.0085734014242,680.5760384439659,1808585
2020-12-10,699.34228515625,704.5738053742941,671.2649230211027,677.6963305098797,4702971
2020-12-11,697.4705810546875,709.7574758986921,687.8234972932246,706.3017647532196,2230739
2020-12-14,694.2548828125,703.5180374184076,693.1509629164524,702.6540950138265,939165
2020-12-15,693.8228149414062,697.6624542699013,685.7115651423112,695.9346282897278,1192361
2020-12-16,691.7590942382812,700.7342283857296,686.95954472879,700.6382608308402,1186100
2020-12-17,690.3672485351562,703.4699842144605,686.2396474631585,691.7591296818746,1244562
2020-12-18,691.3271484375,695.9347044180655,685.6156725939356,692.095064669552,968461
2020-12-21,675.296630859375,715.3248863678369,655.7144449940367,690.1752346665112,4176481
2020-12-22,684.0317993164062,691.3271500081078,666.1774978805571,676.9285009184704,2852158
2020-12-23,684.2238159179688,690.1752694584885,677.6964398298927,688.2554495156277,1737539
2020-12-24,692.0949096679688,703.2778813662769,687.6313060246894,687.6313060246894,1648257
2020-12-28,698.0944213867188,701.3100958704928,690.9430814609829,695.6466630465665,1095161
2020-12-29,711.4371948242188,715.084840465104,699.2943120243248,702.6539964335013,1469463
2020-12-30,719.1165161132812,726.5558177461377,708.7014586743323,715.1328666423227,2188175
2020-12-31,710.477294921875,724.6839489044232,702.6540062530212,721.8522031451803,2150742
2021-01-01,709.3253784179688,716.9086308987344,708.4134523646197,712.2530916728291,561444
2021-01-04,727.707763671875,729.5316161475471,704.8139331004427,710.4293832894331,1503343
2021-01-05,729.8194580078125,733.1311587568351,717.3406297736536,727.7076445889975,1030289
2021-01-06,714.8447875976562,732.4111239377551,708.9413193232812,732.4111239377551,2741990
2021-01-07,703.9498291015625,722.956090031243,701.9340419548362,721.8521703248367,1504697
2021-01-08,720.2683715820312,722.1402076087156,705.9177654167032,709.277450073944,2097317
2021-01-11,738.74658203125,754.4891266849106,722.812102282109,724.4439607114178,5754681
2021-01-12,731.643310546875,746.80987469055,729.819458368758,742.778241541409,1713731
2021-01-13,739.6585083007812,742.9702089342226,728.0916065589249,737.2107499502364,1757075
2021-01-14,751.9935302734375,756.4090929135178,733.083291232948,743.7862527627163,2646805
2021-01-15,748.82568359375,760.2486347481191,739.1306171162269,751.8974069669481,2234134
2021-01-18,746.953857421875,761.9764111038432,737.3547591248041,748.6336996238624,2229603
2021-01-19,755.1611328125,764.0882831975346,748.7297247413027,750.3615832949275,1578963
2021-01-20,768.935791015625,772.6314791746578,753.7212429843215,758.2328310990082,1703250
2021-01-21,765.4801635742188,775.9431463599936,760.4886203628647,772.4874941458067,2156115
2021-01-22,758.3767700195312,768.8877946604415,754.2011855812063,765.0481552364193,1548303
2021-01-25,748.0097045898438,773.6872914974836,745.1779589889225,762.1683740062059,1651256
2021-01-27,742.92236328125,755.257183463225,734.3311569819147,750.6496271370684,1028421
2021-01-28,746.6659545898438,749.3057070351341,735.9629934646196,737.6908197111586,837436
2021-01-29,714.796875,750.6494835474338,709.4213448242061,750.3615223174305,1584509
2021-02-01,722.76416015625,731.9792716236801,717.0526846186789,719.5964692510865,1051147
2021-02-02,717.8685302734375,739.5625272018978,715.1328107414696,728.523564351526,805564
2021-02-03,716.9567260742188,726.0758701029638,713.7409927637635,715.1328738331695,1225017
2021-02-04,737.9307861328125,740.0905835556403,715.3729019388338,715.9008407023186,1632180
2021-02-05,719.1165161132812,742.7782597022551,716.0927765304332,739.1306138450852,859569
2021-02-08,705.9178466796875,730.8274646352872,702.6541292016447,725.6919695033379,2620168
2021-02-09,713.7890014648438,718.396616005592,686.3356008655239,702.6540696972916,2419027
2021-02-10,719.6444702148438,720.8923413784079,710.3333323835177,710.3333323835177,921127
2021-02-11,728.33154296875,733.3710692957167,719.452377535523,720.8922422003707,1145400
2021-02-12,724.0601196289062,734.33116860681,722.8122483149385,733.3712585824874,641825
2021-02-15,713.5010375976562,728.0436964387516,711.7252276665731,724.252040506389,712665
2021-02-16,692.19091796875,717.7245532345065,689.2632048614336,714.268842878323,1630695
2021-02-17,691.9031372070312,696.894681075638,686.4316383239096,695.9347710466081,774785
2021-02-18,689.9351806640625,695.454662109375,685.3756090353261,690.9430742538183,1468422
2021-02-19,681.2479858398438,703.5658883315177,675.1045397831823,688.2553155496884,1758878
2021-02-22,671.4090576171875,689.6473475193837,666.1775364275904,684.4158263297867,1556681
2021-02-23,652.8345947265625,674.1446028023835,650.7708239259005,671.9848058741903,3596099
2021-02-24,665.12158203125,680.3841140332656,648.8990815570245,652.9786985638549,1101303
2021-02-25,668.481201171875,670.9769431905048,656.6742638846229,668.0972138205885,1952459
2021-02-26,658.8822021484375,675.3926061430245,652.8347226934926,669.0572240137762,3042500
2021-03-01,658.7381591796875,664.6416284131005,646.0193531918829,662.3378212517076,1586182
2021-03-02,664.209716796875,668.3853017394827,652.7387809146214,662.3378806339541,1262750
2021-03-03,671.3610229492188,677.3124175956121,666.0334760109845,667.1373958566957,1274984
2021-03-04,664.5935668945312,670.9769908869091,662.3378021630434,670.401068407284,1375763
2021-03-05,663.5856323242188,669.4891010233058,659.6500255836571,662.5297549806274,1304207
2021-03-08,661.4739379882812,669.6331727468075,660.1300991810065,666.7534428320336,585556
2021-03-09,652.8345947265625,665.5533988592557,648.9469719734631,662.4336921851989,1150343
2021-03-10,666.4653930664062,668.097251519088,651.2988292466971,656.5783333894485,1013808
2021-03-12,658.8822021484375,675.5366160684291,657.5383048055047,670.929060102771,1100332
2021-03-15,653.5546264648438,664.2576451948294,647.1232770597137,664.2576451948294,530082
2021-03-16,653.36279296875,655.4265644043448,647.6513165060397,652.7388280066751,738129
2021-03-17,634.3084716796875,653.7466478128534,633.39654552616,651.7788441688749,1538154
2021-03-18,633.9725341796875,637.3802027629532,627.9251132506415,635.460382875113,2245397
2021-03-19,645.5393676757812,650.3389168778317,620.2457668162743,626.8211257877846,1300769
2021-03-22,666.5134887695312,668.0973637136381,644.0996135802459,647.9392536015886,2005221
2021-03-23,662.5778198242188,675.9205910980659,662.049881087826,671.2649928503702,1186911
2021-03-24,656.00244140625,664.0656493187901,653.8906279333526,659.5060773472331,1494104
2021-03-25,652.5468139648438,663.0098565233288,648.5632225708987,659.4581777638632,1554830
2021-03-26,681.7760009765625,684.4157531802732,660.8979608199412,665.9854715312609,3079702
2021-03-30,697.3745727539062,701.9821287571349,684.9437272893002,688.591373350679,2462785
2021-03-31,700.3982543945312,705.1978037055655,689.215281064522,698.8143796865905,1437209
2021-04-01,697.1824951171875,706.3976646025247,694.6867530041305,701.4061217881645,681593
2021-04-05,693.3908081054688,703.6138707266306,676.0164644737102,697.1824634648231,1593063
2021-04-06,698.5744018554688,704.477870940251,692.0950102889632,693.53487508152,1009712
2021-04-07,709.8533935546875,714.9409044683282,697.8545194242837,699.9663329888853,2369890
2021-04-08,710.2373046875,718.012550853692,703.2779584392523,715.1328213716585,2088453
2021-04-09,709.4692993164062,715.8047390562301,706.5895699587346,713.2129709166769,655947
2021-04-12,686.719482421875,711.2451656680327,678.2722294580709,709.3733298729114,2106505
2021-04-13,694.4948120117188,704.0939110028966,684.3677742936762,693.2469408605158,913053
2021-04-15,707.0215454101562,709.2293262135772,691.1350500740203,700.6861642197754,783875
2021-04-16,702.5580444335938,708.3175035482129,698.8143725737922,705.6297090907924,501105
2021-04-19,695.6947631835938,698.8144706418161,682.400033296933,695.9347406803801,627482
2021-04-20,696.5587158203125,704.3339633948887,688.7834096574795,698.6704709523901,1118993
2021-04-22,675.8724975585938,700.7341859473678,671.9368906344622,700.1582634764086,1362900
2021-04-23,670.6890258789062,677.5523461735788,664.6895892988177,676.7364462339859,858973
2021-04-26,667.5214233398438,676.6405681472828,666.3695196465161,671.9369858113015,890730
2021-04-27,674.0486450195312,675.2485322192284,664.7375086322328,668.0971927913848,626898
2021-04-28,683.2638549804688,685.3276847004009,672.5128523847364,677.1204667745151,606306
2021-04-29,673.95263671875,694.398762013047,672.7047657157033,686.6714413719918,720809
2021-04-30,664.0177001953125,682.3039728126394,659.9380829552257,672.1769346754862,1065138
2021-05-03,680.6240844726562,684.5597501091827,660.0340059567804,662.3378130897837,736682
2021-05-04,669.633056640625,685.1836072017802,667.1373145825207,682.3999039197786,683406
2021-05-05,679.7120971679688,680.5760394121111,670.2570091953547,676.1124354644492,504265
2021-05-06,681.4880981445312,691.5671528772339,672.5129047296,686.1916218668392,840805
2021-05-07,673.95263671875,689.503186955834,671.9848333768406,684.7996641615437,914560
2021-05-10,680.816162109375,683.0719271562114,670.1131422588176,671.9369946796793,638301
2021-05-11,687.4874877929688,689.071303988139,671.936935566494,680.4321148165698,1436853
2021-05-12,837.8572998046875,856.2395971015275,742.1543334118084,743.9301432216187,27379767
2021-05-14,817.6512451171875,847.6004458618944,812.6597018950279,825.5225180534873,7181532
2021-05-17,807.7161254882812,822.8347050733872,803.108570094279,818.8030721330432,1991890
2021-05-18,783.5264282226562,812.8036791393987,778.0069464924507,811.1238368736839,3601308
2021-05-19,788.7099609375,797.6371109295447,778.4868974798086,787.1260862311258,2239046
2021-05-20,782.8065185546875,794.805392229652,779.2068564521982,788.7099878380702,1808216
2021-05-21,785.6382446289062,790.6297876693474,781.1746402991876,787.7980418358833,1510500
2021-05-24,775.895263671875,791.9257728521088,771.4797009797607,784.2464926305126,1910129
2021-05-25,774.4072875976562,788.565958179702,772.7274453252102,784.2463637648406,1103602
2021-05-26,791.8297119140625,794.2294867003359,769.8957352145729,778.2469631884545,1798172
2021-05-27,798.0210571289062,805.5563848570999,787.1261034012738,792.9815302473737,7216411
2021-05-28,810.8358764648438,817.8432067770916,801.5247390362342,804.404468637562,2050175
2021-05-31,822.2108764648438,827.346429978402,807.8602106367166,811.1239279834314,1705253
2021-06-01,815.011474609375,830.6100102112996,811.6517900181912,824.5625896648188,1044836
2021-06-02,816.4993896484375,821.4429493844461,802.9166988489626,807.3802450160656,2189760
2021-06-03,829.6980590820312,830.8019788497131,815.9233761089037,818.7071381215155,858017
2021-06-04,818.3711547851562,834.8816164046867,809.5399721897563,830.1300507908561,1553693
2021-06-07,815.0594482421875,823.6026695316028,813.0436609478643,820.7229399178559,561596
2021-06-08,821.346923828125,824.4666309820742,812.7557185634454,815.0594671549501,877939
2021-06-09,819.0431518554688,830.3220935891948,808.6761362774391,815.9234445674168,905294
2021-06-10,850.2401733398438,861.4231468393932,816.5473601008804,823.602674259764,5068398
2021-06-11,863.4869384765625,870.5423113916466,850.5761386091573,856.095620531915,2884644
2021-06-14,883.7410278320312,887.6766347861599,852.4479315338771,862.9109723459474,3301859
2021-06-15,896.2680053710938,899.7236580385561,879.75754116245,883.7411912162196,1537325
2021-06-16,880.5252685546875,904.5709978932053,877.7415652220908,901.3553234227888,1447631
2021-06-17,871.5982666015625,880.2374564687586,864.7348867717654,873.5180865720506,953217
2021-06-18,857.1514892578125,876.8296406543894,844.720645316472,873.5179400431699,1425767
2021-06-21,850.1442260742188,859.1193602007927,844.0487630583913,847.360463929888,709452
2021-06-22,841.9849853515625,861.0391732758221,839.5371682559306,853.7918653075942,1464780
2021-06-23,845.4406127929688,851.1520882019249,838.6732599688183,845.68059025899,1221549
2021-06-24,835.505615234375,844.5767170798825,832.5298593385734,839.9211774174977,1062919
2021-06-25,835.6495361328125,844.7206962361805,828.4022282407088,838.8652693907524,1237154
2021-06-28,834.8816528320312,844.3847844743307,833.2018104722083,839.9211799115003,996056
2021-06-29,842.6088256835938,871.5981138759723,838.0492540526346,838.7691864154177,4206824
2021-06-30,835.3616333007812,857.1036170857095,832.0979160381628,849.328311344149,1546268
2021-07-01,852.4479370117188,856.4795701298113,834.1616659487879,836.8494018314336,1829407
2021-07-02,855.519775390625,872.0302388745805,845.2487268183543,858.8314765614012,1816510
2021-07-05,887.9166870117188,890.5084555455117,865.838758577914,865.838758577914,3799078
2021-07-06,925.5930786132812,937.7839455016735,889.9804463923163,892.4761885825235,6203163
2021-07-07,924.2973022460938,941.383687415796,917.6739002420995,925.5931572264063,3106332
2021-07-08,924.1052856445312,930.7286288961668,913.5942603717762,922.5693946296471,1104970
2021-07-09,926.9370727539062,932.9844937610596,917.6739182401346,924.3932879343615,1419037
2021-07-12,918.6337280273438,935.0001792802963,914.7940886207508,931.1125560987706,560070
2021-07-13,904.7630004882812,919.5936191112212,902.7951970502124,918.6337092791636,682912
2021-07-14,902.4593505859375,908.7947327339946,897.8997783857934,906.2029641867883,655350
2021-07-15,910.2825927734375,911.8664676243355,903.2752618645092,907.1149016598949,429946
2021-07-16,912.9703369140625,921.3215652598697,906.1549996528229,915.0821505376839,1080656
2021-07-19,906.1549682617188,920.0256783812567,904.3311159708064,911.0504854388488,613585
2021-07-20,910.8104858398438,915.4660840111685,901.5953742284651,906.1549462567698,671763
2021-07-22,930.776611328125,934.6162507357167,912.9702367048202,916.2339536365723,1022132
2021-07-23,940.8557739257812,944.5514038490351,923.6733621481036,939.7518540327289,1052281
2021-07-26,937.3999633789062,948.8229141642123,935.480143656216,945.4152458740868,1069963
2021-07-27,958.7100830078125,964.4215590497654,930.2487289480482,936.920114960472,1419282
2021-07-28,960.8218383789062,969.5090113670698,945.5112635609541,959.9099122446236,1408767
2021-07-29,947.287109375,967.4452182963319,942.7275371189845,963.7495884293892,519303
2021-07-30,948.1990356445312,958.8060288604219,931.5926052490358,948.2950617923572,1015249
2021-08-02,952.5665893554688,966.8692706540058,950.3588082485927,950.3588082485927,977930
2021-08-03,976.324462890625,979.7801741332205,948.103143311516,952.2307447009349,1227353
2021-08-04,949.3028564453125,982.9476849194872,940.7116515831029,976.37232589219,2339710
2021-08-05,936.8720092773438,960.4377842684636,932.3124375108813,957.9900258799069,974321
2021-08-06,933.2723999023438,948.103019569072,930.3926702034936,936.1041458238632,581029
2021-08-09,936.152099609375,943.831378560285,924.777191098639,933.2723700027838,448237
2021-08-10,945.7031860351562,952.1825774548104,929.1927250703884,939.9917107698118,1140694
2021-08-11,940.5197143554688,953.1905368346675,918.6817639899213,950.3108071161337,740627
2021-08-12,951.0787963867188,952.6626712888884,935.6242691453149,939.607860409028,612459
2021-08-13,943.8314208984375,959.8619281452044,941.6716235966104,954.3424461516463,557489
2021-08-16,951.750732421875,955.1104173068741,937.30409913403,943.8314751929487,678302
2021-08-17,965.1414184570312,971.2368228727381,943.8314070083012,953.4784897635049,1223601
2021-08-18,964.9013671875,981.6037629788175,962.2136313968766,970.4688324512725,1136005
2021-08-20,991.7308959960938,1003.1058044098438,947.5750424048471,959.9098606792764,2742914
2021-08-23,988.46728515625,1020.3842914504431,983.9077128285082,1003.1059121032108,2708079
2021-08-24,972.8206787109375,997.9222868969532,959.9098791191353,992.0668600696263,1095340
2021-08-25,999.1222534179688,1013.184957696716,961.8297750943718,968.5491447806598,2350390
2021-08-26,1000.8502197265625,1031.7592759304084,987.4594044551667,1004.0178525307666,4201220
2021-08-27,1011.793212890625,1015.0088880523208,1001.0421502604187,1009.1534603109988,1407309
2021-08-30,1043.9019775390625,1055.900850844109,1015.3927014368703,1015.3927014368703,3463813
2021-08-31,1055.22900390625,1055.9008939681744,1026.3356220664648,1043.0380778245344,1993712
2021-09-01,1053.8370361328125,1062.6202349518608,1045.3898995122652,1061.468389968854,1038779
2021-09-02,1080.3785400390625,1084.026244352707,1047.3576176456613,1047.3576176456613,1503286
2021-09-03,1074.47509765625,1089.9776656090182,1064.2041088403532,1089.9776656090182,1255070
2021-09-06,1068.379638671875,1083.7381959214258,1059.5485151239805,1075.0990074685535,908333
2021-09-07,1068.043701171875,1086.6179330407624,1065.5479590365853,1068.3316038164314,945095
2021-09-08,1064.68408203125,1081.7224826444026,1056.8127505970199,1068.0437666591956,1015437
2021-09-09,1064.7799072265625,1078.1706015827529,1051.34117051151,1060.2203358410982,858513
2021-09-13,1076.2989501953125,1082.5383643993432,1058.7805949301492,1064.4440866429538,1009511
2021-09-14,1069.3875732421875,1079.8985388160677,1065.7879114461339,1078.2667390057863,506206
2021-09-15,1081.7225341796875,1092.3775110720665,1065.5480751355826,1069.3877148933052,965726
2021-09-16,1060.41259765625,1085.0343141594585,1056.1890871285086,1080.8106864551962,774196
2021-09-17,1046.8778076171875,1067.4199047591865,1039.2944952901607,1065.5000847865979,1513263
2021-09-20,1036.36669921875,1058.3006159878244,1029.503320314686,1042.4621033675983,737707
2021-09-21,1037.1343994140625,1043.3258873501368,1024.2717030398169,1033.3908452858293,938081
2021-09-22,1012.177001953125,1038.6225679996908,1007.9054495375926,1037.9026355357353,1596402
2021-09-23,1015.632568359375,1023.263804080186,1012.0329067596558,1023.263804080186,854695
2021-09-24,999.8900756835938,1023.5518759037241,995.6184067289164,1016.5444874295061,1191536
2021-09-27,997.0582885742188,1007.3293940098528,984.6755455702137,1001.2819152404377,599969
2021-09-28,1011.1211547851562,1058.25271140456,1001.9060424052818,1004.3538597267926,4658523
2021-09-29,981.3638916015625,1016.2086688637506,974.5005707682925,1015.296684126112,1558499
2021-09-30,988.6112670898438,995.1866267199213,970.4209620745394,981.3639001982764,1384361
2021-10-01,979.4440307617188,1001.137970794692,965.8133572230497,987.9392098350125,1190574
2021-10-04,988.3712158203125,993.5067101621798,966.9651789626445,984.867521378161,835807
2021-10-05,1000.322021484375,1006.8494552712511,985.0115063969372,988.3711908391393,1160213
2021-10-06,977.1402587890625,1023.1199061693623,974.7404841265757,1023.1199061693623,1934913
2021-10-07,987.7471313476562,992.1626927560907,973.2044752205063,981.5077179815146,528402
2021-10-08,978.4361572265625,996.1945491077284,975.2684662487198,996.1945491077284,559020
2021-10-11,983.5718383789062,987.4594037051838,975.7485481775944,983.9077834550264,550846
2021-10-12,985.3955688476562,991.3950058086972,972.1967489451146,979.732076921133,598652
2021-10-13,1015.9204711914062,1022.3038945315244,979.7319201053441,985.8273236468315,1527860
2021-10-14,997.0582885742188,1029.2152677187275,995.6184238364049,1027.103512973864,1070723
2021-10-18,976.3723754882812,1023.3119929022383,973.3486358764418,1023.3119929022383,1538818
2021-10-19,967.4451904296875,993.506768219738,965.2853931074707,983.9076690098855,1256910
2021-10-20,952.6145629882812,977.9561479927274,947.9109812661928,974.5004959520181,992533
2021-10-21,938.3118896484375,963.74950097906,930.680594531601,961.8296812559942,1495578
2021-10-22,922.2814331054688,943.5914449012552,914.8421312763896,943.5914449012552,988464
2021-10-25,904.6671752929688,925.5932012069607,892.7162842856867,922.7134712576519,683757
2021-10-26,925.3531494140625,930.0567313889158,897.6117296944608,899.4355819512206,867692
2021-10-27,969.4130249023438,975.2684518175229,921.7534752537168,929.1927769285061,4206753
2021-10-28,945.3673095703125,972.1488211417333,941.6716796248239,967.7332587194674,594357
2021-10-29,918.2978515625,953.7184925794056,913.354292022192,945.0313194911697,1341226
2021-11-01,935.1441650390625,938.3598395237258,913.6421614822287,917.8657881556859,621347
2021-11-02,921.849365234375,936.4879898787365,919.5936006097224,934.9521576136426,347373
2021-11-03,921.5614624023438,929.4807188592886,910.0425439195147,922.5213722759128,519455
2021-11-04,932.744384765625,934.9521656362339,922.7133154187164,923.4332477844528,71965
2021-11-08,932.3604736328125,943.0155086698256,919.5936836875766,934.3763195746396,476554
2021-11-09,921.8014526367188,935.9121396912522,911.9143925196817,934.0882874709129,639253
2021-11-10,937.5440673828125,941.6716684831816,919.5937394565627,919.6897070170289,870398
2021-11-11,912.5382690429688,945.7511244779445,907.7867038453242,939.6076783614401,1920420
2021-11-12,882.7330932617188,919.4016620235466,874.477891812727,919.4016620235466,2401940
2021-11-15,885.3248901367188,888.4925810929484,873.80597132261,884.461006378611,734590
2021-11-16,897.65966796875,906.1548462167342,886.3807278807769,889.6443860298821,1688451
2021-11-17,884.7009887695312,894.6360328666013,882.1572040819814,892.7162130535829,409606
2021-11-18,882.6851196289062,890.5563923731906,874.669895555377,886.9567303183273,453443
2021-11-22,875.1018676757812,887.2926763109722,861.9990743464622,883.1170917580682,566677
2021-11-23,876.061767578125,881.1492781789511,867.7585237551243,869.8703371898773,422645
2021-11-24,877.213623046875,887.1967092642667,869.6783539014613,877.5496266588375,671741
2021-11-25,881.1973266601562,885.9968763696343,861.5191728512966,879.4695004823949,612233
2021-11-26,861.4711303710938,884.7489448759085,854.7997450118578,880.0453630458214,555686
2021-11-29,876.5897216796875,887.2926817808732,841.8889557836695,851.4400708895392,1398906
2021-11-30,886.0927734375,894.012029828141,876.9736297149439,876.9736297149439,2253997
2021-12-01,900.7794799804688,909.0346817436854,889.836483607599,891.7563034212077,1843746
2021-12-02,887.004638671875,906.4428121152903,877.3575569027919,902.2192441496678,1113713
2021-12-03,876.4937744140625,890.7004889094292,874.5739544647703,890.7004889094292,947193
2021-12-06,851.1520385742188,889.0684759948058,848.2243253771136,876.3976548100238,864223
2021-12-07,863.2470092773438,865.3588228922357,848.8483599779721,860.5592731257784,1587575
2021-12-08,866.55859375,872.1260590124117,862.4789769973692,864.8787515577402,794353
2021-12-09,890.50830078125,898.4755401137555,867.9504213018982,871.5980666915492,2071868
2021-12-10,905.1950073242188,907.8347594664687,886.0447937018838,889.0685332273968,1847909
2021-12-13,891.8522338867188,921.4654884330424,886.2367846007462,909.0346439392437,2373494
2021-12-14,893.38818359375,895.4039710115056,878.509579678332,888.2046465363034,566133
2021-12-15,886.23681640625,893.1961631909186,876.6857011703305,890.8923559924176,891863
2021-12-16,875.9178466796875,891.948354879038,872.8941068421489,888.6366537684611,604811
2021-12-17,862.958984375,878.269558718658,857.1995250799499,874.6698966592518,837940
2021-12-20,855.519775390625,865.3588527513587,836.2735918806947,858.1595278532609,1297082
2021-12-21,899.3396606445312,909.9946377141099,862.0951075046162,863.9189598551677,2962529
2021-12-22,919.7376708984375,924.3452265844542,895.5959140876769,903.2751930937876,1297628
2021-12-23,926.12109375,928.9528397764499,911.1465221963964,920.7936053273672,770115
2021-12-24,927.512939453125,936.8720609637775,922.5693800404032,926.1210583826086,678167
2021-12-27,916.6659545898438,925.49713723207,913.9782186347965,924.1052561839161,406673
2021-12-28,928.9048461914062,930.1527173763246,912.8743387253712,919.593708200742,551091
2021-12-29,922.2333984375,933.8482843137737,919.9295913370953,926.600976584946,329919
2021-12-30,912.2504272460938,926.7930868973408,908.6507648164044,923.865373172178,378306
2021-12-31,929.5286865234375,935.0962105642334,914.7461098796554,916.7139133687134,766542
2022-01-03,919.2096557617188,936.8720205683893,917.8178333394646,934.856233303695,365511
2022-01-04,911.6264038085938,921.513463627784,896.5558073211981,921.513463627784,781428
2022-01-05,916.281982421875,917.9618247452149,903.4672087048389,911.9144040988411,280753
2022-01-06,911.0025024414062,917.1939331742044,896.0279310493733,913.7382808801206,399966
2022-01-07,919.16162109375,923.4332314391581,898.4755765353971,898.4755765353971,748205
2022-01-10,893.72412109375,924.1532773365294,891.3723300673751,920.5536151292981,811201
2022-01-11,878.365478515625,900.3954208390921,876.0617300758076,899.2435173250602,619574
2022-01-12,887.8687133789062,888.8766071012732,872.2701768072046,883.1171474440296,599785
2022-01-13,887.292724609375,892.5242454705789,879.2775000907917,890.604425601385,411748
2022-01-14,881.9172973632812,887.388795987023,872.5581750239157,879.1815773455382,690471
2022-01-17,887.8687133789062,897.3238028809133,871.5982281295422,885.0369673297774,1342109
2022-01-18,891.180419921875,909.9946314834896,888.108696367993,888.8766126094001,1309979
2022-01-19,899.9635009765625,905.770944063243,892.2842218964561,896.3158551311619,986677
2022-01-20,866.55859375,903.0351670676405,864.1588191896288,903.0351670676405,838602
2022-01-21,855.4718017578125,863.8710142385703,848.2724767743057,862.9590880230081,844538
2022-01-24,826.2904052734375,854.9917338528281,819.7150460921143,854.3197852254505,1449993
2022-01-25,858.5914916992188,865.1668516144379,814.72359397882,820.7230313424343,1244694
2022-01-27,844.144775390625,855.279706609273,835.553570211524,855.279706609273,801632
2022-01-28,845.632568359375,864.0148062749206,842.4648776683543,850.4321174634202,1023782
2022-01-31,852.68798828125,863.391007551278,848.7043971818148,849.8562422396134,399856
2022-02-01,864.3027954101562,868.7183569938329,850.0001161525294,855.2796199795637,813871
2022-02-02,873.8060302734375,877.3097250844039,859.8393519867268,870.6383391035013,728598
2022-02-03,886.2848510742188,892.2363045218702,868.8144781491467,873.8060216403464,884886
2022-02-04,875.7738037109375,891.9483212307595,871.4542090135537,886.9567778627987,781566
2022-02-07,853.7438354492188,875.4377744059984,850.2401410966153,875.4377744059984,881015
2022-02-08,842.7528686523438,858.543397479824,838.04928692901,852.3999509744386,1308258
2022-02-09,825.5225219726562,839.873186833901,814.0515868392232,839.873186833901,1538750
2022-02-10,818.8990478515625,830.2740144249173,815.1554346889332,826.0983715353644,711095
2022-02-11,791.9256591796875,817.8432262073864,787.4620547562838,815.9234064275569,1853146
2022-02-14,767.6878662109375,787.7019622010826,762.3123947406009,772.7273926849699,1708417
2022-02-15,781.126708984375,801.2848176033266,771.0956384539604,774.6953007073446,2517405
2022-02-16,796.9652099609375,812.9957173200786,782.1345900001116,782.9025062173829,895517
2022-02-17,799.5570068359375,805.5084602604535,793.0296308750909,805.5084602604535,598651
2022-02-18,792.3097534179688,803.3487186406495,762.0245454364427,796.7253160717379,376013
2022-02-21,776.5670776367188,792.3096227941963,769.6557149190884,790.0058156922368,548546
2022-02-22,749.5936279296875,762.1684235734976,734.331037825851,756.408964453295,1867712
2022-02-23,771.2396240234375,773.6873825607873,749.2576637883332,753.5292745784343,882666
2022-02-24,740.2344970703125,764.1362169501228,735.8668604246525,739.1305773182397,887861
2022-02-25,747.1458129882812,758.2808024709192,737.210769413901,744.6980545731112,1150389
2022-02-28,737.1627807617188,746.8098630331217,712.3010922203042,746.8098630331217,2644457
2022-03-02,722.1402587890625,732.4113071867904,718.9725676053814,729.5315772764885,1483184
2022-03-03,704.3817749023438,725.6917834351515,700.7341295074875,725.6917834351515,2003112
2022-03-04,693.1029663085938,705.5338118541509,682.5439568794841,701.7421558415018,1833048
2022-03-07,638.052001953125,702.7979242189646,633.5883983243659,676.8323194487645,3263788
2022-03-08,672.94482421875,675.7285863662898,633.5885182870869,638.3400840135598,3176686
2022-03-09,673.8567504882812,678.6562999931836,666.6094424535289,674.6726504688143,2756142
2022-03-10,682.3518676757812,708.2214488742541,678.8482320085056,678.8482320085056,2212776
2022-03-11,681.0081176757812,683.5038600809073,670.9770470994902,680.0961915164361,1691259
2022-03-14,681.5360107421875,685.3276664632622,671.840944447211,681.5360107421875,1006751
2022-03-15,695.5506591796875,711.2932042750555,681.1520113198686,681.1520113198686,2483379
2022-03-16,717.2926635742188,719.9324157653584,691.1351191347441,703.613947674677,1324407
2022-03-17,716.5726928710938,734.2350572961153,709.7573564679668,723.7720166440786,1872618
2022-03-21,693.294921875,723.4361160224843,691.1351246105919,721.0843250613676,1519162
2022-03-22,671.2650146484375,692.0950722293002,663.5377512878,691.1351622816868,2803453
2022-03-23,666.5134887695312,679.2803387111016,659.4101898830015,679.2803387111016,2683742
2022-03-24,667.1373901367188,675.0086631480685,657.5382909980609,663.2977504812557,2017206
2022-03-25,657.394287109375,672.3689170560723,653.6026897854064,671.9369458732176,1704500
2022-03-28,661.1380004882812,666.0815603337682,640.3559259305524,660.6580454970011,1637418
2022-03-29,667.473388671875,671.3130286351003,656.9143787730055,664.2577136379764,1992992
2022-03-30,698.6223754882812,703.613918414327,671.0249673649362,671.9368934379659,2980050
2022-03-31,717.3406982421875,719.932466840464,698.8624315932823,700.7342677247183,2639682
2022-04-01,722.8121948242188,725.1160021474063,709.4694230382444,719.9324649643613,1290173
2022-04-04,739.7545166015625,743.930100828982,722.8120850635141,724.7319046785567,1286677
2022-04-05,739.9944458007812,752.9532273573178,735.2908646153344,743.9300523196921,978539
2022-04-06,722.2842407226562,736.2509185285924,718.8765721785381,736.2509185285924,1218462
2022-04-07,750.2174072265625,759.7205366020377,722.8119972682365,728.6674229475976,3504782
2022-04-08,779.1110229492188,799.3651017621047,759.7208280366167,759.7208280366167,6265030
2022-04-11,779.6868286132812,784.1023907878557,771.1916492991481,780.3107934934555,1576113
2022-04-12,773.7833251953125,783.0464789051257,769.1277857465302,777.5269971353379,1277820
2022-04-13,754.8251953125,779.4469099296948,752.7614239921176,775.7032375427597,1078826
2022-04-18,764.424072265625,774.21516300148,749.3054943698637,754.8249751889512,1581680
2022-04-19,743.9781494140625,773.2554010939763,734.8590054481876,767.9279129157732,1004353
2022-04-20,768.3118896484375,771.4795805276184,741.6743905387242,747.2898398887154,1030275
2022-04-21,766.008056640625,780.7426493324358,761.016513726821,771.7675157131109,832196
2022-04-22,765.0962524414062,773.0634937097911,756.5530886093335,763.0324810979774,453216
2022-04-25,730.6354370117188,757.8008752109217,719.2124858728657,735.2909765480349,2871354
2022-04-26,761.9765014648438,764.5202862505276,735.291016752067,735.291016752067,1228628
2022-04-27,760.2486572265625,767.9279365924874,746.7619345578073,746.809918336194,718655
2022-04-28,770.8077392578125,776.2312542582546,734.3791426026343,744.8901689465287,1705372
2022-04-29,751.0335083007812,775.3192163774779,747.5777976039722,770.9996219476534,945798
2022-05-02,740.9063720703125,760.296562176526,737.2107426939291,749.6895703697378,922151
2022-05-04,725.2598876953125,754.1051674571936,720.0283672068327,743.9301463106952,702967
2022-05-05,731.4992065429688,750.6494175970113,729.531403291213,731.4512227735584,907000
2022-05-06,725.787841796875,739.0826288787572,717.4366726543551,724.5399706619899,891772
2022-05-09,726.98779296875,733.9471402572287,718.6366230931795,723.6281080708637,642095
2022-05-10,740.3786010742188,757.7530079262963,724.0121466333053,725.4999954755231,1278879
2022-05-11,749.4496459960938,756.6969539419346,733.4671229055456,739.6105696317518,1026366
2022-05-12,740.3304443359375,753.817165510243,726.0277646664669,748.7296552117099,1509515
2022-05-13,765.2401733398438,794.8533699071086,745.4180107456147,748.4417503238021,4061765
2022-05-16,765.3841552734375,776.5191455565342,741.098445888271,770.8076697850593,1772749
2022-05-17,786.7421264648438,791.4457083853937,759.0007656537699,769.1757871049284,1924331
2022-05-18,797.109130859375,804.5964156709983,787.1740291579702,793.8454140651633,1283672
2022-05-19,763.704345703125,786.7421848928211,754.4892334625484,784.2944261965669,917614
2022-05-20,727.9956665039062,760.104604681626,723.2920847207215,743.9301468594017,4115079
2022-05-23,722.3802490234375,737.0188763256787,720.3164777042718,737.0188763256787,1817765
2022-05-24,732.3633422851562,736.2989498287209,718.1086437087441,724.7320461084819,1175865
2022-05-25,724.587890625,740.4264023584502,719.3083867138499,737.6906828579704,838878
2022-05-26,748.6818237304688,751.4655276054483,719.9325072243258,729.3396136010722,1747144
2022-05-27,752.6653442382812,755.8810776206757,742.0103675700534,751.6094667624216,1095717
2022-05-30,764.5681762695312,768.2638056636587,752.6652709940041,756.4089427500196,974857
2022-05-31,736.202880859375,763.5603119442426,730.7793667002335,763.5603119442426,6437056
2022-06-01,735.0989990234375,748.729731493926,729.9635044286196,748.729731493926,1200368
2022-06-02,738.2667236328125,742.2023896048773,724.8279842504778,734.3311162490019,1150066
2022-06-03,732.7471313476562,751.5134150375447,730.6833604053871,748.297682015307,655547
2022-06-06,729.675537109375,733.8991055348838,713.1650750395652,730.2994433941514,864750
2022-06-07,719.740478515625,724.7320220407086,715.1329224110303,724.7320220407086,1043606
2022-06-08,718.1084594726562,724.1078954012416,714.4608141457246,719.7403177628797,881007
2022-06-09,732.3633422851562,734.3311460569386,706.3017624897936,717.0527661497165,1018160
2022-06-10,719.8843994140625,728.2836105512631,714.6048952706792,718.0125635001226,1324588
2022-06-13,708.7014770507812,718.4445861030391,705.0538310990288,709.3734257075321,825363
2022-06-14,707.549560546875,711.0532551007954,703.3739759366963,705.6297407558502,822474
2022-06-15,712.0610961914062,718.0125488217492,704.0938563646431,713.2129996986091,611045
2022-06-16,712.1571655273438,717.7246311302679,700.7821982625316,716.9567149416317,1078506
2022-06-17,696.2227172851562,711.2933161327458,680.0962408637657,710.3334061244695,2910365
2022-06-20,728.5715942382812,732.6032274260243,688.7833182503064,694.9747486541709,1671813
2022-06-21,731.4512329101562,745.0819631413535,715.2287346242275,728.5715036467304,1279545
2022-06-22,731.4992065429688,737.8826297570632,719.9323058794865,727.8995450135714,896052
2022-06-23,743.7382202148438,752.1374323075249,726.2198635643946,726.2198635643946,900315
2022-06-24,762.6963500976562,764.6641535479905,739.0346077428991,747.7697638337714,1328035
2022-06-27,765.2882080078125,776.0392111706656,760.6326681833613,767.9279603715898,1040251
2022-06-28,762.2644653320312,765.2402213201159,739.2266266084247,763.9923501069046,1285196
2022-06-29,736.1549072265625,756.40898217175,733.4671127035762,753.5292525441926,1306038
2022-06-30,727.1798095703125,739.5146882366325,718.9725907790706,737.1149132340322,1793914
2022-07-01,750.169677734375,753.5293627914067,720.4604510123999,726.699866118316,743399
2022-07-04,780.3587646484375,784.2463880244213,751.6094514358897,752.5693613355523,1908043
2022-07-05,798.885009765625,801.9567331459365,782.3265640840905,788.4219684793842,2625698
2022-07-06,844.6726684570312,847.8883429592028,792.2135726985242,798.8849577491342,5321953
2022-07-07,820.9149169921875,862.7189793212008,818.8031036005389,850.5760962604072,4958846
2022-07-08,816.163330078125,830.3220000206741,812.1796808623805,825.5224508876065,850364
2022-07-11,824.5625610351562,826.0504095847996,802.0526633381419,814.9634625364932,666706
2022-07-12,822.1148681640625,827.9223115009987,807.6201931228038,823.4107231293718,904332
2022-07-13,837.5213012695312,842.8008051743822,826.4823385593884,827.8742194883162,925854
2022-07-14,840.257080078125,850.3841760628688,833.3937596703032,842.8008646653187,956770
2022-07-15,839.1532592773438,849.5202746400465,830.9460412230478,842.7049376799299,803607
2022-07-18,824.6106567382812,848.8963675186629,814.9635731553304,846.0166375781847,1127232
2022-07-19,831.1859741210938,834.1616712622189,814.4835190632828,824.5625726285914,666815
2022-07-20,838.4813232421875,842.848901702845,827.4423590552555,834.5457159673649,787604
2022-07-21,841.6490478515625,844.3848264121024,832.2419418869846,834.737684367376,1095011
2022-07-22,847.9363403320312,850.4801248631398,831.3299116883576,846.6404854732385,957945
2022-07-25,833.8737182617188,852.2559571738308,829.3621301416779,851.4400572172086,663666
2022-07-26,808.9161987304688,834.3538146742679,803.9726386117475,833.8738596564605,1120086
2022-07-27,812.3717041015625,815.203449910748,799.7008822116175,804.1165027276392,831755
2022-07-28,817.7952270507812,820.2909692823238,807.5241797042042,813.523616403344,557049
2022-07-29,819.5230712890625,827.4423279076684,815.5874641623889,820.7229586555179,784165
2022-08-01,826.7703247070312,831.8578350874324,811.3637836560563,819.9070045767602,913787
2022-08-02,830.130126953125,842.5609727315838,822.5468733740021,825.5225708335654,782433
2022-08-03,827.2982788085938,835.0255999532109,807.8121206178473,834.8336062660205,1989901
2022-08-04,820.195068359375,829.0742353954051,804.4045379668382,824.2746856461996,1306946
2022-08-05,838.0973510742188,848.5603929291213,820.914998180303,822.0669018340566,1792596
2022-08-08,833.7297973632812,843.520890829393,832.2899324002724,839.9212284218708,640361
2022-08-10,821.9229125976562,847.7924980315197,815.011549089403,834.1617647268477,930246
2022-08-11,840.0171508789062,842.5129518337282,824.4186146172152,828.402264236271,1233848
2022-08-12,830.130126953125,840.881130290934,823.3147896292196,840.0171878861552,810448
2022-08-16,854.1758422851562,900.3475458554304,840.5451679182129,849.2323412146321,8284668
2022-08-17,854.5117797851562,865.8387045572802,850.4801466050445,857.1995157091476,1406779
2022-08-18,881.4851684570312,883.117026854738,856.8154745761574,859.0712977868315,3009209
2022-08-19,869.5823974609375,886.4767881804571,859.119356168391,884.940955783501,866873
2022-08-22,851.823974609375,868.7183635480504,848.4162479701657,868.7183635480504,909867
2022-08-23,854.895751953125,859.0234114827995,842.6569004640138,845.6806401495656,867617
2022-08-24,866.7506103515625,869.006375062661,849.2322555976239,849.2322555976239,1916644
2022-08-25,871.0223388671875,889.5965735359265,865.5028564848496,871.118306429839,2609633
2022-08-26,861.8070678710938,881.5812463070996,855.4237024011146,874.4778898477895,729844
2022-08-29,871.40625,877.1177259798452,844.7207648287429,853.3599544690369,1349280
2022-08-30,887.1967163085938,889.6924585886329,873.8059616182578,876.3977300402987,1888812
2022-09-01,885.516845703125,889.3564851424882,867.7105295207281,873.5179724551152,967020
2022-09-02,878.9414672851562,905.0509680285118,875.1018279301632,889.8364205196503,1861382
2022-09-05,857.6795043945312,886.2848079885284,854.3198197102773,881.6772521392019,1542912
2022-09-06,873.2779541015625,880.2373002595579,866.2706241704714,866.798562851015,1625766
2022-09-07,907.978759765625,912.8262928396745,866.7986033473773,870.2542554071505,3095877
2022-09-08,901.3554077148438,914.2182239758939,891.75630859115,912.8743266632762,777144
2022-09-09,900.3953857421875,912.874213049915,896.219801578361,907.1147542925023,622632
2022-09-12,909.9945678710938,917.6738469248583,901.7393663235968,902.3152888173292,750369
2022-09-13,904.8590087890625,914.7940519197342,902.4111918949664,914.5540744664498,724415
2022-09-14,891.9002075195312,906.1068607369808,887.9645422156453,901.1153180961893,566120
2022-09-15,891.7562255859375,903.323127235684,887.7725763851046,896.3637810187862,830935
2022-09-16,854.4638061523438,887.4366872121632,848.4163270162635,887.4366872121632,1811452
2022-09-19,864.0628662109375,867.8064794352875,846.8324728593129,858.7833620891067,1141496
2022-09-20,886.57275390625,895.5959303374473,867.7585434352114,868.4304920780879,903148
2022-09-21,889.5964965820312,892.7162037456585,871.598186022643,887.916654263155,1587179
2022-09-22,870.350341796875,887.4847105441198,864.2068948339387,887.4367267654605,1291251
2022-09-23,854.7518310546875,873.3260652466212,850.576187597938,873.3260652466212,657299
2022-09-26,836.8014526367188,864.5908558700935,833.6337616945453,850.9121398390373,1253637
2022-09-27,847.8403930664062,852.3999649509977,824.7545723999665,837.6173295109173,2648664
2022-09-28,849.5682373046875,858.4953875732616,840.4970771171644,841.3610194543572,923563
2022-09-29,871.2141723632812,882.541155671103,855.2796919970642,855.2796919970642,1677066
2022-09-30,873.9498901367188,877.3575582130043,861.183101499627,872.9419965632039,667448
2022-10-03,849.5682373046875,884.0770096034945,845.6806139638205,873.9499719711805,460205
2022-10-04,860.6552124023438,870.686282802242,851.440100588881,867.5665755565668,530875
2022-10-06,819.4270629882812,838.0012950620905,802.2446533197505,838.0012950620905,5466789
2022-10-07,796.5811157226562,822.4506962784167,789.381792298321,822.4506962784167,2774124
2022-10-10,798.885009765625,802.4846718703063,774.9832299552403,790.0058432407442,1486784
2022-10-11,791.877685546875,803.4445881508713,787.2220873681996,803.4445881508713,1143209
2022-10-12,806.0363159179688,809.0599968043566,788.133973710089,792.021596900158,1183741
2022-10-13,809.06005859375,816.4513767498221,802.7246765104038,805.3644288098401,1326401
2022-10-14,799.9888916015625,822.4027631406842,797.6371007538346,817.8431913578792,656399
2022-10-17,800.1809692382812,804.4045967615929,791.2538177699151,799.6050466615833,465893
2022-10-18,800.1329345703125,808.1482178805496,796.2932947344876,804.2125518958765,644793
2022-10-19,793.509521484375,803.4445652538269,791.4456918181365,801.7167391967373,784872
2022-10-20,795.0933227539062,797.87708477422,782.1825234609307,792.8855418006823,854690
2022-10-21,787.3661499023438,802.196770600173,785.5903398998896,795.7653621079463,833206
2022-10-24,787.4140625,793.7014604935845,786.1182075978697,791.9256506516655,56411
2022-10-25,788.0859985351562,790.9657281278547,780.4067196212935,790.9657281278547,810608
2022-10-27,802.1005859375,804.6443702809327,789.333797625639,792.8854755169107,1174812
2022-10-28,796.5811157226562,807.2361495436189,793.9413638004,806.1322298499233,543838
2022-10-31,796.0532836914062,806.9962801975659,794.3254575557631,796.5812224289289,748108
2022-11-01,804.7884521484375,806.2763007176502,794.4213787629271,796.725185868207,854774
2022-11-02,800.036865234375,807.0441953256789,796.1972258870034,801.7646912230429,489880
2022-11-03,798.4050903320312,803.9725562506004,792.8856081926755,800.0369489430566,333917
2022-11-04,795.9093017578125,798.5970377086219,787.1261029059402,796.7252017218664,683905
2022-11-07,793.7013549804688,804.9802945661073,788.1818739066456,796.9170878025108,794259
2022-11-09,782.1826171875,800.2289715302875,773.3514923163973,783.3345208714607,2621563
2022-11-10,787.3180541992188,789.333841406704,762.0243950284834,780.214698022682,1868543
2022-11-11,786.166259765625,792.3576907451663,778.0070250794128,792.0697294738922,1388004
2022-11-14,811.02783203125,813.2356129041686,784.8222470204361,787.1260540285008,1564707
2022-11-15,814.7235107421875,816.8833079724319,801.4287823379831,814.9634882122147,1295058
2022-11-16,811.8917846679688,817.3152990580797,801.8607144586779,815.9234179803453,790432
2022-11-17,805.2202758789062,818.8030223699293,800.8526982040773,810.5958056687466,1075790
2022-11-18,805.2683715820312,809.5399234112235,789.2378658674213,806.324248948928,1352814
2022-11-21,805.3643798828125,812.8996489172151,798.6450108015495,801.5247404078051,832098
2022-11-22,808.2921752929688,809.5880889002466,791.2537733935109,805.3644616138115,761892
2022-11-23,814.0996704101562,818.5632754707177,806.9483875800807,811.1239727619542,659879
2022-11-24,828.2102661132812,832.8658643717957,815.4434759125828,815.9234308719192,1376898
2022-11-25,824.8984985351562,832.1938484806518,816.0193325047534,830.3220125728093,585935
2022-11-28,819.81103515625,826.4344368755264,817.9391991409544,825.4745269792979,697065
2022-11-29,830.9461669921875,844.2888816751241,818.5633037811266,821.6830114765692,996831
2022-11-30,846.112548828125,853.2638889268206,832.337807330477,835.1695531050508,1839648
2022-12-01,842.0809326171875,850.9121151300247,829.410110628182,850.4321601955037,1059022
2022-12-02,846.3045043945312,848.4162590983811,830.4179502252618,841.8409003586996,683634
2022-12-05,847.1205444335938,849.5203193470034,838.9133259473839,846.7845993810183,970685
2022-12-06,850.2401733398438,853.2639128869363,840.6890583484355,844.7206915484759,505197
2022-12-07,862.14306640625,865.7427283904855,848.2243734005397,854.7037649721634,894394
2022-12-08,865.310791015625,868.7184594427504,860.1272541206664,865.4067585703184,634696
2022-12-09,886.57275390625,890.7483970945356,866.7986335420309,866.9906272383171,1633865
2022-12-12,859.4552001953125,888.8764584597585,849.856102371773,886.4766840038736,2554635
2022-12-13,841.6490478515625,864.7348708540752,839.9212216275796,861.2312346253817,820574
2022-12-14,851.5840454101562,853.6958002059558,839.0571750184266,843.7607567107023,765882
2022-12-15,866.9906616210938,869.6783977109384,849.5202891547247,851.4880927961331,1303005
2022-12-16,860.8472900390625,868.7665476656157,857.4396212022579,866.7027762855898,1208697
2022-12-19,870.1583251953125,875.3898458730448,862.2390685126194,863.0069847157152,762854
2022-12-20,858.7353515625,869.6783475832847,853.4558472449414,869.6783475832847,588692
2022-12-21,848.8963012695312,864.1109084206405,837.0414373750361,862.9590048166945,828262
2022-12-22,855.6156616210938,862.9589957544154,844.7686915233658,847.1684662612812,864653
2022-12-23,838.3853759765625,852.4960054081766,830.7540801362841,850.2402404550285,485866
2022-12-26,847.6005249023438,854.319894861932,826.9144762444056,838.4333961751282,471973
2022-12-27,853.35986328125,865.7907076529966,846.0165294363877,849.5682076266364,863452
2022-12-28,860.1752319335938,863.9189039526889,850.14422041941,855.9996473331225,696537
2022-12-29,850.5281372070312,861.9510882109826,847.024501299008,860.1752197805534,846820
2022-12-30,839.0091552734375,855.6636255814619,835.4094934964035,854.3197284160711,409872
2023-01-02,857.6795043945312,862.0950665442501,841.8409908830486,842.7529170149963,583078
2023-01-03,856.9595336914062,868.5744196458195,852.0159744414769,858.2553885764465,910340
2023-01-04,853.0719604492188,865.7907669313761,849.6162495728133,852.4000117853411,723326
2023-01-05,879.7575073242188,883.8851085705546,851.4401625712843,856.1437449655489,3020912
2023-01-06,880.6693725585938,893.6761403269041,877.1176941178396,883.165114928717,2310792
2023-01-09,871.6942138671875,887.9167156753691,862.2391241680003,882.301265827751,1369036
2023-01-10,875.1018676757812,877.3576324639938,863.9188941111537,873.5179929346109,929638
2023-01-11,864.3988037109375,878.2695125009055,858.2073735769244,875.1018217729734,988903
2023-01-12,878.4616088867188,880.2374188482213,865.9347372440666,866.7986796291646,914454
2023-01-13,880.4293212890625,888.2045675959446,875.7257396146664,882.877079675433,1206142
2023-01-16,887.1967163085938,892.4282369295511,880.4293632981122,881.8212443570092,1043953
2023-01-17,892.0442504882812,897.9957035334646,874.8618985827076,887.8206821184657,1069191
2023-01-18,891.8522338867188,895.5959058028662,884.1249711759515,894.6359959359821,448425
2023-01-19,891.9962158203125,896.6997974557937,884.8448758187124,891.2762834427335,964494
2023-01-20,895.02001953125,908.2667645125746,892.7162123222148,896.555851945106,1616181
2023-01-23,889.6924438476562,898.3316327191528,878.3655190448994,895.0199905223451,578881
2023-01-24,892.1402587890625,896.4118108503809,887.8206643635278,890.7963615324854,418065
2023-01-25,877.5496215820312,891.6122661321151,876.2057243184553,890.1244175398876,404812
2023-01-27,870.7341918945312,888.0606113664996,860.6071548063933,879.2294291262679,1047819
2023-01-30,867.5665283203125,875.7257622109107,855.9996261107025,872.174083976177,1056310
2023-01-31,876.6376953125,883.1170869833014,865.4067380321277,869.1504099883349,2617690
2023-02-01,892.42822265625,901.3553727776116,862.5270066096376,889.8364542756613,2678949
2023-02-02,902.0272827148438,910.8584649051696,885.3728119422284,891.6602682254379,1061085
2023-02-03,897.5157470703125,911.386456697231,894.6360174005682,904.5230775490404,1378549
2023-02-06,899.7235107421875,906.7788834499004,886.332756318558,905.674963662495,675653
2023-02-07,902.8911743164062,904.7630102267156,893.1961083435697,900.6354096220895,609325
2023-02-08,902.9872436523438,908.0747543427451,899.7235265967844,902.8432337337971,602539
2023-02-09,903.1311645507812,908.8426399114315,900.2034512077331,902.9392294501864,614802
2023-02-10,902.6992797851562,912.0584011690472,899.7715077636981,904.2351121666999,746288
2023-02-13,886.812744140625,904.7630711190533,882.7811694018533,902.699299971968,546626
2023-02-14,893.2440795898438,897.5156900462157,882.1571327833927,886.6687206969962,719482
2023-02-15,897.9956665039062,900.2514312207014,887.1007131195161,893.2441010190794,564718
2023-02-16,895.02001953125,900.0595465362948,891.7563024164921,894.8760096100912,361273
2023-02-17,904.3310546875,912.7783083169146,886.572722296807,892.7161688294271,656515
2023-02-20,890.50830078125,915.4659546732988,886.8126130327512,909.6585123122205,808796
2023-02-21,899.6275634765625,911.194465970068,890.5564032696661,890.5564032696661,901349
2023-02-22,892.6201782226562,906.1548834490435,887.9165965999632,898.379637227629,805179
2023-02-23,896.8919067382812,902.2674380211362,880.7174462827246,892.6203540056637,779354
2023-02-24,890.6044311523438,907.114893847968,885.9968751552111,898.4757043827493,411170
2023-02-27,877.357666015625,890.316449922858,866.222734389896,885.9968552871137,480986
2023-02-28,886.2848510742188,889.9324971910844,877.8376551750945,878.3176101533203,1066639
2023-03-01,875.48583984375,898.5236781612475,871.9341613854853,886.3328103339213,1015922
2023-03-02,875.8698120117188,879.4214904081877,867.7585615275772,876.3977507463252,573501
2023-03-03,888.636474609375,895.8837816962641,875.4856989682606,877.6454959629904,1160854
2023-03-06,879.0375366210938,888.8766136075707,869.7263983894112,888.8766136075707,1497749
2023-03-08,883.64501953125,888.8765400428888,871.2141749911862,874.4778919860385,1054113
2023-03-09,868.2864990234375,888.2526134717423,865.8387404659346,883.6450576126337,886042
2023-03-10,879.6134643554688,882.9731491999797,858.3514939924441,859.119410239253,1259736
2023-03-13,878.6535034179688,885.1809376077393,868.6704756121887,877.3576484884338,867341
2023-03-14,878.1256713867188,882.109321390543,868.2865937174798,868.6705811593873,754635
2023-03-15,871.0223388671875,881.7732837673975,869.2944540334164,879.7095124643463,616275
2023-03-16,894.971923828125,901.2113378434757,869.0543579182066,869.0543579182066,1306258
2023-03-17,909.4666748046875,918.5378353599258,887.5326977534418,896.5558745298354,2433451
2023-03-20,921.5134887695312,924.9691409171171,905.1470369626807,916.6179717957431,1767861
2023-03-21,905.7709350585938,925.35311995349,903.323176593794,922.6174002436991,1258265
2023-03-22,913.306396484375,915.4661940204779,904.2352351150912,910.090662777667,725365
2023-03-23,914.07421875,918.6337908571804,905.3390619378605,910.4745565601208,1018638
2023-03-24,913.0663452148438,917.6259174226988,905.4830332654258,913.8342614479898,952163
2023-03-27,923.0493774414062,926.8410334326248,910.4265968481761,911.9624293211555,1430957
2023-03-28,920.169677734375,925.2572474676949,914.1222566152131,925.1132375362782,692534
2023-03-29,927.5608520507812,930.200604069164,914.794063097707,916.8098502946281,1282377
2023-03-31,929.3367919921875,933.992331566236,918.777783105005,928.1848883959357,1023170
2023-04-03,925.8330078125,931.1125117450752,906.3948342425641,931.1125117450752,839394
2023-04-05,930.6806640625,933.8483551245663,912.7303365931205,918.825799822194,1063638
2023-04-06,928.8568115234375,939.3677777563004,921.8974649480859,934.0402896817844,1339417
2023-04-10,926.8410034179688,929.1448106410851,918.2978403577696,926.3610484621738,663976
2023-04-11,925.2571411132812,931.3045615373178,919.2577044647832,926.8409572355357,566811
2023-04-12,930.0086669921875,932.4084417004176,916.329951155276,925.353127493521,1064336
2023-04-13,924.5852661132812,940.6637576115442,923.0493750560177,931.0166744302371,778427
2023-04-17,935.6721801757812,937.8319774626707,924.9691612965619,927.2729685045445,868520
2023-04-18,930.5845947265625,939.7517218688184,926.4089518206736,937.3999310719264,566779
2023-04-19,929.0487670898438,931.3525742697948,923.3853338705272,924.2972599871016,658666
2023-04-20,936.0560913085938,938.1198622838597,925.8330282149344,931.1125322638532,628811
2023-04-21,947.5751342773438,951.0307866755338,933.1284426028376,933.1284426028376,1384698
2023-04-24,949.9267578125,952.3745747843326,940.9516242099382,950.8386838815899,1195669
2023-04-25,924.5852661132812,952.4226543789305,913.6422693597593,949.926853381472,1484258
2023-04-26,937.01611328125,939.8478007394344,921.561528062714,924.3932741091519,1048158
2023-04-27,915.3699951171875,939.751728358729,905.1949743026369,939.751728358729,1791089
2023-04-28,871.1182250976562,905.3870198852637,861.0391712535512,895.595927290483,5510898
2023-05-02,886.332763671875,891.7562779255595,865.838711182836,875.3898262001192,2916163
2023-05-03,901.54736328125,917.7218211852249,881.2452460580777,889.8364511280424,4347263
2023-05-04,894.1080322265625,907.5467699871774,891.0363090207726,907.5467699871774,1254490
2023-05-05,899.0996704101562,902.8912678096126,889.9805259631792,897.4678117914676,659303
2023-05-08,905.6749877929688,910.2345598035852,895.1639627034766,898.5236473428781,1486588
2023-05-09,913.1622314453125,916.7139096190779,903.7551266035202,908.12270471704,1069335
2023-05-10,923.8654174804688,928.2809801706877,910.0426896522259,916.7140760595255,1858976
2023-05-11,943.2073974609375,949.3508439511276,933.848276400752,945.5112045418207,3042774
2023-05-12,959.1420288085938,963.5575911205085,938.2160037242203,943.5434922015803,1818352
2023-05-15,969.2211303710938,975.6044966631686,960.86990172536,962.3097667129604,1249138
2023-05-16,971.6688232421875,983.9076748068583,968.5491159806048,969.2210646469039,1359065
2023-05-17,977.5242309570312,981.9878354626163,970.3249066501205,971.6688039560444,1456688
2023-05-18,968.3570556640625,981.5078324720466,965.6693197720087,981.123845092504,691877
2023-05-19,969.2691040039062,973.9726863494528,963.6056116766772,969.5090814993268,554652
2023-05-22,976.13232421875,979.0600374665737,961.8296443947472,964.6134063218069,610807
2023-05-23,974.9804077148438,990.4829160248823,971.3327621470844,983.9075572483258,732920
2023-05-24,981.747802734375,984.1475773682894,974.3085013692404,979.443995650518,489848
2023-05-25,988.1312866210938,993.5067586917583,979.1081100150661,980.5479748827354,536188
2023-05-26,1007.857421875,1009.8252841757943,988.8992000475552,990.8190199794484,1192030
2023-05-29,1005.3614501953125,1016.496379826436,1001.9057985410304,1016.4484546449704,504045
2023-05-30,1005.1694946289062,1010.0169684470956,998.6420616110415,1005.3135045233333,460823
2023-05-31,1015.9204711914062,1022.3038945315244,998.8820729492141,1000.8978600101766,1442220
2023-06-01,1011.93701171875,1026.1437256991253,1008.9133891494291,1025.471835611833,799780
2023-06-02,1018.4163818359375,1021.5360890731271,1011.9369898817746,1013.2808872038647,529865
2023-06-05,1010.01708984375,1026.1436220753067,1006.177450472093,1020.0482180081003,803273
2023-06-06,1012.8489379882812,1020.0961873098041,1001.4740292931231,1020.0961873098041,418521
2023-06-07,1022.6399536132812,1025.0397282813449,1010.3531776186946,1012.896845025644,452303
2023-06-08,1015.5367431640625,1031.807288058645,1007.6655279917699,1028.015573232072,789816
2023-06-09,993.8427124023438,1016.0646504893482,985.9234555610238,1009.9212035650236,553616
2023-06-12,1002.241943359375,1007.713500314766,986.787416784721,994.5147386603011,546812
2023-06-13,1013.136962890625,1024.2239702640893,1002.2420078231186,1003.105950258644,952216
2023-06-14,1026.6236572265625,1030.2713617852994,1006.1296039140492,1015.20070576789,922595
2023-06-15,1034.4949951171875,1041.6463951649641,1019.6163896139761,1025.1839146728817,1241860
2023-06-16,1027.1036376953125,1038.6225569965684,1006.2736388294775,1038.6225569965684,1629502
2023-06-19,1023.98388671875,1039.8704424482166,1021.6321543322979,1028.4954163820871,1017828
2023-06-20,1028.9273681640625,1031.519077829306,1014.7686981997475,1017.6003853220134,715271
2023-06-21,1020.9598999023438,1033.4387255918787,1011.8407580522991,1028.927197020867,1129047
2023-06-22,999.1702270507812,1023.1679742795131,996.6264424092357,1023.1679742795131,570936
2023-06-23,994.418701171875,1002.5779360368406,990.2431161762833,1000.1781610765566,611409
2023-06-26,990.9150390625,1001.1860281470027,988.2752868310481,995.7145885742306,758366
2023-06-27,995.7626342773438,1007.9055194469362,991.1551364943531,995.9066442154251,664187
2023-06-28,1026.239501953125,1038.1424064237005,989.8588985793554,1000.657883389588,2761494
2023-06-30,1037.66259765625,1045.341876824844,1028.1594662498148,1029.023408591582,1448778
2023-07-03,1018.4163818359375,1040.7823298223902,1014.6247845259549,1034.926902750966,1022960
2023-07-04,1019.3284912109375,1028.0156067354903,1009.9693683549131,1022.3041888888314,914361
2023-07-05,1052.9732666015625,1055.9010390805295,1017.5046376594192,1017.5046376594192,2106111
2023-07-06,1036.606689453125,1057.8687164556945,1027.1035583286168,1055.900854356522,841472
2023-07-07,1020.0001831054688,1048.1735137657574,1017.5044409309372,1039.3904323800498,773991
2023-07-10,1012.5609741210938,1025.1357708668504,1006.3215595274391,1017.5045337344444,501316
2023-07-11,1019.2803344726562,1031.6631959896192,1011.4570451175457,1015.2966848327897,613630
2023-07-12,1025.519775390625,1027.1036502492082,1013.3768910434986,1020.1443030863046,630952
2023-07-13,1011.3610229492188,1031.471205177817,1007.905370827396,1025.5196936346513,447833
2023-07-14,1020.3358764648438,1026.5273637757693,1014.480451259706,1014.480451259706,877678
2023-07-17,1018.5604248046875,1027.5836017726024,1015.5847273941273,1020.288309585791,674454
2023-07-18,1000.1781616210938,1022.1601237045653,995.9066090600674,1020.1443361721316,569179
2023-07-19,1002.0499877929688,1008.5293797456599,996.4345382026039,1002.913930155295,360529
2023-07-20,1017.8884887695312,1019.4243211853576,998.6902906304473,1002.049975304787,1332100
2023-07-21,1014.1927490234375,1038.4304715442452,1002.1938764883843,1022.2558976258016,2423119
2023-07-24,994.8505859375,1014.2407179192221,988.8990745977228,1014.1927927329102,1056031
2023-07-25,993.3627319335938,999.122191306656,987.6032725605317,996.72241656788,1113858
2023-07-26,996.9146118164062,1002.0501070585473,992.162986846318,994.9467493778064,1064454
2023-07-27,988.6591796875,1002.0019510709125,982.9477625083705,998.9302861836757,1866020
2023-07-28,994.418701171875,1001.1861134304805,987.9393087791083,1001.1861134304805,1481068
2023-07-31,994.418701171875,998.7382961003863,988.8032512001129,998.2104159150308,773878
2023-08-01,979.5401000976562,998.3063275174736,975.8444117130294,994.4666877962526,507701
2023-08-02,978.8201904296875,983.8596590928194,971.6688495648319,980.6439841867605,1060526
2023-08-03,973.8285522460938,979.1080564721692,968.0690930903751,979.0120889215398,714395
2023-08-04,976.75634765625,979.9240387403623,969.029084357479,979.9240387403623,597861
2023-08-07,989.3790283203125,993.4107199668532,969.5569252150942,976.7562490376729,1298516
2023-08-08,968.9810180664062,1004.9775791602408,958.9499483306829,992.5467933672934,2008417
2023-08-09,977.8602294921875,986.6914123137209,961.9256899561435,968.3091142437072,1032480
2023-08-10,985.1556396484375,990.6270795544428,978.8681825345378,978.9161663149274,649973
2023-08-11,979.2521362304688,987.6513480982899,973.3006829607621,985.827495800262,660411
2023-08-14,994.0347290039062,1001.8099756427503,974.3085339822373,978.2921834431789,1164097
2023-08-16,999.7462768554688,1002.4340717579474,987.9393368448509,993.4108942156435,720033
2023-08-17,984.003662109375,999.3142960524245,981.1719746395654,999.3142960524245,679224
2023-08-18,985.2994384765625,991.538852627039,974.30851734363,979.5880216248024,1060254
2023-08-21,985.2515258789062,992.4987751788614,978.2921792375226,988.7071780172589,752032
2023-08-22,995.8583984375,998.3062153553624,981.6997871445042,985.2514652052445,530261
2023-08-23,982.4677124023438,998.7861795355532,980.9798638813769,998.3062246198705,822174
2023-08-24,1000.0342407226562,1005.9856355893179,984.723606592658,986.4514913869835,849525
2023-08-25,989.0431518554688,999.0262383499472,986.0674545712067,998.306305917795,262243
2023-08-28,986.8833618164062,993.2667861970662,977.4282725732425,991.4909762866654,323454
2023-08-29,972.7246704101562,991.5869233160868,966.2933209727047,991.5869233160868,635507
2023-08-30,979.6360473632812,983.7157230708252,972.9166779903289,975.2204852106418,333967
2023-08-31,964.8534545898438,979.0121255439595,961.8297149846815,975.7963922421084,1212859
2023-09-01,965.04541015625,971.3808507517874,960.9178092370638,964.6134975648569,310557
2023-09-04,961.0618286132812,970.0369629765961,955.1103753607198,968.4531467533211,624466
2023-09-05,968.6451416015625,970.7089715028536,957.9901642124578,961.0618878794876,399675
2023-09-06,971.332763671875,973.3485508448354,961.7336655373106,969.0289566842813,599424
2023-09-07,973.6846313476562,987.6513679477332,972.1008150879877,974.3085962485357,569087
2023-09-08,979.39599609375,982.467719293313,970.3728787685769,976.420299030945,321006
2023-09-11,992.4508666992188,1001.1860233332692,973.6845813279803,979.5880506343252,874945
2023-09-12,971.3807983398438,1005.1696372615068,965.3333779158661,1005.1696372615068,745691
2023-09-13,963.4135131835938,974.3084661929158,959.957802682573,971.3807529628916,614283
2023-09-14,966.1973266601562,969.3170339272845,960.1499058292198,966.1973266601562,828717
2023-09-15,961.8778076171875,970.9969526535439,951.2708137925506,970.3730463040106,1450898
2023-09-18,953.478515625,966.7252608562356,952.5665894797088,964.7094734514886,707389
2023-09-20,950.4067993164062,956.7422400144152,938.0719801374669,952.1346840629332,844213
2023-09-21,947.9110717773438,950.7428178360002,940.1358246492057,949.5909141830251,478136
2023-09-22,946.6151733398438,951.7506678804997,937.8319743008051,945.5112535171884,1479506
2023-09-25,937.6879272460938,951.4146851723756,933.0323878408294,947.4310358013361,557733
2023-09-26,939.4638671875,945.463304294567,932.6004877017141,935.9121887024656,708234
2023-09-27,959.8139038085938,961.4457037193073,934.2322823015387,946.4231493854659,1179180
2023-09-28,950.8388061523438,970.4689766963452,948.2950798925912,959.7179733476368,1285424
2023-09-29,951.8466186523438,959.9098851226742,949.6388376342115,951.3666637097824,1041991
2023-10-03,953.0945434570312,966.7732592494672,947.1430904823214,951.2706912494066,1193081
2023-10-04,950.7427368164062,961.1577354087927,948.1989522407043,951.9426241467849,727158
2023-10-05,937.4479370117188,955.3982629423105,933.8482750706207,951.366629850631,1329465
2023-10-06,932.6964721679688,949.2068754781968,926.505041632508,930.632642460065,1049194
2023-10-09,927.7049560546875,935.0482318067787,923.2893352594884,927.1289749483996,500836
2023-10-10,935.8640747070312,938.8397716627965,926.3129604438728,931.9764517202266,695490
2023-10-11,946.3270874023438,950.982685255056,935.4801179844599,935.8641053537598,535266
2023-10-12,937.8319702148438,945.5112493977698,933.7523531489143,945.4152818432834,726290
2023-10-13,943.5433349609375,946.6150579908386,931.1124915265171,937.68785011901,519593
2023-10-16,946.9990844726562,949.5428691009056,939.1758540699312,943.591416101638,500836
2023-10-17,957.174072265625,967.3490926227372,946.5190384244003,947.9109193400675,1231593
2023-10-18,959.3819580078125,966.1972948393193,956.3102346206157,959.9098967333658,569038
2023-10-19,944.4552612304688,958.9498755537921,939.2237411827217,958.9498755537921,950305
2023-10-20,948.5349731445312,956.11822605787,940.951661642943,940.951661642943,764123
2023-10-23,941.527587890625,954.8703587362633,939.175855541417,952.614593940319,744252
2023-10-25,935.9121704101562,950.310819185697,933.8003568720932,943.351472277519,720572
2023-10-26,925.1610717773438,937.9278606516051,921.3214325015812,937.9278606516051,652068
2023-10-27,947.6710815429688,951.6547312010132,924.7292107043991,929.8647639999234,783105
2023-10-30,938.9837036132812,950.1666167434942,934.0401451000232,943.6872261073303,537204
2023-10-31,952.086669921875,957.7981458987134,939.7038665969251,939.7038665969251,502123
2023-11-01,935.5762329101562,958.4220774337222,934.0883256540969,956.0702863971229,431560
2023-11-02,951.4147338867188,967.1092375319616,938.2159725804513,961.8777167874636,2797429
2023-11-03,979.780029296875,982.0837778631278,945.9911896975863,955.1583173625969,1055527
2023-11-06,984.099609375,988.7072238909187,978.1002309250792,985.635558997976,746619
2023-11-07,980.4039916992188,986.3555036204688,969.749014823174,986.3555036204688,467035
2023-11-08,974.7885131835938,986.8354294194869,972.1007771544059,986.7873870534066,466572
2023-11-09,952.9871826171875,982.2163548882206,950.9131410560175,982.2163548882206,1182374
2023-11-10,949.5144653320312,954.5789284071254,941.5560233568832,952.9872753389867,748668
2023-11-13,946.0416259765625,953.0836288676682,942.4723738903965,953.0354076661279,1010989
2023-11-15,952.8907470703125,955.0130099792297,946.331073524873,951.1543715550711,1256912
2023-11-16,945.1734619140625,953.0354611854395,939.8678341274801,952.022580383631,1180174
2023-11-17,961.7173461914062,968.1805769254444,943.4370360184863,947.1992317992664,947219
2023-11-20,962.1514892578125,971.8945274707763,956.7493602794731,966.5406785739864,260372
2023-11-21,965.0936279296875,968.8075435280056,958.3410112940952,966.7335608882461,427198
2023-11-22,972.9556274414062,977.6824829278867,961.3314912947063,965.0936872025701,553643
2023-11-23,975.1260375976562,977.9717949145515,965.7688874966846,972.9555537102495,459008
2023-11-24,973.8239135742188,979.8048151608053,967.7465695742003,975.1261805463113,720428
2023-11-28,966.3477172851562,974.2579374777941,960.8973672026659,973.8238288987923,1249480
2023-11-29,965.720703125,984.8692315340231,963.3573342047878,971.2192746269856,2194759
2023-11-30,972.56982421875,976.9590136399224,963.0678917954857,965.7207057056411,1837947
2023-12-01,989.161865234375,992.6346158493546,972.3767665463066,977.2000639994133,1567362
2023-12-04,1004.93408203125,1007.1045660097192,991.7664556772783,1003.245927825774,979451
2023-12-05,1009.082275390625,1016.5583876885389,1000.4003385285315,1007.1046760028484,767574
2023-12-06,1001.9918212890625,1011.5419743262905,993.6957727615999,1011.5419743262905,464434
2023-12-07,983.1329345703125,1006.9118191887572,980.8659489996926,1005.6577145045974,781180
2023-12-08,985.4479370117188,990.6570631781032,979.8047022785993,983.0362881722411,563822
2023-12-11,1006.2363891601562,1008.7927606106441,981.5411273452836,989.9336186289113,809029
2023-12-12,995.1428833007812,1027.3625395477175,989.9819776627653,1016.2689534399252,1293038
2023-12-13,1009.0339965820312,1012.6031901939962,983.952845615365,1001.6543266886549,1354067
2023-12-14,1007.5869140625,1014.0500860353472,1003.2459460268071,1012.8925416616803,898052
2023-12-15,1005.3200073242188,1009.8056979335256,998.4226677589722,1007.1046040003546,1045194
2023-12-18,994.1781616210938,1013.4713536485021,990.0783583152695,1005.1753046279763,758159
2023-12-19,1013.2302856445312,1020.5616757647958,990.9949503603319,996.4934635114528,1062259
2023-12-20,1013.2302856445312,1031.510657492453,1004.0660185551229,1018.5841940466571,1526082
2023-12-21,1034.9833984375,1037.0091602224868,989.547950875758,1008.06936970465,2398325
2023-12-22,1036.28564453125,1040.1442831890345,1027.4108227208683,1038.118521444959,1348188
2023-12-26,1054.421142578125,1057.2668410788779,1036.285496376811,1041.8322886543688,576355
2023-12-27,1064.4534912109375,1078.4893342103767,1058.713814218147,1063.3442269773795,1251336
2023-12-28,1073.1837158203125,1079.4057226207551,1064.0677304603546,1071.7367265405549,2301621
2023-12-29,1091.2227783203125,1098.5542847187764,1068.842725042868,1074.1000722106455,1158127
2024-01-01,1104.34228515625,1108.538530591307,1087.6053479828101,1094.6956897854102,686392
2024-01-02,1118.185302734375,1120.934559298432,1096.1428523786067,1108.3939833338195,1201742
2024-01-03,1126.8187255859375,1132.0279103779624,1114.1817098308875,1118.0403477870118,1503336
2024-01-04,1159.5208740234375,1164.6817794871731,1125.8060670934133,1126.8188890500517,1531104
2024-01-05,1176.739990234375,1186.5313087316727,1136.5618943183395,1159.5208399150167,2079251
2024-01-08,1133.86083984375,1142.3497730893919,1108.393804594243,1142.3497730893919,4764515
2024-01-09,1121.6097412109375,1154.8423372000602,1116.3041130732202,1138.7324502008437,1429012
2024-01-10,1100.966064453125,1128.3141409560922,1091.8017981210205,1120.693306454977,1508578
2024-01-11,1114.2783203125,1128.073000189025,1104.7281663792367,1106.4646008239401,815483
2024-01-12,1114.6641845703125,1126.5777072582937,1109.5997215941168,1121.706246858781,912952
2024-01-15,1093.924072265625,1120.2593285152836,1090.354878567987,1104.5353286985367,941288
2024-01-16,1083.119873046875,1094.0687362291987,1077.910687525451,1093.924013734323,1682153
2024-01-17,1061.60791015625,1083.8433614651326,1057.5563868610818,1062.669012185337,1949800
2024-01-18,1064.8876953125,1076.41532977312,1037.5877830855668,1060.9326147291256,2486764
2024-01-19,1108.6351318359375,1113.6513150449625,1074.148548444043,1075.5955379569896,1538601
2024-01-23,1090.4512939453125,1116.4488244587844,1085.0973857753038,1103.5706416585235,1998376
2024-01-24,1122.2366943359375,1127.6870444923136,1085.2420231427311,1097.2519877629923,1406219
2024-01-25,1116.400634765625,1127.1083330868785,1080.659948439983,1122.2367548621778,1713542
2024-01-29,1126.8187255859375,1139.2628565456953,1115.869863936692,1124.6000794149372,2800570
2024-01-30,1130.38818359375,1138.4430678251335,1114.085412554265,1138.4430678251335,2259825
2024-01-31,1123.0567626953125,1133.475134437775,1109.5033647202893,1133.475134437775,1918126
2024-02-01,1210.213623046875,1267.8520281823223,1167.2379952115707,1169.2155942894437,8781324
2024-02-02,1193.13916015625,1217.0627644855506,1189.6181291905655,1212.57707395427,1527367
2024-02-05,1175.389404296875,1199.0718438093033,1165.887531097111,1197.1908047529894,2290338
2024-02-06,1193.332275390625,1195.695644446953,1167.720514403418,1174.0390822571526,753495
2024-02-07,1194.200439453125,1205.245863773104,1191.1135754873692,1204.8599763383065,710759
2024-02-08,1174.135498046875,1200.1813081864484,1171.4826840511778,1200.1813081864484,712653
2024-02-09,1175.58251953125,1179.8270455912807,1156.1928838947233,1174.135530039624,701591
2024-02-12,1157.0128173828125,1184.6020600509796,1152.7682913362546,1184.6020600509796,686352
2024-02-13,1155.5655517578125,1161.59467317971,1148.9093781567822,1155.6619941493072,793689
2024-02-14,1158.17041015625,1163.427876165447,1133.475145432556,1133.475145432556,1451119
2024-02-15,1188.2677001953125,1191.3062836223944,1160.3407351130274,1163.8617660792797,996351
2024-02-16,1197.47998046875,1201.7727856598274,1185.6629022480668,1186.5311193012506,803539
2024-02-19,1186.5313720703125,1196.3708534191053,1179.6340320066101,1191.3546703307609,690704
2024-02-20,1184.167724609375,1205.2455095005657,1175.6303944905933,1191.3543902252268,937389
2024-02-21,1192.4156494140625,1205.8244407464213,1181.3220645591955,1184.312485620988,875759
2024-02-22,1211.9501953125,1217.0629388451418,1179.3929303093942,1198.9272893112577,656729
2024-02-23,1206.7408447265625,1220.2943588183277,1193.0427259040055,1215.6639457693052,520711
2024-02-26,1208.428955078125,1212.818203074648,1195.309608924221,1206.7408008881225,399577
2024-02-27,1221.307373046875,1225.1177314871684,1197.624932001039,1210.599556936709,871412
2024-02-28,1190.438232421875,1233.220862344067,1186.5795940026233,1231.870315346069,639686
2024-02-29,1213.2523193359375,1219.1849993661638,1182.7209375150735,1190.3899341536578,1041829
2024-03-01,1222.6578369140625,1237.4171767898333,1215.0371198178875,1216.2429443908652,1127238
2024-03-04,1209.15234375,1235.1499866511458,1198.2999249083305,1234.7640993188525,479196
2024-03-05,1200.711669921875,1220.342585562953,1197.431921724816,1215.519287912819,391674
2024-03-06,1196.322509765625,1207.2713716060807,1177.8492566768075,1204.5702778871077,458427
2024-03-07,1190.6309814453125,1198.1070925299398,1184.746582078347,1196.3706583368023,576176
2024-03-11,1194.5380859375,1216.4840928691772,1191.2582195920545,1202.3999678420464,661051
2024-03-12,1169.505126953125,1199.7954641315055,1165.742930690215,1199.7954641315055,615456
2024-03-13,1153.78125,1190.4383176059564,1143.4111585062096,1162.5596294806912,1206909
2024-03-14,1184.0233154296875,1187.158459391399,1134.9703942261683,1143.170001510645,883209
2024-03-15,1169.8427734375,1180.550590334059,1161.1608361200595,1173.9908572583572,1283320
2024-03-18,1197.8177490234375,1203.2680991818575,1161.2089651982117,1169.7944589802198,1091124
2024-03-19,1161.787841796875,1210.020824955763,1153.4435121591262,1205.2458067255557,1537489
2024-03-20,1172.2542724609375,1176.3059133436211,1144.0862598767765,1159.038483340596,1164641
2024-03-21,1188.123046875,1191.3546330571337,1172.2543254408224,1172.2543254408224,616794
2024-03-22,1178.476318359375,1200.5187646942265,1167.2380114744992,1193.235538263916,1242316
2024-03-26,1156.6751708984375,1167.3828691887472,1150.4048833335542,1159.1832623731304,1540513
2024-03-27,1191.4029541015625,1196.1779722916563,1153.877669967926,1157.5433060034236,1096345
2024-03-28,1207.5609130859375,1214.9887447724204,1177.1258561401717,1192.2709644905524,1334466
2024-04-01,1184.9395751953125,1226.5163796702486,1179.1516176974662,1207.7537978839157,901422
2024-04-02,1166.4180908203125,1190.341576440179,1160.0030814134211,1186.5312184104016,704958
2024-04-03,1147.3660888671875,1166.369834842461,1138.4911503801293,1166.369834842461,1169930
2024-04-04,1135.9349365234375,1158.9902063005327,1131.7385731417362,1156.5303950231626,685423
2024-04-05,1167.33447265625,1173.1224298310663,1133.812554018773,1138.8770165467372,1654663
2024-04-08,1202.1585693359375,1234.1853339920788,1173.845837797747,1186.5311332204249,2041460
2024-04-09,1193.910888671875,1205.0526355692207,1177.0775092503923,1202.1586569845142,576031
2024-04-10,1186.6759033203125,1195.4542811883118,1173.0259478918597,1193.9108495449743,568929
2024-04-12,1157.350341796875,1191.3063122240496,1151.1283345509132,1186.6760168510518,1580342
2024-04-15,1135.790283203125,1157.253960183976,1129.1341081387015,1139.214754269883,935415
2024-04-16,1135.6453857421875,1148.7165689473193,1130.6773658124448,1135.7901082170897,808868
2024-04-18,1121.6578369140625,1152.2374960512172,1117.220426752308,1136.8512240836144,1102121
2024-04-19,1127.54248046875,1133.9092110147046,1099.7603514255907,1121.6097996905353,927227
2024-04-22,1143.6038818359375,1148.4754596033815,1124.3589711631466,1133.426676611642,700862
2024-04-23,1136.7066650390625,1152.1894993880512,1134.5844609302303,1152.1894993880512,680331
2024-04-24,1169.939208984375,1177.9940930862433,1134.5361310408002,1139.8417588362736,1017249
2024-04-25,1159.3280029296875,1186.5313576863157,1143.7968885142789,1181.9009443098962,872879
2024-04-26,1160.003173828125,1169.1674400662682,1147.1731539922048,1159.2796791251137,792722
2024-04-29,1175.0035400390625,1177.9456808326509,1149.1988986564816,1161.9323568343439,577131
2024-04-30,1176.4024658203125,1196.177989025984,1173.460206728653,1181.708093997444,1122951
2024-05-02,1189.71484375,1210.262024509975,1174.473173533043,1184.5538201992422,1148854
2024-05-03,1206.9820556640625,1210.6478092807392,1189.1358528977728,1200.0365535818644,728587
2024-05-06,1205.96923828125,1225.1177080407049,1185.4219414297006,1215.2782270943942,837606
2024-05-07,1275.6177978515625,1302.2906635110335,1222.3686267127493,1226.7095955911195,8181717
2024-05-08,1302.5799560546875,1324.4294026463317,1263.0770732320605,1272.3860622883115,2833714
2024-05-09,1283.865478515625,1304.8949870324998,1273.7365527682916,1294.573176468689,1053919
2024-05-10,1274.2672119140625,1288.8818302449167,1267.128824180567,1288.2066155424445,621712
2024-05-13,1291.0040283203125,1301.8081690603076,1265.0063806704768,1277.4505134332067,1132890
2024-05-14,1270.204833984375,1307.186393397991,1265.1994121589278,1298.4877393081063,985957
2024-05-15,1255.3343505859375,1280.1183599890187,1251.2523259060852,1275.5503743404786,668668
2024-05-16,1266.17138671875,1270.9338282518986,1244.0601611974669,1259.7567252411402,545707
2024-05-17,1258.7359619140625,1266.2198313311155,1253.7791842166505,1266.2198313311155,447847
2024-05-21,1246.8787841796875,1264.4219054689656,1235.5072253509354,1263.49862700636,645796
2024-05-22,1268.9898681640625,1290.1776946605216,1247.6561110094258,1253.7792665123084,1187844
2024-05-23,1282.985595703125,1291.6842495503452,1256.7922284110543,1277.20258901343,1121198
2024-05-24,1273.5579833984375,1289.2059040471343,1262.1378997690695,1289.2059040471343,1227461
2024-05-27,1291.6356201171875,1298.390548814176,1273.6065392403434,1273.6065392403434,786120
2024-05-28,1293.6280517578125,1306.5060169612618,1286.5816179672458,1297.4670958141694,798302
2024-05-29,1263.10986328125,1287.7480633413109,1257.2298061071363,1274.1897982993753,427388
2024-05-30,1238.1800537109375,1266.6087738013382,1230.8421133861211,1262.8183727035478,433156
2024-05-31,1234.6810302734375,1253.5849834604176,1223.8927203148892,1253.5849834604176,1385034
2024-06-03,1269.81591796875,1279.097819246463,1245.809495334921,1259.5620948250066,825033
2024-06-04,1310.588134765625,1319.4812445317416,1216.5546840406805,1280.993158196142,2052727
2024-06-05,1386.7384033203125,1425.9067900413215,1315.0591534290106,1329.4921718819483,5508364
2024-06-06,1362.7803955078125,1387.1756128958623,1337.3646126079568,1386.932632406653,1356564
2024-06-07,1387.807373046875,1421.3386802472965,1352.478033971516,1362.7803828900387,1327582
2024-06-10,1383.093505859375,1407.148572860152,1369.9725602225876,1389.848315600449,771291
2024-06-11,1389.07080078125,1402.7263516093176,1380.1778098702991,1383.0935757146283,625008
2024-06-12,1377.0191650390625,1402.483474499385,1363.6552372674987,1401.6573645111625,784605
2024-06-13,1369.7296142578125,1372.9368854197032,1350.971473676971,1366.5708680064095,873993
2024-06-14,1353.8385009765625,1379.3514496799503,1350.7770420463996,1369.7295182260593,514175
2024-06-18,1364.2384033203125,1369.4381625367944,1341.6897406719802,1353.838766244521,973039
2024-06-19,1352.7210693359375,1371.138943537527,1347.8614593996003,1370.4100020470764,434087
2024-06-20,1322.8343505859375,1357.7262519115957,1317.9260975296065,1352.7209490365535,1302617
2024-06-21,1318.752197265625,1337.6075057252087,1315.0103217047829,1330.5610719984093,1292944
2024-06-24,1342.030029296875,1348.1045421781746,1282.3539910224224,1318.3151072797157,1034894
2024-06-25,1336.8785400390625,1347.0837197340172,1327.4023017508903,1347.0837197340172,563754
2024-06-26,1374.54052734375,1389.7024850375412,1331.7759643576267,1336.87855425938,1980304
2024-06-27,1323.7578125,1370.1184461414375,1317.8776367274324,1358.7956493408494,6032650
2024-06-28,1337.21875,1343.3419055535671,1320.7932458222513,1327.6453428158711,624365
2024-07-01,1358.795654296875,1362.634698894404,1331.7761741512531,1337.2189138419521,843562
2024-07-02,1332.65087890625,1379.8862645505735,1326.965158914004,1379.8862645505735,498934
2024-07-03,1329.5892333984375,1351.408833813968,1321.036272744011,1350.9715163916874,490580
2024-07-04,1325.5556640625,1344.1193486866227,1322.0567689392471,1333.3796828410439,360720
2024-07-05,1335.2264404296875,1339.988763134858,1321.8138698811197,1329.4434335632668,579386
2024-07-08,1385.960693359375,1399.2759765467254,1333.7685323779328,1341.6896013142268,2471142
2024-07-09,1372.4996337890625,1400.5395588975525,1349.027694482861,1400.5395588975525,1317184
2024-07-10,1403.552490234375,1414.097819858417,1360.642111619402,1360.6907551749284,1822861
2024-07-11,1400.4423828125,1414.1464587876517,1393.298780099765,1409.8699784139571,1142834
2024-07-12,1403.35791015625,1417.5479447017012,1396.7002695576195,1408.0717071557008,697411
2024-07-15,1396.3602294921875,1418.714434524438,1393.8332561301488,1409.2381954346797,521240
2024-07-16,1411.95947265625,1430.6689683359145,1394.2218988300745,1399.518825474468,1150984
2024-07-18,1424.108642578125,1429.4542133231716,1399.5676132485924,1399.5676132485924,1177235
2024-07-19,1411.13330078125,1435.4798709552854,1395.631076713836,1424.8373745845056,1206553
2024-07-22,1428.87109375,1436.6949943451975,1400.2965643868888,1411.0848744183077,917335
2024-07-23,1474.1138916015625,1482.1808907921782,1417.3537478126866,1427.7532646384982,2713959
2024-07-24,1418.0828857421875,1477.1756739977252,1413.1746320321256,1474.1140958737672,1464579
2024-07-25,1438.5416259765625,1443.7900281311827,1402.6291580924244,1406.4682022617667,600745
2024-07-26,1426.29541015625,1438.5416025557754,1420.075086172151,1438.5416025557754,281948
2024-07-29,1436.4034423828125,1462.7425029262101,1388.584812297477,1433.4876765962488,1613938
2024-07-30,1399.3731689453125,1436.4033688094028,1396.8947206965554,1435.5286153896761,873206
2024-07-31,1400.296630859375,1411.668070878251,1393.4445332564476,1407.3430654064723,708336
2024-08-01,1428.968017578125,1443.3038640391196,1395.9226765832898,1400.976622454793,994920
2024-08-02,1418.179931640625,1449.0869783465873,1406.5653931969093,1426.2954561634863,1637737
2024-08-05,1421.095703125,1438.3958426517931,1386.4466618739643,1386.4466618739643,1000471
2024-08-06,1437.083740234375,1456.7651592931127,1419.2489965689706,1426.0038065171896,1712241
2024-08-07,1461.576416015625,1466.6303631831145,1440.8744290384143,1452.4888499974782,705418
2024-08-08,1422.7965087890625,1462.6938320372396,1391.8408196621176,1461.5762167541943,2786418
2024-08-09,1404.2327880859375,1434.4595350062934,1401.56000289994,1434.4595350062934,439759
2024-08-12,1353.4984130859375,1404.4271443321497,1350.971439876601,1404.2328074094355,1775237
2024-08-13,1349.513671875,1362.5859750744933,1343.6821399835703,1357.7750087211919,612043
2024-08-14,1332.60205078125,1353.59553942189,1320.0157100355411,1349.950832413348,1496512
2024-08-16,1370.59716796875,1374.4014417824526,1327.285865449375,1331.529176371852,539291
2024-08-19,1369.2314453125,1378.8887135070804,1352.063034676054,1377.3278514770861,371436
2024-08-20,1359.818115234375,1378.254697427068,1344.7470080012313,1369.5729080265871,839795
2024-08-21,1357.135498046875,1369.9142523262806,1353.9651905042676,1359.8180659675427,1228308
2024-08-22,1404.982666015625,1409.0796308108409,1357.379235910893,1369.5727252740883,1636721
2024-08-23,1393.3258056640625,1410.5430387701335,1389.8629256665686,1408.5920802102855,638437
2024-08-26,1419.0784912109375,1423.5169695927568,1387.229068709815,1402.7392131715608,833098
2024-08-27,1420.6392822265625,1425.4191547044575,1400.007870816967,1419.4199330779702,450900
2024-08-28,1441.2705078125,1463.169968066885,1414.5911756964908,1426.150580319374,578675
2024-08-29,1440.490234375,1448.5867601941154,1415.420464001119,1448.2940687733521,559455
2024-08-30,1444.8798828125,1450.9766284007196,1429.2235115881897,1439.8074381139263,1311589
2024-09-02,1434.0032958984375,1455.2686717582376,1428.7356842182294,1452.1471858395503,295844
2024-09-03,1424.931396484375,1443.4655033015601,1420.4929180104866,1433.9545800664255,901067
2024-09-04,1439.1246337890625,1442.685037910236,1414.0547447706258,1419.322356714049,517446
2024-09-05,1421.9561767578125,1447.5625092612095,1417.3714715213644,1443.7094135248585,533903
2024-09-06,1408.0555419921875,1419.8101151382414,1382.3516863614352,1417.8591565465022,1537112
2024-09-09,1455.464111328125,1490.7764185820781,1390.2045145350285,1409.5189355395755,2093470
2024-09-10,1466.194091796875,1474.8270590934496,1445.3675151520813,1463.2188325398893,1399345
2024-09-11,1463.170166015625,1504.0427735516864,1458.536639221518,1468.0963842380809,1299900
2024-09-12,1476.3389892578125,1497.3606142416686,1464.6820601197821,1471.7054629270972,1397079
2024-09-13,1454.7322998046875,1482.7285075466184,1441.7583777328305,1482.7285075466184,2359062
2024-09-16,1420.6392822265625,1439.8074746578473,1381.4737637583632,1439.8074746578473,1635007
2024-09-17,1423.6146240234375,1445.3677426447828,1413.6159604273485,1424.19988783316,1373125
2024-09-18,1397.0325927734375,1428.735667515005,1391.2772415434038,1423.6144015952134,632328
2024-09-19,1409.421142578125,1421.1268933458325,1394.4963817955304,1404.007304294293,736187
2024-09-20,1420.883056640625,1433.417941230994,1405.129042883318,1418.3468343972793,1885327
2024-09-23,1413.761962890625,1429.0281161446985,1406.6897391373416,1427.955112907885,518082
2024-09-24,1410.88427734375,1425.370119240107,1394.301131411088,1411.2256712387189,1514391
2024-09-25,1394.496337890625,1411.4695807077649,1373.572237605898,1410.5429230986517,1325119
2024-09-26,1387.4241943359375,1396.8862954944273,1372.6943622991755,1394.4475973528517,540524
2024-09-27,1354.59912109375,1375.4255767561742,1310.6050360356098,1375.4255767561742,5207179
2024-09-30,1359.2327880859375,1372.499281849168,1343.2349048374588,1354.6967858337116,1190628
2024-10-01,1354.2091064453125,1380.790916746508,1335.4799519556611,1360.793591565792,1233644
2024-10-03,1315.3363037109375,1353.9652599339877,1305.240116834479,1317.1897381847612,2342173
2024-10-04,1310.3123779296875,1323.8715620303917,1300.4112406685413,1314.945903926461,1760338
2024-10-07,1299.6796875,1322.3108763722203,1292.5099391998488,1310.3124345888277,1211273
2024-10-08,1272.5614013671875,1310.1660519987154,1268.3667932970857,1285.6815485987763,2892445
2024-10-09,1300.7041015625,1317.4335951044477,1271.0495075029664,1275.926903924697,4702906
2024-10-10,1284.46240234375,1322.1158805070486,1280.999403106073,1311.9221691824982,958975
2024-10-11,1283.4378662109375,1292.5098699098014,1278.853161850377,1292.5098699098014,1260411
2024-10-14,1280.4140625,1295.2414188098605,1274.6100084901282,1289.583591428443,1117318
2024-10-15,1309.5321044921875,1313.1414492542676,1281.7797667619927,1287.437594185221,1817397
2024-10-16,1327.6273193359375,1333.0899795677558,1304.4596860999136,1314.116954927395,1104389
2024-10-17,1314.26318359375,1331.3827722352125,1294.460908055227,1327.6272011026103,973342
2024-10-18,1303.3865966796875,1325.6274516723317,1300.3138132904844,1316.8969601966646,658127
2024-10-21,1281.2921142578125,1309.7760633809467,1276.4147175533672,1303.3867451443639,413489
2024-10-22,1267.7327880859375,1300.216294193456,1264.269908253123,1288.6080674989853,401153
2024-10-23,1260.6607666015625,1273.9760840984038,1253.1008013245619,1268.1232077549196,801772
2024-10-24,1224.323974609375,1266.5134518875775,1208.3260912017668,1263.2456202375095,2392142
2024-10-25,1259.587646484375,1296.265644359427,1243.7361078548522,1256.4173387584704,3223478
2024-10-28,1264.8551025390625,1279.243420443797,1245.1991732470158,1258.3681421767726,911104
2024-10-29,1246.9552001953125,1266.2209158044407,1237.6393255231128,1260.1728728758458,891549
2024-10-30,1268.171875,1272.0249704929854,1236.2249288468977,1253.1494703980911,790627
2024-10-31,1256.518798828125,1292.3591576991628,1250.6922167909802,1281.7343686790464,858307
2024-11-01,1248.6358642578125,1266.6540046597527,1224.056827077457,1261.0233432551963,40519
2024-11-04,1245.7470703125,1255.8822363829688,1238.7944518196098,1248.5378958193257,409220
2024-11-05,1239.9696044921875,1253.9728628453004,1230.4219609432841,1251.4757390254813,499852
2024-11-06,1248.684814453125,1256.127055697433,1239.7737050867775,1243.6416766600973,518986
2024-11-07,1232.3802490234375,1286.7283648921707,1229.442513030533,1248.6847076914141,589272
2024-11-08,1225.0849609375,1236.2482624621402,1217.0061866812648,1233.8981692170294,878571
2024-11-11,1195.5118408203125,1224.0568709584238,1187.335164829671,1224.0568709584238,555580
2024-11-12,1151.788330078125,1196.8826261516092,1147.822458142259,1195.5116587575576,2993508
2024-11-13,1159.32861328125,1164.7633533431328,1142.093918738586,1151.6415610617514,1208369
2024-11-14,1150.7113037109375,1169.5128880619595,1138.128023593197,1159.7693241181107,1131043
2024-11-18,1157.1253662109375,1167.0157209751535,1139.2541374231914,1150.711260940892,1161297
2024-11-19,1160.6998291015625,1173.9685349348922,1152.5720430056588,1166.2814810702969,983651
2024-11-21,1154.2366943359375,1171.0797896984684,1145.2766930868947,1160.4549992745042,4373152
2024-11-22,1167.5543212890625,1174.9965623136889,1149.6340829144365,1159.9651695492098,719207
2024-11-25,1193.40625,1214.1663229641092,1170.1981832186618,1170.1981832186618,2884421
2024-11-26,1214.3623046875,1220.727400353871,1193.7002488163334,1205.4021845728635,603291
2024-11-27,1235.4158935546875,1238.8922623166034,1215.292473596475,1224.0566715500597,857354
2024-11-28,1225.28076171875,1255.2946560330445,1218.1322227467547,1234.093969994849,1901104
2024-11-29,1218.81787109375,1229.4916703872275,1210.347374058875,1214.2643558519455,652041
2024-12-02,1201.6810302734375,1218.1812915449636,1194.3855802378487,1199.5756287319778,565888
2024-12-03,1204.9124755859375,1207.4095992141151,1189.9789829760307,1201.6810374317718,859907
2024-12-04,1203.0030517578125,1212.7955063915758,1192.6719643044723,1204.9615426845653,701640
2024-12-05,1218.9158935546875,1224.0569326719094,1190.3708619774166,1209.0255374460603,408507
2024-12-06,1209.8087158203125,1228.9530117462978,1205.059399403393,1225.0360300355526,842156
2024-12-09,1104.4420166015625,1145.6682283686491,1078.7858322388372,1145.6682283686491,11231379
2024-12-10,1110.3175048828125,1113.1083306972416,1099.496913648481,1106.5474335519657,2182449
2024-12-11,1111.7374267578125,1117.906601479264,1099.2520470506652,1113.3041955980161,1927111
2024-12-12,1088.03955078125,1119.032691904786,1085.9831593282936,1116.3397670281827,2776408
2024-12-13,1088.3822021484375,1094.1108831053978,1074.5748665484123,1089.0677456191029,2883674
2024-12-16,1089.263671875,1104.588887348858,1087.0114790218122,1096.754923608795,1658829
2024-12-17,1066.692138671875,1092.103510812854,1062.4813353346303,1089.5574964972923,1829849
2024-12-18,1069.09130859375,1081.7724904069537,1066.6922048572437,1072.175955924121,885061
2024-12-19,1056.067138671875,1065.4189799224916,1053.3253233132662,1057.5850168348263,1920445
2024-12-20,1047.4010009765625,1061.4531505051434,1044.8549864913493,1061.4531505051434,1948622
2024-12-23,1051.46484375,1056.3120611055351,1043.5818697493069,1052.4930993281089,972130
2024-12-24,1055.4306640625,1059.4944365509323,1048.4290360484708,1052.688729324894,1226815
2024-12-26,1048.9676513671875,1060.6697059171433,1041.2805986888688,1059.0539270586546,1017426
2024-12-27,1045.6383056640625,1057.4381412346295,1038.000143585227,1051.7095794438999,714897
2024-12-30,1038.5386962890625,1050.7792630760405,1033.1528469027924,1047.7435068834418,2904152
