company,Date,Close,year,quarter
HUL,2017-07-03,960.6470947265624,2017,3
HUL,2017-07-04,952.2020874023438,2017,3
HUL,2017-07-05,959.7281494140624,2017,3
HUL,2017-07-06,956.0527954101562,2017,3
HUL,2017-07-07,960.6030883789062,2017,3
HUL,2017-07-10,959.3344116210938,2017,3
HUL,2017-07-11,968.2606201171876,2017,3
HUL,2017-07-12,990.313232421875,2017,3
HUL,2017-07-13,992.9821166992188,2017,3
HUL,2017-07-14,997.0077514648438,2017,3
HUL,2017-07-17,1008.9527587890624,2017,3
HUL,2017-07-18,1013.2406616210938,2017,3
HUL,2017-07-19,1010.1777954101562,2017,3
HUL,2017-07-20,1008.9091796875,2017,3
HUL,2017-07-21,1013.94091796875,2017,3
HUL,2017-07-24,1014.5535278320312,2017,3
HUL,2017-07-25,1006.0213623046876,2017,3
HUL,2017-07-26,1019.10400390625,2017,3
HUL,2017-07-27,1025.5360107421875,2017,3
HUL,2017-07-28,1009.740234375,2017,3
HUL,2017-07-31,1011.4028930664062,2017,3
HUL,2017-08-01,1027.3299560546875,2017,3
HUL,2017-08-02,1022.7797241210938,2017,3
HUL,2017-08-03,1023.7858276367188,2017,3
HUL,2017-08-04,1043.2132568359375,2017,3
HUL,2017-08-07,1038.1373291015625,2017,3
HUL,2017-08-08,1042.2508544921875,2017,3
HUL,2017-08-09,1037.30615234375,2017,3
HUL,2017-08-10,1024.48583984375,2017,3
HUL,2017-08-11,1008.8215942382812,2017,3
HUL,2017-08-14,1011.359375,2017,3
HUL,2017-08-16,1038.18115234375,2017,3
HUL,2017-08-17,1030.2618408203125,2017,3
HUL,2017-08-18,1052.0517578125,2017,3
HUL,2017-08-21,1042.6444091796875,2017,3
HUL,2017-08-22,1049.776123046875,2017,3
HUL,2017-08-23,1039.756591796875,2017,3
HUL,2017-08-24,1032.361572265625,2017,3
HUL,2017-08-28,1049.8638916015625,2017,3
HUL,2017-08-29,1041.76904296875,2017,3
HUL,2017-08-30,1053.8895263671875,2017,3
HUL,2017-08-31,1067.4097900390625,2017,3
HUL,2017-09-01,1064.259521484375,2017,3
HUL,2017-09-04,1047.6324462890625,2017,3
HUL,2017-09-05,1054.6768798828125,2017,3
HUL,2017-09-06,1055.727294921875,2017,3
HUL,2017-09-07,1057.783447265625,2017,3
HUL,2017-09-08,1056.7337646484375,2017,3
HUL,2017-09-11,1067.541259765625,2017,3
HUL,2017-09-12,1093.70654296875,2017,3
HUL,2017-09-13,1094.7130126953125,2017,3
HUL,2017-09-14,1092.0003662109375,2017,3
HUL,2017-09-15,1090.38134765625,2017,3
HUL,2017-09-18,1120.1788330078125,2017,3
HUL,2017-09-19,1119.5224609375,2017,3
HUL,2017-09-20,1102.0643310546875,2017,3
HUL,2017-09-21,1099.7447509765625,2017,3
HUL,2017-09-22,1084.430419921875,2017,3
HUL,2017-09-25,1091.3875732421875,2017,3
HUL,2017-09-26,1065.3096923828125,2017,3
HUL,2017-09-27,1055.2896728515625,2017,3
HUL,2017-09-28,1052.57666015625,2017,3
HUL,2017-09-29,1027.2861328125,2017,3
HUL,2017-10-03,1038.18115234375,2017,4
HUL,2017-10-04,1047.938720703125,2017,4
HUL,2017-10-05,1039.31884765625,2017,4
HUL,2017-10-06,1056.5145263671875,2017,4
HUL,2017-10-09,1067.847412109375,2017,4
HUL,2017-10-10,1058.1773681640625,2017,4
HUL,2017-10-11,1065.922119140625,2017,4
HUL,2017-10-12,1086.005615234375,2017,4
HUL,2017-10-13,1092.656494140625,2017,4
HUL,2017-10-16,1121.2724609375,2017,4
HUL,2017-10-17,1122.0166015625,2017,4
HUL,2017-10-18,1106.0894775390625,2017,4
HUL,2017-10-19,1100.6202392578125,2017,4
HUL,2017-10-23,1093.837890625,2017,4
HUL,2017-10-24,1111.427978515625,2017,4
HUL,2017-10-25,1113.528076171875,2017,4
HUL,2017-10-26,1114.621337890625,2017,4
HUL,2017-10-27,1102.76416015625,2017,4
HUL,2017-10-30,1080.05517578125,2017,4
HUL,2017-10-31,1082.8992919921875,2017,4
HUL,2017-11-01,1108.0460205078125,2017,4
HUL,2017-11-02,1093.5128173828125,2017,4
HUL,2017-11-03,1091.751220703125,2017,4
HUL,2017-11-06,1092.72021484375,2017,4
HUL,2017-11-07,1087.0830078125,2017,4
HUL,2017-11-08,1088.052001953125,2017,4
HUL,2017-11-09,1103.5540771484375,2017,4
HUL,2017-11-10,1136.8040771484375,2017,4
HUL,2017-11-13,1126.9830322265625,2017,4
HUL,2017-11-14,1130.85888671875,2017,4
HUL,2017-11-15,1114.2117919921875,2017,4
HUL,2017-11-16,1124.3408203125,2017,4
HUL,2017-11-17,1125.7940673828125,2017,4
HUL,2017-11-20,1122.5792236328125,2017,4
HUL,2017-11-21,1125.08935546875,2017,4
HUL,2017-11-22,1119.0118408203125,2017,4
HUL,2017-11-23,1116.413818359375,2017,4
HUL,2017-11-24,1115.0482177734375,2017,4
HUL,2017-11-27,1110.0718994140625,2017,4
HUL,2017-11-28,1116.721923828125,2017,4
HUL,2017-11-29,1124.0325927734375,2017,4
HUL,2017-11-30,1120.773681640625,2017,4
HUL,2017-12-01,1101.4403076171875,2017,4
HUL,2017-12-04,1117.38232421875,2017,4
HUL,2017-12-05,1110.688232421875,2017,4
HUL,2017-12-06,1123.5482177734375,2017,4
HUL,2017-12-07,1137.9490966796875,2017,4
HUL,2017-12-08,1168.5128173828125,2017,4
HUL,2017-12-11,1166.222900390625,2017,4
HUL,2017-12-12,1157.9434814453125,2017,4
HUL,2017-12-13,1158.295654296875,2017,4
HUL,2017-12-14,1164.0650634765625,2017,4
HUL,2017-12-15,1166.663330078125,2017,4
HUL,2017-12-18,1173.0047607421875,2017,4
HUL,2017-12-19,1188.8154296875,2017,4
HUL,2017-12-20,1200.221923828125,2017,4
HUL,2017-12-21,1187.71435546875,2017,4
HUL,2017-12-22,1194.804931640625,2017,4
HUL,2017-12-26,1187.406005859375,2017,4
HUL,2017-12-27,1191.2374267578125,2017,4
HUL,2017-12-28,1193.0433349609375,2017,4
HUL,2017-12-29,1204.8018798828125,2017,4
HUL,2018-01-01,1184.2354736328125,2018,1
HUL,2018-01-02,1179.03857421875,2018,1
HUL,2018-01-03,1189.387939453125,2018,1
HUL,2018-01-04,1191.0614013671875,2018,1
HUL,2018-01-05,1194.848876953125,2018,1
HUL,2018-01-08,1205.28662109375,2018,1
HUL,2018-01-09,1199.0325927734375,2018,1
HUL,2018-01-10,1202.99609375,2018,1
HUL,2018-01-11,1214.3143310546875,2018,1
HUL,2018-01-12,1210.218994140625,2018,1
HUL,2018-01-15,1204.2294921875,2018,1
HUL,2018-01-16,1217.264892578125,2018,1
HUL,2018-01-17,1207.75244140625,2018,1
HUL,2018-01-18,1195.2008056640625,2018,1
HUL,2018-01-19,1200.04541015625,2018,1
HUL,2018-01-22,1193.57177734375,2018,1
HUL,2018-01-23,1205.2420654296875,2018,1
HUL,2018-01-24,1203.0843505859375,2018,1
HUL,2018-01-25,1209.1177978515625,2018,1
HUL,2018-01-29,1230.7415771484375,2018,1
HUL,2018-01-30,1233.339599609375,2018,1
HUL,2018-01-31,1206.1229248046875,2018,1
HUL,2018-02-01,1207.7965087890625,2018,1
HUL,2018-02-02,1208.6331787109375,2018,1
HUL,2018-02-05,1194.14404296875,2018,1
HUL,2018-02-06,1167.3680419921875,2018,1
HUL,2018-02-07,1156.181640625,2018,1
HUL,2018-02-08,1171.067138671875,2018,1
HUL,2018-02-09,1174.14990234375,2018,1
HUL,2018-02-12,1184.191162109375,2018,1
HUL,2018-02-14,1188.5511474609375,2018,1
HUL,2018-02-15,1196.2579345703125,2018,1
HUL,2018-02-16,1190.9293212890625,2018,1
HUL,2018-02-19,1176.6602783203125,2018,1
HUL,2018-02-20,1173.0491943359375,2018,1
HUL,2018-02-21,1171.9921875,2018,1
HUL,2018-02-22,1168.336669921875,2018,1
HUL,2018-02-23,1165.4302978515625,2018,1
HUL,2018-02-26,1174.370361328125,2018,1
HUL,2018-02-27,1185.86474609375,2018,1
HUL,2018-02-28,1160.6737060546875,2018,1
HUL,2018-03-01,1166.39892578125,2018,1
HUL,2018-03-05,1144.8194580078125,2018,1
HUL,2018-03-06,1139.05029296875,2018,1
HUL,2018-03-07,1139.622802734375,2018,1
HUL,2018-03-08,1139.0062255859375,2018,1
HUL,2018-03-09,1145.7003173828125,2018,1
HUL,2018-03-12,1166.3548583984375,2018,1
HUL,2018-03-13,1163.1400146484375,2018,1
HUL,2018-03-14,1159.9254150390625,2018,1
HUL,2018-03-15,1144.99560546875,2018,1
HUL,2018-03-16,1144.290771484375,2018,1
HUL,2018-03-19,1153.3194580078125,2018,1
HUL,2018-03-20,1156.7099609375,2018,1
HUL,2018-03-21,1158.7799072265625,2018,1
HUL,2018-03-22,1155.47705078125,2018,1
HUL,2018-03-23,1146.4927978515625,2018,1
HUL,2018-03-26,1166.443115234375,2018,1
HUL,2018-03-27,1173.929931640625,2018,1
HUL,2018-03-28,1174.4141845703125,2018,1
HUL,2018-04-02,1190.224609375,2018,2
HUL,2018-04-03,1187.67041015625,2018,2
HUL,2018-04-04,1195.6416015625,2018,2
HUL,2018-04-05,1217.441162109375,2018,2
HUL,2018-04-06,1210.9234619140625,2018,2
HUL,2018-04-09,1225.7205810546875,2018,2
HUL,2018-04-10,1225.6326904296875,2018,2
HUL,2018-04-11,1241.1788330078125,2018,2
HUL,2018-04-12,1244.349853515625,2018,2
HUL,2018-04-13,1242.412109375,2018,2
HUL,2018-04-16,1250.295166015625,2018,2
HUL,2018-04-17,1273.239990234375,2018,2
HUL,2018-04-18,1277.60009765625,2018,2
HUL,2018-04-19,1280.85888671875,2018,2
HUL,2018-04-20,1292.837646484375,2018,2
HUL,2018-04-23,1279.581787109375,2018,2
HUL,2018-04-24,1285.6593017578125,2018,2
HUL,2018-04-25,1285.26318359375,2018,2
HUL,2018-04-26,1313.492431640625,2018,2
HUL,2018-04-27,1298.2547607421875,2018,2
HUL,2018-04-30,1329.0386962890625,2018,2
HUL,2018-05-02,1296.4931640625,2018,2
HUL,2018-05-03,1279.097412109375,2018,2
HUL,2018-05-04,1289.666748046875,2018,2
HUL,2018-05-07,1319.349853515625,2018,2
HUL,2018-05-08,1317.720458984375,2018,2
HUL,2018-05-09,1317.6763916015625,2018,2
HUL,2018-05-10,1309.308837890625,2018,2
HUL,2018-05-11,1324.810791015625,2018,2
HUL,2018-05-14,1324.326416015625,2018,2
HUL,2018-05-15,1334.8519287109375,2018,2
HUL,2018-05-16,1386.4669189453125,2018,2
HUL,2018-05-17,1382.679443359375,2018,2
HUL,2018-05-18,1414.3883056640625,2018,2
HUL,2018-05-21,1390.474365234375,2018,2
HUL,2018-05-22,1386.6429443359375,2018,2
HUL,2018-05-23,1381.18212890625,2018,2
HUL,2018-05-24,1375.0164794921875,2018,2
HUL,2018-05-25,1387.920166015625,2018,2
HUL,2018-05-28,1394.1739501953125,2018,2
HUL,2018-05-29,1385.2333984375,2018,2
HUL,2018-05-30,1396.772216796875,2018,2
HUL,2018-05-31,1419.36474609375,2018,2
HUL,2018-06-01,1399.4586181640625,2018,2
HUL,2018-06-04,1376.8660888671875,2018,2
HUL,2018-06-05,1376.5135498046875,2018,2
HUL,2018-06-06,1383.8685302734375,2018,2
HUL,2018-06-07,1411.966064453125,2018,2
HUL,2018-06-08,1405.404296875,2018,2
HUL,2018-06-11,1410.5126953125,2018,2
HUL,2018-06-12,1443.1461181640625,2018,2
HUL,2018-06-13,1427.9522705078125,2018,2
HUL,2018-06-14,1417.735107421875,2018,2
HUL,2018-06-15,1428.040771484375,2018,2
HUL,2018-06-18,1416.810302734375,2018,2
HUL,2018-06-19,1410.16015625,2018,2
HUL,2018-06-20,1411.3934326171875,2018,2
HUL,2018-06-21,1414.1002197265625,2018,2
HUL,2018-06-22,1427.101318359375,2018,2
HUL,2018-06-25,1433.35791015625,2018,2
HUL,2018-06-26,1439.215087890625,2018,2
HUL,2018-06-27,1428.166259765625,2018,2
HUL,2018-06-28,1422.353271484375,2018,2
HUL,2018-06-29,1456.431396484375,2018,2
HUL,2018-07-02,1458.4725341796875,2018,3
HUL,2018-07-03,1458.5166015625,2018,3
HUL,2018-07-04,1487.3587646484375,2018,3
HUL,2018-07-05,1498.008056640625,2018,3
HUL,2018-07-06,1489.4000244140625,2018,3
HUL,2018-07-09,1501.4691162109375,2018,3
HUL,2018-07-10,1497.1209716796875,2018,3
HUL,2018-07-11,1524.7647705078125,2018,3
HUL,2018-07-12,1546.240966796875,2018,3
HUL,2018-07-13,1546.507080078125,2018,3
HUL,2018-07-16,1554.138916015625,2018,3
HUL,2018-07-17,1492.4173583984375,2018,3
HUL,2018-07-18,1458.738525390625,2018,3
HUL,2018-07-19,1462.0220947265625,2018,3
HUL,2018-07-20,1469.4769287109375,2018,3
HUL,2018-07-23,1499.4725341796875,2018,3
HUL,2018-07-24,1480.1705322265625,2018,3
HUL,2018-07-25,1466.903076171875,2018,3
HUL,2018-07-26,1481.9898681640625,2018,3
HUL,2018-07-27,1472.2720947265625,2018,3
HUL,2018-07-30,1498.62939453125,2018,3
HUL,2018-07-31,1536.745361328125,2018,3
HUL,2018-08-01,1539.096923828125,2018,3
HUL,2018-08-02,1551.69873046875,2018,3
HUL,2018-08-03,1564.56640625,2018,3
HUL,2018-08-06,1535.5472412109375,2018,3
HUL,2018-08-07,1535.3250732421875,2018,3
HUL,2018-08-08,1559.375,2018,3
HUL,2018-08-09,1556.7569580078125,2018,3
HUL,2018-08-10,1555.42578125,2018,3
HUL,2018-08-13,1534.26025390625,2018,3
HUL,2018-08-14,1547.927001953125,2018,3
HUL,2018-08-16,1541.847900390625,2018,3
HUL,2018-08-17,1583.8685302734375,2018,3
HUL,2018-08-20,1576.99072265625,2018,3
HUL,2018-08-21,1555.24853515625,2018,3
HUL,2018-08-23,1573.263671875,2018,3
HUL,2018-08-24,1580.49609375,2018,3
HUL,2018-08-27,1590.56884765625,2018,3
HUL,2018-08-28,1571.8436279296875,2018,3
HUL,2018-08-29,1558.2213134765625,2018,3
HUL,2018-08-30,1573.307861328125,2018,3
HUL,2018-08-31,1579.7418212890625,2018,3
HUL,2018-09-03,1507.8587646484375,2018,3
HUL,2018-09-04,1465.3502197265625,2018,3
HUL,2018-09-05,1430.2962646484375,2018,3
HUL,2018-09-06,1427.5450439453125,2018,3
HUL,2018-09-07,1454.3016357421875,2018,3
HUL,2018-09-10,1429.0537109375,2018,3
HUL,2018-09-11,1411.6153564453125,2018,3
HUL,2018-09-12,1443.740966796875,2018,3
HUL,2018-09-14,1445.915283203125,2018,3
HUL,2018-09-17,1424.74951171875,2018,3
HUL,2018-09-18,1477.5523681640625,2018,3
HUL,2018-09-19,1461.711669921875,2018,3
HUL,2018-09-21,1438.8157958984375,2018,3
HUL,2018-09-24,1411.4378662109375,2018,3
HUL,2018-09-25,1447.29052734375,2018,3
HUL,2018-09-26,1429.452880859375,2018,3
HUL,2018-09-27,1437.750732421875,2018,3
HUL,2018-09-28,1427.36767578125,2018,3
HUL,2018-10-01,1457.451904296875,2018,4
HUL,2018-10-03,1436.64111328125,2018,4
HUL,2018-10-04,1396.795166015625,2018,4
HUL,2018-10-05,1383.128662109375,2018,4
HUL,2018-10-08,1383.8382568359375,2018,4
HUL,2018-10-09,1342.2171630859375,2018,4
HUL,2018-10-10,1355.7064208984375,2018,4
HUL,2018-10-11,1354.330810546875,2018,4
HUL,2018-10-12,1392.9346923828125,2018,4
HUL,2018-10-15,1354.50830078125,2018,4
HUL,2018-10-16,1372.168212890625,2018,4
HUL,2018-10-17,1386.1898193359375,2018,4
HUL,2018-10-19,1400.7440185546875,2018,4
HUL,2018-10-22,1406.512451171875,2018,4
HUL,2018-10-23,1377.3599853515625,2018,4
HUL,2018-10-24,1407.4444580078125,2018,4
HUL,2018-10-25,1402.625,2018,4
HUL,2018-10-26,1390.75439453125,2018,4
HUL,2018-10-29,1385.9796142578125,2018,4
HUL,2018-10-30,1421.8138427734375,2018,4
HUL,2018-10-31,1447.3839111328125,2018,4
HUL,2018-11-01,1434.844482421875,2018,4
HUL,2018-11-02,1462.333740234375,2018,4
HUL,2018-11-05,1463.7618408203125,2018,4
HUL,2018-11-06,1456.5323486328125,2018,4
HUL,2018-11-07,1467.1531982421875,2018,4
HUL,2018-11-09,1492.81298828125,2018,4
HUL,2018-11-12,1476.480224609375,2018,4
HUL,2018-11-13,1491.474365234375,2018,4
HUL,2018-11-14,1531.1014404296875,2018,4
HUL,2018-11-15,1522.6676025390625,2018,4
HUL,2018-11-16,1507.53955078125,2018,4
HUL,2018-11-19,1518.5172119140625,2018,4
HUL,2018-11-20,1511.9124755859375,2018,4
HUL,2018-11-21,1508.2978515625,2018,4
HUL,2018-11-22,1495.0443115234375,2018,4
HUL,2018-11-26,1556.538330078125,2018,4
HUL,2018-11-27,1546.988037109375,2018,4
HUL,2018-11-28,1546.006591796875,2018,4
HUL,2018-11-29,1578.4046630859375,2018,4
HUL,2018-11-30,1565.46337890625,2018,4
HUL,2018-12-03,1629.3670654296875,2018,4
HUL,2018-12-04,1613.3465576171875,2018,4
HUL,2018-12-05,1649.448486328125,2018,4
HUL,2018-12-06,1607.8575439453125,2018,4
HUL,2018-12-07,1628.2069091796875,2018,4
HUL,2018-12-10,1602.770263671875,2018,4
HUL,2018-12-11,1601.966796875,2018,4
HUL,2018-12-12,1641.4158935546875,2018,4
HUL,2018-12-13,1656.0977783203125,2018,4
HUL,2018-12-14,1660.560546875,2018,4
HUL,2018-12-17,1651.7689208984375,2018,4
HUL,2018-12-18,1642.8885498046875,2018,4
HUL,2018-12-19,1646.50341796875,2018,4
HUL,2018-12-20,1637.08740234375,2018,4
HUL,2018-12-21,1609.642578125,2018,4
HUL,2018-12-24,1592.81884765625,2018,4
HUL,2018-12-26,1599.0216064453125,2018,4
HUL,2018-12-27,1619.8173828125,2018,4
HUL,2018-12-28,1626.19873046875,2018,4
HUL,2018-12-31,1624.0565185546875,2018,4
HUL,2019-01-01,1607.5006103515625,2019,1
HUL,2019-01-02,1592.774169921875,2019,1
HUL,2019-01-03,1596.1656494140625,2019,1
HUL,2019-01-04,1590.1856689453125,2019,1
HUL,2019-01-07,1593.0865478515625,2019,1
HUL,2019-01-08,1580.5020751953125,2019,1
HUL,2019-01-09,1593.131103515625,2019,1
HUL,2019-01-10,1594.2022705078125,2019,1
HUL,2019-01-11,1579.2078857421875,2019,1
HUL,2019-01-14,1574.29931640625,2019,1
HUL,2019-01-15,1597.4598388671875,2019,1
HUL,2019-01-16,1582.0194091796875,2019,1
HUL,2019-01-17,1563.23193359375,2019,1
HUL,2019-01-18,1556.6275634765625,2019,1
HUL,2019-01-21,1559.1265869140625,2019,1
HUL,2019-01-22,1562.0718994140625,2019,1
HUL,2019-01-23,1577.24462890625,2019,1
HUL,2019-01-24,1570.3721923828125,2019,1
HUL,2019-01-25,1567.96240234375,2019,1
HUL,2019-01-28,1555.6458740234375,2019,1
HUL,2019-01-29,1567.8731689453125,2019,1
HUL,2019-01-30,1547.0330810546875,2019,1
HUL,2019-01-31,1573.718994140625,2019,1
HUL,2019-02-01,1605.8939208984375,2019,1
HUL,2019-02-04,1608.83935546875,2019,1
HUL,2019-02-05,1625.6630859375,2019,1
HUL,2019-02-06,1633.2496337890625,2019,1
HUL,2019-02-07,1641.3712158203125,2019,1
HUL,2019-02-08,1621.9593505859375,2019,1
HUL,2019-02-11,1610.802978515625,2019,1
HUL,2019-02-12,1601.6099853515625,2019,1
HUL,2019-02-14,1593.1759033203125,2019,1
HUL,2019-02-15,1582.24267578125,2019,1
HUL,2019-02-18,1563.5892333984375,2019,1
HUL,2019-02-19,1551.1385498046875,2019,1
HUL,2019-02-20,1547.1668701171875,2019,1
HUL,2019-02-21,1566.088134765625,2019,1
HUL,2019-02-22,1578.449462890625,2019,1
HUL,2019-02-25,1579.8775634765625,2019,1
HUL,2019-02-26,1581.7513427734375,2019,1
HUL,2019-02-27,1549.8443603515625,2019,1
HUL,2019-02-28,1546.408447265625,2019,1
HUL,2019-03-01,1548.1929931640625,2019,1
HUL,2019-03-05,1539.2235107421875,2019,1
HUL,2019-03-06,1517.0892333984375,2019,1
HUL,2019-03-07,1522.0872802734375,2019,1
HUL,2019-03-08,1518.69580078125,2019,1
HUL,2019-03-11,1530.61083984375,2019,1
HUL,2019-03-12,1548.3272705078125,2019,1
HUL,2019-03-13,1559.751220703125,2019,1
HUL,2019-03-14,1550.558349609375,2019,1
HUL,2019-03-15,1515.839599609375,2019,1
HUL,2019-03-18,1515.0811767578125,2019,1
HUL,2019-03-19,1516.955322265625,2019,1
HUL,2019-03-20,1506.1558837890625,2019,1
HUL,2019-03-22,1497.677001953125,2019,1
HUL,2019-03-25,1493.9287109375,2019,1
HUL,2019-03-26,1502.80908203125,2019,1
HUL,2019-03-27,1500.1314697265625,2019,1
HUL,2019-03-28,1502.8984375,2019,1
HUL,2019-04-01,1508.3427734375,2019,2
HUL,2019-04-02,1505.7989501953125,2019,2
HUL,2019-04-03,1491.2064208984375,2019,2
HUL,2019-04-04,1487.413330078125,2019,2
HUL,2019-04-05,1480.76416015625,2019,2
HUL,2019-04-08,1485.940673828125,2019,2
HUL,2019-04-09,1499.86376953125,2019,2
HUL,2019-04-10,1512.046630859375,2019,2
HUL,2019-04-11,1526.5499267578125,2019,2
HUL,2019-04-12,1536.5906982421875,2019,2
HUL,2019-04-15,1536.9478759765625,2019,2
HUL,2019-04-16,1551.6741943359375,2019,2
HUL,2019-04-18,1552.87890625,2019,2
HUL,2019-04-22,1552.8343505859375,2019,2
HUL,2019-04-23,1556.716796875,2019,2
HUL,2019-04-24,1564.2138671875,2019,2
HUL,2019-04-25,1547.791748046875,2019,2
HUL,2019-04-26,1559.528076171875,2019,2
HUL,2019-04-30,1568.765625,2019,2
HUL,2019-05-02,1538.2864990234375,2019,2
HUL,2019-05-03,1511.5111083984375,2019,2
HUL,2019-05-06,1489.5106201171875,2019,2
HUL,2019-05-07,1515.03662109375,2019,2
HUL,2019-05-08,1507.182373046875,2019,2
HUL,2019-05-09,1520.6146240234375,2019,2
HUL,2019-05-10,1506.06689453125,2019,2
HUL,2019-05-13,1519.052734375,2019,2
HUL,2019-05-14,1515.9288330078125,2019,2
HUL,2019-05-15,1491.4298095703125,2019,2
HUL,2019-05-16,1506.736083984375,2019,2
HUL,2019-05-17,1550.1121826171875,2019,2
HUL,2019-05-20,1581.974853515625,2019,2
HUL,2019-05-21,1593.3543701171875,2019,2
HUL,2019-05-22,1578.2261962890625,2019,2
HUL,2019-05-23,1565.329345703125,2019,2
HUL,2019-05-24,1561.5362548828125,2019,2
HUL,2019-05-27,1581.48388671875,2019,2
HUL,2019-05-28,1585.90185546875,2019,2
HUL,2019-05-29,1589.427001953125,2019,2
HUL,2019-05-30,1592.4619140625,2019,2
HUL,2019-05-31,1596.2550048828125,2019,2
HUL,2019-06-03,1641.9512939453125,2019,2
HUL,2019-06-04,1620.4420166015625,2019,2
HUL,2019-06-06,1640.2110595703125,2019,2
HUL,2019-06-07,1633.9635009765625,2019,2
HUL,2019-06-10,1653.3756103515625,2019,2
HUL,2019-06-11,1642.0406494140625,2019,2
HUL,2019-06-12,1648.555908203125,2019,2
HUL,2019-06-13,1647.1279296875,2019,2
HUL,2019-06-14,1627.0020751953125,2019,2
HUL,2019-06-17,1622.628662109375,2019,2
HUL,2019-06-18,1615.086669921875,2019,2
HUL,2019-06-19,1616.9609375,2019,2
HUL,2019-06-20,1622.669677734375,2019,2
HUL,2019-06-21,1588.1494140625,2019,2
HUL,2019-06-24,1586.1715087890625,2019,2
HUL,2019-06-25,1578.9798583984375,2019,2
HUL,2019-06-26,1583.0704345703125,2019,2
HUL,2019-06-27,1595.1163330078125,2019,2
HUL,2019-06-28,1606.9827880859375,2019,2
HUL,2019-07-01,1600.330322265625,2019,3
HUL,2019-07-02,1608.4210205078125,2019,3
HUL,2019-07-03,1604.3756103515625,2019,3
HUL,2019-07-04,1612.37646484375,2019,3
HUL,2019-07-05,1610.398681640625,2019,3
HUL,2019-07-08,1576.3729248046875,2019,3
HUL,2019-07-09,1564.4169921875,2019,3
HUL,2019-07-10,1544.9542236328125,2019,3
HUL,2019-07-11,1556.0115966796875,2019,3
HUL,2019-07-12,1540.099853515625,2019,3
HUL,2019-07-15,1543.470947265625,2019,3
HUL,2019-07-16,1565.3609619140625,2019,3
HUL,2019-07-17,1582.800537109375,2019,3
HUL,2019-07-18,1563.4281005859375,2019,3
HUL,2019-07-19,1546.572509765625,2019,3
HUL,2019-07-22,1510.8836669921875,2019,3
HUL,2019-07-23,1522.255615234375,2019,3
HUL,2019-07-24,1553.989013671875,2019,3
HUL,2019-07-25,1561.1807861328125,2019,3
HUL,2019-07-26,1555.7869873046875,2019,3
HUL,2019-07-29,1540.1898193359375,2019,3
HUL,2019-07-30,1546.1231689453125,2019,3
HUL,2019-07-31,1552.1910400390625,2019,3
HUL,2019-08-01,1556.3712158203125,2019,3
HUL,2019-08-02,1561.89990234375,2019,3
HUL,2019-08-05,1565.2708740234375,2019,3
HUL,2019-08-06,1567.8780517578125,2019,3
HUL,2019-08-07,1597.6785888671875,2019,3
HUL,2019-08-08,1620.9166259765625,2019,3
HUL,2019-08-09,1655.3018798828125,2019,3
HUL,2019-08-13,1640.379150390625,2019,3
HUL,2019-08-14,1653.2340087890625,2019,3
HUL,2019-08-16,1643.8848876953125,2019,3
HUL,2019-08-19,1636.9180908203125,2019,3
HUL,2019-08-20,1657.144775390625,2019,3
HUL,2019-08-21,1663.0777587890625,2019,3
HUL,2019-08-22,1682.94482421875,2019,3
HUL,2019-08-23,1672.067626953125,2019,3
HUL,2019-08-26,1686.9453125,2019,3
HUL,2019-08-27,1673.325927734375,2019,3
HUL,2019-08-28,1643.3907470703125,2019,3
HUL,2019-08-29,1647.750732421875,2019,3
HUL,2019-08-30,1691.754638671875,2019,3
HUL,2019-09-03,1655.751220703125,2019,3
HUL,2019-09-04,1660.0213623046875,2019,3
HUL,2019-09-05,1644.8739013671875,2019,3
HUL,2019-09-06,1635.3450927734375,2019,3
HUL,2019-09-09,1648.7393798828125,2019,3
HUL,2019-09-11,1639.974609375,2019,3
HUL,2019-09-12,1622.9840087890625,2019,3
HUL,2019-09-13,1623.118896484375,2019,3
HUL,2019-09-16,1632.7828369140625,2019,3
HUL,2019-09-17,1646.17724609375,2019,3
HUL,2019-09-18,1644.3795166015625,2019,3
HUL,2019-09-19,1629.5916748046875,2019,3
HUL,2019-09-20,1770.728515625,2019,3
HUL,2019-09-23,1833.6556396484373,2019,3
HUL,2019-09-24,1843.2745361328125,2019,3
HUL,2019-09-25,1844.21826171875,2019,3
HUL,2019-09-26,1828.846435546875,2019,3
HUL,2019-09-27,1807.720703125,2019,3
HUL,2019-09-30,1781.6956787109375,2019,3
HUL,2019-10-01,1789.2020263671875,2019,4
HUL,2019-10-03,1763.8065185546875,2019,4
HUL,2019-10-04,1747.760009765625,2019,4
HUL,2019-10-07,1744.029296875,2019,4
HUL,2019-10-09,1751.176025390625,2019,4
HUL,2019-10-10,1769.8297119140625,2019,4
HUL,2019-10-11,1802.1021728515625,2019,4
HUL,2019-10-14,1810.7325439453125,2019,4
HUL,2019-10-15,1855.8150634765625,2019,4
HUL,2019-10-16,1861.7484130859373,2019,4
HUL,2019-10-17,1891.279296875,2019,4
HUL,2019-10-18,1893.975830078125,2019,4
HUL,2019-10-22,1912.4049072265625,2019,4
HUL,2019-10-23,1927.67626953125,2019,4
HUL,2019-10-24,1927.766357421875,2019,4
HUL,2019-10-25,1938.3839111328125,2019,4
HUL,2019-10-27,1933.5498046875,2019,4
HUL,2019-10-29,1952.029296875,2019,4
HUL,2019-10-30,1960.34228515625,2019,4
HUL,2019-10-31,1965.7196044921875,2019,4
HUL,2019-11-01,1969.333740234375,2019,4
HUL,2019-11-04,1950.1763916015625,2019,4
HUL,2019-11-05,1962.8272705078125,2019,4
HUL,2019-11-06,1969.4241943359373,2019,4
HUL,2019-11-07,1932.1942138671875,2019,4
HUL,2019-11-08,1885.3409423828125,2019,4
HUL,2019-11-11,1880.777587890625,2019,4
HUL,2019-11-13,1889.4976806640625,2019,4
HUL,2019-11-14,1869.662841796875,2019,4
HUL,2019-11-15,1859.4066162109373,2019,4
HUL,2019-11-18,1858.05126953125,2019,4
HUL,2019-11-19,1841.3790283203125,2019,4
HUL,2019-11-20,1831.21337890625,2019,4
HUL,2019-11-21,1851.2286376953125,2019,4
HUL,2019-11-22,1832.8848876953125,2019,4
HUL,2019-11-25,1863.653564453125,2019,4
HUL,2019-11-26,1859.994140625,2019,4
HUL,2019-11-27,1891.5306396484373,2019,4
HUL,2019-11-28,1886.0186767578125,2019,4
HUL,2019-11-29,1839.1651611328125,2019,4
HUL,2019-12-02,1846.3035888671875,2019,4
HUL,2019-12-03,1832.9755859375,2019,4
HUL,2019-12-04,1850.6414794921875,2019,4
HUL,2019-12-05,1841.108154296875,2019,4
HUL,2019-12-06,1830.8067626953125,2019,4
HUL,2019-12-09,1814.631591796875,2019,4
HUL,2019-12-10,1830.1739501953125,2019,4
HUL,2019-12-11,1816.7099609375,2019,4
HUL,2019-12-12,1813.90869140625,2019,4
HUL,2019-12-13,1812.869384765625,2019,4
HUL,2019-12-16,1784.450439453125,2019,4
HUL,2019-12-17,1772.341552734375,2019,4
HUL,2019-12-18,1742.7025146484375,2019,4
HUL,2019-12-19,1763.0794677734375,2019,4
HUL,2019-12-20,1755.850341796875,2019,4
HUL,2019-12-23,1762.4466552734375,2019,4
HUL,2019-12-24,1758.8321533203125,2019,4
HUL,2019-12-26,1757.5218505859375,2019,4
HUL,2019-12-27,1761.994873046875,2019,4
HUL,2019-12-30,1750.56396484375,2019,4
HUL,2019-12-31,1737.68701171875,2019,4
HUL,2020-01-01,1749.9315185546875,2020,1
HUL,2020-01-02,1751.2869873046875,2020,1
HUL,2020-01-03,1741.70849609375,2020,1
HUL,2020-01-06,1730.8646240234375,2020,1
HUL,2020-01-07,1735.6087646484375,2020,1
HUL,2020-01-08,1743.42529296875,2020,1
HUL,2020-01-09,1748.576171875,2020,1
HUL,2020-01-10,1765.699951171875,2020,1
HUL,2020-01-13,1802.6131591796875,2020,1
HUL,2020-01-14,1815.2188720703125,2020,1
HUL,2020-01-15,1826.8304443359373,2020,1
HUL,2020-01-16,1851.7708740234373,2020,1
HUL,2020-01-17,1861.7559814453125,2020,1
HUL,2020-01-20,1864.0604248046875,2020,1
HUL,2020-01-21,1857.328125,2020,1
HUL,2020-01-22,1853.98486328125,2020,1
HUL,2020-01-23,1858.68359375,2020,1
HUL,2020-01-24,1873.86474609375,2020,1
HUL,2020-01-27,1862.705078125,2020,1
HUL,2020-01-28,1862.0274658203125,2020,1
HUL,2020-01-29,1874.3165283203125,2020,1
HUL,2020-01-30,1859.7681884765625,2020,1
HUL,2020-01-31,1838.2164306640625,2020,1
HUL,2020-02-03,1968.9722900390625,2020,1
HUL,2020-02-04,1947.8724365234373,2020,1
HUL,2020-02-05,1952.1192626953125,2020,1
HUL,2020-02-06,1948.5950927734373,2020,1
HUL,2020-02-07,1951.802978515625,2020,1
HUL,2020-02-10,1951.2158203125,2020,1
HUL,2020-02-11,1945.20654296875,2020,1
HUL,2020-02-12,2042.5279541015625,2020,1
HUL,2020-02-13,2063.3564453125,2020,1
HUL,2020-02-14,2037.7388916015625,2020,1
HUL,2020-02-17,2035.524658203125,2020,1
HUL,2020-02-18,2019.0784912109373,2020,1
HUL,2020-02-19,2071.26318359375,2020,1
HUL,2020-02-20,2031.5941162109373,2020,1
HUL,2020-02-24,2001.6834716796875,2020,1
HUL,2020-02-25,2018.3555908203125,2020,1
HUL,2020-02-26,2020.705078125,2020,1
HUL,2020-02-27,2037.6484375,2020,1
HUL,2020-02-28,1965.1767578125,2020,1
HUL,2020-03-02,1951.3511962890625,2020,1
HUL,2020-03-03,1957.8575439453125,2020,1
HUL,2020-03-04,1966.1708984375,2020,1
HUL,2020-03-05,2004.25927734375,2020,1
HUL,2020-03-06,1977.9632568359373,2020,1
HUL,2020-03-09,1917.058349609375,2020,1
HUL,2020-03-11,1947.329833984375,2020,1
HUL,2020-03-12,1857.8251953125,2020,1
HUL,2020-03-13,1837.267578125,2020,1
HUL,2020-03-16,1754.765869140625,2020,1
HUL,2020-03-17,1810.9267578125,2020,1
HUL,2020-03-18,1738.409912109375,2020,1
HUL,2020-03-19,1661.1495361328125,2020,1
HUL,2020-03-20,1853.98486328125,2020,1
HUL,2020-03-23,1689.5233154296875,2020,1
HUL,2020-03-24,1832.43310546875,2020,1
HUL,2020-03-25,1886.922119140625,2020,1
HUL,2020-03-26,1983.3851318359373,2020,1
HUL,2020-03-27,1934.2723388671875,2020,1
HUL,2020-03-30,1973.851806640625,2020,1
HUL,2020-03-31,2077.001708984375,2020,1
HUL,2020-04-01,1969.604736328125,2020,2
HUL,2020-04-03,1946.5172119140625,2020,2
HUL,2020-04-07,2209.29345703125,2020,2
HUL,2020-04-08,2223.70703125,2020,2
HUL,2020-04-09,2143.644775390625,2020,2
HUL,2020-04-13,2120.33056640625,2020,2
HUL,2020-04-15,2247.83349609375,2020,2
HUL,2020-04-16,2201.342041015625,2020,2
HUL,2020-04-17,2155.166259765625,2020,2
HUL,2020-04-20,2111.384765625,2020,2
HUL,2020-04-21,2094.080078125,2020,2
HUL,2020-04-22,2156.204833984375,2020,2
HUL,2020-04-23,2094.17041015625,2020,2
HUL,2020-04-24,2063.0859375,2020,2
HUL,2020-04-27,2096.8359375,2020,2
HUL,2020-04-28,2069.275634765625,2020,2
HUL,2020-04-29,2016.6839599609373,2020,2
HUL,2020-04-30,1983.4755859375,2020,2
HUL,2020-05-04,1881.9522705078125,2020,2
HUL,2020-05-05,1844.767822265625,2020,2
HUL,2020-05-06,1816.48388671875,2020,2
HUL,2020-05-07,1800.0830078125,2020,2
HUL,2020-05-08,1888.096923828125,2020,2
HUL,2020-05-11,1850.6414794921875,2020,2
HUL,2020-05-12,1817.7037353515625,2020,2
HUL,2020-05-13,1803.4261474609373,2020,2
HUL,2020-05-14,1812.734130859375,2020,2
HUL,2020-05-15,1836.273681640625,2020,2
HUL,2020-05-18,1812.0111083984373,2020,2
HUL,2020-05-19,1785.1732177734375,2020,2
HUL,2020-05-20,1798.9986572265625,2020,2
HUL,2020-05-21,1780.97119140625,2020,2
HUL,2020-05-22,1796.3331298828125,2020,2
HUL,2020-05-26,1787.2064208984375,2020,2
HUL,2020-05-27,1805.5501708984373,2020,2
HUL,2020-05-28,1816.258056640625,2020,2
HUL,2020-05-29,1859.090576171875,2020,2
HUL,2020-06-01,1905.35595703125,2020,2
HUL,2020-06-02,1904.3170166015625,2020,2
HUL,2020-06-03,1916.1549072265625,2020,2
HUL,2020-06-04,1916.2449951171875,2020,2
HUL,2020-06-05,1886.42529296875,2020,2
HUL,2020-06-08,1908.202880859375,2020,2
HUL,2020-06-09,1903.50390625,2020,2
HUL,2020-06-10,1915.341552734375,2020,2
HUL,2020-06-11,1903.865478515625,2020,2
HUL,2020-06-12,1904.1815185546875,2020,2
HUL,2020-06-15,1883.443603515625,2020,2
HUL,2020-06-16,1876.259521484375,2020,2
HUL,2020-06-17,1877.9761962890625,2020,2
HUL,2020-06-18,1866.319580078125,2020,2
HUL,2020-06-19,1903.9853515625,2020,2
HUL,2020-06-22,1911.3092041015625,2020,2
HUL,2020-06-23,1961.484619140625,2020,2
HUL,2020-06-24,1938.14794921875,2020,2
HUL,2020-06-25,1977.133056640625,2020,2
HUL,2020-06-26,1959.8924560546875,2020,2
HUL,2020-06-29,1986.049072265625,2020,2
HUL,2020-06-30,1983.365234375,2020,2
HUL,2020-07-01,1974.6309814453125,2020,3
HUL,2020-07-02,1957.66357421875,2020,3
HUL,2020-07-03,1977.6334228515625,2020,3
HUL,2020-07-06,1966.625244140625,2020,3
HUL,2020-07-07,1959.8470458984373,2020,3
HUL,2020-07-08,1988.8695068359373,2020,3
HUL,2020-07-09,1979.589599609375,2020,3
HUL,2020-07-10,2023.21484375,2020,3
HUL,2020-07-13,2060.92578125,2020,3
HUL,2020-07-14,2033.1768798828125,2020,3
HUL,2020-07-15,2069.9326171875,2020,3
HUL,2020-07-16,2081.487060546875,2020,3
HUL,2020-07-17,2123.97509765625,2020,3
HUL,2020-07-20,2120.699951171875,2020,3
HUL,2020-07-21,2108.917724609375,2020,3
HUL,2020-07-22,2045.6866455078125,2020,3
HUL,2020-07-23,2011.8878173828125,2020,3
HUL,2020-07-24,2010.0225830078125,2020,3
HUL,2020-07-27,2021.122314453125,2020,3
HUL,2020-07-28,2040.273193359375,2020,3
HUL,2020-07-29,2030.0379638671875,2020,3
HUL,2020-07-30,2006.0999755859373,2020,3
HUL,2020-07-31,2019.1654052734373,2020,3
HUL,2020-08-03,2014.2314453125,2020,3
HUL,2020-08-04,2008.1097412109373,2020,3
HUL,2020-08-05,2005.14013671875,2020,3
HUL,2020-08-06,2028.8043212890625,2020,3
HUL,2020-08-07,2019.759033203125,2020,3
HUL,2020-08-10,2016.2869873046875,2020,3
HUL,2020-08-11,2019.85009765625,2020,3
HUL,2020-08-12,2005.6427001953125,2020,3
HUL,2020-08-13,2008.885986328125,2020,3
HUL,2020-08-14,1986.2723388671875,2020,3
HUL,2020-08-17,2006.510986328125,2020,3
HUL,2020-08-18,2023.23095703125,2020,3
HUL,2020-08-19,2004.2720947265625,2020,3
HUL,2020-08-20,1997.053955078125,2020,3
HUL,2020-08-21,2011.992919921875,2020,3
HUL,2020-08-24,2005.002685546875,2020,3
HUL,2020-08-25,1991.0235595703125,2020,3
HUL,2020-08-26,1994.404296875,2020,3
HUL,2020-08-27,1983.85107421875,2020,3
HUL,2020-08-28,1966.217041015625,2020,3
HUL,2020-08-31,1934.6031494140625,2020,3
HUL,2020-09-01,1975.07958984375,2020,3
HUL,2020-09-02,1956.8056640625,2020,3
HUL,2020-09-03,1954.5213623046875,2020,3
HUL,2020-09-04,1941.27294921875,2020,3
HUL,2020-09-07,1975.9478759765625,2020,3
HUL,2020-09-08,1957.3538818359373,2020,3
HUL,2020-09-09,1948.217041015625,2020,3
HUL,2020-09-10,1949.7244873046875,2020,3
HUL,2020-09-11,1972.88671875,2020,3
HUL,2020-09-14,1940.22265625,2020,3
HUL,2020-09-15,1941.0902099609373,2020,3
HUL,2020-09-16,1958.4964599609373,2020,3
HUL,2020-09-17,1944.5167236328125,2020,3
HUL,2020-09-18,1917.5628662109373,2020,3
HUL,2020-09-21,1861.9190673828125,2020,3
HUL,2020-09-22,1851.8682861328125,2020,3
HUL,2020-09-23,1875.39599609375,2020,3
HUL,2020-09-24,1883.0250244140625,2020,3
HUL,2020-09-25,1899.6087646484373,2020,3
HUL,2020-09-28,1885.21826171875,2020,3
HUL,2020-09-29,1857.716064453125,2020,3
HUL,2020-09-30,1889.7408447265625,2020,3
HUL,2020-10-01,1914.18212890625,2020,4
HUL,2020-10-05,1928.8468017578125,2020,4
HUL,2020-10-06,1933.2781982421875,2020,4
HUL,2020-10-07,1954.704345703125,2020,4
HUL,2020-10-08,1974.302490234375,2020,4
HUL,2020-10-09,1954.978271484375,2020,4
HUL,2020-10-12,1953.836181640625,2020,4
HUL,2020-10-13,1953.65380859375,2020,4
HUL,2020-10-14,1971.8812255859373,2020,4
HUL,2020-10-15,1966.76513671875,2020,4
HUL,2020-10-16,1964.93798828125,2020,4
HUL,2020-10-19,1989.8359375,2020,4
HUL,2020-10-20,1985.541748046875,2020,4
HUL,2020-10-21,1976.449951171875,2020,4
HUL,2020-10-22,1991.2515869140625,2020,4
HUL,2020-10-23,1958.816162109375,2020,4
HUL,2020-10-26,1979.7392578125,2020,4
HUL,2020-10-27,1988.8302001953125,2020,4
HUL,2020-10-28,1990.3480224609373,2020,4
HUL,2020-10-29,1951.494873046875,2020,4
HUL,2020-10-30,1904.7789306640625,2020,4
HUL,2020-11-02,1905.422607421875,2020,4
HUL,2020-11-03,1890.4327392578125,2020,4
HUL,2020-11-04,1894.4332275390625,2020,4
HUL,2020-11-05,1933.3326416015625,2020,4
HUL,2020-11-06,1925.7918701171875,2020,4
HUL,2020-11-09,1961.1046142578125,2020,4
HUL,2020-11-10,1964.828857421875,2020,4
HUL,2020-11-11,1959.817138671875,2020,4
HUL,2020-11-12,2015.8670654296875,2020,4
HUL,2020-11-13,2009.6597900390625,2020,4
HUL,2020-11-14,2011.820556640625,2020,4
HUL,2020-11-17,2002.5328369140625,2020,4
HUL,2020-11-18,1960.690673828125,2020,4
HUL,2020-11-19,1959.449462890625,2020,4
HUL,2020-11-20,1949.7933349609373,2020,4
HUL,2020-11-23,1958.207763671875,2020,4
HUL,2020-11-24,1983.9107666015625,2020,4
HUL,2020-11-25,1964.1396484375,2020,4
HUL,2020-11-26,1981.0140380859373,2020,4
HUL,2020-11-27,1966.30029296875,2020,4
HUL,2020-12-01,1961.564208984375,2020,4
HUL,2020-12-02,1967.31201171875,2020,4
HUL,2020-12-03,1956.6903076171875,2020,4
HUL,2020-12-04,2008.6021728515625,2020,4
HUL,2020-12-07,2074.767333984375,2020,4
HUL,2020-12-08,2078.307861328125,2020,4
HUL,2020-12-09,2107.91943359375,2020,4
HUL,2020-12-10,2161.48681640625,2020,4
HUL,2020-12-11,2183.8330078125,2020,4
HUL,2020-12-14,2180.154541015625,2020,4
HUL,2020-12-15,2133.53076171875,2020,4
HUL,2020-12-16,2155.5087890625,2020,4
HUL,2020-12-17,2129.16259765625,2020,4
HUL,2020-12-18,2145.852783203125,2020,4
HUL,2020-12-21,2120.56396484375,2020,4
HUL,2020-12-22,2125.2080078125,2020,4
HUL,2020-12-23,2179.78662109375,2020,4
HUL,2020-12-24,2209.122314453125,2020,4
HUL,2020-12-28,2196.845703125,2020,4
HUL,2020-12-29,2192.615478515625,2020,4
HUL,2020-12-30,2213.122802734375,2020,4
HUL,2020-12-31,2202.82275390625,2020,4
HUL,2021-01-01,2195.60400390625,2021,1
HUL,2021-01-04,2231.4228515625,2021,1
HUL,2021-01-05,2253.539306640625,2021,1
HUL,2021-01-06,2222.96240234375,2021,1
HUL,2021-01-07,2178.4072265625,2021,1
HUL,2021-01-08,2198.96044921875,2021,1
HUL,2021-01-11,2233.8134765625,2021,1
HUL,2021-01-12,2184.890625,2021,1
HUL,2021-01-13,2181.6259765625,2021,1
HUL,2021-01-14,2205.7197265625,2021,1
HUL,2021-01-15,2162.13037109375,2021,1
HUL,2021-01-18,2145.07177734375,2021,1
HUL,2021-01-19,2173.16552734375,2021,1
HUL,2021-01-20,2166.544677734375,2021,1
HUL,2021-01-21,2177.303955078125,2021,1
HUL,2021-01-22,2215.6513671875,2021,1
HUL,2021-01-25,2206.685546875,2021,1
HUL,2021-01-27,2199.052734375,2021,1
HUL,2021-01-28,2115.4599609375,2021,1
HUL,2021-01-29,2081.89453125,2021,1
HUL,2021-02-01,2067.82470703125,2021,1
HUL,2021-02-02,2051.134033203125,2021,1
HUL,2021-02-03,2053.34130859375,2021,1
HUL,2021-02-04,2065.066162109375,2021,1
HUL,2021-02-05,2087.0908203125,2021,1
HUL,2021-02-08,2056.83544921875,2021,1
HUL,2021-02-09,2038.075439453125,2021,1
HUL,2021-02-10,2055.777587890625,2021,1
HUL,2021-02-11,2081.0673828125,2021,1
HUL,2021-02-12,2061.341552734375,2021,1
HUL,2021-02-15,2037.10986328125,2021,1
HUL,2021-02-16,2019.5455322265625,2021,1
HUL,2021-02-17,1989.9342041015625,2021,1
HUL,2021-02-18,1974.2552490234373,2021,1
HUL,2021-02-19,2005.75146484375,2021,1
HUL,2021-02-22,1993.336669921875,2021,1
HUL,2021-02-23,2004.0499267578125,2021,1
HUL,2021-02-24,2003.6824951171875,2021,1
HUL,2021-02-25,1989.382568359375,2021,1
HUL,2021-02-26,1960.644775390625,2021,1
HUL,2021-03-01,1971.08203125,2021,1
HUL,2021-03-02,2002.854736328125,2021,1
HUL,2021-03-03,2017.1546630859373,2021,1
HUL,2021-03-04,2020.2808837890625,2021,1
HUL,2021-03-05,2024.1435546875,2021,1
HUL,2021-03-08,1999.727783203125,2021,1
HUL,2021-03-09,2021.7528076171875,2021,1
HUL,2021-03-10,2048.74267578125,2021,1
HUL,2021-03-12,2027.5001220703125,2021,1
HUL,2021-03-15,2033.1094970703125,2021,1
HUL,2021-03-16,2063.640625,2021,1
HUL,2021-03-17,2047.3177490234373,2021,1
HUL,2021-03-18,2037.10986328125,2021,1
HUL,2021-03-19,2126.174072265625,2021,1
HUL,2021-03-22,2164.015380859375,2021,1
HUL,2021-03-23,2149.3935546875,2021,1
HUL,2021-03-24,2132.197021484375,2021,1
HUL,2021-03-25,2057.203369140625,2021,1
HUL,2021-03-26,2131.552978515625,2021,1
HUL,2021-03-30,2205.9033203125,2021,1
HUL,2021-03-31,2236.020751953125,2021,1
HUL,2021-04-01,2206.225830078125,2021,2
HUL,2021-04-05,2182.40771484375,2021,2
HUL,2021-04-06,2214.685302734375,2021,2
HUL,2021-04-07,2211.881103515625,2021,2
HUL,2021-04-08,2216.156982421875,2021,2
HUL,2021-04-09,2276.94287109375,2021,2
HUL,2021-04-12,2264.068603515625,2021,2
HUL,2021-04-13,2257.079833984375,2021,2
HUL,2021-04-15,2262.826904296875,2021,2
HUL,2021-04-16,2261.218017578125,2021,2
HUL,2021-04-19,2240.756591796875,2021,2
HUL,2021-04-20,2204.708251953125,2021,2
HUL,2021-04-22,2160.521240234375,2021,2
HUL,2021-04-23,2122.21923828125,2021,2
HUL,2021-04-26,2170.8662109375,2021,2
HUL,2021-04-27,2188.5234375,2021,2
HUL,2021-04-28,2213.076416015625,2021,2
HUL,2021-04-29,2214.0419921875,2021,2
HUL,2021-04-30,2164.521240234375,2021,2
HUL,2021-05-03,2214.409912109375,2021,2
HUL,2021-05-04,2214.088134765625,2021,2
HUL,2021-05-05,2202.133056640625,2021,2
HUL,2021-05-06,2197.85693359375,2021,2
HUL,2021-05-07,2217.352783203125,2021,2
HUL,2021-05-10,2237.307861328125,2021,2
HUL,2021-05-11,2208.984619140625,2021,2
HUL,2021-05-12,2141.715087890625,2021,2
HUL,2021-05-14,2185.763916015625,2021,2
HUL,2021-05-17,2185.212158203125,2021,2
HUL,2021-05-18,2183.373291015625,2021,2
HUL,2021-05-19,2170.0390625,2021,2
HUL,2021-05-20,2155.693115234375,2021,2
HUL,2021-05-21,2172.338134765625,2021,2
HUL,2021-05-24,2148.7041015625,2021,2
HUL,2021-05-25,2155.601318359375,2021,2
HUL,2021-05-26,2164.751220703125,2021,2
HUL,2021-05-27,2139.3701171875,2021,2
HUL,2021-05-28,2135.0478515625,2021,2
HUL,2021-05-31,2151.9228515625,2021,2
HUL,2021-06-01,2168.70556640625,2021,2
HUL,2021-06-02,2169.165283203125,2021,2
HUL,2021-06-03,2173.25732421875,2021,2
HUL,2021-06-04,2153.76171875,2021,2
HUL,2021-06-07,2151.23291015625,2021,2
HUL,2021-06-08,2169.349609375,2021,2
HUL,2021-06-09,2166.590576171875,2021,2
HUL,2021-06-10,2187.5576171875,2021,2
HUL,2021-06-11,2176.246337890625,2021,2
HUL,2021-06-14,2190.233154296875,2021,2
HUL,2021-06-15,2215.56591796875,2021,2
HUL,2021-06-16,2230.339599609375,2021,2
HUL,2021-06-17,2239.4169921875,2021,2
HUL,2021-06-18,2299.80859375,2021,2
HUL,2021-06-21,2328.93994140625,2021,2
HUL,2021-06-22,2306.617431640625,2021,2
HUL,2021-06-23,2297.586181640625,2021,2
HUL,2021-06-24,2306.5244140625,2021,2
HUL,2021-06-25,2268.084716796875,2021,2
HUL,2021-06-28,2278.782958984375,2021,2
HUL,2021-06-29,2308.747314453125,2021,2
HUL,2021-06-30,2289.064697265625,2021,2
HUL,2021-07-01,2295.2705078125,2021,3
HUL,2021-07-02,2303.884521484375,2021,3
HUL,2021-07-05,2314.768310546875,2021,3
HUL,2021-07-06,2290.176513671875,2021,3
HUL,2021-07-07,2298.6513671875,2021,3
HUL,2021-07-08,2267.06591796875,2021,3
HUL,2021-07-09,2270.67822265625,2021,3
HUL,2021-07-12,2263.916748046875,2021,3
HUL,2021-07-13,2257.015869140625,2021,3
HUL,2021-07-14,2236.777587890625,2021,3
HUL,2021-07-15,2234.461669921875,2021,3
HUL,2021-07-16,2239.13916015625,2021,3
HUL,2021-07-19,2231.034912109375,2021,3
HUL,2021-07-20,2255.348876953125,2021,3
HUL,2021-07-22,2202.783447265625,2021,3
HUL,2021-07-23,2184.2119140625,2021,3
HUL,2021-07-26,2175.505615234375,2021,3
HUL,2021-07-27,2169.669677734375,2021,3
HUL,2021-07-28,2187.268798828125,2021,3
HUL,2021-07-29,2162.583740234375,2021,3
HUL,2021-07-30,2161.240966796875,2021,3
HUL,2021-08-02,2160.77783203125,2021,3
HUL,2021-08-03,2210.842041015625,2021,3
HUL,2021-08-04,2201.81103515625,2021,3
HUL,2021-08-05,2183.841552734375,2021,3
HUL,2021-08-06,2196.623779296875,2021,3
HUL,2021-08-09,2208.6650390625,2021,3
HUL,2021-08-10,2206.164306640625,2021,3
HUL,2021-08-11,2214.1767578125,2021,3
HUL,2021-08-12,2215.889892578125,2021,3
HUL,2021-08-13,2227.190673828125,2021,3
HUL,2021-08-16,2247.4755859375,2021,3
HUL,2021-08-17,2300.64306640625,2021,3
HUL,2021-08-18,2302.72705078125,2021,3
HUL,2021-08-20,2426.243408203125,2021,3
HUL,2021-08-23,2439.90576171875,2021,3
HUL,2021-08-24,2438.841064453125,2021,3
HUL,2021-08-25,2449.955810546875,2021,3
HUL,2021-08-26,2469.777587890625,2021,3
HUL,2021-08-27,2480.47607421875,2021,3
HUL,2021-08-30,2489.507080078125,2021,3
HUL,2021-08-31,2523.22314453125,2021,3
HUL,2021-09-01,2531.3740234375,2021,3
HUL,2021-09-02,2594.498779296875,2021,3
HUL,2021-09-03,2562.681884765625,2021,3
HUL,2021-09-06,2575.556640625,2021,3
HUL,2021-09-07,2572.870361328125,2021,3
HUL,2021-09-08,2594.35986328125,2021,3
HUL,2021-09-09,2603.390625,2021,3
HUL,2021-09-13,2580.883056640625,2021,3
HUL,2021-09-14,2558.837646484375,2021,3
HUL,2021-09-15,2570.786376953125,2021,3
HUL,2021-09-16,2564.1171875,2021,3
HUL,2021-09-17,2521.509033203125,2021,3
HUL,2021-09-20,2593.850341796875,2021,3
HUL,2021-09-21,2605.057861328125,2021,3
HUL,2021-09-22,2579.1689453125,2021,3
HUL,2021-09-23,2577.130859375,2021,3
HUL,2021-09-24,2544.109619140625,2021,3
HUL,2021-09-27,2509.69970703125,2021,3
HUL,2021-09-28,2522.991455078125,2021,3
HUL,2021-09-29,2487.2841796875,2021,3
HUL,2021-09-30,2502.567626953125,2021,3
HUL,2021-10-01,2504.651123046875,2021,4
HUL,2021-10-04,2488.117431640625,2021,4
HUL,2021-10-05,2508.912353515625,2021,4
HUL,2021-10-06,2487.979248046875,2021,4
HUL,2021-10-07,2472.556884765625,2021,4
HUL,2021-10-08,2445.37109375,2021,4
HUL,2021-10-11,2450.048828125,2021,4
HUL,2021-10-12,2478.808349609375,2021,4
HUL,2021-10-13,2451.5771484375,2021,4
HUL,2021-10-14,2454.170166015625,2021,4
HUL,2021-10-18,2458.292236328125,2021,4
HUL,2021-10-19,2358.996826171875,2021,4
HUL,2021-10-20,2295.872314453125,2021,4
HUL,2021-10-21,2265.39892578125,2021,4
HUL,2021-10-22,2273.1328125,2021,4
HUL,2021-10-25,2274.754150390625,2021,4
HUL,2021-10-26,2271.026123046875,2021,4
HUL,2021-10-27,2233.515380859375,2021,4
HUL,2021-10-28,2227.0380859375,2021,4
HUL,2021-10-29,2230.2998046875,2021,4
HUL,2021-11-01,2243.300537109375,2021,4
HUL,2021-11-02,2254.29736328125,2021,4
HUL,2021-11-03,2247.26123046875,2021,4
HUL,2021-11-04,2257.97900390625,2021,4
HUL,2021-11-08,2266.41259765625,2021,4
HUL,2021-11-09,2265.7138671875,2021,4
HUL,2021-11-10,2236.823486328125,2021,4
HUL,2021-11-11,2214.50341796875,2021,4
HUL,2021-11-12,2241.296875,2021,4
HUL,2021-11-15,2259.74951171875,2021,4
HUL,2021-11-16,2242.88134765625,2021,4
HUL,2021-11-17,2228.435791015625,2021,4
HUL,2021-11-18,2236.12451171875,2021,4
HUL,2021-11-22,2226.0126953125,2021,4
HUL,2021-11-23,2231.2783203125,2021,4
HUL,2021-11-24,2213.152099609375,2021,4
HUL,2021-11-25,2189.20068359375,2021,4
HUL,2021-11-26,2176.199951171875,2021,4
HUL,2021-11-29,2170.887939453125,2021,4
HUL,2021-11-30,2159.84423828125,2021,4
HUL,2021-12-01,2185.287109375,2021,4
HUL,2021-12-02,2221.1201171875,2021,4
HUL,2021-12-03,2184.168212890625,2021,4
HUL,2021-12-06,2149.54638671875,2021,4
HUL,2021-12-07,2163.61865234375,2021,4
HUL,2021-12-08,2181.325927734375,2021,4
HUL,2021-12-09,2180.5341796875,2021,4
HUL,2021-12-10,2174.056640625,2021,4
HUL,2021-12-13,2147.542724609375,2021,4
HUL,2021-12-14,2160.543212890625,2021,4
HUL,2021-12-15,2163.01318359375,2021,4
HUL,2021-12-16,2152.342041015625,2021,4
HUL,2021-12-17,2078.484619140625,2021,4
HUL,2021-12-20,2114.69140625,2021,4
HUL,2021-12-21,2118.186279296875,2021,4
HUL,2021-12-22,2122.6591796875,2021,4
HUL,2021-12-23,2144.09423828125,2021,4
HUL,2021-12-24,2140.646240234375,2021,4
HUL,2021-12-27,2144.79296875,2021,4
HUL,2021-12-28,2151.96923828125,2021,4
HUL,2021-12-29,2149.872314453125,2021,4
HUL,2021-12-30,2167.3466796875,2021,4
HUL,2021-12-31,2199.545166015625,2021,4
HUL,2022-01-03,2200.616943359375,2022,1
HUL,2022-01-04,2237.848876953125,2022,1
HUL,2022-01-05,2251.408447265625,2022,1
HUL,2022-01-06,2228.669189453125,2022,1
HUL,2022-01-07,2251.73486328125,2022,1
HUL,2022-01-10,2243.25390625,2022,1
HUL,2022-01-11,2240.085205078125,2022,1
HUL,2022-01-12,2248.938720703125,2022,1
HUL,2022-01-13,2249.917236328125,2022,1
HUL,2022-01-14,2202.853759765625,2022,1
HUL,2022-01-17,2226.944580078125,2022,1
HUL,2022-01-18,2208.259521484375,2022,1
HUL,2022-01-19,2152.71484375,2022,1
HUL,2022-01-20,2107.887939453125,2022,1
HUL,2022-01-21,2167.159912109375,2022,1
HUL,2022-01-24,2129.136474609375,2022,1
HUL,2022-01-25,2168.884521484375,2022,1
HUL,2022-01-27,2139.155029296875,2022,1
HUL,2022-01-28,2128.158203125,2022,1
HUL,2022-01-31,2119.02490234375,2022,1
HUL,2022-02-01,2148.75390625,2022,1
HUL,2022-02-02,2169.48974609375,2022,1
HUL,2022-02-03,2141.764404296875,2022,1
HUL,2022-02-04,2149.6396484375,2022,1
HUL,2022-02-07,2103.97412109375,2022,1
HUL,2022-02-08,2110.264404296875,2022,1
HUL,2022-02-09,2122.6591796875,2022,1
HUL,2022-02-10,2127.785400390625,2022,1
HUL,2022-02-11,2104.346435546875,2022,1
HUL,2022-02-14,2076.900634765625,2022,1
HUL,2022-02-15,2134.262451171875,2022,1
HUL,2022-02-16,2130.906982421875,2022,1
HUL,2022-02-17,2150.52490234375,2022,1
HUL,2022-02-18,2155.1845703125,2022,1
HUL,2022-02-21,2138.642333984375,2022,1
HUL,2022-02-22,2115.4833984375,2022,1
HUL,2022-02-23,2106.5830078125,2022,1
HUL,2022-02-24,2023.6392822265625,2022,1
HUL,2022-02-25,2022.9876708984373,2022,1
HUL,2022-02-28,2024.292236328125,2022,1
HUL,2022-03-02,2002.85693359375,2022,1
HUL,2022-03-03,1948.7108154296875,2022,1
HUL,2022-03-04,1882.0760498046875,2022,1
HUL,2022-03-07,1811.667236328125,2022,1
HUL,2022-03-08,1816.373779296875,2022,1
HUL,2022-03-09,1861.946044921875,2022,1
HUL,2022-03-10,1958.9154052734373,2022,1
HUL,2022-03-11,1951.879150390625,2022,1
HUL,2022-03-14,1919.16796875,2022,1
HUL,2022-03-15,1899.503662109375,2022,1
HUL,2022-03-16,1931.143310546875,2022,1
HUL,2022-03-17,1959.0086669921875,2022,1
HUL,2022-03-21,1911.6190185546875,2022,1
HUL,2022-03-22,1857.8453369140625,2022,1
HUL,2022-03-23,1843.9127197265625,2022,1
HUL,2022-03-24,1832.12353515625,2022,1
HUL,2022-03-25,1820.1014404296875,2022,1
HUL,2022-03-28,1840.697509765625,2022,1
HUL,2022-03-29,1851.8343505859373,2022,1
HUL,2022-03-30,1878.7210693359373,2022,1
HUL,2022-03-31,1909.2423095703125,2022,1
HUL,2022-04-01,1936.7349853515625,2022,2
HUL,2022-04-04,1983.6121826171875,2022,2
HUL,2022-04-05,1994.18994140625,2022,2
HUL,2022-04-06,1996.2869873046875,2022,2
HUL,2022-04-07,2017.4886474609373,2022,2
HUL,2022-04-08,2034.4967041015625,2022,2
HUL,2022-04-11,2015.85791015625,2022,2
HUL,2022-04-12,1987.15380859375,2022,2
HUL,2022-04-13,2005.6990966796875,2022,2
HUL,2022-04-18,2029.4637451171875,2022,2
HUL,2022-04-19,1969.260498046875,2022,2
HUL,2022-04-20,2017.62841796875,2022,2
HUL,2022-04-21,2048.383056640625,2022,2
HUL,2022-04-22,1982.2142333984373,2022,2
HUL,2022-04-25,1957.797119140625,2022,2
HUL,2022-04-26,2002.158203125,2022,2
HUL,2022-04-27,1999.129150390625,2022,2
HUL,2022-04-28,2089.295654296875,2022,2
HUL,2022-04-29,2082.77197265625,2022,2
HUL,2022-05-02,2078.7177734375,2022,2
HUL,2022-05-04,2023.7794189453125,2022,2
HUL,2022-05-05,2019.1663818359373,2022,2
HUL,2022-05-06,2002.9500732421875,2022,2
HUL,2022-05-09,1972.6148681640625,2022,2
HUL,2022-05-10,2032.0272216796875,2022,2
HUL,2022-05-11,2016.277099609375,2022,2
HUL,2022-05-12,1993.2579345703125,2022,2
HUL,2022-05-13,2044.7950439453125,2022,2
HUL,2022-05-16,2066.36962890625,2022,2
HUL,2022-05-17,2092.23095703125,2022,2
HUL,2022-05-18,2135.473388671875,2022,2
HUL,2022-05-19,2110.450927734375,2022,2
HUL,2022-05-20,2167.672607421875,2022,2
HUL,2022-05-23,2217.8583984375,2022,2
HUL,2022-05-24,2152.48193359375,2022,2
HUL,2022-05-25,2142.27734375,2022,2
HUL,2022-05-26,2125.03564453125,2022,2
HUL,2022-05-27,2172.006591796875,2022,2
HUL,2022-05-30,2189.107421875,2022,2
HUL,2022-05-31,2193.115234375,2022,2
HUL,2022-06-01,2151.36376953125,2022,2
HUL,2022-06-02,2129.322998046875,2022,2
HUL,2022-06-03,2135.986328125,2022,2
HUL,2022-06-06,2125.3154296875,2022,2
HUL,2022-06-07,2061.103759765625,2022,2
HUL,2022-06-08,2047.5439453125,2022,2
HUL,2022-06-09,2048.150146484375,2022,2
HUL,2022-06-10,2050.199951171875,2022,2
HUL,2022-06-13,2047.404296875,2022,2
HUL,2022-06-14,2023.2666015625,2022,2
HUL,2022-06-15,2018.14306640625,2022,2
HUL,2022-06-16,2018.2840576171875,2022,2
HUL,2022-06-17,1984.202392578125,2022,2
HUL,2022-06-20,2064.54052734375,2022,2
HUL,2022-06-21,2073.0966796875,2022,2
HUL,2022-06-22,2071.074951171875,2022,2
HUL,2022-06-23,2117.848876953125,2022,2
HUL,2022-06-24,2166.080322265625,2022,2
HUL,2022-06-27,2181.827880859375,2022,2
HUL,2022-06-28,2179.00732421875,2022,2
HUL,2022-06-29,2099.8447265625,2022,2
HUL,2022-06-30,2097.1650390625,2022,2
HUL,2022-07-01,2145.8193359375,2022,3
HUL,2022-07-04,2233.114990234375,2022,3
HUL,2022-07-05,2257.841552734375,2022,3
HUL,2022-07-06,2348.94482421875,2022,3
HUL,2022-07-07,2325.017822265625,2022,3
HUL,2022-07-08,2347.488037109375,2022,3
HUL,2022-07-11,2341.61181640625,2022,3
HUL,2022-07-12,2303.017333984375,2022,3
HUL,2022-07-13,2348.333984375,2022,3
HUL,2022-07-14,2348.380859375,2022,3
HUL,2022-07-15,2414.851806640625,2022,3
HUL,2022-07-18,2400.7490234375,2022,3
HUL,2022-07-19,2414.334716796875,2022,3
HUL,2022-07-20,2448.698486328125,2022,3
HUL,2022-07-21,2451.4716796875,2022,3
HUL,2022-07-22,2482.638671875,2022,3
HUL,2022-07-25,2466.65576171875,2022,3
HUL,2022-07-26,2394.732177734375,2022,3
HUL,2022-07-27,2427.4970703125,2022,3
HUL,2022-07-28,2463.364990234375,2022,3
HUL,2022-07-29,2479.6298828125,2022,3
HUL,2022-08-01,2437.885986328125,2022,3
HUL,2022-08-02,2477.60888671875,2022,3
HUL,2022-08-03,2469.241455078125,2022,3
HUL,2022-08-04,2470.745361328125,2022,3
HUL,2022-08-05,2487.151611328125,2022,3
HUL,2022-08-08,2491.8056640625,2022,3
HUL,2022-08-10,2484.70703125,2022,3
HUL,2022-08-11,2457.34765625,2022,3
HUL,2022-08-12,2439.71923828125,2022,3
HUL,2022-08-16,2486.305419921875,2022,3
HUL,2022-08-17,2524.0537109375,2022,3
HUL,2022-08-18,2521.609130859375,2022,3
HUL,2022-08-19,2476.95068359375,2022,3
HUL,2022-08-22,2469.570556640625,2022,3
HUL,2022-08-23,2437.651123046875,2022,3
HUL,2022-08-24,2433.420166015625,2022,3
HUL,2022-08-25,2420.210693359375,2022,3
HUL,2022-08-26,2417.71923828125,2022,3
HUL,2022-08-29,2421.715087890625,2022,3
HUL,2022-08-30,2500.737060546875,2022,3
HUL,2022-09-01,2450.1083984375,2022,3
HUL,2022-09-02,2447.85205078125,2022,3
HUL,2022-09-05,2445.03173828125,2022,3
HUL,2022-09-06,2419.176513671875,2022,3
HUL,2022-09-07,2411.185546875,2022,3
HUL,2022-09-08,2422.984130859375,2022,3
HUL,2022-09-09,2433.84326171875,2022,3
HUL,2022-09-12,2426.03955078125,2022,3
HUL,2022-09-13,2431.868896484375,2022,3
HUL,2022-09-14,2417.578125,2022,3
HUL,2022-09-15,2407.236083984375,2022,3
HUL,2022-09-16,2376.91552734375,2022,3
HUL,2022-09-19,2424.958740234375,2022,3
HUL,2022-09-20,2429.00146484375,2022,3
HUL,2022-09-21,2466.65576171875,2022,3
HUL,2022-09-22,2531.669189453125,2022,3
HUL,2022-09-23,2521.609130859375,2022,3
HUL,2022-09-26,2501.395263671875,2022,3
HUL,2022-09-27,2518.9765625,2022,3
HUL,2022-09-28,2540.4599609375,2022,3
HUL,2022-09-29,2539.002685546875,2022,3
HUL,2022-09-30,2535.147705078125,2022,3
HUL,2022-10-03,2465.621337890625,2022,4
HUL,2022-10-04,2508.352294921875,2022,4
HUL,2022-10-06,2457.629638671875,2022,4
HUL,2022-10-07,2444.185302734375,2022,4
HUL,2022-10-10,2449.732666015625,2022,4
HUL,2022-10-11,2398.069580078125,2022,4
HUL,2022-10-12,2436.3349609375,2022,4
HUL,2022-10-13,2412.87744140625,2022,4
HUL,2022-10-14,2421.715087890625,2022,4
HUL,2022-10-17,2435.582763671875,2022,4
HUL,2022-10-18,2446.5830078125,2022,4
HUL,2022-10-19,2428.484130859375,2022,4
HUL,2022-10-20,2445.313232421875,2022,4
HUL,2022-10-21,2495.14306640625,2022,4
HUL,2022-10-24,2419.176513671875,2022,4
HUL,2022-10-25,2355.5263671875,2022,4
HUL,2022-10-27,2368.31298828125,2022,4
HUL,2022-10-28,2373.248779296875,2022,4
HUL,2022-10-31,2398.11669921875,2022,4
HUL,2022-11-01,2415.248046875,2022,4
HUL,2022-11-02,2383.54052734375,2022,4
HUL,2022-11-03,2410.089599609375,2022,4
HUL,2022-11-04,2385.481201171875,2022,4
HUL,2022-11-07,2397.2646484375,2022,4
HUL,2022-11-09,2374.548828125,2022,4
HUL,2022-11-10,2379.092041015625,2022,4
HUL,2022-11-11,2369.106689453125,2022,4
HUL,2022-11-14,2326.278076171875,2022,4
HUL,2022-11-15,2325.994384765625,2022,4
HUL,2022-11-16,2345.255126953125,2022,4
HUL,2022-11-17,2328.3603515625,2022,4
HUL,2022-11-18,2350.792236328125,2022,4
HUL,2022-11-21,2367.544677734375,2022,4
HUL,2022-11-22,2381.07958984375,2022,4
HUL,2022-11-23,2373.176513671875,2022,4
HUL,2022-11-24,2412.739501953125,2022,4
HUL,2022-11-25,2401.665771484375,2022,4
HUL,2022-11-28,2390.07177734375,2022,4
HUL,2022-11-29,2493.23876953125,2022,4
HUL,2022-11-30,2540.705322265625,2022,4
HUL,2022-12-01,2520.35546875,2022,4
HUL,2022-12-02,2475.160888671875,2022,4
HUL,2022-12-05,2479.656494140625,2022,4
HUL,2022-12-06,2512.49951171875,2022,4
HUL,2022-12-07,2562.474365234375,2022,4
HUL,2022-12-08,2560.676025390625,2022,4
HUL,2022-12-09,2576.576416015625,2022,4
HUL,2022-12-12,2571.844482421875,2022,4
HUL,2022-12-13,2565.266357421875,2022,4
HUL,2022-12-14,2540.98876953125,2022,4
HUL,2022-12-15,2520.73388671875,2022,4
HUL,2022-12-16,2528.35302734375,2022,4
HUL,2022-12-19,2572.64892578125,2022,4
HUL,2022-12-20,2531.429443359375,2022,4
HUL,2022-12-21,2523.5263671875,2022,4
HUL,2022-12-22,2503.7919921875,2022,4
HUL,2022-12-23,2480.839599609375,2022,4
HUL,2022-12-26,2477.385009765625,2022,4
HUL,2022-12-27,2454.479736328125,2022,4
HUL,2022-12-28,2445.346435546875,2022,4
HUL,2022-12-29,2430.62841796875,2022,4
HUL,2022-12-30,2424.003173828125,2022,4
HUL,2023-01-02,2421.49462890625,2023,1
HUL,2023-01-03,2406.019775390625,2023,1
HUL,2023-01-04,2400.38818359375,2023,1
HUL,2023-01-05,2445.44091796875,2023,1
HUL,2023-01-06,2438.57861328125,2023,1
HUL,2023-01-09,2483.631591796875,2023,1
HUL,2023-01-10,2502.3720703125,2023,1
HUL,2023-01-11,2454.479736328125,2023,1
HUL,2023-01-12,2451.451416015625,2023,1
HUL,2023-01-13,2483.584228515625,2023,1
HUL,2023-01-16,2458.123779296875,2023,1
HUL,2023-01-17,2524.8037109375,2023,1
HUL,2023-01-18,2542.4560546875,2023,1
HUL,2023-01-19,2507.95654296875,2023,1
HUL,2023-01-20,2412.361083984375,2023,1
HUL,2023-01-23,2457.4609375,2023,1
HUL,2023-01-24,2461.341796875,2023,1
HUL,2023-01-25,2482.022705078125,2023,1
HUL,2023-01-27,2472.368408203125,2023,1
HUL,2023-01-30,2430.722900390625,2023,1
HUL,2023-01-31,2438.86279296875,2023,1
HUL,2023-02-01,2436.49658203125,2023,1
HUL,2023-02-02,2493.853759765625,2023,1
HUL,2023-02-03,2507.009765625,2023,1
HUL,2023-02-06,2496.45654296875,2023,1
HUL,2023-02-07,2462.004150390625,2023,1
HUL,2023-02-08,2444.589111328125,2023,1
HUL,2023-02-09,2448.280029296875,2023,1
HUL,2023-02-10,2439.57275390625,2023,1
HUL,2023-02-13,2442.88525390625,2023,1
HUL,2023-02-14,2441.56005859375,2023,1
HUL,2023-02-15,2412.077392578125,2023,1
HUL,2023-02-16,2391.869873046875,2023,1
HUL,2023-02-17,2380.890380859375,2023,1
HUL,2023-02-20,2377.057373046875,2023,1
HUL,2023-02-21,2381.50537109375,2023,1
HUL,2023-02-22,2360.588623046875,2023,1
HUL,2023-02-23,2357.369873046875,2023,1
HUL,2023-02-24,2351.265380859375,2023,1
HUL,2023-02-27,2336.073974609375,2023,1
HUL,2023-02-28,2328.975341796875,2023,1
HUL,2023-03-01,2334.27587890625,2023,1
HUL,2023-03-02,2323.959228515625,2023,1
HUL,2023-03-03,2338.771484375,2023,1
HUL,2023-03-06,2351.880615234375,2023,1
HUL,2023-03-08,2352.1171875,2023,1
HUL,2023-03-09,2329.685302734375,2023,1
HUL,2023-03-10,2333.518798828125,2023,1
HUL,2023-03-13,2323.722900390625,2023,1
HUL,2023-03-14,2311.74951171875,2023,1
HUL,2023-03-15,2277.344970703125,2023,1
HUL,2023-03-16,2327.745361328125,2023,1
HUL,2023-03-17,2316.4345703125,2023,1
HUL,2023-03-20,2376.8203125,2023,1
HUL,2023-03-21,2330.8212890625,2023,1
HUL,2023-03-22,2343.83544921875,2023,1
HUL,2023-03-23,2352.1171875,2023,1
HUL,2023-03-24,2348.047119140625,2023,1
HUL,2023-03-27,2365.2734375,2023,1
HUL,2023-03-28,2349.93994140625,2023,1
HUL,2023-03-29,2395.4189453125,2023,1
HUL,2023-03-31,2423.340576171875,2023,1
HUL,2023-04-03,2400.38818359375,2023,2
HUL,2023-04-05,2444.5419921875,2023,2
HUL,2023-04-06,2427.978271484375,2023,2
HUL,2023-04-10,2396.6494140625,2023,2
HUL,2023-04-11,2411.414794921875,2023,2
HUL,2023-04-12,2393.62060546875,2023,2
HUL,2023-04-13,2400.48291015625,2023,2
HUL,2023-04-17,2415.29541015625,2023,2
HUL,2023-04-18,2405.0732421875,2023,2
HUL,2023-04-19,2396.12890625,2023,2
HUL,2023-04-20,2359.2158203125,2023,2
HUL,2023-04-21,2364.279296875,2023,2
HUL,2023-04-24,2365.9833984375,2023,2
HUL,2023-04-25,2357.180908203125,2023,2
HUL,2023-04-26,2376.442138671875,2023,2
HUL,2023-04-27,2336.831298828125,2023,2
HUL,2023-04-28,2325.804931640625,2023,2
HUL,2023-05-02,2320.50439453125,2023,2
HUL,2023-05-03,2352.968994140625,2023,2
HUL,2023-05-04,2372.6083984375,2023,2
HUL,2023-05-05,2366.929443359375,2023,2
HUL,2023-05-08,2381.6474609375,2023,2
HUL,2023-05-09,2381.174560546875,2023,2
HUL,2023-05-10,2387.704833984375,2023,2
HUL,2023-05-11,2453.67529296875,2023,2
HUL,2023-05-12,2483.016357421875,2023,2
HUL,2023-05-15,2519.787353515625,2023,2
HUL,2023-05-16,2532.70703125,2023,2
HUL,2023-05-17,2519.31396484375,2023,2
HUL,2023-05-18,2486.9443359375,2023,2
HUL,2023-05-19,2500.100830078125,2023,2
HUL,2023-05-22,2496.929931640625,2023,2
HUL,2023-05-23,2487.654052734375,2023,2
HUL,2023-05-24,2475.018310546875,2023,2
HUL,2023-05-25,2458.265869140625,2023,2
HUL,2023-05-26,2510.41748046875,2023,2
HUL,2023-05-29,2508.476806640625,2023,2
HUL,2023-05-30,2514.392578125,2023,2
HUL,2023-05-31,2524.8037109375,2023,2
HUL,2023-06-01,2553.529541015625,2023,2
HUL,2023-06-02,2571.323974609375,2023,2
HUL,2023-06-05,2551.542236328125,2023,2
HUL,2023-06-06,2547.140869140625,2023,2
HUL,2023-06-07,2570.850341796875,2023,2
HUL,2023-06-08,2536.49267578125,2023,2
HUL,2023-06-09,2495.131591796875,2023,2
HUL,2023-06-12,2501.993408203125,2023,2
HUL,2023-06-13,2532.70703125,2023,2
HUL,2023-06-14,2554.334228515625,2023,2
HUL,2023-06-15,2545.768798828125,2023,2
HUL,2023-06-16,2570.330078125,2023,2
HUL,2023-06-19,2560.40625,2023,2
HUL,2023-06-20,2553.58349609375,2023,2
HUL,2023-06-21,2554.060546875,2023,2
HUL,2023-06-22,2532.8291015625,2023,2
HUL,2023-06-23,2520.6630859375,2023,2
HUL,2023-06-26,2530.682373046875,2023,2
HUL,2023-06-27,2529.966552734375,2023,2
HUL,2023-06-28,2539.41357421875,2023,2
HUL,2023-06-30,2555.53955078125,2023,2
HUL,2023-07-03,2577.39111328125,2023,3
HUL,2023-07-04,2576.38916015625,2023,3
HUL,2023-07-05,2629.682373046875,2023,3
HUL,2023-07-06,2630.875,2023,3
HUL,2023-07-07,2574.576171875,2023,3
HUL,2023-07-10,2534.928466796875,2023,3
HUL,2023-07-11,2561.598876953125,2023,3
HUL,2023-07-12,2551.24560546875,2023,3
HUL,2023-07-13,2533.162841796875,2023,3
HUL,2023-07-14,2554.3466796875,2023,3
HUL,2023-07-17,2558.9267578125,2023,3
HUL,2023-07-18,2559.976806640625,2023,3
HUL,2023-07-19,2549.289306640625,2023,3
HUL,2023-07-20,2579.490478515625,2023,3
HUL,2023-07-21,2484.784423828125,2023,3
HUL,2023-07-24,2462.121337890625,2023,3
HUL,2023-07-25,2450.5751953125,2023,3
HUL,2023-07-26,2465.031982421875,2023,3
HUL,2023-07-27,2452.197998046875,2023,3
HUL,2023-07-28,2466.2724609375,2023,3
HUL,2023-07-31,2443.56201171875,2023,3
HUL,2023-08-01,2434.30615234375,2023,3
HUL,2023-08-02,2451.338623046875,2023,3
HUL,2023-08-03,2434.4970703125,2023,3
HUL,2023-08-04,2429.439697265625,2023,3
HUL,2023-08-07,2451.577392578125,2023,3
HUL,2023-08-08,2448.380615234375,2023,3
HUL,2023-08-09,2435.35595703125,2023,3
HUL,2023-08-10,2420.565185546875,2023,3
HUL,2023-08-11,2387.262939453125,2023,3
HUL,2023-08-14,2417.130126953125,2023,3
HUL,2023-08-16,2435.7373046875,2023,3
HUL,2023-08-17,2426.8154296875,2023,3
HUL,2023-08-18,2437.788818359375,2023,3
HUL,2023-08-21,2445.422607421875,2023,3
HUL,2023-08-22,2448.333251953125,2023,3
HUL,2023-08-23,2456.205322265625,2023,3
HUL,2023-08-24,2463.075927734375,2023,3
HUL,2023-08-25,2446.18603515625,2023,3
HUL,2023-08-28,2438.695556640625,2023,3
HUL,2023-08-29,2410.498046875,2023,3
HUL,2023-08-30,2416.03271484375,2023,3
HUL,2023-08-31,2390.364501953125,2023,3
HUL,2023-09-01,2390.125732421875,2023,3
HUL,2023-09-04,2386.88134765625,2023,3
HUL,2023-09-05,2392.27294921875,2023,3
HUL,2023-09-06,2407.969482421875,2023,3
HUL,2023-09-07,2392.654296875,2023,3
HUL,2023-09-08,2398.713623046875,2023,3
HUL,2023-09-11,2420.1357421875,2023,3
HUL,2023-09-12,2384.4482421875,2023,3
HUL,2023-09-13,2391.7958984375,2023,3
HUL,2023-09-14,2386.30908203125,2023,3
HUL,2023-09-15,2356.632568359375,2023,3
HUL,2023-09-18,2374.71533203125,2023,3
HUL,2023-09-20,2353.9130859375,2023,3
HUL,2023-09-21,2360.11572265625,2023,3
HUL,2023-09-22,2368.798828125,2023,3
HUL,2023-09-25,2362.501220703125,2023,3
HUL,2023-09-26,2365.459228515625,2023,3
HUL,2023-09-27,2387.21533203125,2023,3
HUL,2023-09-28,2347.710693359375,2023,3
HUL,2023-09-29,2352.720458984375,2023,3
HUL,2023-10-03,2355.869140625,2023,4
HUL,2023-10-04,2393.035888671875,2023,4
HUL,2023-10-05,2404.200439453125,2023,4
HUL,2023-10-06,2384.972900390625,2023,4
HUL,2023-10-09,2396.328369140625,2023,4
HUL,2023-10-10,2401.00390625,2023,4
HUL,2023-10-11,2439.36328125,2023,4
HUL,2023-10-12,2439.935791015625,2023,4
HUL,2023-10-13,2451.816162109375,2023,4
HUL,2023-10-16,2441.176513671875,2023,4
HUL,2023-10-17,2439.124755859375,2023,4
HUL,2023-10-18,2431.586669921875,2023,4
HUL,2023-10-19,2431.443603515625,2023,4
HUL,2023-10-20,2380.917236328125,2023,4
HUL,2023-10-23,2369.801025390625,2023,4
HUL,2023-10-25,2363.885009765625,2023,4
HUL,2023-10-26,2363.02587890625,2023,4
HUL,2023-10-27,2368.417236328125,2023,4
HUL,2023-10-30,2365.411376953125,2023,4
HUL,2023-10-31,2370.278076171875,2023,4
HUL,2023-11-01,2359.06591796875,2023,4
HUL,2023-11-02,2390.353759765625,2023,4
HUL,2023-11-03,2411.932861328125,2023,4
HUL,2023-11-06,2400.54248046875,2023,4
HUL,2023-11-07,2399.629150390625,2023,4
HUL,2023-11-08,2421.64111328125,2023,4
HUL,2023-11-09,2380.645263671875,2023,4
HUL,2023-11-10,2390.11328125,2023,4
HUL,2023-11-13,2382.0390625,2023,4
HUL,2023-11-15,2389.968994140625,2023,4
HUL,2023-11-16,2394.5830078125,2023,4
HUL,2023-11-17,2430.724609375,2023,4
HUL,2023-11-20,2409.24169921875,2023,4
HUL,2023-11-21,2408.088134765625,2023,4
HUL,2023-11-22,2424.09228515625,2023,4
HUL,2023-11-23,2422.169921875,2023,4
HUL,2023-11-24,2417.652099609375,2023,4
HUL,2023-11-28,2413.1826171875,2023,4
HUL,2023-11-29,2427.1201171875,2023,4
HUL,2023-11-30,2446.8251953125,2023,4
HUL,2023-12-01,2464.222900390625,2023,4
HUL,2023-12-04,2501.3740234375,2023,4
HUL,2023-12-05,2463.8388671875,2023,4
HUL,2023-12-06,2468.06787109375,2023,4
HUL,2023-12-07,2420.583740234375,2023,4
HUL,2023-12-08,2424.476806640625,2023,4
HUL,2023-12-11,2406.5498046875,2023,4
HUL,2023-12-12,2405.68505859375,2023,4
HUL,2023-12-13,2414.480224609375,2023,4
HUL,2023-12-14,2418.757568359375,2023,4
HUL,2023-12-15,2425.0537109375,2023,4
HUL,2023-12-18,2437.164794921875,2023,4
HUL,2023-12-19,2461.387451171875,2023,4
HUL,2023-12-20,2458.311767578125,2023,4
HUL,2023-12-21,2454.17822265625,2023,4
HUL,2023-12-22,2475.709716796875,2023,4
HUL,2023-12-26,2484.504638671875,2023,4
HUL,2023-12-27,2507.141357421875,2023,4
HUL,2023-12-28,2531.65234375,2023,4
HUL,2023-12-29,2560.63330078125,2023,4
HUL,2024-01-01,2551.7900390625,2024,1
HUL,2024-01-02,2512.427978515625,2024,1
HUL,2024-01-03,2505.45947265625,2024,1
HUL,2024-01-04,2492.00244140625,2024,1
HUL,2024-01-05,2518.43603515625,2024,1
HUL,2024-01-08,2478.2568359375,2024,1
HUL,2024-01-09,2479.69873046875,2024,1
HUL,2024-01-10,2477.43994140625,2024,1
HUL,2024-01-11,2437.837646484375,2024,1
HUL,2024-01-12,2445.33544921875,2024,1
HUL,2024-01-15,2473.40283203125,2024,1
HUL,2024-01-16,2469.462158203125,2024,1
HUL,2024-01-17,2463.502197265625,2024,1
HUL,2024-01-18,2449.18017578125,2024,1
HUL,2024-01-19,2465.905029296875,2024,1
HUL,2024-01-23,2283.418212890625,2024,1
HUL,2024-01-24,2346.95458984375,2024,1
HUL,2024-01-25,2334.122314453125,2024,1
HUL,2024-01-29,2349.597900390625,2024,1
HUL,2024-01-30,2363.295166015625,2024,1
HUL,2024-01-31,2385.307373046875,2024,1
HUL,2024-02-01,2377.66552734375,2024,1
HUL,2024-02-02,2357.47998046875,2024,1
HUL,2024-02-05,2325.66357421875,2024,1
HUL,2024-02-06,2332.248046875,2024,1
HUL,2024-02-07,2331.383056640625,2024,1
HUL,2024-02-08,2323.30908203125,2024,1
HUL,2024-02-09,2330.13330078125,2024,1
HUL,2024-02-12,2293.126220703125,2024,1
HUL,2024-02-13,2301.152587890625,2024,1
HUL,2024-02-14,2295.337158203125,2024,1
HUL,2024-02-15,2259.67626953125,2024,1
HUL,2024-02-16,2283.1298828125,2024,1
HUL,2024-02-19,2294.568359375,2024,1
HUL,2024-02-20,2310.86083984375,2024,1
HUL,2024-02-21,2313.74462890625,2024,1
HUL,2024-02-22,2295.481689453125,2024,1
HUL,2024-02-23,2301.2490234375,2024,1
HUL,2024-02-26,2311.005126953125,2024,1
HUL,2024-02-27,2312.014404296875,2024,1
HUL,2024-02-28,2327.63427734375,2024,1
HUL,2024-02-29,2318.742919921875,2024,1
HUL,2024-03-01,2316.24365234375,2024,1
HUL,2024-03-04,2328.066650390625,2024,1
HUL,2024-03-05,2306.77587890625,2024,1
HUL,2024-03-06,2307.689208984375,2024,1
HUL,2024-03-07,2325.711669921875,2024,1
HUL,2024-03-11,2297.16357421875,2024,1
HUL,2024-03-12,2285.91748046875,2024,1
HUL,2024-03-13,2222.90966796875,2024,1
HUL,2024-03-14,2244.05615234375,2024,1
HUL,2024-03-15,2237.424072265625,2024,1
HUL,2024-03-18,2210.750244140625,2024,1
HUL,2024-03-19,2179.030029296875,2024,1
HUL,2024-03-20,2154.999755859375,2024,1
HUL,2024-03-21,2155.384521484375,2024,1
HUL,2024-03-22,2169.033447265625,2024,1
HUL,2024-03-26,2153.125244140625,2024,1
HUL,2024-03-27,2152.837158203125,2024,1
HUL,2024-03-28,2176.53125,2024,1
HUL,2024-04-01,2197.2451171875,2024,2
HUL,2024-04-02,2198.01416015625,2024,2
HUL,2024-04-03,2177.347900390625,2024,2
HUL,2024-04-04,2177.107666015625,2024,2
HUL,2024-04-05,2179.030029296875,2024,2
HUL,2024-04-08,2180.952392578125,2024,2
HUL,2024-04-09,2176.338623046875,2024,2
HUL,2024-04-10,2173.21435546875,2024,2
HUL,2024-04-12,2145.72412109375,2024,2
HUL,2024-04-15,2108.957275390625,2024,2
HUL,2024-04-16,2134.670166015625,2024,2
HUL,2024-04-18,2128.90283203125,2024,2
HUL,2024-04-19,2145.051025390625,2024,2
HUL,2024-04-22,2154.567138671875,2024,2
HUL,2024-04-23,2174.992919921875,2024,2
HUL,2024-04-24,2172.59033203125,2024,2
HUL,2024-04-25,2144.330078125,2024,2
HUL,2024-04-26,2136.447998046875,2024,2
HUL,2024-04-29,2139.764404296875,2024,2
HUL,2024-04-30,2143.94580078125,2024,2
HUL,2024-05-02,2139.956787109375,2024,2
HUL,2024-05-03,2131.065673828125,2024,2
HUL,2024-05-06,2168.697021484375,2024,2
HUL,2024-05-07,2287.118896484375,2024,2
HUL,2024-05-08,2250.25634765625,2024,2
HUL,2024-05-09,2235.453369140625,2024,2
HUL,2024-05-10,2270.92236328125,2024,2
HUL,2024-05-13,2269.095947265625,2024,2
HUL,2024-05-14,2258.474609375,2024,2
HUL,2024-05-15,2233.194580078125,2024,2
HUL,2024-05-16,2252.27490234375,2024,2
HUL,2024-05-17,2230.359130859375,2024,2
HUL,2024-05-21,2221.083251953125,2024,2
HUL,2024-05-22,2275.103759765625,2024,2
HUL,2024-05-23,2290.0986328125,2024,2
HUL,2024-05-24,2277.170166015625,2024,2
HUL,2024-05-27,2292.02099609375,2024,2
HUL,2024-05-28,2303.02685546875,2024,2
HUL,2024-05-29,2281.351806640625,2024,2
HUL,2024-05-30,2260.20458984375,2024,2
HUL,2024-05-31,2238.7216796875,2024,2
HUL,2024-06-03,2264.530029296875,2024,2
HUL,2024-06-04,2399.4853515625,2024,2
HUL,2024-06-05,2501.806640625,2024,2
HUL,2024-06-06,2450.718017578125,2024,2
HUL,2024-06-07,2477.82421875,2024,2
HUL,2024-06-10,2465.857177734375,2024,2
HUL,2024-06-11,2457.2060546875,2024,2
HUL,2024-06-12,2430.62841796875,2024,2
HUL,2024-06-13,2390.93017578125,2024,2
HUL,2024-06-14,2406.799072265625,2024,2
HUL,2024-06-18,2413.10791015625,2024,2
HUL,2024-06-19,2384.718505859375,2024,2
HUL,2024-06-20,2409.17724609375,2024,2
HUL,2024-06-21,2369.48046875,2024,2
HUL,2024-06-24,2370.35400390625,2024,2
HUL,2024-06-25,2360.64794921875,2024,2
HUL,2024-06-26,2373.654296875,2024,2
HUL,2024-06-27,2389.716796875,2024,2
HUL,2024-06-28,2400.296630859375,2024,2
HUL,2024-07-01,2431.40380859375,2024,3
HUL,2024-07-02,2412.04052734375,2024,3
HUL,2024-07-03,2436.499267578125,2024,3
HUL,2024-07-04,2422.522705078125,2024,3
HUL,2024-07-05,2472.071044921875,2024,3
HUL,2024-07-08,2511.03955078125,2024,3
HUL,2024-07-09,2513.951171875,2024,3
HUL,2024-07-10,2533.654296875,2024,3
HUL,2024-07-11,2532.1015625,2024,3
HUL,2024-07-12,2545.107177734375,2024,3
HUL,2024-07-15,2543.214599609375,2024,3
HUL,2024-07-16,2609.359619140625,2024,3
HUL,2024-07-18,2657.840087890625,2024,3
HUL,2024-07-19,2646.775390625,2024,3
HUL,2024-07-22,2654.831298828125,2024,3
HUL,2024-07-23,2684.96826171875,2024,3
HUL,2024-07-24,2637.1181640625,2024,3
HUL,2024-07-25,2627.557861328125,2024,3
HUL,2024-07-26,2631.294921875,2024,3
HUL,2024-07-29,2631.82861328125,2024,3
HUL,2024-07-30,2612.22265625,2024,3
HUL,2024-07-31,2626.0537109375,2024,3
HUL,2024-08-01,2635.662353515625,2024,3
HUL,2024-08-02,2613.3388671875,2024,3
HUL,2024-08-05,2636.001953125,2024,3
HUL,2024-08-06,2669.1474609375,2024,3
HUL,2024-08-07,2663.323974609375,2024,3
HUL,2024-08-08,2652.793212890625,2024,3
HUL,2024-08-09,2666.38134765625,2024,3
HUL,2024-08-12,2667.837158203125,2024,3
HUL,2024-08-13,2660.751708984375,2024,3
HUL,2024-08-14,2641.97119140625,2024,3
HUL,2024-08-16,2667.400390625,2024,3
HUL,2024-08-19,2661.867919921875,2024,3
HUL,2024-08-20,2670.1181640625,2024,3
HUL,2024-08-21,2709.086669921875,2024,3
HUL,2024-08-22,2710.639892578125,2024,3
HUL,2024-08-23,2732.769287109375,2024,3
HUL,2024-08-26,2738.15576171875,2024,3
HUL,2024-08-27,2685.50146484375,2024,3
HUL,2024-08-28,2683.02685546875,2024,3
HUL,2024-08-29,2703.31201171875,2024,3
HUL,2024-08-30,2696.275390625,2024,3
HUL,2024-09-02,2707.000244140625,2024,3
HUL,2024-09-03,2712.095703125,2024,3
HUL,2024-09-04,2757.66455078125,2024,3
HUL,2024-09-05,2754.946533203125,2024,3
HUL,2024-09-06,2755.43212890625,2024,3
HUL,2024-09-09,2835.844970703125,2024,3
HUL,2024-09-10,2813.327392578125,2024,3
HUL,2024-09-11,2818.7138671875,2024,3
HUL,2024-09-12,2869.427001953125,2024,3
HUL,2024-09-13,2846.666748046875,2024,3
HUL,2024-09-16,2782.754150390625,2024,3
HUL,2024-09-17,2788.965576171875,2024,3
HUL,2024-09-18,2791.246826171875,2024,3
HUL,2024-09-19,2826.090576171875,2024,3
HUL,2024-09-20,2890.00341796875,2024,3
HUL,2024-09-23,2939.45458984375,2024,3
HUL,2024-09-24,2863.7490234375,2024,3
HUL,2024-09-25,2862.196044921875,2024,3
HUL,2024-09-26,2898.25341796875,2024,3
HUL,2024-09-27,2878.9873046875,2024,3
HUL,2024-09-30,2871.271240234375,2024,3
HUL,2024-10-01,2837.737548828125,2024,4
HUL,2024-10-03,2808.23193359375,2024,4
HUL,2024-10-04,2764.94384765625,2024,4
HUL,2024-10-07,2750.04541015625,2024,4
HUL,2024-10-08,2735.875244140625,2024,4
HUL,2024-10-09,2687.491455078125,2024,4
HUL,2024-10-10,2673.66064453125,2024,4
HUL,2024-10-11,2701.322021484375,2024,4
HUL,2024-10-14,2707.048828125,2024,4
HUL,2024-10-15,2699.623779296875,2024,4
HUL,2024-10-16,2699.4296875,2024,4
HUL,2024-10-17,2658.08251953125,2024,4
HUL,2024-10-18,2637.1669921875,2024,4
HUL,2024-10-21,2614.309814453125,2024,4
HUL,2024-10-22,2602.80810546875,2024,4
HUL,2024-10-23,2581.0673828125,2024,4
HUL,2024-10-24,2431.40380859375,2024,4
HUL,2024-10-25,2453.678466796875,2024,4
HUL,2024-10-28,2500.023681640625,2024,4
HUL,2024-10-29,2472.70166015625,2024,4
HUL,2024-10-30,2479.787109375,2024,4
HUL,2024-10-31,2453.87255859375,2024,4
HUL,2024-11-01,2462.8505859375,2024,4
HUL,2024-11-04,2450.52392578125,2024,4
HUL,2024-11-05,2447.175537109375,2024,4
HUL,2024-11-06,2455.3740234375,2024,4
HUL,2024-11-07,2430.630859375,2024,4
HUL,2024-11-08,2462.247314453125,2024,4
HUL,2024-11-11,2445.899169921875,2024,4
HUL,2024-11-12,2416.884765625,2024,4
HUL,2024-11-13,2420.272216796875,2024,4
HUL,2024-11-14,2345.89501953125,2024,4
HUL,2024-11-18,2378.984375,2024,4
HUL,2024-11-19,2366.661865234375,2024,4
HUL,2024-11-21,2339.611328125,2024,4
HUL,2024-11-22,2400.92919921875,2024,4
HUL,2024-11-25,2426.654296875,2024,4
HUL,2024-11-26,2434.263916015625,2024,4
HUL,2024-11-27,2441.82421875,2024,4
HUL,2024-11-28,2417.57177734375,2024,4
HUL,2024-11-29,2450.906494140625,2024,4
HUL,2024-12-02,2434.21484375,2024,4
HUL,2024-12-03,2437.847900390625,2024,4
HUL,2024-12-04,2419.830322265625,2024,4
HUL,2024-12-05,2449.384765625,2024,4
HUL,2024-12-06,2438.78076171875,2024,4
HUL,2024-12-09,2357.23583984375,2024,4
HUL,2024-12-10,2353.897705078125,2024,4
HUL,2024-12-11,2357.824951171875,2024,4
HUL,2024-12-12,2302.447021484375,2024,4
HUL,2024-12-13,2346.779052734375,2024,4
HUL,2024-12-16,2323.262939453125,2024,4
HUL,2024-12-17,2320.41552734375,2024,4
HUL,2024-12-18,2316.43896484375,2024,4
HUL,2024-12-19,2317.0771484375,2024,4
HUL,2024-12-20,2291.597412109375,2024,4
HUL,2024-12-23,2296.5068359375,2024,4
HUL,2024-12-24,2293.217529296875,2024,4
HUL,2024-12-26,2290.46826171875,2024,4
HUL,2024-12-27,2298.814208984375,2024,4
HUL,2024-12-30,2301.0234375,2024,4
ITC,2017-07-03,239.79617309570312,2017,3
ITC,2017-07-04,236.1204376220703,2017,3
ITC,2017-07-05,231.77964782714844,2017,3
ITC,2017-07-06,236.01544189453125,2017,3
ITC,2017-07-07,234.05511474609372,2017,3
ITC,2017-07-10,233.3549346923828,2017,3
ITC,2017-07-11,231.32460021972656,2017,3
ITC,2017-07-12,230.2393035888672,2017,3
ITC,2017-07-13,237.17068481445312,2017,3
ITC,2017-07-14,236.0504608154297,2017,3
ITC,2017-07-17,227.6488494873047,2017,3
ITC,2017-07-18,199.223388671875,2017,3
ITC,2017-07-19,204.0543212890625,2017,3
ITC,2017-07-20,202.68907165527344,2017,3
ITC,2017-07-21,202.26898193359372,2017,3
ITC,2017-07-24,205.3145751953125,2017,3
ITC,2017-07-25,204.019287109375,2017,3
ITC,2017-07-26,205.59461975097656,2017,3
ITC,2017-07-27,202.02392578125,2017,3
ITC,2017-07-28,204.1243133544922,2017,3
ITC,2017-07-31,199.7134704589844,2017,3
ITC,2017-08-01,201.5338134765625,2017,3
ITC,2017-08-02,199.8535003662109,2017,3
ITC,2017-08-03,197.01795959472656,2017,3
ITC,2017-08-04,196.5628662109375,2017,3
ITC,2017-08-07,195.9327545166016,2017,3
ITC,2017-08-08,191.9419708251953,2017,3
ITC,2017-08-09,191.03179931640625,2017,3
ITC,2017-08-10,191.20684814453125,2017,3
ITC,2017-08-11,190.0866241455078,2017,3
ITC,2017-08-14,189.9116058349609,2017,3
ITC,2017-08-16,195.47764587402344,2017,3
ITC,2017-08-17,196.0377655029297,2017,3
ITC,2017-08-18,197.33302307128903,2017,3
ITC,2017-08-21,197.157958984375,2017,3
ITC,2017-08-22,198.06814575195312,2017,3
ITC,2017-08-23,197.8231201171875,2017,3
ITC,2017-08-24,197.0529327392578,2017,3
ITC,2017-08-28,197.75308227539065,2017,3
ITC,2017-08-29,196.2127990722656,2017,3
ITC,2017-08-30,197.4380340576172,2017,3
ITC,2017-08-31,197.6130828857422,2017,3
ITC,2017-09-01,198.5582427978516,2017,3
ITC,2017-09-04,198.2082061767578,2017,3
ITC,2017-09-05,198.0331573486328,2017,3
ITC,2017-09-06,193.02719116210935,2017,3
ITC,2017-09-07,189.31646728515625,2017,3
ITC,2017-09-08,190.6817321777344,2017,3
ITC,2017-09-11,191.556884765625,2017,3
ITC,2017-09-12,194.39247131347656,2017,3
ITC,2017-09-13,190.0866241455078,2017,3
ITC,2017-09-14,190.43667602539065,2017,3
ITC,2017-09-15,188.5462951660156,2017,3
ITC,2017-09-18,186.93600463867188,2017,3
ITC,2017-09-19,187.5311279296875,2017,3
ITC,2017-09-20,190.1216278076172,2017,3
ITC,2017-09-21,188.7213287353516,2017,3
ITC,2017-09-22,187.95123291015625,2017,3
ITC,2017-09-25,183.6103515625,2017,3
ITC,2017-09-26,183.7504119873047,2017,3
ITC,2017-09-27,180.98486328125,2017,3
ITC,2017-09-28,183.1202850341797,2017,3
ITC,2017-09-29,180.84483337402344,2017,3
ITC,2017-10-03,183.01524353027344,2017,4
ITC,2017-10-04,187.216064453125,2017,4
ITC,2017-10-05,185.7107696533203,2017,4
ITC,2017-10-06,186.3408966064453,2017,4
ITC,2017-10-09,187.63616943359372,2017,4
ITC,2017-10-10,186.37591552734372,2017,4
ITC,2017-10-11,185.8157958984375,2017,4
ITC,2017-10-12,186.93600463867188,2017,4
ITC,2017-10-13,186.20086669921875,2017,4
ITC,2017-10-16,187.2860870361328,2017,4
ITC,2017-10-17,187.11106872558597,2017,4
ITC,2017-10-18,189.2814483642578,2017,4
ITC,2017-10-19,188.79136657714844,2017,4
ITC,2017-10-23,186.97103881835935,2017,4
ITC,2017-10-24,186.93600463867188,2017,4
ITC,2017-10-25,188.51129150390625,2017,4
ITC,2017-10-26,187.9162139892578,2017,4
ITC,2017-10-27,188.58132934570312,2017,4
ITC,2017-10-30,185.6407470703125,2017,4
ITC,2017-10-31,186.0258331298828,2017,4
ITC,2017-11-01,188.93138122558597,2017,4
ITC,2017-11-02,185.99082946777344,2017,4
ITC,2017-11-03,185.8157958984375,2017,4
ITC,2017-11-06,185.4657440185547,2017,4
ITC,2017-11-07,185.7457733154297,2017,4
ITC,2017-11-08,185.8157958984375,2017,4
ITC,2017-11-09,182.070068359375,2017,4
ITC,2017-11-10,183.22531127929688,2017,4
ITC,2017-11-13,180.84483337402344,2017,4
ITC,2017-11-14,179.61962890625,2017,4
ITC,2017-11-15,177.3441619873047,2017,4
ITC,2017-11-16,178.60440063476562,2017,4
ITC,2017-11-17,180.63479614257807,2017,4
ITC,2017-11-20,181.4750061035156,2017,4
ITC,2017-11-21,179.09451293945312,2017,4
ITC,2017-11-22,180.7398223876953,2017,4
ITC,2017-11-23,180.7398223876953,2017,4
ITC,2017-11-24,182.5601806640625,2017,4
ITC,2017-11-27,181.5099639892578,2017,4
ITC,2017-11-28,179.93466186523438,2017,4
ITC,2017-11-29,180.6697998046875,2017,4
ITC,2017-11-30,179.26956176757812,2017,4
ITC,2017-12-01,178.6744384765625,2017,4
ITC,2017-12-04,178.60440063476562,2017,4
ITC,2017-12-05,177.72923278808594,2017,4
ITC,2017-12-06,176.1539306640625,2017,4
ITC,2017-12-07,177.379150390625,2017,4
ITC,2017-12-08,183.57534790039065,2017,4
ITC,2017-12-11,186.41094970703125,2017,4
ITC,2017-12-12,183.1202850341797,2017,4
ITC,2017-12-13,181.3349456787109,2017,4
ITC,2017-12-14,185.0106201171875,2017,4
ITC,2017-12-15,185.25567626953125,2017,4
ITC,2017-12-18,184.2754821777344,2017,4
ITC,2017-12-19,185.0106201171875,2017,4
ITC,2017-12-20,184.34552001953125,2017,4
ITC,2017-12-21,184.17047119140625,2017,4
ITC,2017-12-22,184.2055206298828,2017,4
ITC,2017-12-26,184.94064331054688,2017,4
ITC,2017-12-27,183.54039001464844,2017,4
ITC,2017-12-28,183.330322265625,2017,4
ITC,2017-12-29,184.3105010986328,2017,4
ITC,2018-01-01,183.64537048339844,2018,1
ITC,2018-01-02,182.5601806640625,2018,1
ITC,2018-01-03,182.84022521972656,2018,1
ITC,2018-01-04,183.1202850341797,2018,1
ITC,2018-01-05,184.06546020507807,2018,1
ITC,2018-01-08,185.9558258056641,2018,1
ITC,2018-01-09,189.42149353027344,2018,1
ITC,2018-01-10,188.61631774902344,2018,1
ITC,2018-01-11,188.8963623046875,2018,1
ITC,2018-01-12,187.3210601806641,2018,1
ITC,2018-01-15,187.3561248779297,2018,1
ITC,2018-01-16,183.22531127929688,2018,1
ITC,2018-01-17,186.27088928222656,2018,1
ITC,2018-01-18,191.41685485839844,2018,1
ITC,2018-01-19,192.2220458984375,2018,1
ITC,2018-01-22,191.59190368652344,2018,1
ITC,2018-01-23,193.65733337402344,2018,1
ITC,2018-01-24,197.0529327392578,2018,1
ITC,2018-01-25,196.91293334960935,2018,1
ITC,2018-01-29,192.99220275878903,2018,1
ITC,2018-01-30,192.6771240234375,2018,1
ITC,2018-01-31,190.01661682128903,2018,1
ITC,2018-02-01,192.74713134765625,2018,1
ITC,2018-02-02,192.7821502685547,2018,1
ITC,2018-02-05,195.5126495361328,2018,1
ITC,2018-02-06,191.4868927001953,2018,1
ITC,2018-02-07,192.64212036132807,2018,1
ITC,2018-02-08,191.90695190429688,2018,1
ITC,2018-02-09,189.9815826416016,2018,1
ITC,2018-02-12,188.93138122558597,2018,1
ITC,2018-02-14,186.58590698242188,2018,1
ITC,2018-02-15,187.70616149902344,2018,1
ITC,2018-02-16,186.5509185791016,2018,1
ITC,2018-02-19,184.90560913085935,2018,1
ITC,2018-02-20,184.3105010986328,2018,1
ITC,2018-02-21,187.7761688232422,2018,1
ITC,2018-02-22,187.0060272216797,2018,1
ITC,2018-02-23,188.3712921142578,2018,1
ITC,2018-02-26,186.62095642089844,2018,1
ITC,2018-02-27,186.51593017578125,2018,1
ITC,2018-02-28,185.57073974609372,2018,1
ITC,2018-03-01,184.83560180664065,2018,1
ITC,2018-03-05,182.21011352539065,2018,1
ITC,2018-03-06,179.58462524414062,2018,1
ITC,2018-03-07,181.9650421142578,2018,1
ITC,2018-03-08,181.22991943359372,2018,1
ITC,2018-03-09,181.5099639892578,2018,1
ITC,2018-03-12,189.1064300537109,2018,1
ITC,2018-03-13,188.65133666992188,2018,1
ITC,2018-03-14,187.67117309570312,2018,1
ITC,2018-03-15,185.9208068847656,2018,1
ITC,2018-03-16,182.38514709472656,2018,1
ITC,2018-03-19,181.43997192382807,2018,1
ITC,2018-03-20,181.4750061035156,2018,1
ITC,2018-03-21,181.3699493408203,2018,1
ITC,2018-03-22,180.84483337402344,2018,1
ITC,2018-03-23,179.23452758789062,2018,1
ITC,2018-03-26,180.70481872558597,2018,1
ITC,2018-03-27,181.26492309570312,2018,1
ITC,2018-03-28,178.8844757080078,2018,1
ITC,2018-04-02,180.8098602294922,2018,2
ITC,2018-04-03,180.98486328125,2018,2
ITC,2018-04-04,181.05490112304688,2018,2
ITC,2018-04-05,181.7900238037109,2018,2
ITC,2018-04-06,182.6301727294922,2018,2
ITC,2018-04-09,186.0958251953125,2018,2
ITC,2018-04-10,186.7259826660156,2018,2
ITC,2018-04-11,185.6407470703125,2018,2
ITC,2018-04-12,183.4003143310547,2018,2
ITC,2018-04-13,182.5601806640625,2018,2
ITC,2018-04-16,185.15066528320312,2018,2
ITC,2018-04-17,187.3561248779297,2018,2
ITC,2018-04-18,192.7821502685547,2018,2
ITC,2018-04-19,194.1824188232422,2018,2
ITC,2018-04-20,193.37725830078125,2018,2
ITC,2018-04-23,192.88717651367188,2018,2
ITC,2018-04-24,193.23724365234372,2018,2
ITC,2018-04-25,191.90695190429688,2018,2
ITC,2018-04-26,194.81251525878903,2018,2
ITC,2018-04-27,195.6177215576172,2018,2
ITC,2018-04-30,197.0529327392578,2018,2
ITC,2018-05-02,201.1137542724609,2018,2
ITC,2018-05-03,199.53846740722656,2018,2
ITC,2018-05-04,194.0424041748047,2018,2
ITC,2018-05-07,197.6130828857422,2018,2
ITC,2018-05-08,197.9281311035156,2018,2
ITC,2018-05-09,197.6480865478516,2018,2
ITC,2018-05-10,196.142822265625,2018,2
ITC,2018-05-11,198.59329223632807,2018,2
ITC,2018-05-14,199.39840698242188,2018,2
ITC,2018-05-15,197.33302307128903,2018,2
ITC,2018-05-16,200.133544921875,2018,2
ITC,2018-05-17,195.3026123046875,2018,2
ITC,2018-05-18,197.6480865478516,2018,2
ITC,2018-05-21,197.6830902099609,2018,2
ITC,2018-05-22,195.16259765625,2018,2
ITC,2018-05-23,191.4518585205078,2018,2
ITC,2018-05-24,192.4320831298828,2018,2
ITC,2018-05-25,194.4301605224609,2018,2
ITC,2018-05-28,196.5722503662109,2018,2
ITC,2018-05-29,195.6797332763672,2018,2
ITC,2018-05-30,194.14453125,2018,2
ITC,2018-05-31,193.96604919433597,2018,2
ITC,2018-06-01,192.7522125244141,2018,2
ITC,2018-06-04,192.0024871826172,2018,2
ITC,2018-06-05,191.0028381347656,2018,2
ITC,2018-06-06,193.07351684570312,2018,2
ITC,2018-06-07,193.53761291503903,2018,2
ITC,2018-06-08,191.2884521484375,2018,2
ITC,2018-06-11,192.2523651123047,2018,2
ITC,2018-06-12,192.9664001464844,2018,2
ITC,2018-06-13,191.25274658203125,2018,2
ITC,2018-06-14,190.8243408203125,2018,2
ITC,2018-06-15,188.8607635498047,2018,2
ITC,2018-06-18,188.89642333984372,2018,2
ITC,2018-06-19,189.96749877929688,2018,2
ITC,2018-06-20,188.32522583007807,2018,2
ITC,2018-06-21,186.25454711914065,2018,2
ITC,2018-06-22,189.32485961914065,2018,2
ITC,2018-06-25,187.5041046142578,2018,2
ITC,2018-06-26,189.07492065429688,2018,2
ITC,2018-06-27,187.61119079589844,2018,2
ITC,2018-06-28,186.004638671875,2018,2
ITC,2018-06-29,190.0746154785156,2018,2
ITC,2018-07-02,187.82537841796875,2018,3
ITC,2018-07-03,189.53909301757807,2018,3
ITC,2018-07-04,188.7893218994141,2018,3
ITC,2018-07-05,194.572998046875,2018,3
ITC,2018-07-06,194.6800994873047,2018,3
ITC,2018-07-09,195.9296417236328,2018,3
ITC,2018-07-10,197.82180786132807,2018,3
ITC,2018-07-11,196.89356994628903,2018,3
ITC,2018-07-12,197.92892456054688,2018,3
ITC,2018-07-13,193.07351684570312,2018,3
ITC,2018-07-16,193.93032836914065,2018,3
ITC,2018-07-17,192.6807861328125,2018,3
ITC,2018-07-18,191.7525787353516,2018,3
ITC,2018-07-19,195.1442108154297,2018,3
ITC,2018-07-20,195.64404296875,2018,3
ITC,2018-07-23,202.8914031982422,2018,3
ITC,2018-07-24,203.9624786376953,2018,3
ITC,2018-07-25,204.31948852539065,2018,3
ITC,2018-07-26,205.0692138671875,2018,3
ITC,2018-07-27,216.0295867919922,2018,3
ITC,2018-07-30,214.95849609375,2018,3
ITC,2018-07-31,212.56651306152344,2018,3
ITC,2018-08-01,215.3512420654297,2018,3
ITC,2018-08-02,213.6375732421875,2018,3
ITC,2018-08-03,217.0292053222656,2018,3
ITC,2018-08-06,215.4940185546875,2018,3
ITC,2018-08-07,214.99420166015625,2018,3
ITC,2018-08-08,214.8870849609375,2018,3
ITC,2018-08-09,215.99383544921875,2018,3
ITC,2018-08-10,217.63612365722656,2018,3
ITC,2018-08-13,218.4572296142578,2018,3
ITC,2018-08-14,219.84962463378903,2018,3
ITC,2018-08-16,219.52828979492188,2018,3
ITC,2018-08-17,224.02670288085935,2018,3
ITC,2018-08-20,223.7053680419922,2018,3
ITC,2018-08-21,223.4197235107422,2018,3
ITC,2018-08-23,222.7771148681641,2018,3
ITC,2018-08-24,221.6346893310547,2018,3
ITC,2018-08-27,223.7767639160156,2018,3
ITC,2018-08-28,222.52719116210935,2018,3
ITC,2018-08-29,223.34837341308597,2018,3
ITC,2018-08-30,228.38226318359372,2018,3
ITC,2018-08-31,228.38226318359372,2018,3
ITC,2018-09-03,223.6339874267578,2018,3
ITC,2018-09-04,221.06344604492188,2018,3
ITC,2018-09-05,221.5276031494141,2018,3
ITC,2018-09-06,221.9202880859375,2018,3
ITC,2018-09-07,221.6703948974609,2018,3
ITC,2018-09-10,218.8856506347656,2018,3
ITC,2018-09-11,212.2095184326172,2018,3
ITC,2018-09-12,219.0641326904297,2018,3
ITC,2018-09-14,219.3141326904297,2018,3
ITC,2018-09-17,215.6368560791016,2018,3
ITC,2018-09-18,216.5293884277344,2018,3
ITC,2018-09-19,213.95892333984372,2018,3
ITC,2018-09-21,217.0292053222656,2018,3
ITC,2018-09-24,212.7450408935547,2018,3
ITC,2018-09-25,215.02993774414065,2018,3
ITC,2018-09-26,209.31765747070312,2018,3
ITC,2018-09-27,209.42477416992188,2018,3
ITC,2018-09-28,212.6022186279297,2018,3
ITC,2018-10-01,212.1381072998047,2018,4
ITC,2018-10-03,210.7814483642578,2018,4
ITC,2018-10-04,204.9978179931641,2018,4
ITC,2018-10-05,197.42909240722656,2018,4
ITC,2018-10-08,195.0727996826172,2018,4
ITC,2018-10-09,191.71685791015625,2018,4
ITC,2018-10-10,192.85931396484372,2018,4
ITC,2018-10-11,189.3605499267578,2018,4
ITC,2018-10-12,196.50086975097656,2018,4
ITC,2018-10-15,201.71327209472656,2018,4
ITC,2018-10-16,201.8203887939453,2018,4
ITC,2018-10-17,204.53370666503903,2018,4
ITC,2018-10-19,206.67578125,2018,4
ITC,2018-10-22,205.99745178222656,2018,4
ITC,2018-10-23,204.21237182617188,2018,4
ITC,2018-10-24,205.4618988037109,2018,4
ITC,2018-10-25,205.31912231445312,2018,4
ITC,2018-10-26,200.5707855224609,2018,4
ITC,2018-10-29,202.4272918701172,2018,4
ITC,2018-10-30,199.178466796875,2018,4
ITC,2018-10-31,199.99961853027344,2018,4
ITC,2018-11-01,198.0717315673828,2018,4
ITC,2018-11-02,202.2487945556641,2018,4
ITC,2018-11-05,199.64260864257807,2018,4
ITC,2018-11-06,198.0003204345703,2018,4
ITC,2018-11-07,199.96392822265625,2018,4
ITC,2018-11-09,197.9646453857422,2018,4
ITC,2018-11-12,195.53692626953125,2018,4
ITC,2018-11-13,197.6790008544922,2018,4
ITC,2018-11-14,197.39337158203125,2018,4
ITC,2018-11-15,196.00103759765625,2018,4
ITC,2018-11-16,197.46478271484372,2018,4
ITC,2018-11-19,203.14132690429688,2018,4
ITC,2018-11-20,202.6772003173828,2018,4
ITC,2018-11-21,201.17774963378903,2018,4
ITC,2018-11-22,200.28521728515625,2018,4
ITC,2018-11-26,203.9624786376953,2018,4
ITC,2018-11-27,203.3912506103516,2018,4
ITC,2018-11-28,201.4990692138672,2018,4
ITC,2018-11-29,205.31912231445312,2018,4
ITC,2018-11-30,204.069580078125,2018,4
ITC,2018-12-03,202.0345916748047,2018,4
ITC,2018-12-04,201.24917602539065,2018,4
ITC,2018-12-05,196.60797119140625,2018,4
ITC,2018-12-06,194.9656982421875,2018,4
ITC,2018-12-07,195.6797332763672,2018,4
ITC,2018-12-10,193.1092529296875,2018,4
ITC,2018-12-11,196.1438751220703,2018,4
ITC,2018-12-12,197.1077880859375,2018,4
ITC,2018-12-13,196.5722503662109,2018,4
ITC,2018-12-14,196.89356994628903,2018,4
ITC,2018-12-17,199.8210906982422,2018,4
ITC,2018-12-18,198.60723876953125,2018,4
ITC,2018-12-19,202.3915863037109,2018,4
ITC,2018-12-20,201.8203887939453,2018,4
ITC,2018-12-21,197.60760498046875,2018,4
ITC,2018-12-24,197.07208251953125,2018,4
ITC,2018-12-26,197.5361785888672,2018,4
ITC,2018-12-27,200.4636993408203,2018,4
ITC,2018-12-28,201.53477478027344,2018,4
ITC,2018-12-31,201.10633850097656,2018,4
ITC,2019-01-01,201.8560943603516,2019,1
ITC,2019-01-02,200.3566436767578,2019,1
ITC,2019-01-03,199.1070709228516,2019,1
ITC,2019-01-04,200.60655212402344,2019,1
ITC,2019-01-07,201.10633850097656,2019,1
ITC,2019-01-08,202.96282958984372,2019,1
ITC,2019-01-09,207.35411071777344,2019,1
ITC,2019-01-10,206.7828826904297,2019,1
ITC,2019-01-11,210.8885498046875,2019,1
ITC,2019-01-14,210.13882446289065,2019,1
ITC,2019-01-15,211.7454071044922,2019,1
ITC,2019-01-16,209.9603271484375,2019,1
ITC,2019-01-17,209.8889312744141,2019,1
ITC,2019-01-18,208.1038360595703,2019,1
ITC,2019-01-21,206.9970703125,2019,1
ITC,2019-01-22,206.8899688720703,2019,1
ITC,2019-01-23,198.0003204345703,2019,1
ITC,2019-01-24,199.14276123046875,2019,1
ITC,2019-01-25,199.35696411132807,2019,1
ITC,2019-01-28,196.17953491210935,2019,1
ITC,2019-01-29,198.8214569091797,2019,1
ITC,2019-01-30,196.71507263183597,2019,1
ITC,2019-01-31,198.9642639160156,2019,1
ITC,2019-02-01,200.5351104736328,2019,1
ITC,2019-02-04,197.8575134277344,2019,1
ITC,2019-02-05,195.75112915039065,2019,1
ITC,2019-02-06,198.2859344482422,2019,1
ITC,2019-02-07,200.1424102783203,2019,1
ITC,2019-02-08,196.71507263183597,2019,1
ITC,2019-02-11,197.8575134277344,2019,1
ITC,2019-02-12,196.5722503662109,2019,1
ITC,2019-02-14,198.42872619628903,2019,1
ITC,2019-02-15,199.99961853027344,2019,1
ITC,2019-02-18,196.1438751220703,2019,1
ITC,2019-02-19,197.00070190429688,2019,1
ITC,2019-02-20,196.9649658203125,2019,1
ITC,2019-02-21,196.39376831054688,2019,1
ITC,2019-02-22,195.8582305908203,2019,1
ITC,2019-02-25,197.5719146728516,2019,1
ITC,2019-02-26,196.71507263183597,2019,1
ITC,2019-02-27,196.429443359375,2019,1
ITC,2019-02-28,197.1077880859375,2019,1
ITC,2019-03-01,198.64292907714844,2019,1
ITC,2019-03-05,201.74899291992188,2019,1
ITC,2019-03-06,204.0338592529297,2019,1
ITC,2019-03-07,207.13987731933597,2019,1
ITC,2019-03-08,208.49655151367188,2019,1
ITC,2019-03-11,209.1748809814453,2019,1
ITC,2019-03-12,210.28163146972656,2019,1
ITC,2019-03-13,210.56723022460935,2019,1
ITC,2019-03-14,210.99566650390625,2019,1
ITC,2019-03-15,207.6396942138672,2019,1
ITC,2019-03-18,209.60330200195312,2019,1
ITC,2019-03-19,213.81607055664065,2019,1
ITC,2019-03-20,213.42333984375,2019,1
ITC,2019-03-22,212.92355346679688,2019,1
ITC,2019-03-25,210.67434692382807,2019,1
ITC,2019-03-26,209.49620056152344,2019,1
ITC,2019-03-27,209.2819976806641,2019,1
ITC,2019-03-28,214.2087860107422,2019,1
ITC,2019-04-01,212.24517822265625,2019,2
ITC,2019-04-02,212.7093048095703,2019,2
ITC,2019-04-03,211.45977783203125,2019,2
ITC,2019-04-04,210.49581909179688,2019,2
ITC,2019-04-05,210.3173370361328,2019,2
ITC,2019-04-08,209.03208923339844,2019,2
ITC,2019-04-09,211.56690979003903,2019,2
ITC,2019-04-10,210.42442321777344,2019,2
ITC,2019-04-11,211.6383209228516,2019,2
ITC,2019-04-12,218.31448364257807,2019,2
ITC,2019-04-15,218.13595581054688,2019,2
ITC,2019-04-16,219.34976196289065,2019,2
ITC,2019-04-18,217.3504943847656,2019,2
ITC,2019-04-22,215.4940185546875,2019,2
ITC,2019-04-23,216.6364898681641,2019,2
ITC,2019-04-24,218.81427001953125,2019,2
ITC,2019-04-25,217.1719970703125,2019,2
ITC,2019-04-26,217.4576416015625,2019,2
ITC,2019-04-30,215.17271423339844,2019,2
ITC,2019-05-02,217.7789306640625,2019,2
ITC,2019-05-03,217.2434234619141,2019,2
ITC,2019-05-06,219.20700073242188,2019,2
ITC,2019-05-07,215.5654296875,2019,2
ITC,2019-05-08,214.6728973388672,2019,2
ITC,2019-05-09,214.10166931152344,2019,2
ITC,2019-05-10,212.6022186279297,2019,2
ITC,2019-05-13,206.56863403320312,2019,2
ITC,2019-05-14,210.17449951171875,2019,2
ITC,2019-05-15,212.10238647460935,2019,2
ITC,2019-05-16,210.46014404296875,2019,2
ITC,2019-05-17,215.20843505859372,2019,2
ITC,2019-05-20,219.20700073242188,2019,2
ITC,2019-05-21,218.4215850830078,2019,2
ITC,2019-05-22,218.29151916503903,2019,2
ITC,2019-05-23,209.8802795410156,2019,2
ITC,2019-05-24,211.51882934570312,2019,2
ITC,2019-05-27,211.8101348876953,2019,2
ITC,2019-05-28,210.39007568359372,2019,2
ITC,2019-05-29,209.80747985839844,2019,2
ITC,2019-05-30,210.2079925537109,2019,2
ITC,2019-05-31,202.8527069091797,2019,2
ITC,2019-06-03,202.8527069091797,2019,2
ITC,2019-06-04,203.36248779296875,2019,2
ITC,2019-06-06,200.81362915039065,2019,2
ITC,2019-06-07,200.44952392578125,2019,2
ITC,2019-06-10,203.4717712402344,2019,2
ITC,2019-06-11,203.7994537353516,2019,2
ITC,2019-06-12,203.8722686767578,2019,2
ITC,2019-06-13,204.34567260742188,2019,2
ITC,2019-06-14,202.48863220214844,2019,2
ITC,2019-06-17,200.26744079589844,2019,2
ITC,2019-06-18,200.3402862548828,2019,2
ITC,2019-06-19,201.8696136474609,2019,2
ITC,2019-06-20,201.72393798828125,2019,2
ITC,2019-06-21,199.7212829589844,2019,2
ITC,2019-06-24,201.17776489257807,2019,2
ITC,2019-06-25,202.81634521484372,2019,2
ITC,2019-06-26,202.01524353027344,2019,2
ITC,2019-06-27,199.1750946044922,2019,2
ITC,2019-06-28,199.4299774169922,2019,2
ITC,2019-07-01,200.23106384277344,2019,3
ITC,2019-07-02,199.4299774169922,2019,3
ITC,2019-07-03,201.5054931640625,2019,3
ITC,2019-07-04,202.19732666015625,2019,3
ITC,2019-07-05,203.50814819335935,2019,3
ITC,2019-07-08,202.0516357421875,2019,3
ITC,2019-07-09,198.88380432128903,2019,3
ITC,2019-07-10,198.9202117919922,2019,3
ITC,2019-07-11,200.74082946777344,2019,3
ITC,2019-07-12,200.3038787841797,2019,3
ITC,2019-07-15,197.3180389404297,2019,3
ITC,2019-07-16,198.0463104248047,2019,3
ITC,2019-07-17,198.73814392089844,2019,3
ITC,2019-07-18,198.8109588623047,2019,3
ITC,2019-07-19,195.3882293701172,2019,3
ITC,2019-07-22,192.5480499267578,2019,3
ITC,2019-07-23,197.0995941162109,2019,3
ITC,2019-07-24,197.2452392578125,2019,3
ITC,2019-07-25,195.0605010986328,2019,3
ITC,2019-07-26,196.9175262451172,2019,3
ITC,2019-07-29,194.98768615722656,2019,3
ITC,2019-07-30,195.82516479492188,2019,3
ITC,2019-07-31,196.7718963623047,2019,3
ITC,2019-08-01,194.84201049804688,2019,3
ITC,2019-08-02,192.6208953857422,2019,3
ITC,2019-08-05,189.19813537597656,2019,3
ITC,2019-08-06,188.54270935058597,2019,3
ITC,2019-08-07,184.7194366455078,2019,3
ITC,2019-08-08,187.70523071289065,2019,3
ITC,2019-08-09,185.1199493408203,2019,3
ITC,2019-08-13,179.3668212890625,2019,3
ITC,2019-08-14,181.1510162353516,2019,3
ITC,2019-08-16,184.2460174560547,2019,3
ITC,2019-08-19,183.1901092529297,2019,3
ITC,2019-08-20,179.51248168945312,2019,3
ITC,2019-08-21,175.83482360839844,2019,3
ITC,2019-08-22,174.8153076171875,2019,3
ITC,2019-08-23,171.93870544433594,2019,3
ITC,2019-08-26,176.59947204589844,2019,3
ITC,2019-08-27,178.78421020507812,2019,3
ITC,2019-08-28,179.11192321777344,2019,3
ITC,2019-08-29,175.6527557373047,2019,3
ITC,2019-08-30,178.89344787597656,2019,3
ITC,2019-09-03,175.90765380859375,2019,3
ITC,2019-09-04,177.1456756591797,2019,3
ITC,2019-09-05,177.87391662597656,2019,3
ITC,2019-09-06,177.61903381347656,2019,3
ITC,2019-09-09,178.78421020507812,2019,3
ITC,2019-09-11,177.50979614257812,2019,3
ITC,2019-09-12,175.32504272460938,2019,3
ITC,2019-09-13,174.70603942871094,2019,3
ITC,2019-09-16,174.34193420410156,2019,3
ITC,2019-09-17,172.7397918701172,2019,3
ITC,2019-09-18,174.2327117919922,2019,3
ITC,2019-09-19,172.3756866455078,2019,3
ITC,2019-09-20,173.35877990722656,2019,3
ITC,2019-09-23,185.59332275390625,2019,3
ITC,2019-09-24,186.4307861328125,2019,3
ITC,2019-09-25,180.27713012695312,2019,3
ITC,2019-09-26,182.3526153564453,2019,3
ITC,2019-09-27,184.2096405029297,2019,3
ITC,2019-09-30,189.23455810546875,2019,3
ITC,2019-10-01,186.35797119140625,2019,4
ITC,2019-10-03,190.54537963867188,2019,4
ITC,2019-10-04,187.3411102294922,2019,4
ITC,2019-10-07,183.44500732421875,2019,4
ITC,2019-10-09,179.94940185546875,2019,4
ITC,2019-10-10,177.1092529296875,2019,4
ITC,2019-10-11,177.6554412841797,2019,4
ITC,2019-10-14,177.76467895507812,2019,4
ITC,2019-10-15,180.31353759765625,2019,4
ITC,2019-10-16,177.4369659423828,2019,4
ITC,2019-10-17,179.0391082763672,2019,4
ITC,2019-10-18,179.51248168945312,2019,4
ITC,2019-10-22,181.26025390625,2019,4
ITC,2019-10-23,182.82598876953125,2019,4
ITC,2019-10-24,181.36949157714844,2019,4
ITC,2019-10-25,180.3863677978516,2019,4
ITC,2019-10-27,182.3526153564453,2019,4
ITC,2019-10-29,184.4281311035156,2019,4
ITC,2019-10-30,188.9068145751953,2019,4
ITC,2019-10-31,187.63238525390625,2019,4
ITC,2019-11-01,190.2905120849609,2019,4
ITC,2019-11-04,189.88998413085935,2019,4
ITC,2019-11-05,191.4556884765625,2019,4
ITC,2019-11-06,190.3269195556641,2019,4
ITC,2019-11-07,193.60403442382807,2019,4
ITC,2019-11-08,189.7079162597656,2019,4
ITC,2019-11-11,188.9432373046875,2019,4
ITC,2019-11-13,184.86505126953125,2019,4
ITC,2019-11-14,184.90147399902344,2019,4
ITC,2019-11-15,182.53466796875,2019,4
ITC,2019-11-18,182.6075134277344,2019,4
ITC,2019-11-19,181.55154418945312,2019,4
ITC,2019-11-20,182.5710906982422,2019,4
ITC,2019-11-21,178.9298553466797,2019,4
ITC,2019-11-22,180.34994506835935,2019,4
ITC,2019-11-25,180.4227600097656,2019,4
ITC,2019-11-26,181.4423065185547,2019,4
ITC,2019-11-27,179.84017944335938,2019,4
ITC,2019-11-28,179.65811157226562,2019,4
ITC,2019-11-29,179.4396514892578,2019,4
ITC,2019-12-02,178.38368225097656,2019,4
ITC,2019-12-03,177.728271484375,2019,4
ITC,2019-12-04,177.07284545898438,2019,4
ITC,2019-12-05,179.84017944335938,2019,4
ITC,2019-12-06,177.21847534179688,2019,4
ITC,2019-12-09,175.83482360839844,2019,4
ITC,2019-12-10,171.57460021972656,2019,4
ITC,2019-12-11,173.0310821533203,2019,4
ITC,2019-12-12,173.722900390625,2019,4
ITC,2019-12-13,175.944091796875,2019,4
ITC,2019-12-16,172.5213165283203,2019,4
ITC,2019-12-17,175.54351806640625,2019,4
ITC,2019-12-18,178.52935791015625,2019,4
ITC,2019-12-19,177.94674682617188,2019,4
ITC,2019-12-20,175.6163787841797,2019,4
ITC,2019-12-23,173.97781372070312,2019,4
ITC,2019-12-24,173.86854553222656,2019,4
ITC,2019-12-26,172.44850158691406,2019,4
ITC,2019-12-27,172.5213165283203,2019,4
ITC,2019-12-30,173.46804809570312,2019,4
ITC,2019-12-31,173.1039276123047,2019,4
ITC,2020-01-01,173.39523315429688,2020,1
ITC,2020-01-02,174.6696319580078,2020,1
ITC,2020-01-03,173.6865234375,2020,1
ITC,2020-01-06,171.2104949951172,2020,1
ITC,2020-01-07,171.3925323486328,2020,1
ITC,2020-01-08,170.55503845214844,2020,1
ITC,2020-01-09,171.72024536132812,2020,1
ITC,2020-01-10,173.32240295410156,2020,1
ITC,2020-01-13,174.2327117919922,2020,1
ITC,2020-01-14,177.1456756591797,2020,1
ITC,2020-01-15,176.52667236328125,2020,1
ITC,2020-01-16,175.32504272460938,2020,1
ITC,2020-01-17,174.74246215820312,2020,1
ITC,2020-01-20,176.1625518798828,2020,1
ITC,2020-01-21,173.6501007080078,2020,1
ITC,2020-01-22,173.35877990722656,2020,1
ITC,2020-01-23,173.2495574951172,2020,1
ITC,2020-01-24,173.431640625,2020,1
ITC,2020-01-27,170.84634399414062,2020,1
ITC,2020-01-28,168.0426025390625,2020,1
ITC,2020-01-29,172.33924865722656,2020,1
ITC,2020-01-30,170.44581604003906,2020,1
ITC,2020-01-31,171.2468719482422,2020,1
ITC,2020-02-03,151.18373107910156,2020,1
ITC,2020-02-04,157.04611206054688,2020,1
ITC,2020-02-05,157.6287078857422,2020,1
ITC,2020-02-06,155.51678466796875,2020,1
ITC,2020-02-07,155.40753173828125,2020,1
ITC,2020-02-10,153.33204650878906,2020,1
ITC,2020-02-11,154.82493591308594,2020,1
ITC,2020-02-12,155.1526641845703,2020,1
ITC,2020-02-13,154.31517028808594,2020,1
ITC,2020-02-14,151.25656127929688,2020,1
ITC,2020-02-17,149.14463806152344,2020,1
ITC,2020-02-18,148.45278930664062,2020,1
ITC,2020-02-19,150.52828979492188,2020,1
ITC,2020-02-20,151.07447814941406,2020,1
ITC,2020-02-24,147.83380126953125,2020,1
ITC,2020-02-25,146.9599151611328,2020,1
ITC,2020-02-26,144.6295166015625,2020,1
ITC,2020-02-27,143.86488342285156,2020,1
ITC,2020-02-28,143.86488342285156,2020,1
ITC,2020-03-02,142.22630310058594,2020,1
ITC,2020-03-03,141.17034912109375,2020,1
ITC,2020-03-04,136.54598999023438,2020,1
ITC,2020-03-05,136.94651794433594,2020,1
ITC,2020-03-06,132.3585968017578,2020,1
ITC,2020-03-09,129.04507446289062,2020,1
ITC,2020-03-11,127.9163055419922,2020,1
ITC,2020-03-12,113.46063232421876,2020,1
ITC,2020-03-13,118.15780639648438,2020,1
ITC,2020-03-16,107.23412322998048,2020,1
ITC,2020-03-17,108.6177978515625,2020,1
ITC,2020-03-18,109.74657440185548,2020,1
ITC,2020-03-19,117.86650848388672,2020,1
ITC,2020-03-20,127.80703735351562,2020,1
ITC,2020-03-23,112.36825561523438,2020,1
ITC,2020-03-24,109.01831817626952,2020,1
ITC,2020-03-25,107.30694580078124,2020,1
ITC,2020-03-26,113.89757537841795,2020,1
ITC,2020-03-27,118.84961700439452,2020,1
ITC,2020-03-30,115.93665313720705,2020,1
ITC,2020-03-31,125.03972625732422,2020,1
ITC,2020-04-01,121.18002319335938,2020,2
ITC,2020-04-03,129.55482482910156,2020,2
ITC,2020-04-07,132.21295166015625,2020,2
ITC,2020-04-08,130.1010284423828,2020,2
ITC,2020-04-09,134.90745544433594,2020,2
ITC,2020-04-13,132.24935913085938,2020,2
ITC,2020-04-15,137.8932342529297,2020,2
ITC,2020-04-16,135.70851135253906,2020,2
ITC,2020-04-17,136.98294067382812,2020,2
ITC,2020-04-20,131.5939483642578,2020,2
ITC,2020-04-21,130.7928466796875,2020,2
ITC,2020-04-22,132.72271728515625,2020,2
ITC,2020-04-23,131.48471069335938,2020,2
ITC,2020-04-24,131.1205596923828,2020,2
ITC,2020-04-27,130.9749298095703,2020,2
ITC,2020-04-28,130.68362426757812,2020,2
ITC,2020-04-29,132.64987182617188,2020,2
ITC,2020-04-30,132.57705688476562,2020,2
ITC,2020-05-04,126.7510986328125,2020,2
ITC,2020-05-05,126.64185333251952,2020,2
ITC,2020-05-06,119.35940551757812,2020,2
ITC,2020-05-07,117.24749755859376,2020,2
ITC,2020-05-08,115.2448272705078,2020,2
ITC,2020-05-11,115.39045715332033,2020,2
ITC,2020-05-12,120.19689178466795,2020,2
ITC,2020-05-13,120.4517822265625,2020,2
ITC,2020-05-14,119.28658294677734,2020,2
ITC,2020-05-15,119.90559387207033,2020,2
ITC,2020-05-18,119.9784164428711,2020,2
ITC,2020-05-19,124.34789276123048,2020,2
ITC,2020-05-20,127.98912048339844,2020,2
ITC,2020-05-21,137.60194396972656,2020,2
ITC,2020-05-22,135.70851135253906,2020,2
ITC,2020-05-26,139.6046142578125,2020,2
ITC,2020-05-27,139.93234252929688,2020,2
ITC,2020-05-28,138.83995056152344,2020,2
ITC,2020-05-29,143.71920776367188,2020,2
ITC,2020-06-01,146.0496063232422,2020,2
ITC,2020-06-02,143.6463623046875,2020,2
ITC,2020-06-03,143.24583435058594,2020,2
ITC,2020-06-04,145.75831604003906,2020,2
ITC,2020-06-05,145.64907836914062,2020,2
ITC,2020-06-08,143.93768310546875,2020,2
ITC,2020-06-09,144.55670166015625,2020,2
ITC,2020-06-10,144.9572296142578,2020,2
ITC,2020-06-11,141.46163940429688,2020,2
ITC,2020-06-12,141.20677185058594,2020,2
ITC,2020-06-15,136.32749938964844,2020,2
ITC,2020-06-16,134.7253875732422,2020,2
ITC,2020-06-17,131.9580535888672,2020,2
ITC,2020-06-18,135.89056396484375,2020,2
ITC,2020-06-19,134.03355407714844,2020,2
ITC,2020-06-22,134.7253875732422,2020,2
ITC,2020-06-23,135.34442138671875,2020,2
ITC,2020-06-24,139.71383666992188,2020,2
ITC,2020-06-25,147.1783905029297,2020,2
ITC,2020-06-26,142.1534881591797,2020,2
ITC,2020-06-29,143.6463623046875,2020,2
ITC,2020-06-30,141.75294494628906,2020,2
ITC,2020-07-01,147.76097106933594,2020,3
ITC,2020-07-02,149.90927124023438,2020,3
ITC,2020-07-03,151.14730834960938,2020,3
ITC,2020-07-06,153.28854370117188,2020,3
ITC,2020-07-07,149.03050231933594,2020,3
ITC,2020-07-08,150.603271484375,2020,3
ITC,2020-07-09,149.95115661621094,2020,3
ITC,2020-07-10,149.1072235107422,2020,3
ITC,2020-07-13,151.56231689453125,2020,3
ITC,2020-07-14,150.29640197753906,2020,3
ITC,2020-07-15,152.44459533691406,2020,3
ITC,2020-07-16,148.72361755371094,2020,3
ITC,2020-07-17,148.8770751953125,2020,3
ITC,2020-07-20,147.84132385253906,2020,3
ITC,2020-07-21,147.49609375,2020,3
ITC,2020-07-22,150.7950897216797,2020,3
ITC,2020-07-23,153.97903442382812,2020,3
ITC,2020-07-24,153.1350555419922,2020,3
ITC,2020-07-27,150.67999267578125,2020,3
ITC,2020-07-28,149.912841796875,2020,3
ITC,2020-07-29,150.91015625,2020,3
ITC,2020-07-30,148.3400115966797,2020,3
ITC,2020-07-31,148.9537811279297,2020,3
ITC,2020-08-03,147.76461791992188,2020,3
ITC,2020-08-04,148.5701904296875,2020,3
ITC,2020-08-05,147.91806030273438,2020,3
ITC,2020-08-06,149.87448120117188,2020,3
ITC,2020-08-07,150.41148376464844,2020,3
ITC,2020-08-10,152.5596923828125,2020,3
ITC,2020-08-11,155.78195190429688,2020,3
ITC,2020-08-12,156.66424560546875,2020,3
ITC,2020-08-13,154.55445861816406,2020,3
ITC,2020-08-14,150.67999267578125,2020,3
ITC,2020-08-17,152.4829559326172,2020,3
ITC,2020-08-18,152.3295440673828,2020,3
ITC,2020-08-19,152.25279235839844,2020,3
ITC,2020-08-20,150.2196807861328,2020,3
ITC,2020-08-21,150.98690795898438,2020,3
ITC,2020-08-24,150.91015625,2020,3
ITC,2020-08-25,149.912841796875,2020,3
ITC,2020-08-26,149.5675506591797,2020,3
ITC,2020-08-27,149.03050231933594,2020,3
ITC,2020-08-28,150.0279083251953,2020,3
ITC,2020-08-31,146.6138153076172,2020,3
ITC,2020-09-01,145.92332458496094,2020,3
ITC,2020-09-02,146.8055877685547,2020,3
ITC,2020-09-03,146.99740600585938,2020,3
ITC,2020-09-04,143.2380828857422,2020,3
ITC,2020-09-07,145.07936096191406,2020,3
ITC,2020-09-08,144.3505401611328,2020,3
ITC,2020-09-09,141.01316833496094,2020,3
ITC,2020-09-10,141.8571014404297,2020,3
ITC,2020-09-11,141.12826538085938,2020,3
ITC,2020-09-14,140.66790771484375,2020,3
ITC,2020-09-15,139.47874450683594,2020,3
ITC,2020-09-16,138.59645080566406,2020,3
ITC,2020-09-17,137.0237274169922,2020,3
ITC,2020-09-18,137.4072723388672,2020,3
ITC,2020-09-21,134.83714294433594,2020,3
ITC,2020-09-22,133.64794921875,2020,3
ITC,2020-09-23,132.3437042236328,2020,3
ITC,2020-09-24,127.77880096435548,2020,3
ITC,2020-09-25,131.00106811523438,2020,3
ITC,2020-09-28,132.95745849609375,2020,3
ITC,2020-09-29,129.96536254882812,2020,3
ITC,2020-09-30,131.72994995117188,2020,3
ITC,2020-10-01,131.0778045654297,2020,4
ITC,2020-10-05,129.8502960205078,2020,4
ITC,2020-10-06,130.34896850585938,2020,4
ITC,2020-10-07,130.04205322265625,2020,4
ITC,2020-10-08,128.23912048339844,2020,4
ITC,2020-10-09,128.77618408203125,2020,4
ITC,2020-10-12,132.11354064941406,2020,4
ITC,2020-10-13,130.54075622558594,2020,4
ITC,2020-10-14,128.73780822753906,2020,4
ITC,2020-10-15,126.62799835205078,2020,4
ITC,2020-10-16,127.12667083740234,2020,4
ITC,2020-10-19,129.08306884765625,2020,4
ITC,2020-10-20,128.46929931640625,2020,4
ITC,2020-10-21,128.62274169921875,2020,4
ITC,2020-10-22,129.31321716308594,2020,4
ITC,2020-10-23,131.00106811523438,2020,4
ITC,2020-10-26,129.31321716308594,2020,4
ITC,2020-10-27,128.27749633789062,2020,4
ITC,2020-10-28,126.97323608398438,2020,4
ITC,2020-10-29,125.70732879638672,2020,4
ITC,2020-10-30,126.78141784667967,2020,4
ITC,2020-11-02,127.9322509765625,2020,4
ITC,2020-11-03,130.5023956298828,2020,4
ITC,2020-11-04,130.27223205566406,2020,4
ITC,2020-11-05,134.06993103027344,2020,4
ITC,2020-11-06,133.4561309814453,2020,4
ITC,2020-11-09,132.57388305664062,2020,4
ITC,2020-11-10,136.83187866210938,2020,4
ITC,2020-11-11,142.16400146484375,2020,4
ITC,2020-11-12,144.23544311523438,2020,4
ITC,2020-11-13,143.54495239257812,2020,4
ITC,2020-11-14,144.69578552246094,2020,4
ITC,2020-11-17,143.7367706298828,2020,4
ITC,2020-11-18,141.20497131347656,2020,4
ITC,2020-11-19,144.15875244140625,2020,4
ITC,2020-11-20,147.07411193847656,2020,4
ITC,2020-11-23,146.4219970703125,2020,4
ITC,2020-11-24,150.0279083251953,2020,4
ITC,2020-11-25,148.72361755371094,2020,4
ITC,2020-11-26,149.45245361328125,2020,4
ITC,2020-11-27,148.5701904296875,2020,4
ITC,2020-12-01,149.14559936523438,2020,4
ITC,2020-12-02,150.3347625732422,2020,4
ITC,2020-12-03,150.5265655517578,2020,4
ITC,2020-12-04,152.0609893798828,2020,4
ITC,2020-12-07,155.85867309570312,2020,4
ITC,2020-12-08,155.3216094970703,2020,4
ITC,2020-12-09,157.5849151611328,2020,4
ITC,2020-12-10,163.18551635742188,2020,4
ITC,2020-12-11,165.94747924804688,2020,4
ITC,2020-12-14,165.64060974121094,2020,4
ITC,2020-12-15,163.83767700195312,2020,4
ITC,2020-12-16,164.18292236328125,2020,4
ITC,2020-12-17,163.45404052734375,2020,4
ITC,2020-12-18,164.56654357910156,2020,4
ITC,2020-12-21,155.70523071289062,2020,4
ITC,2020-12-22,156.0504608154297,2020,4
ITC,2020-12-23,159.38784790039062,2020,4
ITC,2020-12-24,160.0399627685547,2020,4
ITC,2020-12-28,160.73045349121094,2020,4
ITC,2020-12-29,162.30325317382812,2020,4
ITC,2020-12-30,161.99636840820312,2020,4
ITC,2020-12-31,160.34683227539062,2020,4
ITC,2021-01-01,164.06784057617188,2021,1
ITC,2021-01-04,163.72259521484375,2021,1
ITC,2021-01-05,162.2265167236328,2021,1
ITC,2021-01-06,157.5849151611328,2021,1
ITC,2021-01-07,155.59014892578125,2021,1
ITC,2021-01-08,154.5927734375,2021,1
ITC,2021-01-11,155.35997009277344,2021,1
ITC,2021-01-12,158.39047241210938,2021,1
ITC,2021-01-13,162.07308959960938,2021,1
ITC,2021-01-14,164.29798889160156,2021,1
ITC,2021-01-15,167.1366729736328,2021,1
ITC,2021-01-18,168.59434509277344,2021,1
ITC,2021-01-19,167.9038543701172,2021,1
ITC,2021-01-20,166.9832305908203,2021,1
ITC,2021-01-21,163.95272827148438,2021,1
ITC,2021-01-22,161.65113830566406,2021,1
ITC,2021-01-25,159.42620849609375,2021,1
ITC,2021-01-27,161.61277770996094,2021,1
ITC,2021-01-28,158.50555419921875,2021,1
ITC,2021-01-29,155.93540954589844,2021,1
ITC,2021-02-01,165.678955078125,2021,1
ITC,2021-02-02,167.4051971435547,2021,1
ITC,2021-02-03,166.29275512695312,2021,1
ITC,2021-02-04,176.41990661621094,2021,1
ITC,2021-02-05,179.79559326171875,2021,1
ITC,2021-02-08,178.83660888671875,2021,1
ITC,2021-02-09,175.6910400390625,2021,1
ITC,2021-02-10,174.57861328125,2021,1
ITC,2021-02-11,173.7346649169922,2021,1
ITC,2021-02-12,166.82977294921875,2021,1
ITC,2021-02-15,167.7120819091797,2021,1
ITC,2021-02-16,167.4435577392578,2021,1
ITC,2021-02-17,167.05992126464844,2021,1
ITC,2021-02-18,167.9038543701172,2021,1
ITC,2021-02-19,165.678955078125,2021,1
ITC,2021-02-22,162.76449584960938,2021,1
ITC,2021-02-23,163.90435791015625,2021,1
ITC,2021-02-24,164.1795196533203,2021,1
ITC,2021-02-25,164.41534423828125,2021,1
ITC,2021-02-26,160.24896240234375,2021,1
ITC,2021-03-01,162.64659118652344,2021,1
ITC,2021-03-02,165.0049285888672,2021,1
ITC,2021-03-03,165.0442352294922,2021,1
ITC,2021-03-04,164.84771728515625,2021,1
ITC,2021-03-05,163.9436798095703,2021,1
ITC,2021-03-08,163.5113067626953,2021,1
ITC,2021-03-09,163.35409545898438,2021,1
ITC,2021-03-10,162.3321533203125,2021,1
ITC,2021-03-12,161.31021118164062,2021,1
ITC,2021-03-15,161.5067138671875,2021,1
ITC,2021-03-16,163.39340209960938,2021,1
ITC,2021-03-17,165.55519104003906,2021,1
ITC,2021-03-18,171.0972900390625,2021,1
ITC,2021-03-19,175.26370239257812,2021,1
ITC,2021-03-22,177.66131591796875,2021,1
ITC,2021-03-23,174.67410278320312,2021,1
ITC,2021-03-24,169.76089477539062,2021,1
ITC,2021-03-25,166.34132385253906,2021,1
ITC,2021-03-26,165.79103088378906,2021,1
ITC,2021-03-30,168.66033935546875,2021,1
ITC,2021-03-31,171.7655029296875,2021,1
ITC,2021-04-01,172.9839630126953,2021,2
ITC,2021-04-05,167.088134765625,2021,2
ITC,2021-04-06,167.16673278808594,2021,2
ITC,2021-04-07,168.07073974609375,2021,2
ITC,2021-04-08,167.63839721679688,2021,2
ITC,2021-04-09,167.52047729492188,2021,2
ITC,2021-04-12,161.38882446289062,2021,2
ITC,2021-04-13,164.0615692138672,2021,2
ITC,2021-04-15,162.48936462402344,2021,2
ITC,2021-04-16,163.4720458984375,2021,2
ITC,2021-04-19,161.62464904785156,2021,2
ITC,2021-04-20,160.0131072998047,2021,2
ITC,2021-04-22,161.86048889160156,2021,2
ITC,2021-04-23,161.42811584472656,2021,2
ITC,2021-04-26,161.38882446289062,2021,2
ITC,2021-04-27,161.46742248535156,2021,2
ITC,2021-04-28,161.54603576660156,2021,2
ITC,2021-04-29,160.60269165039062,2021,2
ITC,2021-04-30,159.26629638671875,2021,2
ITC,2021-05-03,157.96923828125,2021,2
ITC,2021-05-04,156.90798950195312,2021,2
ITC,2021-05-05,158.32296752929688,2021,2
ITC,2021-05-06,159.3842315673828,2021,2
ITC,2021-05-07,161.42811584472656,2021,2
ITC,2021-05-10,161.58535766601562,2021,2
ITC,2021-05-11,160.3668670654297,2021,2
ITC,2021-05-12,159.77728271484375,2021,2
ITC,2021-05-14,166.852294921875,2021,2
ITC,2021-05-17,167.12742614746094,2021,2
ITC,2021-05-18,165.12283325195312,2021,2
ITC,2021-05-19,163.31478881835938,2021,2
ITC,2021-05-20,162.72520446777344,2021,2
ITC,2021-05-21,164.33673095703125,2021,2
ITC,2021-05-24,166.26272583007812,2021,2
ITC,2021-05-25,165.79103088378906,2021,2
ITC,2021-05-26,165.55519104003906,2021,2
ITC,2021-05-27,165.98756408691406,2021,2
ITC,2021-05-28,167.36328125,2021,2
ITC,2021-05-31,170.27191162109375,2021,2
ITC,2021-06-01,169.2106170654297,2021,2
ITC,2021-06-02,164.29739379882812,2021,2
ITC,2021-06-03,164.33673095703125,2021,2
ITC,2021-06-04,164.10092163085938,2021,2
ITC,2021-06-07,166.22340393066406,2021,2
ITC,2021-06-08,167.95285034179688,2021,2
ITC,2021-06-09,167.04881286621094,2021,2
ITC,2021-06-10,169.29049682617188,2021,2
ITC,2021-06-11,168.1581268310547,2021,2
ITC,2021-06-14,167.6728057861328,2021,2
ITC,2021-06-15,167.47059631347656,2021,2
ITC,2021-06-16,168.11767578125,2021,2
ITC,2021-06-17,166.33819580078125,2021,2
ITC,2021-06-18,165.44850158691406,2021,2
ITC,2021-06-21,165.36761474609375,2021,2
ITC,2021-06-22,165.8933563232422,2021,2
ITC,2021-06-23,164.9631805419922,2021,2
ITC,2021-06-24,164.39698791503906,2021,2
ITC,2021-06-25,165.85293579101562,2021,2
ITC,2021-06-28,164.68006896972656,2021,2
ITC,2021-06-29,164.4374237060547,2021,2
ITC,2021-06-30,163.95213317871094,2021,2
ITC,2021-07-01,164.1947784423828,2021,3
ITC,2021-07-02,163.70947265625,2021,3
ITC,2021-07-05,164.72052001953125,2021,3
ITC,2021-07-06,163.7903594970703,2021,3
ITC,2021-07-07,164.80142211914062,2021,3
ITC,2021-07-08,163.38595581054688,2021,3
ITC,2021-07-09,162.86021423339844,2021,3
ITC,2021-07-12,162.65798950195312,2021,3
ITC,2021-07-13,163.26463317871094,2021,3
ITC,2021-07-14,165.0845184326172,2021,3
ITC,2021-07-15,166.82351684570312,2021,3
ITC,2021-07-16,168.1581268310547,2021,3
ITC,2021-07-19,168.03677368164062,2021,3
ITC,2021-07-20,167.26840209960938,2021,3
ITC,2021-07-22,167.43014526367188,2021,3
ITC,2021-07-23,171.79788208007812,2021,3
ITC,2021-07-26,170.786865234375,2021,3
ITC,2021-07-27,168.76473999023438,2021,3
ITC,2021-07-28,169.1287078857422,2021,3
ITC,2021-07-29,166.66175842285156,2021,3
ITC,2021-07-30,165.77200317382812,2021,3
ITC,2021-08-02,167.6728057861328,2021,3
ITC,2021-08-03,169.77578735351562,2021,3
ITC,2021-08-04,168.72430419921875,2021,3
ITC,2021-08-05,174.1031036376953,2021,3
ITC,2021-08-06,173.2942657470703,2021,3
ITC,2021-08-09,172.93026733398438,2021,3
ITC,2021-08-10,169.7353515625,2021,3
ITC,2021-08-11,168.76473999023438,2021,3
ITC,2021-08-12,168.9669647216797,2021,3
ITC,2021-08-13,171.0294952392578,2021,3
ITC,2021-08-16,170.5846405029297,2021,3
ITC,2021-08-17,169.2095947265625,2021,3
ITC,2021-08-18,169.0074005126953,2021,3
ITC,2021-08-20,168.9669647216797,2021,3
ITC,2021-08-23,166.86395263671875,2021,3
ITC,2021-08-24,166.4191131591797,2021,3
ITC,2021-08-25,166.94483947753906,2021,3
ITC,2021-08-26,165.48892211914062,2021,3
ITC,2021-08-27,166.54043579101562,2021,3
ITC,2021-08-30,168.23898315429688,2021,3
ITC,2021-08-31,170.9081573486328,2021,3
ITC,2021-09-01,169.45223999023438,2021,3
ITC,2021-09-02,169.65444946289062,2021,3
ITC,2021-09-03,170.34197998046875,2021,3
ITC,2021-09-06,169.29049682617188,2021,3
ITC,2021-09-07,171.2721405029297,2021,3
ITC,2021-09-08,170.86773681640625,2021,3
ITC,2021-09-09,172.0001220703125,2021,3
ITC,2021-09-13,173.21336364746094,2021,3
ITC,2021-09-14,174.7906036376953,2021,3
ITC,2021-09-15,174.70970153808594,2021,3
ITC,2021-09-16,186.6401214599609,2021,3
ITC,2021-09-17,186.9636993408203,2021,3
ITC,2021-09-20,189.066650390625,2021,3
ITC,2021-09-21,195.33518981933597,2021,3
ITC,2021-09-22,196.952880859375,2021,3
ITC,2021-09-23,196.14404296875,2021,3
ITC,2021-09-24,192.8682098388672,2021,3
ITC,2021-09-27,193.07041931152344,2021,3
ITC,2021-09-28,192.30203247070312,2021,3
ITC,2021-09-29,192.58514404296875,2021,3
ITC,2021-09-30,191.0078582763672,2021,3
ITC,2021-10-01,190.36080932617188,2021,4
ITC,2021-10-04,191.37185668945312,2021,4
ITC,2021-10-05,189.8350372314453,2021,4
ITC,2021-10-06,187.04454040527344,2021,4
ITC,2021-10-07,188.4196014404297,2021,4
ITC,2021-10-08,187.4085235595703,2021,4
ITC,2021-10-11,192.54464721679688,2021,4
ITC,2021-10-12,195.1733856201172,2021,4
ITC,2021-10-13,201.5632476806641,2021,4
ITC,2021-10-14,207.5082550048828,2021,4
ITC,2021-10-18,212.3612823486328,2021,4
ITC,2021-10-19,198.93453979492188,2021,4
ITC,2021-10-20,199.4602813720703,2021,4
ITC,2021-10-21,197.92349243164065,2021,4
ITC,2021-10-22,191.37185668945312,2021,4
ITC,2021-10-25,188.78355407714844,2021,4
ITC,2021-10-26,191.45274353027344,2021,4
ITC,2021-10-27,192.8682098388672,2021,4
ITC,2021-10-28,182.0701904296875,2021,4
ITC,2021-10-29,180.5334014892578,2021,4
ITC,2021-11-01,183.48565673828125,2021,4
ITC,2021-11-02,182.47457885742188,2021,4
ITC,2021-11-03,179.9267578125,2021,4
ITC,2021-11-04,183.24302673339844,2021,4
ITC,2021-11-08,185.8717193603516,2021,4
ITC,2021-11-09,185.0224609375,2021,4
ITC,2021-11-10,186.72103881835935,2021,4
ITC,2021-11-11,186.0334930419922,2021,4
ITC,2021-11-12,188.37913513183597,2021,4
ITC,2021-11-15,192.58514404296875,2021,4
ITC,2021-11-16,190.44168090820312,2021,4
ITC,2021-11-17,193.7174835205078,2021,4
ITC,2021-11-18,192.09979248046875,2021,4
ITC,2021-11-22,186.761474609375,2021,4
ITC,2021-11-23,187.32765197753903,2021,4
ITC,2021-11-24,184.17315673828125,2021,4
ITC,2021-11-25,187.08499145507807,2021,4
ITC,2021-11-26,181.18045043945312,2021,4
ITC,2021-11-29,179.15835571289062,2021,4
ITC,2021-11-30,178.87522888183594,2021,4
ITC,2021-12-01,179.4818878173828,2021,4
ITC,2021-12-02,182.35325622558597,2021,4
ITC,2021-12-03,179.27967834472656,2021,4
ITC,2021-12-06,176.24652099609375,2021,4
ITC,2021-12-07,178.4708251953125,2021,4
ITC,2021-12-08,181.9488677978516,2021,4
ITC,2021-12-09,190.4012451171875,2021,4
ITC,2021-12-10,190.96743774414065,2021,4
ITC,2021-12-13,189.75418090820312,2021,4
ITC,2021-12-14,184.90109252929688,2021,4
ITC,2021-12-15,181.22091674804688,2021,4
ITC,2021-12-16,180.2907257080078,2021,4
ITC,2021-12-17,176.28695678710938,2021,4
ITC,2021-12-20,171.79788208007812,2021,4
ITC,2021-12-21,171.87879943847656,2021,4
ITC,2021-12-22,171.47438049316406,2021,4
ITC,2021-12-23,175.76123046875,2021,4
ITC,2021-12-24,176.327392578125,2021,4
ITC,2021-12-27,175.96340942382812,2021,4
ITC,2021-12-28,177.9855194091797,2021,4
ITC,2021-12-29,175.3163604736328,2021,4
ITC,2021-12-30,174.70970153808594,2021,4
ITC,2021-12-31,176.3678436279297,2021,4
ITC,2022-01-03,177.21713256835938,2022,1
ITC,2022-01-04,178.1472930908203,2022,1
ITC,2022-01-05,178.3899383544922,2022,1
ITC,2022-01-06,176.89358520507812,2022,1
ITC,2022-01-07,176.65093994140625,2022,1
ITC,2022-01-10,180.61427307128903,2022,1
ITC,2022-01-11,179.5223388671875,2022,1
ITC,2022-01-12,180.1693878173828,2022,1
ITC,2022-01-13,181.1400146484375,2022,1
ITC,2022-01-14,180.04808044433594,2022,1
ITC,2022-01-17,181.665771484375,2022,1
ITC,2022-01-18,178.55172729492188,2022,1
ITC,2022-01-19,178.2281951904297,2022,1
ITC,2022-01-20,176.9340362548828,2022,1
ITC,2022-01-21,175.5590057373047,2022,1
ITC,2022-01-24,171.31259155273438,2022,1
ITC,2022-01-25,173.33468627929688,2022,1
ITC,2022-01-27,173.57733154296875,2022,1
ITC,2022-01-28,176.0038604736328,2022,1
ITC,2022-01-31,178.1068572998047,2022,1
ITC,2022-02-01,184.21360778808597,2022,1
ITC,2022-02-02,187.77252197265625,2022,1
ITC,2022-02-03,189.6328582763672,2022,1
ITC,2022-02-04,189.5115203857422,2022,1
ITC,2022-02-07,186.19525146484372,2022,1
ITC,2022-02-08,187.04454040527344,2022,1
ITC,2022-02-09,186.15484619140625,2022,1
ITC,2022-02-10,187.85340881347656,2022,1
ITC,2022-02-11,188.01516723632807,2022,1
ITC,2022-02-14,181.7635498046875,2022,1
ITC,2022-02-15,184.7039031982422,2022,1
ITC,2022-02-16,184.496826171875,2022,1
ITC,2022-02-17,184.41400146484372,2022,1
ITC,2022-02-18,183.79281616210935,2022,1
ITC,2022-02-21,180.5625457763672,2022,1
ITC,2022-02-22,177.95350646972656,2022,1
ITC,2022-02-23,178.86459350585938,2022,1
ITC,2022-02-24,172.69398498535156,2022,1
ITC,2022-02-25,177.2080535888672,2022,1
ITC,2022-02-28,178.7817840576172,2022,1
ITC,2022-03-02,178.32623291015625,2022,1
ITC,2022-03-03,181.7221527099609,2022,1
ITC,2022-03-04,186.77456665039065,2022,1
ITC,2022-03-07,186.31903076171875,2022,1
ITC,2022-03-08,187.93414306640625,2022,1
ITC,2022-03-09,189.88058471679688,2022,1
ITC,2022-03-10,192.1583251953125,2022,1
ITC,2022-03-11,195.76129150390625,2022,1
ITC,2022-03-14,197.9561920166016,2022,1
ITC,2022-03-15,197.00369262695312,2022,1
ITC,2022-03-16,200.9379730224609,2022,1
ITC,2022-03-17,202.843017578125,2022,1
ITC,2022-03-21,202.5116729736328,2022,1
ITC,2022-03-22,206.86009216308597,2022,1
ITC,2022-03-23,208.7237091064453,2022,1
ITC,2022-03-24,211.0842742919922,2022,1
ITC,2022-03-25,209.84185791015625,2022,1
ITC,2022-03-28,212.90646362304688,2022,1
ITC,2022-03-29,210.87718200683597,2022,1
ITC,2022-03-30,206.40452575683597,2022,1
ITC,2022-03-31,207.60552978515625,2022,1
ITC,2022-04-01,209.80044555664065,2022,2
ITC,2022-04-04,211.58120727539065,2022,2
ITC,2022-04-05,214.894287109375,2022,2
ITC,2022-04-06,215.0185394287109,2022,2
ITC,2022-04-07,212.5751495361328,2022,2
ITC,2022-04-08,221.81033325195312,2022,2
ITC,2022-04-11,221.56187438964844,2022,2
ITC,2022-04-12,219.32553100585935,2022,2
ITC,2022-04-13,223.25982666015625,2022,2
ITC,2022-04-18,223.71536254882807,2022,2
ITC,2022-04-19,216.63363647460935,2022,2
ITC,2022-04-20,214.97711181640625,2022,2
ITC,2022-04-21,215.6811370849609,2022,2
ITC,2022-04-22,216.2609405517578,2022,2
ITC,2022-04-25,211.41558837890625,2022,2
ITC,2022-04-26,214.48016357421875,2022,2
ITC,2022-04-27,213.2791748046875,2022,2
ITC,2022-04-28,216.2609405517578,2022,2
ITC,2022-04-29,214.97711181640625,2022,2
ITC,2022-05-02,217.95887756347656,2022,2
ITC,2022-05-04,215.1427764892578,2022,2
ITC,2022-05-05,217.04779052734372,2022,2
ITC,2022-05-06,220.8578186035156,2022,2
ITC,2022-05-09,217.7932281494141,2022,2
ITC,2022-05-10,215.1427764892578,2022,2
ITC,2022-05-11,211.74685668945312,2022,2
ITC,2022-05-12,209.46913146972656,2022,2
ITC,2022-05-13,214.19027709960935,2022,2
ITC,2022-05-16,210.4630279541016,2022,2
ITC,2022-05-17,219.24270629882807,2022,2
ITC,2022-05-18,220.98208618164065,2022,2
ITC,2022-05-19,228.31222534179688,2022,2
ITC,2022-05-20,231.9152069091797,2022,2
ITC,2022-05-23,227.35972595214844,2022,2
ITC,2022-05-24,224.33653259277344,2022,2
ITC,2022-05-25,225.8688507080078,2022,2
ITC,2022-05-26,226.2852020263672,2022,2
ITC,2022-05-27,228.4063415527344,2022,2
ITC,2022-05-30,228.2790985107422,2022,2
ITC,2022-05-31,229.6366424560547,2022,2
ITC,2022-06-01,230.6547698974609,2022,2
ITC,2022-06-02,232.05474853515625,2022,2
ITC,2022-06-03,231.3759613037109,2022,2
ITC,2022-06-06,233.15774536132807,2022,2
ITC,2022-06-07,232.39414978027344,2022,2
ITC,2022-06-08,227.3033599853516,2022,2
ITC,2022-06-09,229.80630493164065,2022,2
ITC,2022-06-10,229.21240234375,2022,2
ITC,2022-06-13,224.5458526611328,2022,2
ITC,2022-06-14,225.22462463378903,2022,2
ITC,2022-06-15,223.4852752685547,2022,2
ITC,2022-06-16,221.1944122314453,2022,2
ITC,2022-06-17,223.40042114257807,2022,2
ITC,2022-06-20,224.07920837402344,2022,2
ITC,2022-06-21,229.00030517578125,2022,2
ITC,2022-06-22,225.0973663330078,2022,2
ITC,2022-06-23,225.26702880859372,2022,2
ITC,2022-06-24,225.5640106201172,2022,2
ITC,2022-06-27,229.04270935058597,2022,2
ITC,2022-06-28,230.6547698974609,2022,2
ITC,2022-06-29,232.52142333984372,2022,2
ITC,2022-06-30,232.05474853515625,2022,2
ITC,2022-07-01,241.2605743408203,2022,3
ITC,2022-07-04,247.66644287109372,2022,3
ITC,2022-07-05,243.42416381835935,2022,3
ITC,2022-07-06,245.46046447753903,2022,3
ITC,2022-07-07,247.7088928222656,2022,3
ITC,2022-07-08,248.6421813964844,2022,3
ITC,2022-07-11,250.2966766357422,2022,3
ITC,2022-07-12,248.3452606201172,2022,3
ITC,2022-07-13,249.49069213867188,2022,3
ITC,2022-07-14,246.77560424804688,2022,3
ITC,2022-07-15,249.06640625,2022,3
ITC,2022-07-18,250.5512542724609,2022,3
ITC,2022-07-19,249.9573516845703,2022,3
ITC,2022-07-20,253.0117950439453,2022,3
ITC,2022-07-21,254.1572113037109,2022,3
ITC,2022-07-22,255.0056915283203,2022,3
ITC,2022-07-25,255.47238159179688,2022,3
ITC,2022-07-26,256.6177673339844,2022,3
ITC,2022-07-27,258.0601806640625,2022,3
ITC,2022-07-28,257.4662170410156,2022,3
ITC,2022-07-29,257.1268920898437,2022,3
ITC,2022-08-01,260.90252685546875,2022,3
ITC,2022-08-02,262.9812316894531,2022,3
ITC,2022-08-03,261.4540100097656,2022,3
ITC,2022-08-04,262.5994567871094,2022,3
ITC,2022-08-05,263.744873046875,2022,3
ITC,2022-08-08,265.6962890625,2022,3
ITC,2022-08-10,264.0418395996094,2022,3
ITC,2022-08-11,259.8419494628906,2022,3
ITC,2022-08-12,261.7933654785156,2022,3
ITC,2022-08-16,263.4903259277344,2022,3
ITC,2022-08-17,265.187255859375,2022,3
ITC,2022-08-18,267.8174743652344,2022,3
ITC,2022-08-19,264.7206115722656,2022,3
ITC,2022-08-22,266.75689697265625,2022,3
ITC,2022-08-23,268.02960205078125,2022,3
ITC,2022-08-24,266.5024108886719,2022,3
ITC,2022-08-25,265.0175476074219,2022,3
ITC,2022-08-26,265.48419189453125,2022,3
ITC,2022-08-29,266.03570556640625,2022,3
ITC,2022-08-30,271.9325561523437,2022,3
ITC,2022-09-01,269.47198486328125,2022,3
ITC,2022-09-02,274.180908203125,2022,3
ITC,2022-09-05,279.0172119140625,2022,3
ITC,2022-09-06,277.5748291015625,2022,3
ITC,2022-09-07,276.6839294433594,2022,3
ITC,2022-09-08,279.9081420898437,2022,3
ITC,2022-09-09,280.4172058105469,2022,3
ITC,2022-09-12,280.7565612792969,2022,3
ITC,2022-09-13,283.7261962890625,2022,3
ITC,2022-09-14,284.5322265625,2022,3
ITC,2022-09-15,283.4716491699219,2022,3
ITC,2022-09-16,281.09588623046875,2022,3
ITC,2022-09-19,284.7443542480469,2022,3
ITC,2022-09-20,285.0837097167969,2022,3
ITC,2022-09-21,289.2835998535156,2022,3
ITC,2022-09-22,292.7622985839844,2022,3
ITC,2022-09-23,293.90771484375,2022,3
ITC,2022-09-26,282.198974609375,2022,3
ITC,2022-09-27,284.10797119140625,2022,3
ITC,2022-09-28,275.7082214355469,2022,3
ITC,2022-09-29,282.5807189941406,2022,3
ITC,2022-09-30,281.8594970703125,2022,3
ITC,2022-10-03,275.2415466308594,2022,4
ITC,2022-10-04,282.4110717773437,2022,4
ITC,2022-10-06,285.6352233886719,2022,4
ITC,2022-10-07,283.4716491699219,2022,4
ITC,2022-10-10,278.16876220703125,2022,4
ITC,2022-10-11,276.8536376953125,2022,4
ITC,2022-10-12,280.0777893066406,2022,4
ITC,2022-10-13,278.8475646972656,2022,4
ITC,2022-10-14,281.7746887207031,2022,4
ITC,2022-10-17,281.9019470214844,2022,4
ITC,2022-10-18,288.732177734375,2022,4
ITC,2022-10-19,293.8653259277344,2022,4
ITC,2022-10-20,296.7076721191406,2022,4
ITC,2022-10-21,293.2289733886719,2022,4
ITC,2022-10-24,295.0107421875,2022,4
ITC,2022-10-25,293.8229064941406,2022,4
ITC,2022-10-27,293.398681640625,2022,4
ITC,2022-10-28,293.398681640625,2022,4
ITC,2022-10-31,295.85919189453125,2022,4
ITC,2022-11-01,296.5379638671875,2022,4
ITC,2022-11-02,300.9075622558594,2022,4
ITC,2022-11-03,300.1015319824219,2022,4
ITC,2022-11-04,300.0166320800781,2022,4
ITC,2022-11-07,299.93182373046875,2022,4
ITC,2022-11-09,306.040771484375,2022,4
ITC,2022-11-10,302.052978515625,2022,4
ITC,2022-11-11,302.3499450683594,2022,4
ITC,2022-11-14,294.5865173339844,2022,4
ITC,2022-11-15,292.9320068359375,2022,4
ITC,2022-11-16,291.95623779296875,2022,4
ITC,2022-11-17,291.61688232421875,2022,4
ITC,2022-11-18,289.36846923828125,2022,4
ITC,2022-11-21,286.1018371582031,2022,4
ITC,2022-11-22,288.6896667480469,2022,4
ITC,2022-11-23,288.3078918457031,2022,4
ITC,2022-11-24,289.1139221191406,2022,4
ITC,2022-11-25,288.732177734375,2022,4
ITC,2022-11-28,288.5199890136719,2022,4
ITC,2022-11-29,290.4290466308594,2022,4
ITC,2022-11-30,288.4775695800781,2022,4
ITC,2022-12-01,288.0958251953125,2022,4
ITC,2022-12-02,286.0594177246094,2022,4
ITC,2022-12-05,285.7200622558594,2022,4
ITC,2022-12-06,286.18670654296875,2022,4
ITC,2022-12-07,288.5624389648437,2022,4
ITC,2022-12-08,287.1200561523437,2022,4
ITC,2022-12-09,289.6653747558594,2022,4
ITC,2022-12-12,291.1926574707031,2022,4
ITC,2022-12-13,293.2289733886719,2022,4
ITC,2022-12-14,293.0592346191406,2022,4
ITC,2022-12-15,287.5018615722656,2022,4
ITC,2022-12-16,284.3200988769531,2022,4
ITC,2022-12-19,288.9017944335937,2022,4
ITC,2022-12-20,288.6048583984375,2022,4
ITC,2022-12-21,284.3625183105469,2022,4
ITC,2022-12-22,282.0716552734375,2022,4
ITC,2022-12-23,277.1930236816406,2022,4
ITC,2022-12-26,283.8958740234375,2022,4
ITC,2022-12-27,282.66558837890625,2022,4
ITC,2022-12-28,283.7261962890625,2022,4
ITC,2022-12-29,284.5322265625,2022,4
ITC,2022-12-30,281.3080139160156,2022,4
ITC,2023-01-02,282.4110717773437,2023,1
ITC,2023-01-03,280.9262084960937,2023,1
ITC,2023-01-04,277.4475402832031,2023,1
ITC,2023-01-05,282.92010498046875,2023,1
ITC,2023-01-06,284.2776794433594,2023,1
ITC,2023-01-09,286.8230895996094,2023,1
ITC,2023-01-10,282.877685546875,2023,1
ITC,2023-01-11,281.5201110839844,2023,1
ITC,2023-01-12,279.8656616210937,2023,1
ITC,2023-01-13,278.93231201171875,2023,1
ITC,2023-01-16,280.1626281738281,2023,1
ITC,2023-01-17,281.9019470214844,2023,1
ITC,2023-01-18,283.93829345703125,2023,1
ITC,2023-01-19,281.8171691894531,2023,1
ITC,2023-01-20,283.8958740234375,2023,1
ITC,2023-01-23,286.56854248046875,2023,1
ITC,2023-01-24,287.5867004394531,2023,1
ITC,2023-01-25,287.8412170410156,2023,1
ITC,2023-01-27,293.568359375,2023,1
ITC,2023-01-30,292.5502014160156,2023,1
ITC,2023-01-31,298.9560852050781,2023,1
ITC,2023-02-01,306.6346740722656,2023,1
ITC,2023-02-02,321.2283020019531,2023,1
ITC,2023-02-03,322.9676208496094,2023,1
ITC,2023-02-06,325.30084228515625,2023,1
ITC,2023-02-07,316.68896484375,2023,1
ITC,2023-02-08,318.6404724121094,2023,1
ITC,2023-02-09,317.5374450683594,2023,1
ITC,2023-02-10,315.076904296875,2023,1
ITC,2023-02-13,317.4949951171875,2023,1
ITC,2023-02-14,327.888671875,2023,1
ITC,2023-02-15,329.5971069335937,2023,1
ITC,2023-02-16,329.8989562988281,2023,1
ITC,2023-02-17,330.6319274902344,2023,1
ITC,2023-02-20,331.1924743652344,2023,1
ITC,2023-02-21,329.6401672363281,2023,1
ITC,2023-02-22,331.0199890136719,2023,1
ITC,2023-02-23,334.25390625,2023,1
ITC,2023-02-24,332.0979919433594,2023,1
ITC,2023-02-27,329.5971069335937,2023,1
ITC,2023-02-28,324.8540954589844,2023,1
ITC,2023-03-01,326.57879638671875,2023,1
ITC,2023-03-02,323.8623962402344,2023,1
ITC,2023-03-03,331.9685974121094,2023,1
ITC,2023-03-06,334.72821044921875,2023,1
ITC,2023-03-08,338.39324951171875,2023,1
ITC,2023-03-09,334.16766357421875,2023,1
ITC,2023-03-10,334.598876953125,2023,1
ITC,2023-03-13,330.8475646972656,2023,1
ITC,2023-03-14,327.441162109375,2023,1
ITC,2023-03-15,327.1824951171875,2023,1
ITC,2023-03-16,328.9502868652344,2023,1
ITC,2023-03-17,323.8623962402344,2023,1
ITC,2023-03-20,326.6650390625,2023,1
ITC,2023-03-21,325.0696716308594,2023,1
ITC,2023-03-22,325.75958251953125,2023,1
ITC,2023-03-23,328.26043701171875,2023,1
ITC,2023-03-24,326.57879638671875,2023,1
ITC,2023-03-27,327.87237548828125,2023,1
ITC,2023-03-28,327.4842834472656,2023,1
ITC,2023-03-29,330.0714416503906,2023,1
ITC,2023-03-31,330.7182006835937,2023,1
ITC,2023-04-03,326.7512512207031,2023,2
ITC,2023-04-05,333.21905517578125,2023,2
ITC,2023-04-06,334.038330078125,2023,2
ITC,2023-04-10,335.0731201171875,2023,2
ITC,2023-04-11,341.497802734375,2023,2
ITC,2023-04-12,339.3849792480469,2023,2
ITC,2023-04-13,341.1528015136719,2023,2
ITC,2023-04-17,345.0766296386719,2023,2
ITC,2023-04-18,343.6536865234375,2023,2
ITC,2023-04-19,343.86932373046875,2023,2
ITC,2023-04-20,345.2059631347656,2023,2
ITC,2023-04-21,352.061767578125,2023,2
ITC,2023-04-24,352.4498596191406,2023,2
ITC,2023-04-25,354.9076232910156,2023,2
ITC,2023-04-26,355.51129150390625,2023,2
ITC,2023-04-27,358.74517822265625,2023,2
ITC,2023-04-28,366.9808044433594,2023,2
ITC,2023-05-02,366.03216552734375,2023,2
ITC,2023-05-03,368.3605346679688,2023,2
ITC,2023-05-04,366.1615295410156,2023,2
ITC,2023-05-05,369.7403259277344,2023,2
ITC,2023-05-08,372.0687561035156,2023,2
ITC,2023-05-09,365.47161865234375,2023,2
ITC,2023-05-10,366.8082885742188,2023,2
ITC,2023-05-11,362.5395812988281,2023,2
ITC,2023-05-12,362.5827026367188,2023,2
ITC,2023-05-15,368.921142578125,2023,2
ITC,2023-05-16,365.6009826660156,2023,2
ITC,2023-05-17,368.7485961914063,2023,2
ITC,2023-05-18,361.9359130859375,2023,2
ITC,2023-05-19,362.0652770996094,2023,2
ITC,2023-05-22,366.2909240722656,2023,2
ITC,2023-05-23,370.0853271484375,2023,2
ITC,2023-05-24,373.8366088867188,2023,2
ITC,2023-05-25,380.4337463378906,2023,2
ITC,2023-05-26,382.5465087890625,2023,2
ITC,2023-05-29,387.2895202636719,2023,2
ITC,2023-05-30,396.6940612792969,2023,2
ITC,2023-05-31,392.81439208984375,2023,2
ITC,2023-06-01,387.7003173828125,2023,2
ITC,2023-06-02,390.9627380371094,2023,2
ITC,2023-06-05,388.5379943847656,2023,2
ITC,2023-06-06,390.4337158203125,2023,2
ITC,2023-06-07,391.4477233886719,2023,2
ITC,2023-06-08,390.52191162109375,2023,2
ITC,2023-06-09,386.5981750488281,2023,2
ITC,2023-06-12,385.2755737304688,2023,2
ITC,2023-06-13,392.7262268066406,2023,2
ITC,2023-06-14,391.93267822265625,2023,2
ITC,2023-06-15,395.10693359375,2023,2
ITC,2023-06-16,399.515625,2023,2
ITC,2023-06-19,399.9565124511719,2023,2
ITC,2023-06-20,399.2951965332031,2023,2
ITC,2023-06-21,394.18109130859375,2023,2
ITC,2023-06-22,394.7101440429688,2023,2
ITC,2023-06-23,392.1531066894531,2023,2
ITC,2023-06-26,392.9907836914063,2023,2
ITC,2023-06-27,392.4617004394531,2023,2
ITC,2023-06-28,396.2091369628906,2023,2
ITC,2023-06-30,398.1930541992188,2023,2
ITC,2023-07-03,408.46527099609375,2023,3
ITC,2023-07-04,411.1986389160156,2023,3
ITC,2023-07-05,418.9138488769531,2023,3
ITC,2023-07-06,417.8557739257813,2023,3
ITC,2023-07-07,413.0062255859375,2023,3
ITC,2023-07-10,410.7577819824219,2023,3
ITC,2023-07-11,417.1944885253906,2023,3
ITC,2023-07-12,416.4450073242188,2023,3
ITC,2023-07-13,416.1804809570313,2023,3
ITC,2023-07-14,416.97406005859375,2023,3
ITC,2023-07-17,416.4890747070313,2023,3
ITC,2023-07-18,416.621337890625,2023,3
ITC,2023-07-19,422.2203979492188,2023,3
ITC,2023-07-20,433.9475402832031,2023,3
ITC,2023-07-21,432.4485168457031,2023,3
ITC,2023-07-24,415.6073303222656,2023,3
ITC,2023-07-25,407.6276550292969,2023,3
ITC,2023-07-26,416.4009094238281,2023,3
ITC,2023-07-27,410.0523986816406,2023,3
ITC,2023-07-28,413.05029296875,2023,3
ITC,2023-07-31,410.62548828125,2023,3
ITC,2023-08-01,409.83197021484375,2023,3
ITC,2023-08-02,405.6878051757813,2023,3
ITC,2023-08-03,402.1167602539063,2023,3
ITC,2023-08-04,401.1467895507813,2023,3
ITC,2023-08-07,401.1027526855469,2023,3
ITC,2023-08-08,398.8543090820313,2023,3
ITC,2023-08-09,404.40924072265625,2023,3
ITC,2023-08-10,398.32525634765625,2023,3
ITC,2023-08-11,395.6800537109375,2023,3
ITC,2023-08-14,396.0768432617188,2023,3
ITC,2023-08-16,397.0026245117188,2023,3
ITC,2023-08-17,388.84661865234375,2023,3
ITC,2023-08-18,389.4197692871094,2023,3
ITC,2023-08-21,394.8424072265625,2023,3
ITC,2023-08-22,400.5296020507813,2023,3
ITC,2023-08-23,397.1790161132813,2023,3
ITC,2023-08-24,397.5758056640625,2023,3
ITC,2023-08-25,390.9186706542969,2023,3
ITC,2023-08-28,389.1993103027344,2023,3
ITC,2023-08-29,388.0530090332031,2023,3
ITC,2023-08-30,390.4337158203125,2023,3
ITC,2023-08-31,387.7003173828125,2023,3
ITC,2023-09-01,388.8906555175781,2023,3
ITC,2023-09-04,385.7605590820313,2023,3
ITC,2023-09-05,390.6982727050781,2023,3
ITC,2023-09-06,394.5337829589844,2023,3
ITC,2023-09-07,393.1671752929688,2023,3
ITC,2023-09-08,390.3014831542969,2023,3
ITC,2023-09-11,394.3133850097656,2023,3
ITC,2023-09-12,397.7962341308594,2023,3
ITC,2023-09-13,399.8683166503906,2023,3
ITC,2023-09-14,396.7381591796875,2023,3
ITC,2023-09-15,395.3273620605469,2023,3
ITC,2023-09-18,398.58978271484375,2023,3
ITC,2023-09-20,399.3833312988281,2023,3
ITC,2023-09-21,394.577880859375,2023,3
ITC,2023-09-22,390.6982727050781,2023,3
ITC,2023-09-25,390.2573547363281,2023,3
ITC,2023-09-26,390.1250915527344,2023,3
ITC,2023-09-27,396.0327758789063,2023,3
ITC,2023-09-28,388.6261901855469,2023,3
ITC,2023-09-29,391.844482421875,2023,3
ITC,2023-10-03,387.7444458007813,2023,4
ITC,2023-10-04,384.5260620117188,2023,4
ITC,2023-10-05,384.4819641113281,2023,4
ITC,2023-10-06,389.8605651855469,2023,4
ITC,2023-10-09,388.3616638183594,2023,4
ITC,2023-10-10,391.844482421875,2023,4
ITC,2023-10-11,395.23919677734375,2023,4
ITC,2023-10-12,397.3994140625,2023,4
ITC,2023-10-13,395.3273620605469,2023,4
ITC,2023-10-16,395.8564147949219,2023,4
ITC,2023-10-17,399.82421875,2023,4
ITC,2023-10-18,398.2371215820313,2023,4
ITC,2023-10-19,397.1349487304688,2023,4
ITC,2023-10-20,386.46588134765625,2023,4
ITC,2023-10-23,384.34967041015625,2023,4
ITC,2023-10-25,381.5281677246094,2023,4
ITC,2023-10-26,382.9830322265625,2023,4
ITC,2023-10-27,382.4539794921875,2023,4
ITC,2023-10-30,379.5442504882813,2023,4
ITC,2023-10-31,377.7366638183594,2023,4
ITC,2023-11-01,377.4721984863281,2023,4
ITC,2023-11-02,380.1614990234375,2023,4
ITC,2023-11-03,382.0131530761719,2023,4
ITC,2023-11-06,383.86474609375,2023,4
ITC,2023-11-07,381.5281677246094,2023,4
ITC,2023-11-08,385.2755737304688,2023,4
ITC,2023-11-09,383.027099609375,2023,4
ITC,2023-11-10,384.9228820800781,2023,4
ITC,2023-11-13,384.4378967285156,2023,4
ITC,2023-11-15,389.6842346191406,2023,4
ITC,2023-11-16,386.7745056152344,2023,4
ITC,2023-11-17,387.3035278320313,2023,4
ITC,2023-11-20,385.1432800292969,2023,4
ITC,2023-11-21,384.6583251953125,2023,4
ITC,2023-11-22,387.7003173828125,2023,4
ITC,2023-11-23,388.2734375,2023,4
ITC,2023-11-24,386.0250244140625,2023,4
ITC,2023-11-28,383.776611328125,2023,4
ITC,2023-11-29,385.4960021972656,2023,4
ITC,2023-11-30,384.2615051269531,2023,4
ITC,2023-12-01,396.6058654785156,2023,4
ITC,2023-12-04,400.353271484375,2023,4
ITC,2023-12-05,398.32525634765625,2023,4
ITC,2023-12-06,408.46527099609375,2023,4
ITC,2023-12-07,403.92431640625,2023,4
ITC,2023-12-08,396.0327758789063,2023,4
ITC,2023-12-11,398.9424743652344,2023,4
ITC,2023-12-12,399.515625,2023,4
ITC,2023-12-13,401.7640686035156,2023,4
ITC,2023-12-14,405.6878051757813,2023,4
ITC,2023-12-15,404.0124816894531,2023,4
ITC,2023-12-18,398.2371215820313,2023,4
ITC,2023-12-19,402.1608581542969,2023,4
ITC,2023-12-20,397.6639709472656,2023,4
ITC,2023-12-21,398.060791015625,2023,4
ITC,2023-12-22,401.3672790527344,2023,4
ITC,2023-12-26,402.469482421875,2023,4
ITC,2023-12-27,403.0425720214844,2023,4
ITC,2023-12-28,409.2147521972656,2023,4
ITC,2023-12-29,407.4512939453125,2023,4
ITC,2024-01-01,412.6976013183594,2024,1
ITC,2024-01-02,414.7256164550781,2024,1
ITC,2024-01-03,420.80963134765625,2024,1
ITC,2024-01-04,420.0600891113281,2024,1
ITC,2024-01-05,417.89990234375,2024,1
ITC,2024-01-08,410.44921875,2024,1
ITC,2024-01-09,409.6115112304688,2024,1
ITC,2024-01-10,408.5093688964844,2024,1
ITC,2024-01-11,407.9362182617188,2024,1
ITC,2024-01-12,411.5072326660156,2024,1
ITC,2024-01-15,412.3008117675781,2024,1
ITC,2024-01-16,416.4450073242188,2024,1
ITC,2024-01-17,411.4191284179688,2024,1
ITC,2024-01-18,410.44921875,2024,1
ITC,2024-01-19,415.7395935058594,2024,1
ITC,2024-01-23,404.9823913574219,2024,1
ITC,2024-01-24,408.77386474609375,2024,1
ITC,2024-01-25,401.7640686035156,2024,1
ITC,2024-01-29,396.6058654785156,2024,1
ITC,2024-01-30,386.2454223632813,2024,1
ITC,2024-01-31,389.3315734863281,2024,1
ITC,2024-02-01,390.52191162109375,2024,1
ITC,2024-02-02,388.0530090332031,2024,1
ITC,2024-02-05,386.2454223632813,2024,1
ITC,2024-02-06,380.38189697265625,2024,1
ITC,2024-02-07,380.7345886230469,2024,1
ITC,2024-02-08,371.1029357910156,2024,1
ITC,2024-02-09,371.953369140625,2024,1
ITC,2024-02-12,364.2099304199219,2024,1
ITC,2024-02-13,364.1204223632813,2024,1
ITC,2024-02-14,368.4173583984375,2024,1
ITC,2024-02-15,361.5691528320313,2024,1
ITC,2024-02-16,362.19573974609375,2024,1
ITC,2024-02-19,366.3583984375,2024,1
ITC,2024-02-20,363.5385437011719,2024,1
ITC,2024-02-21,361.0767822265625,2024,1
ITC,2024-02-22,371.0134582519531,2024,1
ITC,2024-02-23,368.2830810546875,2024,1
ITC,2024-02-26,366.3136596679688,2024,1
ITC,2024-02-27,368.0592651367188,2024,1
ITC,2024-02-28,365.5079650878906,2024,1
ITC,2024-02-29,363.7175598144531,2024,1
ITC,2024-03-01,366.5822143554688,2024,1
ITC,2024-03-04,366.22412109375,2024,1
ITC,2024-03-05,363.5833129882813,2024,1
ITC,2024-03-06,365.1051635742188,2024,1
ITC,2024-03-07,370.2077331542969,2024,1
ITC,2024-03-11,366.4927062988281,2024,1
ITC,2024-03-12,362.06146240234375,2024,1
ITC,2024-03-13,378.1749572753906,2024,1
ITC,2024-03-14,375.6684265136719,2024,1
ITC,2024-03-15,375.1760559082031,2024,1
ITC,2024-03-18,373.698974609375,2024,1
ITC,2024-03-19,366.626953125,2024,1
ITC,2024-03-20,372.1324157714844,2024,1
ITC,2024-03-21,377.1007080078125,2024,1
ITC,2024-03-22,383.680419921875,2024,1
ITC,2024-03-26,382.8299865722656,2024,1
ITC,2024-03-27,383.143310546875,2024,1
ITC,2024-03-28,383.4566345214844,2024,1
ITC,2024-04-01,381.97955322265625,2024,2
ITC,2024-04-02,381.2186279296875,2024,2
ITC,2024-04-03,380.6367492675781,2024,2
ITC,2024-04-04,378.4435424804688,2024,2
ITC,2024-04-05,382.740478515625,2024,2
ITC,2024-04-08,384.1280517578125,2024,2
ITC,2024-04-09,381.6662292480469,2024,2
ITC,2024-04-10,391.15533447265625,2024,2
ITC,2024-04-12,385.023193359375,2024,2
ITC,2024-04-15,381.2633972167969,2024,2
ITC,2024-04-16,381.2633972167969,2024,2
ITC,2024-04-18,374.9522705078125,2024,2
ITC,2024-04-19,380.2339782714844,2024,2
ITC,2024-04-22,380.7262878417969,2024,2
ITC,2024-04-23,384.217529296875,2024,2
ITC,2024-04-24,383.9490051269531,2024,2
ITC,2024-04-25,391.69244384765625,2024,2
ITC,2024-04-26,393.8856506347656,2024,2
ITC,2024-04-29,392.2742919921875,2024,2
ITC,2024-04-30,389.9915161132813,2024,2
ITC,2024-05-02,392.9904479980469,2024,2
ITC,2024-05-03,390.7077026367188,2024,2
ITC,2024-05-06,389.1858825683594,2024,2
ITC,2024-05-07,394.1989440917969,2024,2
ITC,2024-05-08,394.7808532714844,2024,2
ITC,2024-05-09,380.5472412109375,2024,2
ITC,2024-05-10,387.9326171875,2024,2
ITC,2024-05-13,386.5898132324219,2024,2
ITC,2024-05-14,384.6651306152344,2024,2
ITC,2024-05-15,382.96429443359375,2024,2
ITC,2024-05-16,386.2317199707031,2024,2
ITC,2024-05-17,390.5734252929688,2024,2
ITC,2024-05-21,389.2306213378906,2024,2
ITC,2024-05-22,393.796142578125,2024,2
ITC,2024-05-23,395.0941467285156,2024,2
ITC,2024-05-24,390.4839172363281,2024,2
ITC,2024-05-27,386.2764892578125,2024,2
ITC,2024-05-28,384.0385437011719,2024,2
ITC,2024-05-29,385.78411865234375,2024,2
ITC,2024-05-30,379.4282531738281,2024,2
ITC,2024-05-31,381.7557373046875,2024,2
ITC,2024-06-03,385.24700927734375,2024,2
ITC,2024-06-04,378.535888671875,2024,2
ITC,2024-06-05,392.3025207519531,2024,2
ITC,2024-06-06,396.9521179199219,2024,2
ITC,2024-06-07,400.37103271484375,2024,2
ITC,2024-06-10,398.3196716308594,2024,2
ITC,2024-06-11,394.7640686035156,2024,2
ITC,2024-06-12,394.1258544921875,2024,2
ITC,2024-06-13,392.3025207519531,2024,2
ITC,2024-06-14,393.0774230957031,2024,2
ITC,2024-06-18,390.8893737792969,2024,2
ITC,2024-06-19,386.23974609375,2024,2
ITC,2024-06-20,385.9206237792969,2024,2
ITC,2024-06-21,382.54736328125,2024,2
ITC,2024-06-24,385.9206237792969,2024,2
ITC,2024-06-25,385.9206237792969,2024,2
ITC,2024-06-26,386.5132141113281,2024,2
ITC,2024-06-27,388.0175476074219,2024,2
ITC,2024-06-28,387.3793640136719,2024,2
ITC,2024-07-01,391.1628723144531,2024,3
ITC,2024-07-02,387.9263610839844,2024,3
ITC,2024-07-03,390.4790954589844,2024,3
ITC,2024-07-04,391.1628723144531,2024,3
ITC,2024-07-05,395.356689453125,2024,3
ITC,2024-07-08,404.4280090332031,2024,3
ITC,2024-07-09,412.6332702636719,2024,3
ITC,2024-07-10,411.5848693847656,2024,3
ITC,2024-07-11,418.1490478515625,2024,3
ITC,2024-07-12,418.51373291015625,2024,3
ITC,2024-07-15,422.4796447753906,2024,3
ITC,2024-07-16,424.4397277832031,2024,3
ITC,2024-07-18,428.7247009277344,2024,3
ITC,2024-07-19,432.6449890136719,2024,3
ITC,2024-07-22,425.3514709472656,2024,3
ITC,2024-07-23,448.7364196777344,2024,3
ITC,2024-07-24,450.4230651855469,2024,3
ITC,2024-07-25,446.6851196289063,2024,3
ITC,2024-07-26,457.8534240722656,2024,3
ITC,2024-07-29,452.2464904785156,2024,3
ITC,2024-07-30,446.6395263671875,2024,3
ITC,2024-07-31,451.6082763671875,2024,3
ITC,2024-08-01,450.10400390625,2024,3
ITC,2024-08-02,445.9101867675781,2024,3
ITC,2024-08-05,443.08392333984375,2024,3
ITC,2024-08-06,443.3574523925781,2024,3
ITC,2024-08-07,449.1466979980469,2024,3
ITC,2024-08-08,451.0612487792969,2024,3
ITC,2024-08-09,452.1097106933594,2024,3
ITC,2024-08-12,450.9244995117188,2024,3
ITC,2024-08-13,446.7306823730469,2024,3
ITC,2024-08-14,448.7364196777344,2024,3
ITC,2024-08-16,458.2636413574219,2024,3
ITC,2024-08-19,457.1696166992188,2024,3
ITC,2024-08-20,454.7536010742188,2024,3
ITC,2024-08-21,460.7708435058594,2024,3
ITC,2024-08-22,459.9958801269531,2024,3
ITC,2024-08-23,461.135498046875,2024,3
ITC,2024-08-26,461.0443115234375,2024,3
ITC,2024-08-27,456.3946533203125,2024,3
ITC,2024-08-28,453.3861083984375,2024,3
ITC,2024-08-29,460.497314453125,2024,3
ITC,2024-08-30,457.5798950195313,2024,3
ITC,2024-09-02,465.0102233886719,2024,3
ITC,2024-09-03,464.4176025390625,2024,3
ITC,2024-09-04,461.6369323730469,2024,3
ITC,2024-09-05,466.05865478515625,2024,3
ITC,2024-09-06,457.3975524902344,2024,3
ITC,2024-09-09,466.5600891113281,2024,3
ITC,2024-09-10,468.2467346191406,2024,3
ITC,2024-09-11,468.9305114746094,2024,3
ITC,2024-09-12,473.6257019042969,2024,3
ITC,2024-09-13,468.4746398925781,2024,3
ITC,2024-09-16,465.9674987792969,2024,3
ITC,2024-09-17,462.9132995605469,2024,3
ITC,2024-09-18,462.5486145019531,2024,3
ITC,2024-09-19,463.369140625,2024,3
ITC,2024-09-20,468.97607421875,2024,3
ITC,2024-09-23,471.3009033203125,2024,3
ITC,2024-09-24,469.7510070800781,2024,3
ITC,2024-09-25,471.847900390625,2024,3
ITC,2024-09-26,476.5887451171875,2024,3
ITC,2024-09-27,476.5431518554688,2024,3
ITC,2024-09-30,472.3949279785156,2024,3
ITC,2024-10-01,470.6170959472656,2024,4
ITC,2024-10-03,467.4717712402344,2024,4
ITC,2024-10-04,459.0841979980469,2024,4
ITC,2024-10-07,465.14697265625,2024,4
ITC,2024-10-08,463.09564208984375,2024,4
ITC,2024-10-09,448.2805786132813,2024,4
ITC,2024-10-10,448.5997009277344,2024,4
ITC,2024-10-11,445.0896606445313,2024,4
ITC,2024-10-14,453.0669860839844,2024,4
ITC,2024-10-15,454.5256958007813,2024,4
ITC,2024-10-16,449.6481323242188,2024,4
ITC,2024-10-17,445.7278442382813,2024,4
ITC,2024-10-18,443.7220764160156,2024,4
ITC,2024-10-21,440.9414367675781,2024,4
ITC,2024-10-22,439.2547912597656,2024,4
ITC,2024-10-23,437.932861328125,2024,4
ITC,2024-10-24,430.0466918945313,2024,4
ITC,2024-10-25,439.7106323242188,2024,4
ITC,2024-10-28,441.3972778320313,2024,4
ITC,2024-10-29,444.8617248535156,2024,4
ITC,2024-10-30,448.1438293457031,2024,4
ITC,2024-10-31,445.6366882324219,2024,4
ITC,2024-11-01,447.0042114257813,2024,4
ITC,2024-11-04,441.80755615234375,2024,4
ITC,2024-11-05,437.7961120605469,2024,4
ITC,2024-11-06,438.61663818359375,2024,4
ITC,2024-11-07,435.69915771484375,2024,4
ITC,2024-11-08,435.8359375,2024,4
ITC,2024-11-11,434.8330993652344,2024,4
ITC,2024-11-12,431.09515380859375,2024,4
ITC,2024-11-13,430.5025329589844,2024,4
ITC,2024-11-14,424.8044128417969,2024,4
ITC,2024-11-18,425.3514709472656,2024,4
ITC,2024-11-19,426.0807800292969,2024,4
ITC,2024-11-21,416.7815246582031,2024,4
ITC,2024-11-22,432.7361755371094,2024,4
ITC,2024-11-25,434.69635009765625,2024,4
ITC,2024-11-26,434.8786926269531,2024,4
ITC,2024-11-27,434.8330993652344,2024,4
ITC,2024-11-28,432.964111328125,2024,4
ITC,2024-11-29,434.6507568359375,2024,4
ITC,2024-12-02,435.0610046386719,2024,4
ITC,2024-12-03,430.8216247558594,2024,4
ITC,2024-12-04,425.8528747558594,2024,4
ITC,2024-12-05,426.2175598144531,2024,4
ITC,2024-12-06,429.5452575683594,2024,4
ITC,2024-12-09,423.8927001953125,2024,4
ITC,2024-12-10,424.34857177734375,2024,4
ITC,2024-12-11,424.1662292480469,2024,4
ITC,2024-12-12,419.9268493652344,2024,4
ITC,2024-12-13,428.4967956542969,2024,4
ITC,2024-12-16,428.58795166015625,2024,4
ITC,2024-12-17,428.0865173339844,2024,4
ITC,2024-12-18,428.9526672363281,2024,4
ITC,2024-12-19,425.3514709472656,2024,4
ITC,2024-12-20,423.6192321777344,2024,4
ITC,2024-12-23,432.3714904785156,2024,4
ITC,2024-12-24,436.20062255859375,2024,4
ITC,2024-12-26,434.8330993652344,2024,4
ITC,2024-12-27,436.3373718261719,2024,4
ITC,2024-12-30,434.8786926269531,2024,4
Britannia,2017-07-03,1629.26171875,2017,3
Britannia,2017-07-04,1648.7490234375,2017,3
Britannia,2017-07-05,1642.3265380859375,2017,3
Britannia,2017-07-06,1641.4249267578125,2017,3
Britannia,2017-07-07,1624.2470703125,2017,3
Britannia,2017-07-10,1634.6285400390625,2017,3
Britannia,2017-07-11,1626.314453125,2017,3
Britannia,2017-07-12,1628.5579833984375,2017,3
Britannia,2017-07-13,1639.753173828125,2017,3
Britannia,2017-07-14,1636.0579833984375,2017,3
Britannia,2017-07-17,1626.6004638671875,2017,3
Britannia,2017-07-18,1646.505615234375,2017,3
Britannia,2017-07-19,1674.328857421875,2017,3
Britannia,2017-07-20,1667.6865234375,2017,3
Britannia,2017-07-21,1686.579833984375,2017,3
Britannia,2017-07-24,1684.5565185546875,2017,3
Britannia,2017-07-25,1693.81640625,2017,3
Britannia,2017-07-26,1693.860595703125,2017,3
Britannia,2017-07-27,1704.98974609375,2017,3
Britannia,2017-07-28,1728.3265380859375,2017,3
Britannia,2017-07-31,1734.9407958984375,2017,3
Britannia,2017-08-01,1728.7027587890625,2017,3
Britannia,2017-08-02,1709.502197265625,2017,3
Britannia,2017-08-03,1713.8599853515625,2017,3
Britannia,2017-08-04,1733.08251953125,2017,3
Britannia,2017-08-07,1817.3165283203125,2017,3
Britannia,2017-08-08,1801.6334228515625,2017,3
Britannia,2017-08-09,1795.68310546875,2017,3
Britannia,2017-08-10,1822.360107421875,2017,3
Britannia,2017-08-11,1814.728759765625,2017,3
Britannia,2017-08-14,1840.4102783203125,2017,3
Britannia,2017-08-16,1902.324951171875,2017,3
Britannia,2017-08-17,1880.4478759765625,2017,3
Britannia,2017-08-18,1880.8682861328125,2017,3
Britannia,2017-08-21,1871.2901611328125,2017,3
Britannia,2017-08-22,1857.59765625,2017,3
Britannia,2017-08-23,1878.9659423828125,2017,3
Britannia,2017-08-24,1864.3443603515625,2017,3
Britannia,2017-08-28,1852.9305419921875,2017,3
Britannia,2017-08-29,1845.984619140625,2017,3
Britannia,2017-08-30,1876.39990234375,2017,3
Britannia,2017-08-31,1871.7989501953125,2017,3
Britannia,2017-09-01,1877.5504150390625,2017,3
Britannia,2017-09-04,1866.799560546875,2017,3
Britannia,2017-09-05,1884.9166259765625,2017,3
Britannia,2017-09-06,1879.2757568359373,2017,3
Britannia,2017-09-07,1885.1375732421875,2017,3
Britannia,2017-09-08,1897.14892578125,2017,3
Britannia,2017-09-11,1901.1527099609373,2017,3
Britannia,2017-09-12,1909.95654296875,2017,3
Britannia,2017-09-13,1915.597412109375,2017,3
Britannia,2017-09-14,1920.3310546875,2017,3
Britannia,2017-09-15,1927.5645751953125,2017,3
Britannia,2017-09-18,1941.4781494140625,2017,3
Britannia,2017-09-19,1933.4041748046875,2017,3
Britannia,2017-09-20,1924.9317626953125,2017,3
Britannia,2017-09-21,1914.7789306640625,2017,3
Britannia,2017-09-22,1889.207763671875,2017,3
Britannia,2017-09-25,1893.9857177734373,2017,3
Britannia,2017-09-26,1913.8497314453125,2017,3
Britannia,2017-09-27,1903.121337890625,2017,3
Britannia,2017-09-28,1919.910888671875,2017,3
Britannia,2017-09-29,1921.9234619140625,2017,3
Britannia,2017-10-03,1920.065185546875,2017,4
Britannia,2017-10-04,1920.8619384765625,2017,4
Britannia,2017-10-05,1930.506591796875,2017,4
Britannia,2017-10-06,1929.709716796875,2017,4
Britannia,2017-10-09,1922.0343017578125,2017,4
Britannia,2017-10-10,1923.848388671875,2017,4
Britannia,2017-10-11,1935.9481201171875,2017,4
Britannia,2017-10-12,2010.4932861328125,2017,4
Britannia,2017-10-13,2027.1943359375,2017,4
Britannia,2017-10-16,2008.56884765625,2017,4
Britannia,2017-10-17,2041.8375244140625,2017,4
Britannia,2017-10-18,2073.049560546875,2017,4
Britannia,2017-10-19,2047.4564208984373,2017,4
Britannia,2017-10-23,2059.48974609375,2017,4
Britannia,2017-10-24,2046.5050048828125,2017,4
Britannia,2017-10-25,2054.6455078125,2017,4
Britannia,2017-10-26,2037.1263427734373,2017,4
Britannia,2017-10-27,2033.8968505859373,2017,4
Britannia,2017-10-30,2099.615966796875,2017,4
Britannia,2017-10-31,2052.544189453125,2017,4
Britannia,2017-11-01,2078.093017578125,2017,4
Britannia,2017-11-02,2061.01611328125,2017,4
Britannia,2017-11-03,2060.772705078125,2017,4
Britannia,2017-11-06,2054.1142578125,2017,4
Britannia,2017-11-07,2056.746826171875,2017,4
Britannia,2017-11-08,2058.737548828125,2017,4
Britannia,2017-11-09,2104.947265625,2017,4
Britannia,2017-11-10,2155.845947265625,2017,4
Britannia,2017-11-13,2159.960205078125,2017,4
Britannia,2017-11-14,2118.39599609375,2017,4
Britannia,2017-11-15,2101.319580078125,2017,4
Britannia,2017-11-16,2095.5458984375,2017,4
Britannia,2017-11-17,2101.452392578125,2017,4
Britannia,2017-11-20,2107.27001953125,2017,4
Britannia,2017-11-21,2131.02685546875,2017,4
Britannia,2017-11-22,2112.556396484375,2017,4
Britannia,2017-11-23,2115.7421875,2017,4
Britannia,2017-11-24,2097.890869140625,2017,4
Britannia,2017-11-27,2122.1787109375,2017,4
Britannia,2017-11-28,2121.2060546875,2017,4
Britannia,2017-11-29,2128.4833984375,2017,4
Britannia,2017-11-30,2130.451904296875,2017,4
Britannia,2017-12-01,2126.1826171875,2017,4
Britannia,2017-12-04,2107.2919921875,2017,4
Britannia,2017-12-05,2106.672607421875,2017,4
Britannia,2017-12-06,2106.05322265625,2017,4
Britannia,2017-12-07,2189.889404296875,2017,4
Britannia,2017-12-08,2148.2587890625,2017,4
Britannia,2017-12-11,2154.164794921875,2017,4
Britannia,2017-12-12,2150.138671875,2017,4
Britannia,2017-12-13,2130.1201171875,2017,4
Britannia,2017-12-14,2077.031005859375,2017,4
Britannia,2017-12-15,2080.90234375,2017,4
Britannia,2017-12-18,2079.088623046875,2017,4
Britannia,2017-12-19,2104.327392578125,2017,4
Britannia,2017-12-20,2099.39501953125,2017,4
Britannia,2017-12-21,2093.776611328125,2017,4
Britannia,2017-12-22,2099.9482421875,2017,4
Britannia,2017-12-26,2099.4833984375,2017,4
Britannia,2017-12-27,2094.8603515625,2017,4
Britannia,2017-12-28,2064.289794921875,2017,4
Britannia,2017-12-29,2083.402099609375,2017,4
Britannia,2018-01-01,2096.2314453125,2018,1
Britannia,2018-01-02,2059.8662109375,2018,1
Britannia,2018-01-03,2070.8818359375,2018,1
Britannia,2018-01-04,2046.7486572265625,2018,1
Britannia,2018-01-05,2054.5791015625,2018,1
Britannia,2018-01-08,2076.544677734375,2018,1
Britannia,2018-01-09,2053.6279296875,2018,1
Britannia,2018-01-10,2068.138671875,2018,1
Britannia,2018-01-11,2088.84326171875,2018,1
Britannia,2018-01-12,2082.98193359375,2018,1
Britannia,2018-01-15,2088.091552734375,2018,1
Britannia,2018-01-16,2069.288818359375,2018,1
Britannia,2018-01-17,2101.341064453125,2018,1
Britannia,2018-01-18,2049.00537109375,2018,1
Britannia,2018-01-19,2072.43017578125,2018,1
Britannia,2018-01-22,2082.561767578125,2018,1
Britannia,2018-01-23,2095.435302734375,2018,1
Britannia,2018-01-24,2087.82568359375,2018,1
Britannia,2018-01-25,2046.3944091796875,2018,1
Britannia,2018-01-29,2075.814697265625,2018,1
Britannia,2018-01-30,2081.787109375,2018,1
Britannia,2018-01-31,2072.296875,2018,1
Britannia,2018-02-01,2097.227294921875,2018,1
Britannia,2018-02-02,2091.01123046875,2018,1
Britannia,2018-02-05,2042.4571533203125,2018,1
Britannia,2018-02-06,2004.2998046875,2018,1
Britannia,2018-02-07,2013.1478271484373,2018,1
Britannia,2018-02-08,2047.4564208984373,2018,1
Britannia,2018-02-09,2053.27392578125,2018,1
Britannia,2018-02-12,2111.38427734375,2018,1
Britannia,2018-02-14,2107.690185546875,2018,1
Britannia,2018-02-15,2103.973876953125,2018,1
Britannia,2018-02-16,2115.564697265625,2018,1
Britannia,2018-02-19,2094.041748046875,2018,1
Britannia,2018-02-20,2094.39599609375,2018,1
Britannia,2018-02-21,2110.16748046875,2018,1
Britannia,2018-02-22,2148.2587890625,2018,1
Britannia,2018-02-23,2195.176025390625,2018,1
Britannia,2018-02-26,2196.436767578125,2018,1
Britannia,2018-02-27,2190.90673828125,2018,1
Britannia,2018-02-28,2209.487548828125,2018,1
Britannia,2018-03-01,2187.190185546875,2018,1
Britannia,2018-03-05,2168.874267578125,2018,1
Britannia,2018-03-06,2134.698974609375,2018,1
Britannia,2018-03-07,2161.02197265625,2018,1
Britannia,2018-03-08,2144.96240234375,2018,1
Britannia,2018-03-09,2142.042724609375,2018,1
Britannia,2018-03-12,2153.102783203125,2018,1
Britannia,2018-03-13,2154.496826171875,2018,1
Britannia,2018-03-14,2134.05712890625,2018,1
Britannia,2018-03-15,2153.744384765625,2018,1
Britannia,2018-03-16,2150.360107421875,2018,1
Britannia,2018-03-19,2130.429443359375,2018,1
Britannia,2018-03-20,2134.632568359375,2018,1
Britannia,2018-03-21,2138.79150390625,2018,1
Britannia,2018-03-22,2140.4501953125,2018,1
Britannia,2018-03-23,2141.091064453125,2018,1
Britannia,2018-03-26,2149.209716796875,2018,1
Britannia,2018-03-27,2196.45849609375,2018,1
Britannia,2018-03-28,2199.025146484375,2018,1
Britannia,2018-04-02,2259.39111328125,2018,2
Britannia,2018-04-03,2256.183837890625,2018,2
Britannia,2018-04-04,2222.826171875,2018,2
Britannia,2018-04-05,2242.049072265625,2018,2
Britannia,2018-04-06,2290.890625,2018,2
Britannia,2018-04-09,2284.099609375,2018,2
Britannia,2018-04-10,2271.424560546875,2018,2
Britannia,2018-04-11,2271.911376953125,2018,2
Britannia,2018-04-12,2284.07763671875,2018,2
Britannia,2018-04-13,2304.450439453125,2018,2
Britannia,2018-04-16,2350.21728515625,2018,2
Britannia,2018-04-17,2363.37890625,2018,2
Britannia,2018-04-18,2372.027587890625,2018,2
Britannia,2018-04-19,2387.135986328125,2018,2
Britannia,2018-04-20,2354.641357421875,2018,2
Britannia,2018-04-23,2350.5263671875,2018,2
Britannia,2018-04-24,2343.514892578125,2018,2
Britannia,2018-04-25,2378.066650390625,2018,2
Britannia,2018-04-26,2377.226318359375,2018,2
Britannia,2018-04-27,2415.8701171875,2018,2
Britannia,2018-04-30,2439.07421875,2018,2
Britannia,2018-05-02,2400.076416015625,2018,2
Britannia,2018-05-03,2361.166748046875,2018,2
Britannia,2018-05-04,2382.136962890625,2018,2
Britannia,2018-05-07,2421.156982421875,2018,2
Britannia,2018-05-08,2408.77001953125,2018,2
Britannia,2018-05-09,2389.657958984375,2018,2
Britannia,2018-05-10,2382.999755859375,2018,2
Britannia,2018-05-11,2423.369384765625,2018,2
Britannia,2018-05-14,2417.3525390625,2018,2
Britannia,2018-05-15,2413.238037109375,2018,2
Britannia,2018-05-16,2451.904296875,2018,2
Britannia,2018-05-17,2422.948974609375,2018,2
Britannia,2018-05-18,2476.169921875,2018,2
Britannia,2018-05-21,2442.791015625,2018,2
Britannia,2018-05-22,2479.421630859375,2018,2
Britannia,2018-05-23,2528.66162109375,2018,2
Britannia,2018-05-24,2529.76806640625,2018,2
Britannia,2018-05-25,2578.122314453125,2018,2
Britannia,2018-05-28,2584.9580078125,2018,2
Britannia,2018-05-29,2568.213134765625,2018,2
Britannia,2018-05-30,2561.466064453125,2018,2
Britannia,2018-05-31,2620.793212890625,2018,2
Britannia,2018-06-01,2571.46484375,2018,2
Britannia,2018-06-04,2551.003173828125,2018,2
Britannia,2018-06-05,2571.176513671875,2018,2
Britannia,2018-06-06,2600.0,2018,2
Britannia,2018-06-07,2651.4736328125,2018,2
Britannia,2018-06-08,2618.005615234375,2018,2
Britannia,2018-06-11,2614.821044921875,2018,2
Britannia,2018-06-12,2630.813232421875,2018,2
Britannia,2018-06-13,2662.025146484375,2018,2
Britannia,2018-06-14,2655.212158203125,2018,2
Britannia,2018-06-15,2714.8701171875,2018,2
Britannia,2018-06-18,2687.17626953125,2018,2
Britannia,2018-06-19,2644.063232421875,2018,2
Britannia,2018-06-20,2652.468994140625,2018,2
Britannia,2018-06-21,2637.936279296875,2018,2
Britannia,2018-06-22,2636.498046875,2018,2
Britannia,2018-06-25,2644.439208984375,2018,2
Britannia,2018-06-26,2676.60302734375,2018,2
Britannia,2018-06-27,2693.192626953125,2018,2
Britannia,2018-06-28,2711.751708984375,2018,2
Britannia,2018-06-29,2749.002197265625,2018,2
Britannia,2018-07-02,2757.49658203125,2018,3
Britannia,2018-07-03,2750.240478515625,2018,3
Britannia,2018-07-04,2787.049072265625,2018,3
Britannia,2018-07-05,2790.38916015625,2018,3
Britannia,2018-07-06,2791.539306640625,2018,3
Britannia,2018-07-09,2823.81298828125,2018,3
Britannia,2018-07-10,2826.84375,2018,3
Britannia,2018-07-11,2812.708740234375,2018,3
Britannia,2018-07-12,2833.89990234375,2018,3
Britannia,2018-07-13,2864.62548828125,2018,3
Britannia,2018-07-16,2890.107666015625,2018,3
Britannia,2018-07-17,2843.30078125,2018,3
Britannia,2018-07-18,2816.269775390625,2018,3
Britannia,2018-07-19,2819.14599609375,2018,3
Britannia,2018-07-20,2812.885498046875,2018,3
Britannia,2018-07-23,2847.304931640625,2018,3
Britannia,2018-07-24,2860.798583984375,2018,3
Britannia,2018-07-25,2850.8662109375,2018,3
Britannia,2018-07-26,2853.653564453125,2018,3
Britannia,2018-07-27,2835.84423828125,2018,3
Britannia,2018-07-30,2811.97216796875,2018,3
Britannia,2018-07-31,2905.572265625,2018,3
Britannia,2018-08-01,2882.32177734375,2018,3
Britannia,2018-08-02,2867.91015625,2018,3
Britannia,2018-08-03,2839.175048828125,2018,3
Britannia,2018-08-06,2809.862548828125,2018,3
Britannia,2018-08-07,2753.76904296875,2018,3
Britannia,2018-08-08,2798.626220703125,2018,3
Britannia,2018-08-09,2813.72607421875,2018,3
Britannia,2018-08-10,2817.4345703125,2018,3
Britannia,2018-08-13,2856.029541015625,2018,3
Britannia,2018-08-14,2868.842529296875,2018,3
Britannia,2018-08-16,2884.23193359375,2018,3
Britannia,2018-08-17,2944.522216796875,2018,3
Britannia,2018-08-20,3007.365966796875,2018,3
Britannia,2018-08-21,3045.583251953125,2018,3
Britannia,2018-08-23,3064.547119140625,2018,3
Britannia,2018-08-24,3008.27685546875,2018,3
Britannia,2018-08-27,3022.266357421875,2018,3
Britannia,2018-08-28,3040.34228515625,2018,3
Britannia,2018-08-29,2991.55517578125,2018,3
Britannia,2018-08-30,2971.2138671875,2018,3
Britannia,2018-08-31,2991.9765625,2018,3
Britannia,2018-09-03,2916.07568359375,2018,3
Britannia,2018-09-04,2817.56787109375,2018,3
Britannia,2018-09-05,2746.9296875,2018,3
Britannia,2018-09-06,2751.126708984375,2018,3
Britannia,2018-09-07,2766.515380859375,2018,3
Britannia,2018-09-10,2706.513916015625,2018,3
Britannia,2018-09-11,2638.140625,2018,3
Britannia,2018-09-12,2671.64990234375,2018,3
Britannia,2018-09-14,2714.64111328125,2018,3
Britannia,2018-09-17,2674.426025390625,2018,3
Britannia,2018-09-18,2694.256103515625,2018,3
Britannia,2018-09-19,2646.956787109375,2018,3
Britannia,2018-09-21,2571.832275390625,2018,3
Britannia,2018-09-24,2488.0029296875,2018,3
Britannia,2018-09-25,2564.326416015625,2018,3
Britannia,2018-09-26,2523.488525390625,2018,3
Britannia,2018-09-27,2531.43896484375,2018,3
Britannia,2018-09-28,2586.37744140625,2018,3
Britannia,2018-10-01,2595.281982421875,2018,4
Britannia,2018-10-03,2549.026611328125,2018,4
Britannia,2018-10-04,2498.373779296875,2018,4
Britannia,2018-10-05,2419.474365234375,2018,4
Britannia,2018-10-08,2462.021728515625,2018,4
Britannia,2018-10-09,2447.698486328125,2018,4
Britannia,2018-10-10,2535.302978515625,2018,4
Britannia,2018-10-11,2473.8798828125,2018,4
Britannia,2018-10-12,2557.064697265625,2018,4
Britannia,2018-10-15,2518.914794921875,2018,4
Britannia,2018-10-16,2531.749755859375,2018,4
Britannia,2018-10-17,2460.933349609375,2018,4
Britannia,2018-10-19,2470.904296875,2018,4
Britannia,2018-10-22,2478.298828125,2018,4
Britannia,2018-10-23,2435.84033203125,2018,4
Britannia,2018-10-24,2380.590576171875,2018,4
Britannia,2018-10-25,2358.0068359375,2018,4
Britannia,2018-10-26,2362.98095703125,2018,4
Britannia,2018-10-29,2397.512451171875,2018,4
Britannia,2018-10-30,2419.563232421875,2018,4
Britannia,2018-10-31,2506.701171875,2018,4
Britannia,2018-11-01,2479.586669921875,2018,4
Britannia,2018-11-02,2487.55908203125,2018,4
Britannia,2018-11-05,2537.967529296875,2018,4
Britannia,2018-11-06,2540.96533203125,2018,4
Britannia,2018-11-07,2540.96533203125,2018,4
Britannia,2018-11-09,2552.157470703125,2018,4
Britannia,2018-11-12,2557.087158203125,2018,4
Britannia,2018-11-13,2581.514404296875,2018,4
Britannia,2018-11-14,2562.94970703125,2018,4
Britannia,2018-11-15,2584.001220703125,2018,4
Britannia,2018-11-16,2641.515625,2018,4
Britannia,2018-11-19,2660.124755859375,2018,4
Britannia,2018-11-20,2615.334716796875,2018,4
Britannia,2018-11-21,2666.8310546875,2018,4
Britannia,2018-11-22,2668.6298828125,2018,4
Britannia,2018-11-26,2668.3408203125,2018,4
Britannia,2018-11-27,2680.33251953125,2018,4
Britannia,2018-11-28,2647.7783203125,2018,4
Britannia,2018-11-29,2693.501220703125,2018,4
Britannia,2018-11-30,2815.54736328125,2018,4
Britannia,2018-12-03,2748.7060546875,2018,4
Britannia,2018-12-04,2747.46240234375,2018,4
Britannia,2018-12-05,2747.37353515625,2018,4
Britannia,2018-12-06,2652.641845703125,2018,4
Britannia,2018-12-07,2669.518310546875,2018,4
Britannia,2018-12-10,2647.577880859375,2018,4
Britannia,2018-12-11,2662.27880859375,2018,4
Britannia,2018-12-12,2714.952392578125,2018,4
Britannia,2018-12-13,2791.963623046875,2018,4
Britannia,2018-12-14,2785.3466796875,2018,4
Britannia,2018-12-17,2809.729248046875,2018,4
Britannia,2018-12-18,2814.61474609375,2018,4
Britannia,2018-12-19,2868.043212890625,2018,4
Britannia,2018-12-20,2816.5244140625,2018,4
Britannia,2018-12-21,2771.178955078125,2018,4
Britannia,2018-12-24,2754.080322265625,2018,4
Britannia,2018-12-26,2743.7763671875,2018,4
Britannia,2018-12-27,2731.739990234375,2018,4
Britannia,2018-12-28,2752.259033203125,2018,4
Britannia,2018-12-31,2767.270263671875,2018,4
Britannia,2019-01-01,2756.30078125,2019,1
Britannia,2019-01-02,2768.55859375,2019,1
Britannia,2019-01-03,2785.4794921875,2019,1
Britannia,2019-01-04,2773.754638671875,2019,1
Britannia,2019-01-07,2792.497314453125,2019,1
Britannia,2019-01-08,2744.308837890625,2019,1
Britannia,2019-01-09,2747.06298828125,2019,1
Britannia,2019-01-10,2743.7763671875,2019,1
Britannia,2019-01-11,2750.79345703125,2019,1
Britannia,2019-01-14,2765.71630859375,2019,1
Britannia,2019-01-15,2828.115966796875,2019,1
Britannia,2019-01-16,2820.876953125,2019,1
Britannia,2019-01-17,2848.723876953125,2019,1
Britannia,2019-01-18,2816.968505859375,2019,1
Britannia,2019-01-21,2796.5830078125,2019,1
Britannia,2019-01-22,2801.246337890625,2019,1
Britannia,2019-01-23,2845.8369140625,2019,1
Britannia,2019-01-24,2857.384033203125,2019,1
Britannia,2019-01-25,2848.323486328125,2019,1
Britannia,2019-01-28,2845.4814453125,2019,1
Britannia,2019-01-29,2824.69677734375,2019,1
Britannia,2019-01-30,2850.23388671875,2019,1
Britannia,2019-01-31,2840.3740234375,2019,1
Britannia,2019-02-01,2887.71826171875,2019,1
Britannia,2019-02-04,2901.0419921875,2019,1
Britannia,2019-02-05,2813.149169921875,2019,1
Britannia,2019-02-06,2825.89501953125,2019,1
Britannia,2019-02-07,2854.94189453125,2019,1
Britannia,2019-02-08,2762.474365234375,2019,1
Britannia,2019-02-11,2760.298095703125,2019,1
Britannia,2019-02-12,2672.40478515625,2019,1
Britannia,2019-02-14,2597.791748046875,2019,1
Britannia,2019-02-15,2538.94482421875,2019,1
Britannia,2019-02-18,2586.332763671875,2019,1
Britannia,2019-02-19,2552.446044921875,2019,1
Britannia,2019-02-20,2595.748779296875,2019,1
Britannia,2019-02-21,2666.1875,2019,1
Britannia,2019-02-22,2676.1357421875,2019,1
Britannia,2019-02-25,2707.57958984375,2019,1
Britannia,2019-02-26,2730.052978515625,2019,1
Britannia,2019-02-27,2716.81787109375,2019,1
Britannia,2019-02-28,2715.3076171875,2019,1
Britannia,2019-03-01,2733.384033203125,2019,1
Britannia,2019-03-05,2725.92236328125,2019,1
Britannia,2019-03-06,2688.61572265625,2019,1
Britannia,2019-03-07,2703.7158203125,2019,1
Britannia,2019-03-08,2728.010009765625,2019,1
Britannia,2019-03-11,2783.3037109375,2019,1
Britannia,2019-03-12,2784.8134765625,2019,1
Britannia,2019-03-13,2777.530029296875,2019,1
Britannia,2019-03-14,2797.470947265625,2019,1
Britannia,2019-03-15,2723.879150390625,2019,1
Britannia,2019-03-18,2774.33251953125,2019,1
Britannia,2019-03-19,2776.153076171875,2019,1
Britannia,2019-03-20,2743.021240234375,2019,1
Britannia,2019-03-22,2752.347900390625,2019,1
Britannia,2019-03-25,2745.375244140625,2019,1
Britannia,2019-03-26,2752.836181640625,2019,1
Britannia,2019-03-27,2750.837890625,2019,1
Britannia,2019-03-28,2750.52685546875,2019,1
Britannia,2019-04-01,2709.045654296875,2019,2
Britannia,2019-04-02,2659.614013671875,2019,2
Britannia,2019-04-03,2655.97265625,2019,2
Britannia,2019-04-04,2701.8955078125,2019,2
Britannia,2019-04-05,2659.48095703125,2019,2
Britannia,2019-04-08,2639.450927734375,2019,2
Britannia,2019-04-09,2631.8115234375,2019,2
Britannia,2019-04-10,2628.169921875,2019,2
Britannia,2019-04-11,2616.8447265625,2019,2
Britannia,2019-04-12,2650.8203125,2019,2
Britannia,2019-04-15,2663.388916015625,2019,2
Britannia,2019-04-16,2682.975341796875,2019,2
Britannia,2019-04-18,2662.767578125,2019,2
Britannia,2019-04-22,2664.8994140625,2019,2
Britannia,2019-04-23,2656.77197265625,2019,2
Britannia,2019-04-24,2645.40185546875,2019,2
Britannia,2019-04-25,2637.451904296875,2019,2
Britannia,2019-04-26,2636.0751953125,2019,2
Britannia,2019-04-30,2572.431640625,2019,2
Britannia,2019-05-02,2472.05908203125,2019,2
Britannia,2019-05-03,2394.869384765625,2019,2
Britannia,2019-05-06,2368.0888671875,2019,2
Britannia,2019-05-07,2354.365234375,2019,2
Britannia,2019-05-08,2353.43212890625,2019,2
Britannia,2019-05-09,2373.7734375,2019,2
Britannia,2019-05-10,2388.11865234375,2019,2
Britannia,2019-05-13,2377.459716796875,2019,2
Britannia,2019-05-14,2396.157470703125,2019,2
Britannia,2019-05-15,2387.408447265625,2019,2
Britannia,2019-05-16,2412.678955078125,2019,2
Britannia,2019-05-17,2468.68359375,2019,2
Britannia,2019-05-20,2488.180419921875,2019,2
Britannia,2019-05-21,2530.372802734375,2019,2
Britannia,2019-05-22,2533.881591796875,2019,2
Britannia,2019-05-23,2521.490478515625,2019,2
Britannia,2019-05-24,2532.46044921875,2019,2
Britannia,2019-05-27,2572.8759765625,2019,2
Britannia,2019-05-28,2564.39306640625,2019,2
Britannia,2019-05-29,2591.040771484375,2019,2
Britannia,2019-05-30,2564.5263671875,2019,2
Britannia,2019-05-31,2595.437255859375,2019,2
Britannia,2019-06-03,2638.2958984375,2019,2
Britannia,2019-06-04,2631.9892578125,2019,2
Britannia,2019-06-06,2577.139404296875,2019,2
Britannia,2019-06-07,2575.319091796875,2019,2
Britannia,2019-06-10,2659.703125,2019,2
Britannia,2019-06-11,2647.266845703125,2019,2
Britannia,2019-06-12,2662.012451171875,2019,2
Britannia,2019-06-13,2651.04248046875,2019,2
Britannia,2019-06-14,2632.87744140625,2019,2
Britannia,2019-06-17,2575.230224609375,2019,2
Britannia,2019-06-18,2546.85009765625,2019,2
Britannia,2019-06-19,2554.355712890625,2019,2
Britannia,2019-06-20,2517.35986328125,2019,2
Britannia,2019-06-21,2510.831298828125,2019,2
Britannia,2019-06-24,2469.7939453125,2019,2
Britannia,2019-06-25,2493.954345703125,2019,2
Britannia,2019-06-26,2427.5126953125,2019,2
Britannia,2019-06-27,2421.294921875,2019,2
Britannia,2019-06-28,2437.10595703125,2019,2
Britannia,2019-07-01,2431.6435546875,2019,3
Britannia,2019-07-02,2459.801025390625,2019,3
Britannia,2019-07-03,2482.4072265625,2019,3
Britannia,2019-07-04,2523.84423828125,2019,3
Britannia,2019-07-05,2509.18798828125,2019,3
Britannia,2019-07-08,2470.37109375,2019,3
Britannia,2019-07-09,2453.9384765625,2019,3
Britannia,2019-07-10,2460.06787109375,2019,3
Britannia,2019-07-11,2456.158935546875,2019,3
Britannia,2019-07-12,2469.883056640625,2019,3
Britannia,2019-07-15,2463.6650390625,2019,3
Britannia,2019-07-16,2440.170654296875,2019,3
Britannia,2019-07-17,2485.16064453125,2019,3
Britannia,2019-07-18,2505.635009765625,2019,3
Britannia,2019-07-19,2441.946533203125,2019,3
Britannia,2019-07-22,2428.9345703125,2019,3
Britannia,2019-07-23,2425.114990234375,2019,3
Britannia,2019-07-24,2346.28173828125,2019,3
Britannia,2019-07-25,2373.0185546875,2019,3
Britannia,2019-07-26,2370.264892578125,2019,3
Britannia,2019-07-29,2373.684326171875,2019,3
Britannia,2019-07-30,2324.6083984375,2019,3
Britannia,2019-07-31,2313.9052734375,2019,3
Britannia,2019-08-01,2323.643310546875,2019,3
Britannia,2019-08-02,2317.836181640625,2019,3
Britannia,2019-08-05,2303.4970703125,2019,3
Britannia,2019-08-06,2278.66064453125,2019,3
Britannia,2019-08-07,2269.7265625,2019,3
Britannia,2019-08-08,2302.8271484375,2019,3
Britannia,2019-08-09,2312.252197265625,2019,3
Britannia,2019-08-13,2244.13037109375,2019,3
Britannia,2019-08-14,2214.6484375,2019,3
Britannia,2019-08-16,2233.008056640625,2019,3
Britannia,2019-08-19,2214.20166015625,2019,3
Britannia,2019-08-20,2138.35205078125,2019,3
Britannia,2019-08-21,2130.311279296875,2019,3
Britannia,2019-08-22,2180.565185546875,2019,3
Britannia,2019-08-23,2203.7041015625,2019,3
Britannia,2019-08-26,2263.7412109375,2019,3
Britannia,2019-08-27,2399.581787109375,2019,3
Britannia,2019-08-28,2414.948974609375,2019,3
Britannia,2019-08-29,2391.496826171875,2019,3
Britannia,2019-08-30,2413.653076171875,2019,3
Britannia,2019-09-03,2419.192626953125,2019,3
Britannia,2019-09-04,2354.51025390625,2019,3
Britannia,2019-09-05,2393.10498046875,2019,3
Britannia,2019-09-06,2383.590087890625,2019,3
Britannia,2019-09-09,2396.722900390625,2019,3
Britannia,2019-09-11,2382.16064453125,2019,3
Britannia,2019-09-12,2391.630859375,2019,3
Britannia,2019-09-13,2389.48681640625,2019,3
Britannia,2019-09-16,2425.624755859375,2019,3
Britannia,2019-09-17,2405.433837890625,2019,3
Britannia,2019-09-18,2335.212890625,2019,3
Britannia,2019-09-19,2342.31494140625,2019,3
Britannia,2019-09-20,2561.376953125,2019,3
Britannia,2019-09-23,2728.129638671875,2019,3
Britannia,2019-09-24,2751.849609375,2019,3
Britannia,2019-09-25,2712.361328125,2019,3
Britannia,2019-09-26,2763.106201171875,2019,3
Britannia,2019-09-27,2693.689453125,2019,3
Britannia,2019-09-30,2630.302734375,2019,3
Britannia,2019-10-01,2608.325439453125,2019,4
Britannia,2019-10-03,2593.494384765625,2019,4
Britannia,2019-10-04,2541.856201171875,2019,4
Britannia,2019-10-07,2638.521728515625,2019,4
Britannia,2019-10-09,2732.462646484375,2019,4
Britannia,2019-10-10,2713.9248046875,2019,4
Britannia,2019-10-11,2753.412841796875,2019,4
Britannia,2019-10-14,2778.16015625,2019,4
Britannia,2019-10-15,2841.99365234375,2019,4
Britannia,2019-10-16,2838.107421875,2019,4
Britannia,2019-10-17,2901.628173828125,2019,4
Britannia,2019-10-18,2905.6484375,2019,4
Britannia,2019-10-22,2901.806884765625,2019,4
Britannia,2019-10-23,2943.48388671875,2019,4
Britannia,2019-10-24,2933.74560546875,2019,4
Britannia,2019-10-25,2918.826171875,2019,4
Britannia,2019-10-27,2911.6787109375,2019,4
Britannia,2019-10-29,2995.12255859375,2019,4
Britannia,2019-10-30,2939.37451171875,2019,4
Britannia,2019-10-31,2918.37939453125,2019,4
Britannia,2019-11-01,2920.121337890625,2019,4
Britannia,2019-11-04,2894.481201171875,2019,4
Britannia,2019-11-05,2887.244384765625,2019,4
Britannia,2019-11-06,2883.760498046875,2019,4
Britannia,2019-11-07,2880.14208984375,2019,4
Britannia,2019-11-08,2821.356201171875,2019,4
Britannia,2019-11-11,2787.005126953125,2019,4
Britannia,2019-11-13,2921.193115234375,2019,4
Britannia,2019-11-14,2886.39599609375,2019,4
Britannia,2019-11-15,2854.9033203125,2019,4
Britannia,2019-11-18,2806.079345703125,2019,4
Britannia,2019-11-19,2787.719482421875,2019,4
Britannia,2019-11-20,2784.1015625,2019,4
Britannia,2019-11-21,2745.104248046875,2019,4
Britannia,2019-11-22,2700.434326171875,2019,4
Britannia,2019-11-25,2716.470703125,2019,4
Britannia,2019-11-26,2729.5595703125,2019,4
Britannia,2019-11-27,2761.58740234375,2019,4
Britannia,2019-11-28,2767.9755859375,2019,4
Britannia,2019-11-29,2731.748291015625,2019,4
Britannia,2019-12-02,2748.99072265625,2019,4
Britannia,2019-12-03,2723.35009765625,2019,4
Britannia,2019-12-04,2724.198486328125,2019,4
Britannia,2019-12-05,2754.26171875,2019,4
Britannia,2019-12-06,2742.3798828125,2019,4
Britannia,2019-12-09,2732.37353515625,2019,4
Britannia,2019-12-10,2733.222412109375,2019,4
Britannia,2019-12-11,2716.828125,2019,4
Britannia,2019-12-12,2745.908447265625,2019,4
Britannia,2019-12-13,2728.7998046875,2019,4
Britannia,2019-12-16,2725.673095703125,2019,4
Britannia,2019-12-17,2744.47900390625,2019,4
Britannia,2019-12-18,2768.823974609375,2019,4
Britannia,2019-12-19,2780.9296875,2019,4
Britannia,2019-12-20,2789.417236328125,2019,4
Britannia,2019-12-23,2762.212646484375,2019,4
Britannia,2019-12-24,2761.543212890625,2019,4
Britannia,2019-12-26,2735.85791015625,2019,4
Britannia,2019-12-27,2717.811279296875,2019,4
Britannia,2019-12-30,2722.501708984375,2019,4
Britannia,2019-12-31,2705.035400390625,2019,4
Britannia,2020-01-01,2715.622314453125,2020,1
Britannia,2020-01-02,2727.906005859375,2020,1
Britannia,2020-01-03,2714.863037109375,2020,1
Britannia,2020-01-06,2699.898681640625,2020,1
Britannia,2020-01-07,2712.897216796875,2020,1
Britannia,2020-01-08,2701.283447265625,2020,1
Britannia,2020-01-09,2681.181396484375,2020,1
Britannia,2020-01-10,2671.0419921875,2020,1
Britannia,2020-01-13,2720.49169921875,2020,1
Britannia,2020-01-14,2774.14013671875,2020,1
Britannia,2020-01-15,2782.224853515625,2020,1
Britannia,2020-01-16,2814.43212890625,2020,1
Britannia,2020-01-17,2791.382568359375,2020,1
Britannia,2020-01-20,2778.875,2020,1
Britannia,2020-01-21,2779.58984375,2020,1
Britannia,2020-01-22,2775.212158203125,2020,1
Britannia,2020-01-23,2781.1083984375,2020,1
Britannia,2020-01-24,2852.178466796875,2020,1
Britannia,2020-01-27,2835.829345703125,2020,1
Britannia,2020-01-28,2842.127685546875,2020,1
Britannia,2020-01-29,2871.56494140625,2020,1
Britannia,2020-01-30,2868.438232421875,2020,1
Britannia,2020-01-31,2859.504150390625,2020,1
Britannia,2020-02-03,2885.7255859375,2020,1
Britannia,2020-02-04,2887.9140625,2020,1
Britannia,2020-02-05,2908.8642578125,2020,1
Britannia,2020-02-06,2905.51416015625,2020,1
Britannia,2020-02-07,2904.799560546875,2020,1
Britannia,2020-02-10,2819.2119140625,2020,1
Britannia,2020-02-11,2800.5400390625,2020,1
Britannia,2020-02-12,2802.416015625,2020,1
Britannia,2020-02-13,2800.986572265625,2020,1
Britannia,2020-02-14,2766.5458984375,2020,1
Britannia,2020-02-17,2755.333984375,2020,1
Britannia,2020-02-18,2739.565185546875,2020,1
Britannia,2020-02-19,2753.6806640625,2020,1
Britannia,2020-02-20,2733.2666015625,2020,1
Britannia,2020-02-24,2712.540283203125,2020,1
Britannia,2020-02-25,2710.172607421875,2020,1
Britannia,2020-02-26,2717.14111328125,2020,1
Britannia,2020-02-27,2703.472412109375,2020,1
Britannia,2020-02-28,2653.575439453125,2020,1
Britannia,2020-03-02,2634.725341796875,2020,1
Britannia,2020-03-03,2703.8740234375,2020,1
Britannia,2020-03-04,2736.527587890625,2020,1
Britannia,2020-03-05,2793.794677734375,2020,1
Britannia,2020-03-06,2752.921875,2020,1
Britannia,2020-03-09,2677.072509765625,2020,1
Britannia,2020-03-11,2723.35009765625,2020,1
Britannia,2020-03-12,2511.03369140625,2020,1
Britannia,2020-03-13,2468.998779296875,2020,1
Britannia,2020-03-16,2420.2197265625,2020,1
Britannia,2020-03-17,2399.671142578125,2020,1
Britannia,2020-03-18,2235.2412109375,2020,1
Britannia,2020-03-19,2071.03466796875,2020,1
Britannia,2020-03-20,2204.732177734375,2020,1
Britannia,2020-03-23,1909.95458984375,2020,1
Britannia,2020-03-24,2112.621826171875,2020,1
Britannia,2020-03-25,2190.079833984375,2020,1
Britannia,2020-03-26,2312.5205078125,2020,1
Britannia,2020-03-27,2259.630859375,2020,1
Britannia,2020-03-30,2210.04736328125,2020,1
Britannia,2020-03-31,2402.306884765625,2020,1
Britannia,2020-04-01,2291.43603515625,2020,2
Britannia,2020-04-03,2290.0068359375,2020,2
Britannia,2020-04-07,2532.341064453125,2020,2
Britannia,2020-04-08,2479.675537109375,2020,2
Britannia,2020-04-09,2503.037841796875,2020,2
Britannia,2020-04-13,2417.67333984375,2020,2
Britannia,2020-04-15,2534.887451171875,2020,2
Britannia,2020-04-16,2534.396240234375,2020,2
Britannia,2020-04-17,2530.24169921875,2020,2
Britannia,2020-04-20,2531.001220703125,2020,2
Britannia,2020-04-21,2558.026611328125,2020,2
Britannia,2020-04-22,2637.896240234375,2020,2
Britannia,2020-04-23,2633.2060546875,2020,2
Britannia,2020-04-24,2735.723388671875,2020,2
Britannia,2020-04-27,2896.4462890625,2020,2
Britannia,2020-04-28,2853.473876953125,2020,2
Britannia,2020-04-29,2851.53173828125,2020,2
Britannia,2020-04-30,2859.616455078125,2020,2
Britannia,2020-05-04,2793.856201171875,2020,2
Britannia,2020-05-05,2690.69921875,2020,2
Britannia,2020-05-06,2698.783935546875,2020,2
Britannia,2020-05-07,2633.430419921875,2020,2
Britannia,2020-05-08,2705.06201171875,2020,2
Britannia,2020-05-11,2758.627685546875,2020,2
Britannia,2020-05-12,2806.818603515625,2020,2
Britannia,2020-05-13,2781.751953125,2020,2
Britannia,2020-05-14,2817.115966796875,2020,2
Britannia,2020-05-15,2823.394287109375,2020,2
Britannia,2020-05-18,2808.8505859375,2020,2
Britannia,2020-05-19,2803.837646484375,2020,2
Britannia,2020-05-20,2825.381103515625,2020,2
Britannia,2020-05-21,2810.11572265625,2020,2
Britannia,2020-05-22,2860.835693359375,2020,2
Britannia,2020-05-26,2857.900146484375,2020,2
Britannia,2020-05-27,2908.891357421875,2020,2
Britannia,2020-05-28,3001.88525390625,2020,2
Britannia,2020-05-29,3052.109130859375,2020,2
Britannia,2020-06-01,3102.69384765625,2020,2
Britannia,2020-06-02,3117.28173828125,2020,2
Britannia,2020-06-03,3170.847900390625,2020,2
Britannia,2020-06-04,3116.695068359375,2020,2
Britannia,2020-06-05,3131.4638671875,2020,2
Britannia,2020-06-08,3095.422607421875,2020,2
Britannia,2020-06-09,3085.3955078125,2020,2
Britannia,2020-06-10,3050.43798828125,2020,2
Britannia,2020-06-11,3044.43115234375,2020,2
Britannia,2020-06-12,3040.546875,2020,2
Britannia,2020-06-15,3032.552734375,2020,2
Britannia,2020-06-16,3021.8486328125,2020,2
Britannia,2020-06-17,3072.5234375,2020,2
Britannia,2020-06-18,3075.052978515625,2020,2
Britannia,2020-06-19,3106.0361328125,2020,2
Britannia,2020-06-22,3090.363525390625,2020,2
Britannia,2020-06-23,3131.780029296875,2020,2
Britannia,2020-06-24,3113.126708984375,2020,2
Britannia,2020-06-25,3116.73974609375,2020,2
Britannia,2020-06-26,3122.15966796875,2020,2
Britannia,2020-06-29,3178.932373046875,2020,2
Britannia,2020-06-30,3255.305908203125,2020,2
Britannia,2020-07-01,3203.05029296875,2020,3
Britannia,2020-07-02,3193.24951171875,2020,3
Britannia,2020-07-03,3196.185302734375,2020,3
Britannia,2020-07-06,3273.958984375,2020,3
Britannia,2020-07-07,3322.7373046875,2020,3
Britannia,2020-07-08,3328.65380859375,2020,3
Britannia,2020-07-09,3318.356201171875,2020,3
Britannia,2020-07-10,3366.276123046875,2020,3
Britannia,2020-07-13,3429.642578125,2020,3
Britannia,2020-07-14,3374.044677734375,2020,3
Britannia,2020-07-15,3363.205322265625,2020,3
Britannia,2020-07-16,3481.98876953125,2020,3
Britannia,2020-07-17,3418.9833984375,2020,3
Britannia,2020-07-20,3597.520263671875,2020,3
Britannia,2020-07-21,3505.158447265625,2020,3
Britannia,2020-07-22,3437.0947265625,2020,3
Britannia,2020-07-23,3457.464111328125,2020,3
Britannia,2020-07-24,3449.198974609375,2020,3
Britannia,2020-07-27,3412.0732421875,2020,3
Britannia,2020-07-28,3409.724853515625,2020,3
Britannia,2020-07-29,3427.745361328125,2020,3
Britannia,2020-07-30,3437.90771484375,2020,3
Britannia,2020-07-31,3453.850830078125,2020,3
Britannia,2020-08-03,3411.03466796875,2020,3
Britannia,2020-08-04,3448.43115234375,2020,3
Britannia,2020-08-05,3477.65283203125,2020,3
Britannia,2020-08-06,3484.608154296875,2020,3
Britannia,2020-08-07,3554.2978515625,2020,3
Britannia,2020-08-10,3561.524169921875,2020,3
Britannia,2020-08-11,3504.390380859375,2020,3
Britannia,2020-08-12,3441.340087890625,2020,3
Britannia,2020-08-13,3439.9853515625,2020,3
Britannia,2020-08-14,3433.75244140625,2020,3
Britannia,2020-08-17,3494.544189453125,2020,3
Britannia,2020-08-18,3535.780029296875,2020,3
Britannia,2020-08-19,3500.6416015625,2020,3
Britannia,2020-08-20,3494.047607421875,2020,3
Britannia,2020-08-21,3507.281005859375,2020,3
Britannia,2020-08-24,3530.4052734375,2020,3
Britannia,2020-08-25,3520.017578125,2020,3
Britannia,2020-08-26,3534.23095703125,2020,3
Britannia,2020-08-27,3522.5556640625,2020,3
Britannia,2020-08-28,3501.55810546875,2020,3
Britannia,2020-08-31,3438.98193359375,2020,3
Britannia,2020-09-01,3480.468994140625,2020,3
Britannia,2020-09-02,3506.49609375,2020,3
Britannia,2020-09-03,3458.179443359375,2020,3
Britannia,2020-09-04,3420.338134765625,2020,3
Britannia,2020-09-07,3437.1357421875,2020,3
Britannia,2020-09-08,3444.104248046875,2020,3
Britannia,2020-09-09,3450.2880859375,2020,3
Britannia,2020-09-10,3432.705810546875,2020,3
Britannia,2020-09-11,3481.622314453125,2020,3
Britannia,2020-09-14,3432.9365234375,2020,3
Britannia,2020-09-15,3446.41162109375,2020,3
Britannia,2020-09-16,3548.30615234375,2020,3
Britannia,2020-09-17,3521.6787109375,2020,3
Britannia,2020-09-18,3504.92724609375,2020,3
Britannia,2020-09-21,3349.685791015625,2020,3
Britannia,2020-09-22,3311.56787109375,2020,3
Britannia,2020-09-23,3345.624755859375,2020,3
Britannia,2020-09-24,3334.410888671875,2020,3
Britannia,2020-09-25,3402.386474609375,2020,3
Britannia,2020-09-28,3449.41162109375,2020,3
Britannia,2020-09-29,3448.94970703125,2020,3
Britannia,2020-09-30,3505.527099609375,2020,3
Britannia,2020-10-01,3515.171875,2020,4
Britannia,2020-10-05,3535.33837890625,2020,4
Britannia,2020-10-06,3475.715576171875,2020,4
Britannia,2020-10-07,3494.266845703125,2020,4
Britannia,2020-10-08,3502.342529296875,2020,4
Britannia,2020-10-09,3456.564208984375,2020,4
Britannia,2020-10-12,3444.01220703125,2020,4
Britannia,2020-10-13,3457.072021484375,2020,4
Britannia,2020-10-14,3497.820556640625,2020,4
Britannia,2020-10-15,3443.55029296875,2020,4
Britannia,2020-10-16,3458.50244140625,2020,4
Britannia,2020-10-19,3481.806884765625,2020,4
Britannia,2020-10-20,3279.402587890625,2020,4
Britannia,2020-10-21,3135.513916015625,2020,4
Britannia,2020-10-22,3191.906494140625,2020,4
Britannia,2020-10-23,3202.427978515625,2020,4
Britannia,2020-10-26,3216.872314453125,2020,4
Britannia,2020-10-27,3297.03125,2020,4
Britannia,2020-10-28,3268.834716796875,2020,4
Britannia,2020-10-29,3260.481689453125,2020,4
Britannia,2020-10-30,3205.658447265625,2020,4
Britannia,2020-11-02,3156.7880859375,2020,4
Britannia,2020-11-03,3141.420654296875,2020,4
Britannia,2020-11-04,3203.304931640625,2020,4
Britannia,2020-11-05,3229.655517578125,2020,4
Britannia,2020-11-06,3242.85400390625,2020,4
Britannia,2020-11-09,3274.9267578125,2020,4
Britannia,2020-11-10,3238.054443359375,2020,4
Britannia,2020-11-11,3223.656005859375,2020,4
Britannia,2020-11-12,3244.46875,2020,4
Britannia,2020-11-13,3243.68408203125,2020,4
Britannia,2020-11-14,3255.59033203125,2020,4
Britannia,2020-11-17,3239.392578125,2020,4
Britannia,2020-11-18,3230.670654296875,2020,4
Britannia,2020-11-19,3240.822998046875,2020,4
Britannia,2020-11-20,3278.433837890625,2020,4
Britannia,2020-11-23,3283.3251953125,2020,4
Britannia,2020-11-24,3287.801513671875,2020,4
Britannia,2020-11-25,3281.8486328125,2020,4
Britannia,2020-11-26,3275.341796875,2020,4
Britannia,2020-11-27,3357.669189453125,2020,4
Britannia,2020-12-01,3349.732177734375,2020,4
Britannia,2020-12-02,3319.8740234375,2020,4
Britannia,2020-12-03,3355.8232421875,2020,4
Britannia,2020-12-04,3367.129638671875,2020,4
Britannia,2020-12-07,3349.363037109375,2020,4
Britannia,2020-12-08,3364.54541015625,2020,4
Britannia,2020-12-09,3347.6552734375,2020,4
Britannia,2020-12-10,3451.62646484375,2020,4
Britannia,2020-12-11,3445.165771484375,2020,4
Britannia,2020-12-14,3485.960205078125,2020,4
Britannia,2020-12-15,3475.43896484375,2020,4
Britannia,2020-12-16,3463.486572265625,2020,4
Britannia,2020-12-17,3442.39697265625,2020,4
Britannia,2020-12-18,3433.859375,2020,4
Britannia,2020-12-21,3344.840576171875,2020,4
Britannia,2020-12-22,3350.700927734375,2020,4
Britannia,2020-12-23,3346.0400390625,2020,4
Britannia,2020-12-24,3339.48681640625,2020,4
Britannia,2020-12-28,3325.919921875,2020,4
Britannia,2020-12-29,3316.459716796875,2020,4
Britannia,2020-12-30,3307.783447265625,2020,4
Britannia,2020-12-31,3300.8154296875,2020,4
Britannia,2021-01-01,3292.924072265625,2021,1
Britannia,2021-01-04,3279.171875,2021,1
Britannia,2021-01-05,3277.5107421875,2021,1
Britannia,2021-01-06,3266.989013671875,2021,1
Britannia,2021-01-07,3279.07958984375,2021,1
Britannia,2021-01-08,3299.7998046875,2021,1
Britannia,2021-01-11,3334.503173828125,2021,1
Britannia,2021-01-12,3351.854736328125,2021,1
Britannia,2021-01-13,3342.16357421875,2021,1
Britannia,2021-01-14,3383.05078125,2021,1
Britannia,2021-01-15,3330.995849609375,2021,1
Britannia,2021-01-18,3329.888671875,2021,1
Britannia,2021-01-19,3323.796875,2021,1
Britannia,2021-01-20,3315.536376953125,2021,1
Britannia,2021-01-21,3351.070556640625,2021,1
Britannia,2021-01-22,3330.027099609375,2021,1
Britannia,2021-01-25,3335.1494140625,2021,1
Britannia,2021-01-27,3332.56494140625,2021,1
Britannia,2021-01-28,3326.104248046875,2021,1
Britannia,2021-01-29,3231.36279296875,2021,1
Britannia,2021-02-01,3249.498779296875,2021,1
Britannia,2021-02-02,3231.50146484375,2021,1
Britannia,2021-02-03,3245.576416015625,2021,1
Britannia,2021-02-04,3304.184326171875,2021,1
Britannia,2021-02-05,3268.78857421875,2021,1
Britannia,2021-02-08,3206.07373046875,2021,1
Britannia,2021-02-09,3195.64453125,2021,1
Britannia,2021-02-10,3160.987548828125,2021,1
Britannia,2021-02-11,3195.967529296875,2021,1
Britannia,2021-02-12,3157.66455078125,2021,1
Britannia,2021-02-15,3153.742431640625,2021,1
Britannia,2021-02-16,3128.314697265625,2021,1
Britannia,2021-02-17,3104.825439453125,2021,1
Britannia,2021-02-18,3100.625732421875,2021,1
Britannia,2021-02-19,3074.552734375,2021,1
Britannia,2021-02-22,3083.781982421875,2021,1
Britannia,2021-02-23,3078.9365234375,2021,1
Britannia,2021-02-24,3143.17431640625,2021,1
Britannia,2021-02-25,3142.666748046875,2021,1
Britannia,2021-02-26,3104.5947265625,2021,1
Britannia,2021-03-01,3148.94287109375,2021,1
Britannia,2021-03-02,3182.3076171875,2021,1
Britannia,2021-03-03,3212.94970703125,2021,1
Britannia,2021-03-04,3232.101318359375,2021,1
Britannia,2021-03-05,3222.73291015625,2021,1
Britannia,2021-03-08,3196.3828125,2021,1
Britannia,2021-03-09,3162.7412109375,2021,1
Britannia,2021-03-10,3212.21142578125,2021,1
Britannia,2021-03-12,3169.6630859375,2021,1
Britannia,2021-03-15,3184.568603515625,2021,1
Britannia,2021-03-16,3220.28759765625,2021,1
Britannia,2021-03-17,3200.720458984375,2021,1
Britannia,2021-03-18,3174.646728515625,2021,1
Britannia,2021-03-19,3199.52099609375,2021,1
Britannia,2021-03-22,3289.785888671875,2021,1
Britannia,2021-03-23,3293.477783203125,2021,1
Britannia,2021-03-24,3265.189208984375,2021,1
Britannia,2021-03-25,3178.523681640625,2021,1
Britannia,2021-03-26,3234.59326171875,2021,1
Britannia,2021-03-30,3337.410400390625,2021,1
Britannia,2021-03-31,3345.763671875,2021,1
Britannia,2021-04-01,3339.718017578125,2021,2
Britannia,2021-04-05,3415.26220703125,2021,2
Britannia,2021-04-06,3443.181396484375,2021,2
Britannia,2021-04-07,3515.125732421875,2021,2
Britannia,2021-04-08,3580.989501953125,2021,2
Britannia,2021-04-09,3563.1162109375,2021,2
Britannia,2021-04-12,3577.236572265625,2021,2
Britannia,2021-04-13,3514.60986328125,2021,2
Britannia,2021-04-15,3464.60205078125,2021,2
Britannia,2021-04-16,3468.167236328125,2021,2
Britannia,2021-04-19,3511.607666015625,2021,2
Britannia,2021-04-20,3499.504150390625,2021,2
Britannia,2021-04-22,3520.239013671875,2021,2
Britannia,2021-04-23,3424.8212890625,2021,2
Britannia,2021-04-26,3320.583740234375,2021,2
Britannia,2021-04-27,3322.460205078125,2021,2
Britannia,2021-04-28,3263.86767578125,2021,2
Britannia,2021-04-29,3254.626220703125,2021,2
Britannia,2021-04-30,3235.955322265625,2021,2
Britannia,2021-05-03,3226.807373046875,2021,2
Britannia,2021-05-04,3223.617919921875,2021,2
Britannia,2021-05-05,3238.39501953125,2021,2
Britannia,2021-05-06,3238.817138671875,2021,2
Britannia,2021-05-07,3247.44873046875,2021,2
Britannia,2021-05-10,3202.9296875,2021,2
Britannia,2021-05-11,3207.245361328125,2021,2
Britannia,2021-05-12,3227.08935546875,2021,2
Britannia,2021-05-14,3285.16552734375,2021,2
Britannia,2021-05-17,3290.607177734375,2021,2
Britannia,2021-05-18,3307.68310546875,2021,2
Britannia,2021-05-19,3316.080078125,2021,2
Britannia,2021-05-20,3211.13916015625,2021,2
Britannia,2021-05-21,3223.52392578125,2021,2
Britannia,2021-05-24,3170.373046875,2021,2
Britannia,2021-05-25,3239.02392578125,2021,2
Britannia,2021-05-26,3216.893798828125,2021,2
Britannia,2021-05-27,3215.62255859375,2021,2
Britannia,2021-05-28,3223.909423828125,2021,2
Britannia,2021-05-31,3246.887451171875,2021,2
Britannia,2021-06-01,3245.851318359375,2021,2
Britannia,2021-06-02,3272.6904296875,2021,2
Britannia,2021-06-03,3292.46630859375,2021,2
Britannia,2021-06-04,3285.92138671875,2021,2
Britannia,2021-06-07,3336.11474609375,2021,2
Britannia,2021-06-08,3391.81689453125,2021,2
Britannia,2021-06-09,3366.34375,2021,2
Britannia,2021-06-10,3367.850341796875,2021,2
Britannia,2021-06-11,3350.52294921875,2021,2
Britannia,2021-06-14,3381.928955078125,2021,2
Britannia,2021-06-15,3420.162841796875,2021,2
Britannia,2021-06-16,3427.3193359375,2021,2
Britannia,2021-06-17,3444.9296875,2021,2
Britannia,2021-06-18,3408.249755859375,2021,2
Britannia,2021-06-21,3436.171875,2021,2
Britannia,2021-06-22,3438.10205078125,2021,2
Britannia,2021-06-23,3446.012451171875,2021,2
Britannia,2021-06-24,3474.07568359375,2021,2
Britannia,2021-06-25,3456.13623046875,2021,2
Britannia,2021-06-28,3453.499267578125,2021,2
Britannia,2021-06-29,3443.98779296875,2021,2
Britannia,2021-06-30,3436.925048828125,2021,2
Britannia,2021-07-01,3386.2138671875,2021,3
Britannia,2021-07-02,3338.657470703125,2021,3
Britannia,2021-07-05,3318.175048828125,2021,3
Britannia,2021-07-06,3313.890380859375,2021,3
Britannia,2021-07-07,3316.103271484375,2021,3
Britannia,2021-07-08,3287.89892578125,2021,3
Britannia,2021-07-09,3273.349365234375,2021,3
Britannia,2021-07-12,3268.122802734375,2021,3
Britannia,2021-07-13,3282.343017578125,2021,3
Britannia,2021-07-14,3282.578369140625,2021,3
Britannia,2021-07-15,3259.1298828125,2021,3
Britannia,2021-07-16,3240.4365234375,2021,3
Britannia,2021-07-19,3249.05322265625,2021,3
Britannia,2021-07-20,3233.4208984375,2021,3
Britannia,2021-07-22,3225.651611328125,2021,3
Britannia,2021-07-23,3239.306396484375,2021,3
Britannia,2021-07-26,3279.047119140625,2021,3
Britannia,2021-07-27,3249.6181640625,2021,3
Britannia,2021-07-28,3224.521728515625,2021,3
Britannia,2021-07-29,3207.10009765625,2021,3
Britannia,2021-07-30,3223.8623046875,2021,3
Britannia,2021-08-02,3300.376708984375,2021,3
Britannia,2021-08-03,3364.93115234375,2021,3
Britannia,2021-08-04,3369.73388671875,2021,3
Britannia,2021-08-05,3400.6689453125,2021,3
Britannia,2021-08-06,3393.93603515625,2021,3
Britannia,2021-08-09,3424.1650390625,2021,3
Britannia,2021-08-10,3425.200927734375,2021,3
Britannia,2021-08-11,3414.182861328125,2021,3
Britannia,2021-08-12,3409.756591796875,2021,3
Britannia,2021-08-13,3370.910888671875,2021,3
Britannia,2021-08-16,3442.24560546875,2021,3
Britannia,2021-08-17,3481.04443359375,2021,3
Britannia,2021-08-18,3503.881103515625,2021,3
Britannia,2021-08-20,3668.869140625,2021,3
Britannia,2021-08-23,3640.900146484375,2021,3
Britannia,2021-08-24,3590.00048828125,2021,3
Britannia,2021-08-25,3618.817138671875,2021,3
Britannia,2021-08-26,3701.78173828125,2021,3
Britannia,2021-08-27,3711.811279296875,2021,3
Britannia,2021-08-30,3754.000244140625,2021,3
Britannia,2021-08-31,3764.500244140625,2021,3
Britannia,2021-09-01,3781.309814453125,2021,3
Britannia,2021-09-02,3847.936279296875,2021,3
Britannia,2021-09-03,3883.815673828125,2021,3
Britannia,2021-09-06,3841.296875,2021,3
Britannia,2021-09-07,3856.740966796875,2021,3
Britannia,2021-09-08,3824.675537109375,2021,3
Britannia,2021-09-09,3833.528076171875,2021,3
Britannia,2021-09-13,3855.234130859375,2021,3
Britannia,2021-09-14,3862.438232421875,2021,3
Britannia,2021-09-15,3848.17138671875,2021,3
Britannia,2021-09-16,3835.646728515625,2021,3
Britannia,2021-09-17,3815.682373046875,2021,3
Britannia,2021-09-20,3846.42919921875,2021,3
Britannia,2021-09-21,3838.0009765625,2021,3
Britannia,2021-09-22,3821.944580078125,2021,3
Britannia,2021-09-23,3806.736328125,2021,3
Britannia,2021-09-24,3807.253662109375,2021,3
Britannia,2021-09-27,3775.89501953125,2021,3
Britannia,2021-09-28,3770.291748046875,2021,3
Britannia,2021-09-29,3741.19287109375,2021,3
Britannia,2021-09-30,3718.77978515625,2021,3
Britannia,2021-10-01,3692.55322265625,2021,4
Britannia,2021-10-04,3665.996826171875,2021,4
Britannia,2021-10-05,3655.920654296875,2021,4
Britannia,2021-10-06,3709.033447265625,2021,4
Britannia,2021-10-07,3673.248046875,2021,4
Britannia,2021-10-08,3656.95654296875,2021,4
Britannia,2021-10-11,3616.74560546875,2021,4
Britannia,2021-10-12,3642.5009765625,2021,4
Britannia,2021-10-13,3657.333251953125,2021,4
Britannia,2021-10-14,3667.833251953125,2021,4
Britannia,2021-10-18,3613.684814453125,2021,4
Britannia,2021-10-19,3574.650390625,2021,4
Britannia,2021-10-20,3542.726806640625,2021,4
Britannia,2021-10-21,3497.854248046875,2021,4
Britannia,2021-10-22,3474.92333984375,2021,4
Britannia,2021-10-25,3419.4091796875,2021,4
Britannia,2021-10-26,3477.56005859375,2021,4
Britannia,2021-10-27,3482.315673828125,2021,4
Britannia,2021-10-28,3467.29541015625,2021,4
Britannia,2021-10-29,3461.50390625,2021,4
Britannia,2021-11-01,3463.763671875,2021,4
Britannia,2021-11-02,3468.23681640625,2021,4
Britannia,2021-11-03,3418.279296875,2021,4
Britannia,2021-11-04,3418.279296875,2021,4
Britannia,2021-11-08,3501.0087890625,2021,4
Britannia,2021-11-09,3410.51025390625,2021,4
Britannia,2021-11-10,3482.927734375,2021,4
Britannia,2021-11-11,3431.039306640625,2021,4
Britannia,2021-11-12,3472.99267578125,2021,4
Britannia,2021-11-15,3524.457275390625,2021,4
Britannia,2021-11-16,3475.62939453125,2021,4
Britannia,2021-11-17,3404.341796875,2021,4
Britannia,2021-11-18,3363.42431640625,2021,4
Britannia,2021-11-22,3372.841796875,2021,4
Britannia,2021-11-23,3448.696533203125,2021,4
Britannia,2021-11-24,3412.157958984375,2021,4
Britannia,2021-11-25,3365.119384765625,2021,4
Britannia,2021-11-26,3348.07470703125,2021,4
Britannia,2021-11-29,3322.9306640625,2021,4
Britannia,2021-11-30,3338.845703125,2021,4
Britannia,2021-12-01,3329.193115234375,2021,4
Britannia,2021-12-02,3369.922119140625,2021,4
Britannia,2021-12-03,3346.614990234375,2021,4
Britannia,2021-12-06,3292.4189453125,2021,4
Britannia,2021-12-07,3271.701416015625,2021,4
Britannia,2021-12-08,3367.33251953125,2021,4
Britannia,2021-12-09,3412.676025390625,2021,4
Britannia,2021-12-10,3420.727783203125,2021,4
Britannia,2021-12-13,3379.57470703125,2021,4
Britannia,2021-12-14,3371.005126953125,2021,4
Britannia,2021-12-15,3335.1728515625,2021,4
Britannia,2021-12-16,3353.065673828125,2021,4
Britannia,2021-12-17,3330.04052734375,2021,4
Britannia,2021-12-20,3269.53564453125,2021,4
Britannia,2021-12-21,3301.412353515625,2021,4
Britannia,2021-12-22,3293.172607421875,2021,4
Britannia,2021-12-23,3347.415283203125,2021,4
Britannia,2021-12-24,3334.890380859375,2021,4
Britannia,2021-12-27,3308.42822265625,2021,4
Britannia,2021-12-28,3343.6953125,2021,4
Britannia,2021-12-29,3352.1240234375,2021,4
Britannia,2021-12-30,3365.590087890625,2021,4
Britannia,2021-12-31,3395.819091796875,2021,4
Britannia,2022-01-03,3406.6962890625,2022,1
Britannia,2022-01-04,3426.3779296875,2022,1
Britannia,2022-01-05,3446.389404296875,2022,1
Britannia,2022-01-06,3460.891845703125,2022,1
Britannia,2022-01-07,3519.513427734375,2022,1
Britannia,2022-01-10,3548.65966796875,2022,1
Britannia,2022-01-11,3525.163818359375,2022,1
Britannia,2022-01-12,3484.528564453125,2022,1
Britannia,2022-01-13,3530.531494140625,2022,1
Britannia,2022-01-14,3495.688232421875,2022,1
Britannia,2022-01-17,3451.521728515625,2022,1
Britannia,2022-01-18,3410.792724609375,2022,1
Britannia,2022-01-19,3367.238525390625,2022,1
Britannia,2022-01-20,3395.018798828125,2022,1
Britannia,2022-01-21,3407.402587890625,2022,1
Britannia,2022-01-24,3318.457763671875,2022,1
Britannia,2022-01-25,3333.0068359375,2022,1
Britannia,2022-01-27,3290.48876953125,2022,1
Britannia,2022-01-28,3305.085205078125,2022,1
Britannia,2022-01-31,3329.239990234375,2022,1
Britannia,2022-02-01,3443.469970703125,2022,1
Britannia,2022-02-02,3409.9921875,2022,1
Britannia,2022-02-03,3354.76025390625,2022,1
Britannia,2022-02-04,3354.384033203125,2022,1
Britannia,2022-02-07,3247.59375,2022,1
Britannia,2022-02-08,3270.9951171875,2022,1
Britannia,2022-02-09,3312.336669921875,2022,1
Britannia,2022-02-10,3328.53369140625,2022,1
Britannia,2022-02-11,3277.681396484375,2022,1
Britannia,2022-02-14,3199.94287109375,2022,1
Britannia,2022-02-15,3275.185546875,2022,1
Britannia,2022-02-16,3260.21240234375,2022,1
Britannia,2022-02-17,3262.18994140625,2022,1
Britannia,2022-02-18,3278.71728515625,2022,1
Britannia,2022-02-21,3272.6904296875,2022,1
Britannia,2022-02-22,3286.344970703125,2022,1
Britannia,2022-02-23,3306.497802734375,2022,1
Britannia,2022-02-24,3245.145263671875,2022,1
Britannia,2022-02-25,3223.250244140625,2022,1
Britannia,2022-02-28,3227.676513671875,2022,1
Britannia,2022-03-02,3194.05712890625,2022,1
Britannia,2022-03-03,3170.184814453125,2022,1
Britannia,2022-03-04,3174.845947265625,2022,1
Britannia,2022-03-07,2969.646728515625,2022,1
Britannia,2022-03-08,2932.260498046875,2022,1
Britannia,2022-03-09,2941.772216796875,2022,1
Britannia,2022-03-10,3035.095947265625,2022,1
Britannia,2022-03-11,3013.389404296875,2022,1
Britannia,2022-03-14,3000.158447265625,2022,1
Britannia,2022-03-15,3035.001953125,2022,1
Britannia,2022-03-16,3120.509033203125,2022,1
Britannia,2022-03-17,3160.34375,2022,1
Britannia,2022-03-21,3048.844970703125,2022,1
Britannia,2022-03-22,2974.308349609375,2022,1
Britannia,2022-03-23,2921.430908203125,2022,1
Britannia,2022-03-24,2922.93798828125,2022,1
Britannia,2022-03-25,2914.132568359375,2022,1
Britannia,2022-03-28,2914.41552734375,2022,1
Britannia,2022-03-29,2922.890625,2022,1
Britannia,2022-03-30,2964.89111328125,2022,1
Britannia,2022-03-31,3019.51025390625,2022,1
Britannia,2022-04-01,3042.346923828125,2022,2
Britannia,2022-04-04,3079.403564453125,2022,2
Britannia,2022-04-05,3110.8564453125,2022,2
Britannia,2022-04-06,3091.175048828125,2022,2
Britannia,2022-04-07,3102.098876953125,2022,2
Britannia,2022-04-08,3152.76318359375,2022,2
Britannia,2022-04-11,3155.352783203125,2022,2
Britannia,2022-04-12,3149.1845703125,2022,2
Britannia,2022-04-13,3154.410888671875,2022,2
Britannia,2022-04-18,3148.996337890625,2022,2
Britannia,2022-04-19,3077.42578125,2022,2
Britannia,2022-04-20,3111.610107421875,2022,2
Britannia,2022-04-21,3164.0634765625,2022,2
Britannia,2022-04-22,3168.01904296875,2022,2
Britannia,2022-04-25,3103.793701171875,2022,2
Britannia,2022-04-26,3176.11767578125,2022,2
Britannia,2022-04-27,3143.675537109375,2022,2
Britannia,2022-04-28,3162.179931640625,2022,2
Britannia,2022-04-29,3088.1142578125,2022,2
Britannia,2022-05-02,3080.627685546875,2022,2
Britannia,2022-05-04,3188.124267578125,2022,2
Britannia,2022-05-05,3085.99560546875,2022,2
Britannia,2022-05-06,3115.00048828125,2022,2
Britannia,2022-05-09,3062.499755859375,2022,2
Britannia,2022-05-10,3057.320556640625,2022,2
Britannia,2022-05-11,3069.845458984375,2022,2
Britannia,2022-05-12,3029.351806640625,2022,2
Britannia,2022-05-13,3087.408203125,2022,2
Britannia,2022-05-16,3093.43505859375,2022,2
Britannia,2022-05-17,3172.4921875,2022,2
Britannia,2022-05-18,3196.505615234375,2022,2
Britannia,2022-05-19,3137.8369140625,2022,2
Britannia,2022-05-20,3249.1474609375,2022,2
Britannia,2022-05-23,3283.802734375,2022,2
Britannia,2022-05-24,3268.169921875,2022,2
Britannia,2022-05-25,3311.535888671875,2022,2
Britannia,2022-05-26,3353.39501953125,2022,2
Britannia,2022-05-27,3350.24072265625,2022,2
Britannia,2022-05-30,3367.803466796875,2022,2
Britannia,2022-05-31,3435.182861328125,2022,2
Britannia,2022-06-01,3344.3076171875,2022,2
Britannia,2022-06-02,3368.556884765625,2022,2
Britannia,2022-06-03,3324.2490234375,2022,2
Britannia,2022-06-06,3288.4169921875,2022,2
Britannia,2022-06-07,3186.24072265625,2022,2
Britannia,2022-06-08,3165.5703125,2022,2
Britannia,2022-06-09,3152.15087890625,2022,2
Britannia,2022-06-10,3164.958251953125,2022,2
Britannia,2022-06-13,3163.2158203125,2022,2
Britannia,2022-06-14,3185.67578125,2022,2
Britannia,2022-06-15,3188.0771484375,2022,2
Britannia,2022-06-16,3192.785888671875,2022,2
Britannia,2022-06-17,3137.884033203125,2022,2
Britannia,2022-06-20,3236.553466796875,2022,2
Britannia,2022-06-21,3285.121826171875,2022,2
Britannia,2022-06-22,3260.550048828125,2022,2
Britannia,2022-06-23,3268.0224609375,2022,2
Britannia,2022-06-24,3323.48828125,2022,2
Britannia,2022-06-27,3313.669189453125,2022,2
Britannia,2022-06-28,3290.294921875,2022,2
Britannia,2022-06-29,3261.029296875,2022,2
Britannia,2022-06-30,3320.662109375,2022,2
Britannia,2022-07-01,3433.6533203125,2022,3
Britannia,2022-07-04,3544.8720703125,2022,3
Britannia,2022-07-05,3502.865478515625,2022,3
Britannia,2022-07-06,3669.741943359375,2022,3
Britannia,2022-07-07,3650.0556640625,2022,3
Britannia,2022-07-08,3656.473876953125,2022,3
Britannia,2022-07-11,3635.829833984375,2022,3
Britannia,2022-07-12,3568.86865234375,2022,3
Britannia,2022-07-13,3569.347900390625,2022,3
Britannia,2022-07-14,3615.473388671875,2022,3
Britannia,2022-07-15,3687.08056640625,2022,3
Britannia,2022-07-18,3616.23974609375,2022,3
Britannia,2022-07-19,3628.21435546875,2022,3
Britannia,2022-07-20,3667.3466796875,2022,3
Britannia,2022-07-21,3693.4033203125,2022,3
Britannia,2022-07-22,3708.682373046875,2022,3
Britannia,2022-07-25,3722.52490234375,2022,3
Britannia,2022-07-26,3647.0859375,2022,3
Britannia,2022-07-27,3692.4931640625,2022,3
Britannia,2022-07-28,3706.6708984375,2022,3
Britannia,2022-07-29,3736.415283203125,2022,3
Britannia,2022-08-01,3693.546875,2022,3
Britannia,2022-08-02,3628.884521484375,2022,3
Britannia,2022-08-03,3611.498046875,2022,3
Britannia,2022-08-04,3616.33544921875,2022,3
Britannia,2022-08-05,3533.041259765625,2022,3
Britannia,2022-08-08,3478.724853515625,2022,3
Britannia,2022-08-10,3494.387451171875,2022,3
Britannia,2022-08-11,3487.2509765625,2022,3
Britannia,2022-08-12,3505.883056640625,2022,3
Britannia,2022-08-16,3535.29248046875,2022,3
Britannia,2022-08-17,3549.422119140625,2022,3
Britannia,2022-08-18,3537.783203125,2022,3
Britannia,2022-08-19,3508.5654296875,2022,3
Britannia,2022-08-22,3521.881103515625,2022,3
Britannia,2022-08-23,3524.036376953125,2022,3
Britannia,2022-08-24,3505.30810546875,2022,3
Britannia,2022-08-25,3493.2861328125,2022,3
Britannia,2022-08-26,3496.686767578125,2022,3
Britannia,2022-08-29,3551.769287109375,2022,3
Britannia,2022-08-30,3590.183349609375,2022,3
Britannia,2022-09-01,3561.82763671875,2022,3
Britannia,2022-09-02,3548.51220703125,2022,3
Britannia,2022-09-05,3508.613525390625,2022,3
Britannia,2022-09-06,3457.0751953125,2022,3
Britannia,2022-09-07,3513.690185546875,2022,3
Britannia,2022-09-08,3518.24072265625,2022,3
Britannia,2022-09-09,3496.06396484375,2022,3
Britannia,2022-09-12,3496.06396484375,2022,3
Britannia,2022-09-13,3599.715087890625,2022,3
Britannia,2022-09-14,3589.465087890625,2022,3
Britannia,2022-09-15,3565.0849609375,2022,3
Britannia,2022-09-16,3486.532470703125,2022,3
Britannia,2022-09-19,3441.316650390625,2022,3
Britannia,2022-09-20,3497.1181640625,2022,3
Britannia,2022-09-21,3607.330810546875,2022,3
Britannia,2022-09-22,3665.095703125,2022,3
Britannia,2022-09-23,3637.0751953125,2022,3
Britannia,2022-09-26,3628.261962890625,2022,3
Britannia,2022-09-27,3663.371337890625,2022,3
Britannia,2022-09-28,3691.199951171875,2022,3
Britannia,2022-09-29,3702.02490234375,2022,3
Britannia,2022-09-30,3681.476806640625,2022,3
Britannia,2022-10-03,3610.491943359375,2022,4
Britannia,2022-10-04,3657.623291015625,2022,4
Britannia,2022-10-06,3609.15087890625,2022,4
Britannia,2022-10-07,3626.48974609375,2022,4
Britannia,2022-10-10,3638.17724609375,2022,4
Britannia,2022-10-11,3571.167724609375,2022,4
Britannia,2022-10-12,3604.792236328125,2022,4
Britannia,2022-10-13,3625.484130859375,2022,4
Britannia,2022-10-14,3636.64404296875,2022,4
Britannia,2022-10-17,3618.8740234375,2022,4
Britannia,2022-10-18,3608.48046875,2022,4
Britannia,2022-10-19,3610.060791015625,2022,4
Britannia,2022-10-20,3630.800537109375,2022,4
Britannia,2022-10-21,3633.243408203125,2022,4
Britannia,2022-10-24,3633.243408203125,2022,4
Britannia,2022-10-25,3556.990234375,2022,4
Britannia,2022-10-27,3597.416015625,2022,4
Britannia,2022-10-28,3618.8740234375,2022,4
Britannia,2022-10-31,3608.193115234375,2022,4
Britannia,2022-11-01,3628.7412109375,2022,4
Britannia,2022-11-02,3567.3837890625,2022,4
Britannia,2022-11-03,3596.218505859375,2022,4
Britannia,2022-11-04,3644.260009765625,2022,4
Britannia,2022-11-07,3965.2236328125,2022,4
Britannia,2022-11-09,3999.805908203125,2022,4
Britannia,2022-11-10,3960.816650390625,2022,4
Britannia,2022-11-11,3926.330322265625,2022,4
Britannia,2022-11-14,3931.40771484375,2022,4
Britannia,2022-11-15,3965.319580078125,2022,4
Britannia,2022-11-16,3957.79931640625,2022,4
Britannia,2022-11-17,3951.764404296875,2022,4
Britannia,2022-11-18,3933.419189453125,2022,4
Britannia,2022-11-21,3946.830322265625,2022,4
Britannia,2022-11-22,3982.802001953125,2022,4
Britannia,2022-11-23,3980.454833984375,2022,4
Britannia,2022-11-24,4014.9892578125,2022,4
Britannia,2022-11-25,4007.8046875,2022,4
Britannia,2022-11-28,4035.92041015625,2022,4
Britannia,2022-11-29,4105.18115234375,2022,4
Britannia,2022-11-30,4178.8955078125,2022,4
Britannia,2022-12-01,4216.20849609375,2022,4
Britannia,2022-12-02,4246.52734375,2022,4
Britannia,2022-12-05,4218.22021484375,2022,4
Britannia,2022-12-06,4238.33740234375,2022,4
Britannia,2022-12-07,4208.83203125,2022,4
Britannia,2022-12-08,4210.125,2022,4
Britannia,2022-12-09,4224.8779296875,2022,4
Britannia,2022-12-12,4246.19189453125,2022,4
Britannia,2022-12-13,4240.4443359375,2022,4
Britannia,2022-12-14,4224.302734375,2022,4
Britannia,2022-12-15,4277.70947265625,2022,4
Britannia,2022-12-16,4257.83203125,2022,4
Britannia,2022-12-19,4336.19189453125,2022,4
Britannia,2022-12-20,4319.47607421875,2022,4
Britannia,2022-12-21,4233.06787109375,2022,4
Britannia,2022-12-22,4206.8203125,2022,4
Britannia,2022-12-23,4149.77392578125,2022,4
Britannia,2022-12-26,4191.3974609375,2022,4
Britannia,2022-12-27,4185.5537109375,2022,4
Britannia,2022-12-28,4201.5517578125,2022,4
Britannia,2022-12-29,4165.484375,2022,4
Britannia,2022-12-30,4126.3515625,2022,4
Britannia,2023-01-02,4111.69482421875,2023,1
Britannia,2023-01-03,4063.51025390625,2023,1
Britannia,2023-01-04,4056.94775390625,2023,1
Britannia,2023-01-05,4131.8603515625,2023,1
Britannia,2023-01-06,4175.78271484375,2023,1
Britannia,2023-01-09,4180.81201171875,2023,1
Britannia,2023-01-10,4144.9365234375,2023,1
Britannia,2023-01-11,4132.91357421875,2023,1
Britannia,2023-01-12,4118.49658203125,2023,1
Britannia,2023-01-13,4153.79736328125,2023,1
Britannia,2023-01-16,4128.41162109375,2023,1
Britannia,2023-01-17,4178.65625,2023,1
Britannia,2023-01-18,4208.97607421875,2023,1
Britannia,2023-01-19,4188.57080078125,2023,1
Britannia,2023-01-20,4137.36865234375,2023,1
Britannia,2023-01-23,4155.47412109375,2023,1
Britannia,2023-01-24,4211.2265625,2023,1
Britannia,2023-01-25,4203.65869140625,2023,1
Britannia,2023-01-27,4196.23486328125,2023,1
Britannia,2023-01-30,4221.47705078125,2023,1
Britannia,2023-01-31,4136.0751953125,2023,1
Britannia,2023-02-01,4187.1826171875,2023,1
Britannia,2023-02-02,4380.78515625,2023,1
Britannia,2023-02-03,4434.23974609375,2023,1
Britannia,2023-02-06,4431.17333984375,2023,1
Britannia,2023-02-07,4413.16455078125,2023,1
Britannia,2023-02-08,4401.6201171875,2023,1
Britannia,2023-02-09,4442.3818359375,2023,1
Britannia,2023-02-10,4428.34814453125,2023,1
Britannia,2023-02-13,4395.1064453125,2023,1
Britannia,2023-02-14,4406.458984375,2023,1
Britannia,2023-02-15,4395.5380859375,2023,1
Britannia,2023-02-16,4379.779296875,2023,1
Britannia,2023-02-17,4342.65869140625,2023,1
Britannia,2023-02-20,4266.548828125,2023,1
Britannia,2023-02-21,4314.015625,2023,1
Britannia,2023-02-22,4295.9580078125,2023,1
Britannia,2023-02-23,4264.345703125,2023,1
Britannia,2023-02-24,4255.771484375,2023,1
Britannia,2023-02-27,4203.7548828125,2023,1
Britannia,2023-02-28,4274.16455078125,2023,1
Britannia,2023-03-01,4195.66015625,2023,1
Britannia,2023-03-02,4209.45458984375,2023,1
Britannia,2023-03-03,4226.458984375,2023,1
Britannia,2023-03-06,4138.23095703125,2023,1
Britannia,2023-03-08,4157.19775390625,2023,1
Britannia,2023-03-09,4111.26416015625,2023,1
Britannia,2023-03-10,4129.7529296875,2023,1
Britannia,2023-03-13,4126.49560546875,2023,1
Britannia,2023-03-14,4112.4619140625,2023,1
Britannia,2023-03-15,4064.70751953125,2023,1
Britannia,2023-03-16,4129.9443359375,2023,1
Britannia,2023-03-17,4179.13525390625,2023,1
Britannia,2023-03-20,4149.72607421875,2023,1
Britannia,2023-03-21,4085.399169921875,2023,1
Britannia,2023-03-22,4066.00048828125,2023,1
Britannia,2023-03-23,4064.32470703125,2023,1
Britannia,2023-03-24,4023.371337890625,2023,1
Britannia,2023-03-27,4037.59716796875,2023,1
Britannia,2023-03-28,4023.419677734375,2023,1
Britannia,2023-03-29,4096.416015625,2023,1
Britannia,2023-03-31,4140.43359375,2023,1
Britannia,2023-04-03,4142.25390625,2023,2
Britannia,2023-04-05,4145.6064453125,2023,2
Britannia,2023-04-06,4119.02294921875,2023,2
Britannia,2023-04-10,4087.02734375,2023,2
Britannia,2023-04-11,4097.51708984375,2023,2
Britannia,2023-04-12,4091.7216796875,2023,2
Britannia,2023-04-13,4154.95947265625,2023,2
Britannia,2023-04-17,4227.453125,2023,2
Britannia,2023-04-18,4191.64453125,2023,2
Britannia,2023-04-19,4183.849609375,2023,2
Britannia,2023-04-20,4147.35888671875,2023,2
Britannia,2023-04-21,4216.92919921875,2023,2
Britannia,2023-04-24,4200.56005859375,2023,2
Britannia,2023-04-25,4289.76416015625,2023,2
Britannia,2023-04-26,4292.15185546875,2023,2
Britannia,2023-04-27,4302.72412109375,2023,2
Britannia,2023-04-28,4436.896484375,2023,2
Britannia,2023-05-02,4395.48486328125,2023,2
Britannia,2023-05-03,4411.1240234375,2023,2
Britannia,2023-05-04,4469.5380859375,2023,2
Britannia,2023-05-05,4507.490234375,2023,2
Britannia,2023-05-08,4480.59765625,2023,2
Britannia,2023-05-09,4477.4306640625,2023,2
Britannia,2023-05-10,4486.9794921875,2023,2
Britannia,2023-05-11,4516.40625,2023,2
Britannia,2023-05-12,4498.2333984375,2023,2
Britannia,2023-05-15,4512.21630859375,2023,2
Britannia,2023-05-16,4488.87939453125,2023,2
Britannia,2023-05-17,4513.2392578125,2023,2
Britannia,2023-05-18,4447.419921875,2023,2
Britannia,2023-05-19,4384.572265625,2023,2
Britannia,2023-05-22,4383.6953125,2023,2
Britannia,2023-05-23,4405.8134765625,2023,2
Britannia,2023-05-24,4404.0107421875,2023,2
Britannia,2023-05-25,4446.396484375,2023,2
Britannia,2023-05-26,4478.4541015625,2023,2
Britannia,2023-05-29,4458.04052734375,2023,2
Britannia,2023-05-30,4456.09130859375,2023,2
Britannia,2023-05-31,4537.74462890625,2023,2
Britannia,2023-06-01,4516.50341796875,2023,2
Britannia,2023-06-02,4534.91943359375,2023,2
Britannia,2023-06-05,4562.640625,2023,2
Britannia,2023-06-06,4584.85595703125,2023,2
Britannia,2023-06-07,4767.79638671875,2023,2
Britannia,2023-06-08,4750.16015625,2023,2
Britannia,2023-06-09,4753.76513671875,2023,2
Britannia,2023-06-12,4774.71484375,2023,2
Britannia,2023-06-13,4813.5439453125,2023,2
Britannia,2023-06-14,4815.0537109375,2023,2
Britannia,2023-06-15,4847.98828125,2023,2
Britannia,2023-06-16,4915.4638671875,2023,2
Britannia,2023-06-19,4892.419921875,2023,2
Britannia,2023-06-20,4926.9130859375,2023,2
Britannia,2023-06-21,4939.67724609375,2023,2
Britannia,2023-06-22,4859.291015625,2023,2
Britannia,2023-06-23,4843.45703125,2023,2
Britannia,2023-06-26,4880.8740234375,2023,2
Britannia,2023-06-27,4827.33154296875,2023,2
Britannia,2023-06-28,4864.26025390625,2023,2
Britannia,2023-06-30,4895.830078125,2023,2
Britannia,2023-07-03,4879.99609375,2023,3
Britannia,2023-07-04,4881.79931640625,2023,3
Britannia,2023-07-05,4965.54736328125,2023,3
Britannia,2023-07-06,5041.01318359375,2023,3
Britannia,2023-07-07,4925.01318359375,2023,3
Britannia,2023-07-10,4902.943359375,2023,3
Britannia,2023-07-11,4953.65966796875,2023,3
Britannia,2023-07-12,4943.916015625,2023,3
Britannia,2023-07-13,4959.9443359375,2023,3
Britannia,2023-07-14,5001.697265625,2023,3
Britannia,2023-07-17,5011.6845703125,2023,3
Britannia,2023-07-18,4934.416015625,2023,3
Britannia,2023-07-19,4936.12109375,2023,3
Britannia,2023-07-20,4923.11279296875,2023,3
Britannia,2023-07-21,4917.705078125,2023,3
Britannia,2023-07-24,4841.60595703125,2023,3
Britannia,2023-07-25,4760.43994140625,2023,3
Britannia,2023-07-26,4855.92919921875,2023,3
Britannia,2023-07-27,4748.55224609375,2023,3
Britannia,2023-07-28,4777.7353515625,2023,3
Britannia,2023-07-31,4671.13818359375,2023,3
Britannia,2023-08-01,4693.9384765625,2023,3
Britannia,2023-08-02,4686.24072265625,2023,3
Britannia,2023-08-03,4676.009765625,2023,3
Britannia,2023-08-04,4675.5712890625,2023,3
Britannia,2023-08-07,4540.37548828125,2023,3
Britannia,2023-08-08,4487.36962890625,2023,3
Britannia,2023-08-09,4483.033203125,2023,3
Britannia,2023-08-10,4424.13232421875,2023,3
Britannia,2023-08-11,4394.75439453125,2023,3
Britannia,2023-08-14,4384.328125,2023,3
Britannia,2023-08-16,4383.25634765625,2023,3
Britannia,2023-08-17,4386.27734375,2023,3
Britannia,2023-08-18,4418.8701171875,2023,3
Britannia,2023-08-21,4394.94921875,2023,3
Britannia,2023-08-22,4396.0693359375,2023,3
Britannia,2023-08-23,4396.84912109375,2023,3
Britannia,2023-08-24,4426.421875,2023,3
Britannia,2023-08-25,4409.85693359375,2023,3
Britannia,2023-08-28,4395.38818359375,2023,3
Britannia,2023-08-29,4414.6806640625,2023,3
Britannia,2023-08-30,4434.216796875,2023,3
Britannia,2023-08-31,4353.29443359375,2023,3
Britannia,2023-09-01,4369.46923828125,2023,3
Britannia,2023-09-04,4391.73388671875,2023,3
Britannia,2023-09-05,4399.28564453125,2023,3
Britannia,2023-09-06,4452.0966796875,2023,3
Britannia,2023-09-07,4414.6318359375,2023,3
Britannia,2023-09-08,4424.1806640625,2023,3
Britannia,2023-09-11,4451.51171875,2023,3
Britannia,2023-09-12,4450.14794921875,2023,3
Britannia,2023-09-13,4490.19482421875,2023,3
Britannia,2023-09-14,4457.16357421875,2023,3
Britannia,2023-09-15,4416.72705078125,2023,3
Britannia,2023-09-18,4478.4541015625,2023,3
Britannia,2023-09-20,4411.416015625,2023,3
Britannia,2023-09-21,4441.76806640625,2023,3
Britannia,2023-09-22,4447.7119140625,2023,3
Britannia,2023-09-25,4452.9736328125,2023,3
Britannia,2023-09-26,4482.302734375,2023,3
Britannia,2023-09-27,4508.80615234375,2023,3
Britannia,2023-09-28,4408.63916015625,2023,3
Britannia,2023-09-29,4420.916015625,2023,3
Britannia,2023-10-03,4380.28515625,2023,4
Britannia,2023-10-04,4416.3857421875,2023,4
Britannia,2023-10-05,4417.74951171875,2023,4
Britannia,2023-10-06,4422.18310546875,2023,4
Britannia,2023-10-09,4406.64208984375,2023,4
Britannia,2023-10-10,4413.9013671875,2023,4
Britannia,2023-10-11,4438.2607421875,2023,4
Britannia,2023-10-12,4443.91162109375,2023,4
Britannia,2023-10-13,4457.50439453125,2023,4
Britannia,2023-10-16,4468.56396484375,2023,4
Britannia,2023-10-17,4482.49755859375,2023,4
Britannia,2023-10-18,4489.6591796875,2023,4
Britannia,2023-10-19,4484.5439453125,2023,4
Britannia,2023-10-20,4462.6689453125,2023,4
Britannia,2023-10-23,4414.53466796875,2023,4
Britannia,2023-10-25,4417.603515625,2023,4
Britannia,2023-10-26,4392.318359375,2023,4
Britannia,2023-10-27,4398.65185546875,2023,4
Britannia,2023-10-30,4347.3017578125,2023,4
Britannia,2023-10-31,4313.10107421875,2023,4
Britannia,2023-11-01,4284.64892578125,2023,4
Britannia,2023-11-02,4411.27001953125,2023,4
Britannia,2023-11-03,4423.2548828125,2023,4
Britannia,2023-11-06,4505.15185546875,2023,4
Britannia,2023-11-07,4535.9423828125,2023,4
Britannia,2023-11-08,4550.9482421875,2023,4
Britannia,2023-11-09,4532.921875,2023,4
Britannia,2023-11-10,4562.00732421875,2023,4
Britannia,2023-11-13,4576.0380859375,2023,4
Britannia,2023-11-15,4590.11767578125,2023,4
Britannia,2023-11-16,4581.64111328125,2023,4
Britannia,2023-11-17,4597.42578125,2023,4
Britannia,2023-11-20,4591.287109375,2023,4
Britannia,2023-11-21,4579.35107421875,2023,4
Britannia,2023-11-22,4573.943359375,2023,4
Britannia,2023-11-23,4585.24560546875,2023,4
Britannia,2023-11-24,4525.17529296875,2023,4
Britannia,2023-11-28,4592.7001953125,2023,4
Britannia,2023-11-29,4680.58935546875,2023,4
Britannia,2023-11-30,4728.333984375,2023,4
Britannia,2023-12-01,4843.408203125,2023,4
Britannia,2023-12-04,4811.25390625,2023,4
Britannia,2023-12-05,4821.63134765625,2023,4
Britannia,2023-12-06,4874.978515625,2023,4
Britannia,2023-12-07,4887.49951171875,2023,4
Britannia,2023-12-08,4815.59033203125,2023,4
Britannia,2023-12-11,4817.48974609375,2023,4
Britannia,2023-12-12,4777.44287109375,2023,4
Britannia,2023-12-13,4793.2763671875,2023,4
Britannia,2023-12-14,4819.92578125,2023,4
Britannia,2023-12-15,4788.0146484375,2023,4
Britannia,2023-12-18,4754.49609375,2023,4
Britannia,2023-12-19,4785.4326171875,2023,4
Britannia,2023-12-20,4828.01318359375,2023,4
Britannia,2023-12-21,4929.982421875,2023,4
Britannia,2023-12-22,5028.8818359375,2023,4
Britannia,2023-12-26,5101.81494140625,2023,4
Britannia,2023-12-27,5083.1552734375,2023,4
Britannia,2023-12-28,5146.68505859375,2023,4
Britannia,2023-12-29,5201.68896484375,2023,4
Britannia,2024-01-01,5183.51611328125,2024,1
Britannia,2024-01-02,5153.359375,2024,1
Britannia,2024-01-03,5119.20703125,2024,1
Britannia,2024-01-04,5223.953125,2024,1
Britannia,2024-01-05,5137.2822265625,2024,1
Britannia,2024-01-08,5044.7158203125,2024,1
Britannia,2024-01-09,4991.17333984375,2024,1
Britannia,2024-01-10,4956.33935546875,2024,1
Britannia,2024-01-11,5005.107421875,2024,1
Britannia,2024-01-12,5019.138671875,2024,1
Britannia,2024-01-15,5044.7158203125,2024,1
Britannia,2024-01-16,4999.16357421875,2024,1
Britannia,2024-01-17,4932.02880859375,2024,1
Britannia,2024-01-18,4886.6708984375,2024,1
Britannia,2024-01-19,5007.0068359375,2024,1
Britannia,2024-01-23,4918.77685546875,2024,1
Britannia,2024-01-24,5010.51513671875,2024,1
Britannia,2024-01-25,5010.173828125,2024,1
Britannia,2024-01-29,5005.3017578125,2024,1
Britannia,2024-01-30,4961.30859375,2024,1
Britannia,2024-01-31,5065.2265625,2024,1
Britannia,2024-02-01,5016.7021484375,2024,1
Britannia,2024-02-02,5016.9462890625,2024,1
Britannia,2024-02-05,4993.2197265625,2024,1
Britannia,2024-02-06,4878.7783203125,2024,1
Britannia,2024-02-07,4948.15478515625,2024,1
Britannia,2024-02-08,4750.6474609375,2024,1
Britannia,2024-02-09,4844.1396484375,2024,1
Britannia,2024-02-12,4842.873046875,2024,1
Britannia,2024-02-13,4853.98046875,2024,1
Britannia,2024-02-14,4882.2861328125,2024,1
Britannia,2024-02-15,4823.7255859375,2024,1
Britannia,2024-02-16,4787.8203125,2024,1
Britannia,2024-02-19,4799.07421875,2024,1
Britannia,2024-02-20,4795.0791015625,2024,1
Britannia,2024-02-21,4796.8818359375,2024,1
Britannia,2024-02-22,4829.96240234375,2024,1
Britannia,2024-02-23,4809.89013671875,2024,1
Britannia,2024-02-26,4776.322265625,2024,1
Britannia,2024-02-27,4778.7099609375,2024,1
Britannia,2024-02-28,4762.5830078125,2024,1
Britannia,2024-02-29,4838.00048828125,2024,1
Britannia,2024-03-01,4801.46142578125,2024,1
Britannia,2024-03-04,4714.93603515625,2024,1
Britannia,2024-03-05,4702.02587890625,2024,1
Britannia,2024-03-06,4755.71435546875,2024,1
Britannia,2024-03-07,4763.89892578125,2024,1
Britannia,2024-03-11,4810.91259765625,2024,1
Britannia,2024-03-12,4744.4111328125,2024,1
Britannia,2024-03-13,4732.2314453125,2024,1
Britannia,2024-03-14,4812.37451171875,2024,1
Britannia,2024-03-15,4846.7705078125,2024,1
Britannia,2024-03-18,4852.42138671875,2024,1
Britannia,2024-03-19,4693.548828125,2024,1
Britannia,2024-03-20,4679.8583984375,2024,1
Britannia,2024-03-21,4683.56103515625,2024,1
Britannia,2024-03-22,4740.36767578125,2024,1
Britannia,2024-03-26,4834.3466796875,2024,1
Britannia,2024-03-27,4794.15380859375,2024,1
Britannia,2024-03-28,4785.4326171875,2024,1
Britannia,2024-04-01,4769.7939453125,2024,2
Britannia,2024-04-02,4774.42236328125,2024,2
Britannia,2024-04-03,4710.74658203125,2024,2
Britannia,2024-04-04,4690.28466796875,2024,2
Britannia,2024-04-05,4689.748046875,2024,2
Britannia,2024-04-08,4703.14599609375,2024,2
Britannia,2024-04-09,4671.86865234375,2024,2
Britannia,2024-04-10,4685.51025390625,2024,2
Britannia,2024-04-12,4630.0185546875,2024,2
Britannia,2024-04-15,4639.90869140625,2024,2
Britannia,2024-04-16,4619.251953125,2024,2
Britannia,2024-04-18,4574.72265625,2024,2
Britannia,2024-04-19,4548.70654296875,2024,2
Britannia,2024-04-22,4631.529296875,2024,2
Britannia,2024-04-23,4674.88916015625,2024,2
Britannia,2024-04-24,4705.2412109375,2024,2
Britannia,2024-04-25,4720.0517578125,2024,2
Britannia,2024-04-26,4677.4716796875,2024,2
Britannia,2024-04-29,4676.88671875,2024,2
Britannia,2024-04-30,4653.5986328125,2024,2
Britannia,2024-05-02,4637.71630859375,2024,2
Britannia,2024-05-03,4623.0517578125,2024,2
Britannia,2024-05-06,4931.93115234375,2024,2
Britannia,2024-05-07,5041.3056640625,2024,2
Britannia,2024-05-08,5094.4580078125,2024,2
Britannia,2024-05-09,4940.21337890625,2024,2
Britannia,2024-05-10,4936.99755859375,2024,2
Britannia,2024-05-13,4999.1142578125,2024,2
Britannia,2024-05-14,5009.10205078125,2024,2
Britannia,2024-05-15,4934.27001953125,2024,2
Britannia,2024-05-16,5006.13037109375,2024,2
Britannia,2024-05-17,4956.4853515625,2024,2
Britannia,2024-05-21,5045.44677734375,2024,2
Britannia,2024-05-22,5132.45849609375,2024,2
Britannia,2024-05-23,5145.8564453125,2024,2
Britannia,2024-05-24,5106.443359375,2024,2
Britannia,2024-05-27,5078.7216796875,2024,2
Britannia,2024-05-28,5116.04052734375,2024,2
Britannia,2024-05-29,5095.822265625,2024,2
Britannia,2024-05-30,5065.37255859375,2024,2
Britannia,2024-05-31,5047.1025390625,2024,2
Britannia,2024-06-03,5035.41015625,2024,2
Britannia,2024-06-04,5188.6806640625,2024,2
Britannia,2024-06-05,5346.09228515625,2024,2
Britannia,2024-06-06,5301.076171875,2024,2
Britannia,2024-06-07,5323.583984375,2024,2
Britannia,2024-06-10,5347.79736328125,2024,2
Britannia,2024-06-11,5376.39501953125,2024,2
Britannia,2024-06-12,5299.955078125,2024,2
Britannia,2024-06-13,5241.638671875,2024,2
Britannia,2024-06-14,5255.474609375,2024,2
Britannia,2024-06-18,5257.6181640625,2024,2
Britannia,2024-06-19,5223.31982421875,2024,2
Britannia,2024-06-20,5240.6640625,2024,2
Britannia,2024-06-21,5193.7470703125,2024,2
Britannia,2024-06-24,5162.03173828125,2024,2
Britannia,2024-06-25,5214.9404296875,2024,2
Britannia,2024-06-26,5282.80615234375,2024,2
Britannia,2024-06-27,5291.185546875,2024,2
Britannia,2024-06-28,5335.2763671875,2024,2
Britannia,2024-07-01,5336.2021484375,2024,3
Britannia,2024-07-02,5263.26953125,2024,3
Britannia,2024-07-03,5309.50439453125,2024,3
Britannia,2024-07-04,5287.2392578125,2024,3
Britannia,2024-07-05,5404.701171875,2024,3
Britannia,2024-07-08,5425.89404296875,2024,3
Britannia,2024-07-09,5523.62451171875,2024,3
Britannia,2024-07-10,5608.10302734375,2024,3
Britannia,2024-07-11,5613.7060546875,2024,3
Britannia,2024-07-12,5638.79638671875,2024,3
Britannia,2024-07-15,5660.8662109375,2024,3
Britannia,2024-07-16,5712.1669921875,2024,3
Britannia,2024-07-18,5721.0830078125,2024,3
Britannia,2024-07-19,5727.36767578125,2024,3
Britannia,2024-07-22,5737.01416015625,2024,3
Britannia,2024-07-23,5792.45654296875,2024,3
Britannia,2024-07-24,5680.1591796875,2024,3
Britannia,2024-07-25,5680.25634765625,2024,3
Britannia,2024-07-26,5722.34912109375,2024,3
Britannia,2024-07-29,5746.5146484375,2024,3
Britannia,2024-07-30,5692.53369140625,2024,3
Britannia,2024-07-31,5636.26318359375,2024,3
Britannia,2024-08-01,5583.35400390625,2024,3
Britannia,2024-08-02,5573.80517578125,2024,3
Britannia,2024-08-05,5624.19482421875,2024,3
Britannia,2024-08-06,5778.76904296875,2024,3
Britannia,2024-08-07,5761.2978515625,2024,3
Britannia,2024-08-08,5670.33984375,2024,3
Britannia,2024-08-09,5666.0458984375,2024,3
Britannia,2024-08-12,5572.71923828125,2024,3
Britannia,2024-08-13,5593.20068359375,2024,3
Britannia,2024-08-14,5585.94580078125,2024,3
Britannia,2024-08-16,5655.53369140625,2024,3
Britannia,2024-08-19,5658.34716796875,2024,3
Britannia,2024-08-20,5691.21630859375,2024,3
Britannia,2024-08-21,5761.8408203125,2024,3
Britannia,2024-08-22,5761.2978515625,2024,3
Britannia,2024-08-23,5717.71875,2024,3
Britannia,2024-08-26,5721.9638671875,2024,3
Britannia,2024-08-27,5689.7353515625,2024,3
Britannia,2024-08-28,5629.57421875,2024,3
Britannia,2024-08-29,5755.9677734375,2024,3
Britannia,2024-08-30,5779.50927734375,2024,3
Britannia,2024-09-02,5845.5439453125,2024,3
Britannia,2024-09-03,5839.5224609375,2024,3
Britannia,2024-09-04,5849.88671875,2024,3
Britannia,2024-09-05,5774.3271484375,2024,3
Britannia,2024-09-06,5767.96044921875,2024,3
Britannia,2024-09-09,5862.6201171875,2024,3
Britannia,2024-09-10,5892.67626953125,2024,3
Britannia,2024-09-11,5930.9248046875,2024,3
Britannia,2024-09-12,6030.2236328125,2024,3
Britannia,2024-09-13,6053.76513671875,2024,3
Britannia,2024-09-16,5984.57177734375,2024,3
Britannia,2024-09-17,6032.0,2024,3
Britannia,2024-09-18,6044.04248046875,2024,3
Britannia,2024-09-19,6055.14697265625,2024,3
Britannia,2024-09-20,6130.212890625,2024,3
Britannia,2024-09-23,6130.85498046875,2024,3
Britannia,2024-09-24,6122.9091796875,2024,3
Britannia,2024-09-25,6100.3544921875,2024,3
Britannia,2024-09-26,6173.2001953125,2024,3
Britannia,2024-09-27,6187.70947265625,2024,3
Britannia,2024-09-30,6256.16259765625,2024,3
Britannia,2024-10-01,6362.6669921875,2024,4
Britannia,2024-10-03,6249.845703125,2024,4
Britannia,2024-10-04,6125.72216796875,2024,4
Britannia,2024-10-07,6041.13037109375,2024,4
Britannia,2024-10-08,6124.142578125,2024,4
Britannia,2024-10-09,6018.37890625,2024,4
Britannia,2024-10-10,5924.5087890625,2024,4
Britannia,2024-10-11,5901.1650390625,2024,4
Britannia,2024-10-14,5900.720703125,2024,4
Britannia,2024-10-15,5990.1982421875,2024,4
Britannia,2024-10-16,6011.3212890625,2024,4
Britannia,2024-10-17,5911.03564453125,2024,4
Britannia,2024-10-18,5811.04638671875,2024,4
Britannia,2024-10-21,5703.5546875,2024,4
Britannia,2024-10-22,5652.91845703125,2024,4
Britannia,2024-10-23,5674.48583984375,2024,4
Britannia,2024-10-24,5539.80078125,2024,4
Britannia,2024-10-25,5596.0634765625,2024,4
Britannia,2024-10-28,5648.27880859375,2024,4
Britannia,2024-10-29,5594.18798828125,2024,4
Britannia,2024-10-30,5707.7001953125,2024,4
Britannia,2024-10-31,5652.8193359375,2024,4
Britannia,2024-11-01,5619.4072265625,2024,4
Britannia,2024-11-04,5552.435546875,2024,4
Britannia,2024-11-05,5532.59521484375,2024,4
Britannia,2024-11-06,5621.2333984375,2024,4
Britannia,2024-11-07,5615.31103515625,2024,4
Britannia,2024-11-08,5672.8076171875,2024,4
Britannia,2024-11-11,5364.35009765625,2024,4
Britannia,2024-11-12,4962.515625,2024,4
Britannia,2024-11-13,4981.220703125,2024,4
Britannia,2024-11-14,4852.01416015625,2024,4
Britannia,2024-11-18,4847.8193359375,2024,4
Britannia,2024-11-19,4829.41064453125,2024,4
Britannia,2024-11-21,4741.21630859375,2024,4
Britannia,2024-11-22,4785.63427734375,2024,4
Britannia,2024-11-25,4840.51513671875,2024,4
Britannia,2024-11-26,4948.74658203125,2024,4
Britannia,2024-11-27,4919.67724609375,2024,4
Britannia,2024-11-28,4859.9599609375,2024,4
Britannia,2024-11-29,4877.2333984375,2024,4
Britannia,2024-12-02,4843.77197265625,2024,4
Britannia,2024-12-03,4846.091796875,2024,4
Britannia,2024-12-04,4788.79248046875,2024,4
Britannia,2024-12-05,4808.97802734375,2024,4
Britannia,2024-12-06,4807.84326171875,2024,4
Britannia,2024-12-09,4731.0,2024,4
Britannia,2024-12-10,4725.32421875,2024,4
Britannia,2024-12-11,4826.251953125,2024,4
Britannia,2024-12-12,4765.89306640625,2024,4
Britannia,2024-12-13,4787.361328125,2024,4
Britannia,2024-12-16,4783.80810546875,2024,4
Britannia,2024-12-17,4714.96044921875,2024,4
Britannia,2024-12-18,4720.78369140625,2024,4
Britannia,2024-12-19,4723.84375,2024,4
Britannia,2024-12-20,4637.32763671875,2024,4
Britannia,2024-12-23,4643.4970703125,2024,4
Britannia,2024-12-24,4682.73291015625,2024,4
Britannia,2024-12-26,4700.0556640625,2024,4
Britannia,2024-12-27,4707.6064453125,2024,4
Britannia,2024-12-30,4737.36669921875,2024,4
Dabur,2017-07-03,268.8416442871094,2017,3
Dabur,2017-07-04,269.2973327636719,2017,3
Dabur,2017-07-05,272.36065673828125,2017,3
Dabur,2017-07-06,274.9667358398437,2017,3
Dabur,2017-07-07,276.018310546875,2017,3
Dabur,2017-07-10,277.8471984863281,2017,3
Dabur,2017-07-11,278.9902038574219,2017,3
Dabur,2017-07-12,278.6244506835937,2017,3
Dabur,2017-07-13,277.5271301269531,2017,3
Dabur,2017-07-14,278.0758361816406,2017,3
Dabur,2017-07-17,276.2926940917969,2017,3
Dabur,2017-07-18,274.2351989746094,2017,3
Dabur,2017-07-19,279.9503479003906,2017,3
Dabur,2017-07-20,275.2867736816406,2017,3
Dabur,2017-07-21,276.7041320800781,2017,3
Dabur,2017-07-24,279.6302795410156,2017,3
Dabur,2017-07-25,280.6361999511719,2017,3
Dabur,2017-07-26,280.0417785644531,2017,3
Dabur,2017-07-27,285.2082824707031,2017,3
Dabur,2017-07-28,283.9281005859375,2017,3
Dabur,2017-07-31,283.47088623046875,2017,3
Dabur,2017-08-01,275.8811950683594,2017,3
Dabur,2017-08-02,274.9667358398437,2017,3
Dabur,2017-08-03,278.9902038574219,2017,3
Dabur,2017-08-04,281.001953125,2017,3
Dabur,2017-08-07,292.1122131347656,2017,3
Dabur,2017-08-08,287.9972839355469,2017,3
Dabur,2017-08-09,283.9281005859375,2017,3
Dabur,2017-08-10,280.3161315917969,2017,3
Dabur,2017-08-11,277.4355773925781,2017,3
Dabur,2017-08-14,280.8190612792969,2017,3
Dabur,2017-08-16,282.6021423339844,2017,3
Dabur,2017-08-17,281.59637451171875,2017,3
Dabur,2017-08-18,283.5165710449219,2017,3
Dabur,2017-08-21,278.21295166015625,2017,3
Dabur,2017-08-22,275.3324890136719,2017,3
Dabur,2017-08-23,273.2750244140625,2017,3
Dabur,2017-08-24,274.3723449707031,2017,3
Dabur,2017-08-28,285.9398498535156,2017,3
Dabur,2017-08-29,282.7850952148437,2017,3
Dabur,2017-08-30,287.4486694335937,2017,3
Dabur,2017-08-31,288.13446044921875,2017,3
Dabur,2017-09-01,286.6255798339844,2017,3
Dabur,2017-09-04,284.1567077636719,2017,3
Dabur,2017-09-05,286.854248046875,2017,3
Dabur,2017-09-06,282.9679260253906,2017,3
Dabur,2017-09-07,283.2879638671875,2017,3
Dabur,2017-09-08,280.5904846191406,2017,3
Dabur,2017-09-11,282.9679260253906,2017,3
Dabur,2017-09-12,280.6361999511719,2017,3
Dabur,2017-09-13,281.9163818359375,2017,3
Dabur,2017-09-14,281.2763061523437,2017,3
Dabur,2017-09-15,283.699462890625,2017,3
Dabur,2017-09-18,282.0534973144531,2017,3
Dabur,2017-09-19,287.6315002441406,2017,3
Dabur,2017-09-20,287.7686767578125,2017,3
Dabur,2017-09-21,283.699462890625,2017,3
Dabur,2017-09-22,278.6244506835937,2017,3
Dabur,2017-09-25,285.5283203125,2017,3
Dabur,2017-09-26,281.687744140625,2017,3
Dabur,2017-09-27,279.6302795410156,2017,3
Dabur,2017-09-28,284.2023620605469,2017,3
Dabur,2017-09-29,278.89874267578125,2017,3
Dabur,2017-10-03,284.6596374511719,2017,4
Dabur,2017-10-04,288.27154541015625,2017,4
Dabur,2017-10-05,289.2774963378906,2017,4
Dabur,2017-10-06,289.00311279296875,2017,4
Dabur,2017-10-09,290.4662170410156,2017,4
Dabur,2017-10-10,290.14617919921875,2017,4
Dabur,2017-10-11,290.55767822265625,2017,4
Dabur,2017-10-12,297.8273010253906,2017,4
Dabur,2017-10-13,294.39825439453125,2017,4
Dabur,2017-10-16,294.39825439453125,2017,4
Dabur,2017-10-17,292.56939697265625,2017,4
Dabur,2017-10-18,291.74639892578125,2017,4
Dabur,2017-10-19,291.28912353515625,2017,4
Dabur,2017-10-23,289.6889343261719,2017,4
Dabur,2017-10-24,291.28912353515625,2017,4
Dabur,2017-10-25,295.4498291015625,2017,4
Dabur,2017-10-26,295.17547607421875,2017,4
Dabur,2017-10-27,295.31268310546875,2017,4
Dabur,2017-10-30,294.6724853515625,2017,4
Dabur,2017-10-31,304.3654479980469,2017,4
Dabur,2017-11-01,319.63629150390625,2017,4
Dabur,2017-11-02,313.3267517089844,2017,4
Dabur,2017-11-03,311.269287109375,2017,4
Dabur,2017-11-06,313.2353210449219,2017,4
Dabur,2017-11-07,312.1798400878906,2017,4
Dabur,2017-11-08,310.43609619140625,2017,4
Dabur,2017-11-09,319.79742431640625,2017,4
Dabur,2017-11-10,313.96954345703125,2017,4
Dabur,2017-11-13,309.701904296875,2017,4
Dabur,2017-11-14,310.1608581542969,2017,4
Dabur,2017-11-15,307.3615417480469,2017,4
Dabur,2017-11-16,311.2162475585937,2017,4
Dabur,2017-11-17,308.8300476074219,2017,4
Dabur,2017-11-20,309.7936096191406,2017,4
Dabur,2017-11-21,311.8586120605469,2017,4
Dabur,2017-11-22,311.4456481933594,2017,4
Dabur,2017-11-23,312.08807373046875,2017,4
Dabur,2017-11-24,316.1722412109375,2017,4
Dabur,2017-11-27,314.244873046875,2017,4
Dabur,2017-11-28,316.539306640625,2017,4
Dabur,2017-11-29,311.95037841796875,2017,4
Dabur,2017-11-30,315.9886474609375,2017,4
Dabur,2017-12-01,312.7305908203125,2017,4
Dabur,2017-12-04,313.373046875,2017,4
Dabur,2017-12-05,315.7591857910156,2017,4
Dabur,2017-12-06,314.3824768066406,2017,4
Dabur,2017-12-07,317.0440979003906,2017,4
Dabur,2017-12-08,322.2753601074219,2017,4
Dabur,2017-12-11,320.8069152832031,2017,4
Dabur,2017-12-12,319.52203369140625,2017,4
Dabur,2017-12-13,317.3193664550781,2017,4
Dabur,2017-12-14,315.8968505859375,2017,4
Dabur,2017-12-15,314.1072082519531,2017,4
Dabur,2017-12-18,319.0631408691406,2017,4
Dabur,2017-12-19,321.26580810546875,2017,4
Dabur,2017-12-20,321.9541320800781,2017,4
Dabur,2017-12-21,320.8987121582031,2017,4
Dabur,2017-12-22,324.4779663085937,2017,4
Dabur,2017-12-26,324.43218994140625,2017,4
Dabur,2017-12-27,323.92730712890625,2017,4
Dabur,2017-12-28,316.447509765625,2017,4
Dabur,2017-12-29,320.94464111328125,2017,4
Dabur,2018-01-01,320.3021545410156,2018,1
Dabur,2018-01-02,320.3480529785156,2018,1
Dabur,2018-01-03,325.487548828125,2018,1
Dabur,2018-01-04,325.8088073730469,2018,1
Dabur,2018-01-05,328.7456359863281,2018,1
Dabur,2018-01-08,331.6366271972656,2018,1
Dabur,2018-01-09,329.8011169433594,2018,1
Dabur,2018-01-10,328.3785400390625,2018,1
Dabur,2018-01-11,330.3058776855469,2018,1
Dabur,2018-01-12,328.6997375488281,2018,1
Dabur,2018-01-15,331.5448608398437,2018,1
Dabur,2018-01-16,328.9292297363281,2018,1
Dabur,2018-01-17,329.3880920410156,2018,1
Dabur,2018-01-18,334.6652526855469,2018,1
Dabur,2018-01-19,333.8852233886719,2018,1
Dabur,2018-01-22,333.2427673339844,2018,1
Dabur,2018-01-23,334.0687561035156,2018,1
Dabur,2018-01-24,329.66339111328125,2018,1
Dabur,2018-01-25,324.6615600585937,2018,1
Dabur,2018-01-29,330.122314453125,2018,1
Dabur,2018-01-30,329.11279296875,2018,1
Dabur,2018-01-31,326.35943603515625,2018,1
Dabur,2018-02-01,320.94464111328125,2018,1
Dabur,2018-02-02,316.1262512207031,2018,1
Dabur,2018-02-05,311.2162475585937,2018,1
Dabur,2018-02-06,311.3538818359375,2018,1
Dabur,2018-02-07,310.52789306640625,2018,1
Dabur,2018-02-08,312.3175354003906,2018,1
Dabur,2018-02-09,312.5469665527344,2018,1
Dabur,2018-02-12,316.401611328125,2018,1
Dabur,2018-02-14,312.7305908203125,2018,1
Dabur,2018-02-15,311.6751403808594,2018,1
Dabur,2018-02-16,314.5660705566406,2018,1
Dabur,2018-02-19,311.4456481933594,2018,1
Dabur,2018-02-20,312.68463134765625,2018,1
Dabur,2018-02-21,306.9945068359375,2018,1
Dabur,2018-02-22,300.2030029296875,2018,1
Dabur,2018-02-23,303.41522216796875,2018,1
Dabur,2018-02-26,304.4705810546875,2018,1
Dabur,2018-02-27,301.1206970214844,2018,1
Dabur,2018-02-28,298.3215637207031,2018,1
Dabur,2018-03-01,298.45916748046875,2018,1
Dabur,2018-03-05,298.2756042480469,2018,1
Dabur,2018-03-06,296.164794921875,2018,1
Dabur,2018-03-07,296.8072814941406,2018,1
Dabur,2018-03-08,298.3215637207031,2018,1
Dabur,2018-03-09,300.34063720703125,2018,1
Dabur,2018-03-12,300.799560546875,2018,1
Dabur,2018-03-13,298.41326904296875,2018,1
Dabur,2018-03-14,298.2756042480469,2018,1
Dabur,2018-03-15,298.3215637207031,2018,1
Dabur,2018-03-16,294.833984375,2018,1
Dabur,2018-03-19,293.4114685058594,2018,1
Dabur,2018-03-20,293.0902709960937,2018,1
Dabur,2018-03-21,295.93536376953125,2018,1
Dabur,2018-03-22,290.8875732421875,2018,1
Dabur,2018-03-23,292.0348205566406,2018,1
Dabur,2018-03-26,289.60272216796875,2018,1
Dabur,2018-03-27,298.13800048828125,2018,1
Dabur,2018-03-28,301.3960876464844,2018,1
Dabur,2018-04-02,308.279296875,2018,2
Dabur,2018-04-03,309.93133544921875,2018,2
Dabur,2018-04-04,307.9122619628906,2018,2
Dabur,2018-04-05,309.1971130371094,2018,2
Dabur,2018-04-06,314.65789794921875,2018,2
Dabur,2018-04-09,314.0613098144531,2018,2
Dabur,2018-04-10,309.33477783203125,2018,2
Dabur,2018-04-11,316.0803527832031,2018,2
Dabur,2018-04-12,316.6310729980469,2018,2
Dabur,2018-04-13,312.45526123046875,2018,2
Dabur,2018-04-16,315.25439453125,2018,2
Dabur,2018-04-17,315.48388671875,2018,2
Dabur,2018-04-18,326.5888977050781,2018,2
Dabur,2018-04-19,328.8833312988281,2018,2
Dabur,2018-04-20,325.9465026855469,2018,2
Dabur,2018-04-23,328.19500732421875,2018,2
Dabur,2018-04-24,327.5525207519531,2018,2
Dabur,2018-04-25,329.3880920410156,2018,2
Dabur,2018-04-26,327.7361145019531,2018,2
Dabur,2018-04-27,336.3172912597656,2018,2
Dabur,2018-04-30,339.0246887207031,2018,2
Dabur,2018-05-02,341.22735595703125,2018,2
Dabur,2018-05-03,339.4835510253906,2018,2
Dabur,2018-05-04,339.8966064453125,2018,2
Dabur,2018-05-07,338.9788513183594,2018,2
Dabur,2018-05-08,339.3000793457031,2018,2
Dabur,2018-05-09,338.2445678710937,2018,2
Dabur,2018-05-10,337.6021728515625,2018,2
Dabur,2018-05-11,336.3172912597656,2018,2
Dabur,2018-05-14,340.03424072265625,2018,2
Dabur,2018-05-15,340.1719665527344,2018,2
Dabur,2018-05-16,343.1087646484375,2018,2
Dabur,2018-05-17,340.8143615722656,2018,2
Dabur,2018-05-18,343.75115966796875,2018,2
Dabur,2018-05-21,342.46630859375,2018,2
Dabur,2018-05-22,343.888916015625,2018,2
Dabur,2018-05-23,337.92333984375,2018,2
Dabur,2018-05-24,339.11651611328125,2018,2
Dabur,2018-05-25,347.1927795410156,2018,2
Dabur,2018-05-28,346.73394775390625,2018,2
Dabur,2018-05-29,353.8466796875,2018,2
Dabur,2018-05-30,350.4967956542969,2018,2
Dabur,2018-05-31,351.78173828125,2018,2
Dabur,2018-06-01,354.9480895996094,2018,2
Dabur,2018-06-04,353.2960205078125,2018,2
Dabur,2018-06-05,349.5789794921875,2018,2
Dabur,2018-06-06,347.4682006835937,2018,2
Dabur,2018-06-07,352.3782958984375,2018,2
Dabur,2018-06-08,350.90985107421875,2018,2
Dabur,2018-06-11,354.4432678222656,2018,2
Dabur,2018-06-12,355.1774597167969,2018,2
Dabur,2018-06-13,356.2328796386719,2018,2
Dabur,2018-06-14,355.085693359375,2018,2
Dabur,2018-06-15,352.2864990234375,2018,2
Dabur,2018-06-18,354.6268310546875,2018,2
Dabur,2018-06-19,348.6153564453125,2018,2
Dabur,2018-06-20,348.56951904296875,2018,2
Dabur,2018-06-21,353.89263916015625,2018,2
Dabur,2018-06-22,353.47955322265625,2018,2
Dabur,2018-06-25,352.8371887207031,2018,2
Dabur,2018-06-26,354.7185363769531,2018,2
Dabur,2018-06-27,361.1430358886719,2018,2
Dabur,2018-06-28,355.59051513671875,2018,2
Dabur,2018-06-29,359.26153564453125,2018,2
Dabur,2018-07-02,352.1487731933594,2018,3
Dabur,2018-07-03,353.11248779296875,2018,3
Dabur,2018-07-04,354.2785949707031,2018,3
Dabur,2018-07-05,351.5264587402344,2018,3
Dabur,2018-07-06,345.1825561523437,2018,3
Dabur,2018-07-09,349.9872131347656,2018,3
Dabur,2018-07-10,351.0134582519531,2018,3
Dabur,2018-07-11,353.2991027832031,2018,3
Dabur,2018-07-12,352.7392883300781,2018,3
Dabur,2018-07-13,350.8734436035156,2018,3
Dabur,2018-07-16,342.6636657714844,2018,3
Dabur,2018-07-17,352.50604248046875,2018,3
Dabur,2018-07-18,349.14752197265625,2018,3
Dabur,2018-07-19,350.1270751953125,2018,3
Dabur,2018-07-20,347.9813537597656,2018,3
Dabur,2018-07-23,348.8210144042969,2018,3
Dabur,2018-07-24,348.634521484375,2018,3
Dabur,2018-07-25,346.67529296875,2018,3
Dabur,2018-07-26,348.26123046875,2018,3
Dabur,2018-07-27,360.109375,2018,3
Dabur,2018-07-30,367.0597229003906,2018,3
Dabur,2018-07-31,393.2749328613281,2018,3
Dabur,2018-08-01,403.25726318359375,2018,3
Dabur,2018-08-02,400.1319274902344,2018,3
Dabur,2018-08-03,407.5953063964844,2018,3
Dabur,2018-08-06,406.7556457519531,2018,3
Dabur,2018-08-07,413.4728088378906,2018,3
Dabur,2018-08-08,415.2919616699219,2018,3
Dabur,2018-08-09,415.99169921875,2018,3
Dabur,2018-08-10,412.9130554199219,2018,3
Dabur,2018-08-13,411.6069030761719,2018,3
Dabur,2018-08-14,422.6154174804688,2018,3
Dabur,2018-08-16,415.0587768554688,2018,3
Dabur,2018-08-17,425.6007385253906,2018,3
Dabur,2018-08-20,422.8952331542969,2018,3
Dabur,2018-08-21,428.02642822265625,2018,3
Dabur,2018-08-23,451.4895935058594,2018,3
Dabur,2018-08-24,443.2331237792969,2018,3
Dabur,2018-08-27,449.6236267089844,2018,3
Dabur,2018-08-28,453.1687927246094,2018,3
Dabur,2018-08-29,445.751953125,2018,3
Dabur,2018-08-30,447.711181640625,2018,3
Dabur,2018-08-31,446.6383361816406,2018,3
Dabur,2018-09-03,435.0700378417969,2018,3
Dabur,2018-09-04,418.5105895996094,2018,3
Dabur,2018-09-05,426.2538146972656,2018,3
Dabur,2018-09-06,423.6417236328125,2018,3
Dabur,2018-09-07,436.88916015625,2018,3
Dabur,2018-09-10,419.7233581542969,2018,3
Dabur,2018-09-11,413.9858703613281,2018,3
Dabur,2018-09-12,423.7349548339844,2018,3
Dabur,2018-09-14,436.8425903320313,2018,3
Dabur,2018-09-17,430.8717956542969,2018,3
Dabur,2018-09-18,438.8483276367188,2018,3
Dabur,2018-09-19,435.5365295410156,2018,3
Dabur,2018-09-21,425.1343383789063,2018,3
Dabur,2018-09-24,403.3971862792969,2018,3
Dabur,2018-09-25,408.1550903320313,2018,3
Dabur,2018-09-26,407.1755676269531,2018,3
Dabur,2018-09-27,407.9684448242188,2018,3
Dabur,2018-09-28,398.26611328125,2018,3
Dabur,2018-10-01,409.7877502441406,2018,4
Dabur,2018-10-03,396.77337646484375,2018,4
Dabur,2018-10-04,387.5841064453125,2018,4
Dabur,2018-10-05,391.8755493164063,2018,4
Dabur,2018-10-08,382.2197570800781,2018,4
Dabur,2018-10-09,366.08013916015625,2018,4
Dabur,2018-10-10,378.0682373046875,2018,4
Dabur,2018-10-11,366.9664611816406,2018,4
Dabur,2018-10-12,380.4938354492188,2018,4
Dabur,2018-10-15,369.7652282714844,2018,4
Dabur,2018-10-16,379.3743286132813,2018,4
Dabur,2018-10-17,376.0158386230469,2018,4
Dabur,2018-10-19,377.3219299316406,2018,4
Dabur,2018-10-22,377.5551452636719,2018,4
Dabur,2018-10-23,373.7301330566406,2018,4
Dabur,2018-10-24,377.9749450683594,2018,4
Dabur,2018-10-25,371.817626953125,2018,4
Dabur,2018-10-26,371.5377502441406,2018,4
Dabur,2018-10-29,381.93988037109375,2018,4
Dabur,2018-10-30,369.7652282714844,2018,4
Dabur,2018-10-31,358.9432678222656,2018,4
Dabur,2018-11-01,345.7890319824219,2018,4
Dabur,2018-11-02,344.6695251464844,2018,4
Dabur,2018-11-05,342.243896484375,2018,4
Dabur,2018-11-06,341.4042053222656,2018,4
Dabur,2018-11-07,344.5295104980469,2018,4
Dabur,2018-11-09,353.09478759765625,2018,4
Dabur,2018-11-12,352.2522888183594,2018,4
Dabur,2018-11-13,345.9336853027344,2018,4
Dabur,2018-11-14,354.639404296875,2018,4
Dabur,2018-11-15,364.0003662109375,2018,4
Dabur,2018-11-16,370.36572265625,2018,4
Dabur,2018-11-19,382.3945617675781,2018,4
Dabur,2018-11-20,368.914794921875,2018,4
Dabur,2018-11-21,374.9058227539063,2018,4
Dabur,2018-11-22,375.1866149902344,2018,4
Dabur,2018-11-26,392.2703552246094,2018,4
Dabur,2018-11-27,393.955322265625,2018,4
Dabur,2018-11-28,388.2920227050781,2018,4
Dabur,2018-11-29,388.432373046875,2018,4
Dabur,2018-11-30,382.9562072753906,2018,4
Dabur,2018-12-03,386.5602416992188,2018,4
Dabur,2018-12-04,382.8626403808594,2018,4
Dabur,2018-12-05,383.37744140625,2018,4
Dabur,2018-12-06,374.9994812011719,2018,4
Dabur,2018-12-07,385.1560668945313,2018,4
Dabur,2018-12-10,379.679931640625,2018,4
Dabur,2018-12-11,386.0921630859375,2018,4
Dabur,2018-12-12,403.0354309082031,2018,4
Dabur,2018-12-13,406.9202270507813,2018,4
Dabur,2018-12-14,415.6726684570313,2018,4
Dabur,2018-12-17,414.128173828125,2018,4
Dabur,2018-12-18,414.5962829589844,2018,4
Dabur,2018-12-19,427.6079406738281,2018,4
Dabur,2018-12-20,415.6726684570313,2018,4
Dabur,2018-12-21,409.7752990722656,2018,4
Dabur,2018-12-24,398.6357727050781,2018,4
Dabur,2018-12-26,395.593505859375,2018,4
Dabur,2018-12-27,402.4738159179688,2018,4
Dabur,2018-12-28,405.5628967285156,2018,4
Dabur,2018-12-31,403.1290588378906,2018,4
Dabur,2019-01-01,394.8914489746094,2019,1
Dabur,2019-01-02,389.7897338867188,2019,1
Dabur,2019-01-03,395.0318298339844,2019,1
Dabur,2019-01-04,392.4575805664063,2019,1
Dabur,2019-01-07,393.5809020996094,2019,1
Dabur,2019-01-08,389.7897338867188,2019,1
Dabur,2019-01-09,394.5637512207031,2019,1
Dabur,2019-01-10,394.2361755371094,2019,1
Dabur,2019-01-11,394.70416259765625,2019,1
Dabur,2019-01-14,405.7969055175781,2019,1
Dabur,2019-01-15,398.869873046875,2019,1
Dabur,2019-01-16,396.76361083984375,2019,1
Dabur,2019-01-17,393.4404602050781,2019,1
Dabur,2019-01-18,396.9976196289063,2019,1
Dabur,2019-01-21,400.788818359375,2019,1
Dabur,2019-01-22,405.6565246582031,2019,1
Dabur,2019-01-23,403.1290588378906,2019,1
Dabur,2019-01-24,402.89495849609375,2019,1
Dabur,2019-01-25,402.5205993652344,2019,1
Dabur,2019-01-28,400.0867004394531,2019,1
Dabur,2019-01-29,396.1083068847656,2019,1
Dabur,2019-01-30,403.5970458984375,2019,1
Dabur,2019-01-31,415.29827880859375,2019,1
Dabur,2019-02-01,422.9742126464844,2019,1
Dabur,2019-02-04,418.85546875,2019,1
Dabur,2019-02-05,420.3532104492188,2019,1
Dabur,2019-02-06,424.7060546875,2019,1
Dabur,2019-02-07,430.4161376953125,2019,1
Dabur,2019-02-08,423.06787109375,2019,1
Dabur,2019-02-11,420.2595520019531,2019,1
Dabur,2019-02-12,417.7321472167969,2019,1
Dabur,2019-02-14,412.0687561035156,2019,1
Dabur,2019-02-15,406.5457458496094,2019,1
Dabur,2019-02-18,395.3594665527344,2019,1
Dabur,2019-02-19,393.9085083007813,2019,1
Dabur,2019-02-20,397.559326171875,2019,1
Dabur,2019-02-21,399.29107666015625,2019,1
Dabur,2019-02-22,407.5754699707031,2019,1
Dabur,2019-02-25,404.2991943359375,2019,1
Dabur,2019-02-26,401.444091796875,2019,1
Dabur,2019-02-27,406.82666015625,2019,1
Dabur,2019-02-28,410.05609130859375,2019,1
Dabur,2019-03-01,416.8428039550781,2019,1
Dabur,2019-03-05,414.5025634765625,2019,1
Dabur,2019-03-06,408.8392639160156,2019,1
Dabur,2019-03-07,405.4224853515625,2019,1
Dabur,2019-03-08,404.5800476074219,2019,1
Dabur,2019-03-11,414.0345764160156,2019,1
Dabur,2019-03-12,418.7150268554688,2019,1
Dabur,2019-03-13,412.1623840332031,2019,1
Dabur,2019-03-14,410.8518371582031,2019,1
Dabur,2019-03-15,398.2613525390625,2019,1
Dabur,2019-03-18,400.2271728515625,2019,1
Dabur,2019-03-19,399.7591247558594,2019,1
Dabur,2019-03-20,398.8230285644531,2019,1
Dabur,2019-03-22,397.8868713378906,2019,1
Dabur,2019-03-25,393.1128540039063,2019,1
Dabur,2019-03-26,397.9337158203125,2019,1
Dabur,2019-03-27,384.96881103515625,2019,1
Dabur,2019-03-28,384.6880187988281,2019,1
Dabur,2019-04-01,375.3270263671875,2019,2
Dabur,2019-04-02,376.3099365234375,2019,2
Dabur,2019-04-03,377.6672973632813,2019,2
Dabur,2019-04-04,379.1650390625,2019,2
Dabur,2019-04-05,374.7653503417969,2019,2
Dabur,2019-04-08,375.4674072265625,2019,2
Dabur,2019-04-09,377.8544921875,2019,2
Dabur,2019-04-10,377.5268249511719,2019,2
Dabur,2019-04-11,377.9013671875,2019,2
Dabur,2019-04-12,381.271240234375,2019,2
Dabur,2019-04-15,379.8202819824219,2019,2
Dabur,2019-04-16,382.8626403808594,2019,2
Dabur,2019-04-18,379.0714416503906,2019,2
Dabur,2019-04-22,377.7608337402344,2019,2
Dabur,2019-04-23,377.2928771972656,2019,2
Dabur,2019-04-24,373.174072265625,2019,2
Dabur,2019-04-25,369.8508911132813,2019,2
Dabur,2019-04-26,372.518798828125,2019,2
Dabur,2019-04-30,372.6591796875,2019,2
Dabur,2019-05-02,357.7284851074219,2019,2
Dabur,2019-05-03,355.9031066894531,2019,2
Dabur,2019-05-06,353.60968017578125,2019,2
Dabur,2019-05-07,351.50347900390625,2019,2
Dabur,2019-05-08,343.7806396484375,2019,2
Dabur,2019-05-09,343.8274841308594,2019,2
Dabur,2019-05-10,346.1676940917969,2019,2
Dabur,2019-05-13,339.9427185058594,2019,2
Dabur,2019-05-14,345.0444641113281,2019,2
Dabur,2019-05-15,340.317138671875,2019,2
Dabur,2019-05-16,337.97686767578125,2019,2
Dabur,2019-05-17,346.4017333984375,2019,2
Dabur,2019-05-20,357.9624938964844,2019,2
Dabur,2019-05-21,358.4773864746094,2019,2
Dabur,2019-05-22,361.0047912597656,2019,2
Dabur,2019-05-23,360.8175048828125,2019,2
Dabur,2019-05-24,373.5484619140625,2019,2
Dabur,2019-05-27,374.5313720703125,2019,2
Dabur,2019-05-28,372.6591796875,2019,2
Dabur,2019-05-29,373.501708984375,2019,2
Dabur,2019-05-30,371.0210571289063,2019,2
Dabur,2019-05-31,370.6466064453125,2019,2
Dabur,2019-06-03,382.6753845214844,2019,2
Dabur,2019-06-04,379.6330871582031,2019,2
Dabur,2019-06-06,377.19927978515625,2019,2
Dabur,2019-06-07,378.3225402832031,2019,2
Dabur,2019-06-10,383.1433715820313,2019,2
Dabur,2019-06-11,383.5646362304688,2019,2
Dabur,2019-06-12,382.8626403808594,2019,2
Dabur,2019-06-13,382.9094543457031,2019,2
Dabur,2019-06-14,374.95257568359375,2019,2
Dabur,2019-06-17,375.2334289550781,2019,2
Dabur,2019-06-18,362.923828125,2019,2
Dabur,2019-06-19,357.5412292480469,2019,2
Dabur,2019-06-20,363.0173645019531,2019,2
Dabur,2019-06-21,367.5106506347656,2019,2
Dabur,2019-06-24,367.276611328125,2019,2
Dabur,2019-06-25,369.10198974609375,2019,2
Dabur,2019-06-26,369.0552062988281,2019,2
Dabur,2019-06-27,375.4674072265625,2019,2
Dabur,2019-06-28,374.9058227539063,2019,2
Dabur,2019-07-01,376.075927734375,2019,3
Dabur,2019-07-02,376.91839599609375,2019,3
Dabur,2019-07-03,381.5989074707031,2019,3
Dabur,2019-07-04,377.19927978515625,2019,3
Dabur,2019-07-05,381.271240234375,2019,3
Dabur,2019-07-08,375.7015075683594,2019,3
Dabur,2019-07-09,380.2883605957031,2019,3
Dabur,2019-07-10,383.5646362304688,2019,3
Dabur,2019-07-11,383.09661865234375,2019,3
Dabur,2019-07-12,381.6456604003906,2019,3
Dabur,2019-07-15,384.4539489746094,2019,3
Dabur,2019-07-16,397.8401184082031,2019,3
Dabur,2019-07-17,403.5970458984375,2019,3
Dabur,2019-07-18,401.4908752441406,2019,3
Dabur,2019-07-19,393.3468933105469,2019,3
Dabur,2019-07-22,394.47015380859375,2019,3
Dabur,2019-07-23,396.66998291015625,2019,3
Dabur,2019-07-24,394.0490112304688,2019,3
Dabur,2019-07-25,395.8275146484375,2019,3
Dabur,2019-07-26,400.788818359375,2019,3
Dabur,2019-07-29,400.5548095703125,2019,3
Dabur,2019-07-30,395.9211730957031,2019,3
Dabur,2019-07-31,399.1974792480469,2019,3
Dabur,2019-08-01,398.2145690917969,2019,3
Dabur,2019-08-02,399.2442626953125,2019,3
Dabur,2019-08-05,402.1461181640625,2019,3
Dabur,2019-08-06,405.7969055175781,2019,3
Dabur,2019-08-07,404.52880859375,2019,3
Dabur,2019-08-08,408.99072265625,2019,3
Dabur,2019-08-09,412.4193420410156,2019,3
Dabur,2019-08-13,403.2137451171875,2019,3
Dabur,2019-08-14,405.5621032714844,2019,3
Dabur,2019-08-16,402.0865478515625,2019,3
Dabur,2019-08-19,405.890869140625,2019,3
Dabur,2019-08-20,405.5621032714844,2019,3
Dabur,2019-08-21,401.1471862792969,2019,3
Dabur,2019-08-22,401.5698547363281,2019,3
Dabur,2019-08-23,398.6578979492188,2019,3
Dabur,2019-08-26,409.4134216308594,2019,3
Dabur,2019-08-27,413.45257568359375,2019,3
Dabur,2019-08-28,408.4270629882813,2019,3
Dabur,2019-08-29,415.9888000488281,2019,3
Dabur,2019-08-30,421.5779113769531,2019,3
Dabur,2019-09-03,416.1767272949219,2019,3
Dabur,2019-09-04,415.3782348632813,2019,3
Dabur,2019-09-05,412.3254089355469,2019,3
Dabur,2019-09-06,414.5328369140625,2019,3
Dabur,2019-09-09,417.3038635253906,2019,3
Dabur,2019-09-11,421.8597106933594,2019,3
Dabur,2019-09-12,422.8930358886719,2019,3
Dabur,2019-09-13,424.771728515625,2019,3
Dabur,2019-09-16,427.1669921875,2019,3
Dabur,2019-09-17,424.3019714355469,2019,3
Dabur,2019-09-18,432.0986022949219,2019,3
Dabur,2019-09-19,430.7365417480469,2019,3
Dabur,2019-09-20,418.66595458984375,2019,3
Dabur,2019-09-23,414.0631103515625,2019,3
Dabur,2019-09-24,424.4898986816406,2019,3
Dabur,2019-09-25,418.5250244140625,2019,3
Dabur,2019-09-26,420.0750122070313,2019,3
Dabur,2019-09-27,419.9810485839844,2019,3
Dabur,2019-09-30,420.1219482421875,2019,3
Dabur,2019-10-01,412.9828796386719,2019,4
Dabur,2019-10-03,407.3468017578125,2019,4
Dabur,2019-10-04,399.8790588378906,2019,4
Dabur,2019-10-07,406.3135681152344,2019,4
Dabur,2019-10-09,416.8812255859375,2019,4
Dabur,2019-10-10,412.74810791015625,2019,4
Dabur,2019-10-11,418.5720520019531,2019,4
Dabur,2019-10-14,427.4018859863281,2019,4
Dabur,2019-10-15,422.70513916015625,2019,4
Dabur,2019-10-16,428.4351806640625,2019,4
Dabur,2019-10-17,434.35302734375,2019,4
Dabur,2019-10-18,438.204345703125,2019,4
Dabur,2019-10-22,443.934326171875,2019,4
Dabur,2019-10-23,443.1358947753906,2019,4
Dabur,2019-10-24,441.3041076660156,2019,4
Dabur,2019-10-25,437.31195068359375,2019,4
Dabur,2019-10-27,440.8345031738281,2019,4
Dabur,2019-10-29,437.59375,2019,4
Dabur,2019-10-30,432.4273376464844,2019,4
Dabur,2019-10-31,433.9303283691406,2019,4
Dabur,2019-11-01,435.7151184082031,2019,4
Dabur,2019-11-04,432.4743347167969,2019,4
Dabur,2019-11-05,452.1536254882813,2019,4
Dabur,2019-11-06,447.644775390625,2019,4
Dabur,2019-11-07,448.7250061035156,2019,4
Dabur,2019-11-08,444.9206848144531,2019,4
Dabur,2019-11-11,448.4902038574219,2019,4
Dabur,2019-11-13,437.0435791015625,2019,4
Dabur,2019-11-14,435.7716979980469,2019,4
Dabur,2019-11-15,434.9709167480469,2019,4
Dabur,2019-11-18,428.7530517578125,2019,4
Dabur,2019-11-19,427.4340515136719,2019,4
Dabur,2019-11-20,441.6598510742188,2019,4
Dabur,2019-11-21,437.373291015625,2019,4
Dabur,2019-11-22,436.9493408203125,2019,4
Dabur,2019-11-25,442.4136047363281,2019,4
Dabur,2019-11-26,435.9601135253906,2019,4
Dabur,2019-11-27,442.1309509277344,2019,4
Dabur,2019-11-28,439.2574768066406,2019,4
Dabur,2019-11-29,432.521484375,2019,4
Dabur,2019-12-02,427.4811706542969,2019,4
Dabur,2019-12-03,424.9375,2019,4
Dabur,2019-12-04,431.2966918945313,2019,4
Dabur,2019-12-05,439.1162414550781,2019,4
Dabur,2019-12-06,436.9493408203125,2019,4
Dabur,2019-12-09,438.4096374511719,2019,4
Dabur,2019-12-10,430.4487915039063,2019,4
Dabur,2019-12-11,425.2671813964844,2019,4
Dabur,2019-12-12,431.2024841308594,2019,4
Dabur,2019-12-13,433.3693542480469,2019,4
Dabur,2019-12-16,432.8982849121094,2019,4
Dabur,2019-12-17,433.9345703125,2019,4
Dabur,2019-12-18,436.0072326660156,2019,4
Dabur,2019-12-19,433.3693542480469,2019,4
Dabur,2019-12-20,433.1808776855469,2019,4
Dabur,2019-12-23,434.31146240234375,2019,4
Dabur,2019-12-24,431.2024841308594,2019,4
Dabur,2019-12-26,431.1082763671875,2019,4
Dabur,2019-12-27,433.1808776855469,2019,4
Dabur,2019-12-30,435.8188171386719,2019,4
Dabur,2019-12-31,431.8619689941406,2019,4
Dabur,2020-01-01,433.1808776855469,2020,1
Dabur,2020-01-02,433.3222351074219,2020,1
Dabur,2020-01-03,429.22406005859375,2020,1
Dabur,2020-01-06,422.0640563964844,2020,1
Dabur,2020-01-07,427.2456359863281,2020,1
Dabur,2020-01-08,430.2132568359375,2020,1
Dabur,2020-01-09,434.0288696289063,2020,1
Dabur,2020-01-10,439.8227844238281,2020,1
Dabur,2020-01-13,450.9866943359375,2020,1
Dabur,2020-01-14,454.70806884765625,2020,1
Dabur,2020-01-15,462.1507568359375,2020,1
Dabur,2020-01-16,459.3714599609375,2020,1
Dabur,2020-01-17,461.3028259277344,2020,1
Dabur,2020-01-20,457.91119384765625,2020,1
Dabur,2020-01-21,458.8062438964844,2020,1
Dabur,2020-01-22,458.6177368164063,2020,1
Dabur,2020-01-23,461.4441528320313,2020,1
Dabur,2020-01-24,471.524658203125,2020,1
Dabur,2020-01-27,464.6473388671875,2020,1
Dabur,2020-01-28,460.1252136230469,2020,1
Dabur,2020-01-29,463.1399536132813,2020,1
Dabur,2020-01-30,451.0339050292969,2020,1
Dabur,2020-01-31,467.0496520996094,2020,1
Dabur,2020-02-03,468.2273254394531,2020,1
Dabur,2020-02-04,474.2096862792969,2020,1
Dabur,2020-02-05,481.5580749511719,2020,1
Dabur,2020-02-06,480.14501953125,2020,1
Dabur,2020-02-07,483.9134216308594,2020,1
Dabur,2020-02-10,483.1596984863281,2020,1
Dabur,2020-02-11,479.43841552734375,2020,1
Dabur,2020-02-12,489.8015747070313,2020,1
Dabur,2020-02-13,483.0183410644531,2020,1
Dabur,2020-02-14,476.8004455566406,2020,1
Dabur,2020-02-17,471.9486083984375,2020,1
Dabur,2020-02-18,475.3402404785156,2020,1
Dabur,2020-02-19,478.6376037597656,2020,1
Dabur,2020-02-20,476.8475341796875,2020,1
Dabur,2020-02-24,471.9957580566406,2020,1
Dabur,2020-02-25,471.2890930175781,2020,1
Dabur,2020-02-26,472.8907775878906,2020,1
Dabur,2020-02-27,477.0360412597656,2020,1
Dabur,2020-02-28,467.3794250488281,2020,1
Dabur,2020-03-02,470.3470458984375,2020,1
Dabur,2020-03-03,477.27154541015625,2020,1
Dabur,2020-03-04,484.6200256347656,2020,1
Dabur,2020-03-05,487.9644470214844,2020,1
Dabur,2020-03-06,471.5718383789063,2020,1
Dabur,2020-03-09,455.1791076660156,2020,1
Dabur,2020-03-11,459.7483215332031,2020,1
Dabur,2020-03-12,428.894287109375,2020,1
Dabur,2020-03-13,424.5134887695313,2020,1
Dabur,2020-03-16,406.519287109375,2020,1
Dabur,2020-03-17,405.4829406738281,2020,1
Dabur,2020-03-18,390.550537109375,2020,1
Dabur,2020-03-19,394.6016845703125,2020,1
Dabur,2020-03-20,418.6253662109375,2020,1
Dabur,2020-03-23,373.12152099609375,2020,1
Dabur,2020-03-24,377.9734191894531,2020,1
Dabur,2020-03-25,381.7418823242188,2020,1
Dabur,2020-03-26,401.2905578613281,2020,1
Dabur,2020-03-27,398.5114135742188,2020,1
Dabur,2020-03-30,402.7979736328125,2020,1
Dabur,2020-03-31,423.9953308105469,2020,1
Dabur,2020-04-01,409.6753540039063,2020,2
Dabur,2020-04-03,403.033447265625,2020,2
Dabur,2020-04-07,449.9033203125,2020,2
Dabur,2020-04-08,460.0309448242188,2020,2
Dabur,2020-04-09,457.251708984375,2020,2
Dabur,2020-04-13,452.0230407714844,2020,2
Dabur,2020-04-15,473.7386474609375,2020,2
Dabur,2020-04-16,474.35101318359375,2020,2
Dabur,2020-04-17,461.7267761230469,2020,2
Dabur,2020-04-20,464.3175964355469,2020,2
Dabur,2020-04-21,469.35784912109375,2020,2
Dabur,2020-04-22,473.5972900390625,2020,2
Dabur,2020-04-23,470.1115112304688,2020,2
Dabur,2020-04-24,470.1585693359375,2020,2
Dabur,2020-04-27,463.2812194824219,2020,2
Dabur,2020-04-28,459.3243408203125,2020,2
Dabur,2020-04-29,450.562744140625,2020,2
Dabur,2020-04-30,460.97308349609375,2020,2
Dabur,2020-05-04,441.6127624511719,2020,2
Dabur,2020-05-05,426.3035278320313,2020,2
Dabur,2020-05-06,429.3182373046875,2020,2
Dabur,2020-05-07,416.3172302246094,2020,2
Dabur,2020-05-08,420.9334716796875,2020,2
Dabur,2020-05-11,420.6979675292969,2020,2
Dabur,2020-05-12,417.4948120117188,2020,2
Dabur,2020-05-13,418.34271240234375,2020,2
Dabur,2020-05-14,432.0503234863281,2020,2
Dabur,2020-05-15,418.2013854980469,2020,2
Dabur,2020-05-18,410.85302734375,2020,2
Dabur,2020-05-19,411.7951354980469,2020,2
Dabur,2020-05-20,414.1974182128906,2020,2
Dabur,2020-05-21,414.6684875488281,2020,2
Dabur,2020-05-22,406.707763671875,2020,2
Dabur,2020-05-26,408.0266723632813,2020,2
Dabur,2020-05-27,404.1169128417969,2020,2
Dabur,2020-05-28,422.44085693359375,2020,2
Dabur,2020-05-29,439.4458923339844,2020,2
Dabur,2020-06-01,442.0838623046875,2020,2
Dabur,2020-06-02,434.1701354980469,2020,2
Dabur,2020-06-03,436.5253601074219,2020,2
Dabur,2020-06-04,435.7716979980469,2020,2
Dabur,2020-06-05,436.0544128417969,2020,2
Dabur,2020-06-08,431.5793762207031,2020,2
Dabur,2020-06-09,439.5401306152344,2020,2
Dabur,2020-06-10,435.1593322753906,2020,2
Dabur,2020-06-11,424.0424499511719,2020,2
Dabur,2020-06-12,429.2711486816406,2020,2
Dabur,2020-06-15,427.386962890625,2020,2
Dabur,2020-06-16,422.5351257324219,2020,2
Dabur,2020-06-17,414.9982299804688,2020,2
Dabur,2020-06-18,414.5272216796875,2020,2
Dabur,2020-06-19,417.4006652832031,2020,2
Dabur,2020-06-22,417.8245849609375,2020,2
Dabur,2020-06-23,432.0503234863281,2020,2
Dabur,2020-06-24,428.7058410644531,2020,2
Dabur,2020-06-25,432.5685424804688,2020,2
Dabur,2020-06-26,433.6990661621094,2020,2
Dabur,2020-06-29,436.9022521972656,2020,2
Dabur,2020-06-30,438.974853515625,2020,2
Dabur,2020-07-01,439.5871887207031,2020,3
Dabur,2020-07-02,438.1269836425781,2020,3
Dabur,2020-07-03,440.01116943359375,2020,3
Dabur,2020-07-06,438.974853515625,2020,3
Dabur,2020-07-07,450.8454284667969,2020,3
Dabur,2020-07-08,445.8522338867188,2020,3
Dabur,2020-07-09,445.6638488769531,2020,3
Dabur,2020-07-10,446.70013427734375,2020,3
Dabur,2020-07-13,456.450927734375,2020,3
Dabur,2020-07-14,451.693359375,2020,3
Dabur,2020-07-15,451.8818054199219,2020,3
Dabur,2020-07-16,459.4186401367188,2020,3
Dabur,2020-07-17,462.3391418457031,2020,3
Dabur,2020-07-20,471.9486083984375,2020,3
Dabur,2020-07-21,463.1871032714844,2020,3
Dabur,2020-07-22,453.20068359375,2020,3
Dabur,2020-07-23,451.693359375,2020,3
Dabur,2020-07-24,444.2035217285156,2020,3
Dabur,2020-07-27,439.3987731933594,2020,3
Dabur,2020-07-28,447.59521484375,2020,3
Dabur,2020-07-29,461.2556762695313,2020,3
Dabur,2020-07-30,463.4225158691406,2020,3
Dabur,2020-07-31,483.8191833496094,2020,3
Dabur,2020-08-03,480.8986511230469,2020,3
Dabur,2020-08-04,477.601318359375,2020,3
Dabur,2020-08-05,473.9270629882813,2020,3
Dabur,2020-08-06,477.45989990234375,2020,3
Dabur,2020-08-07,482.6415100097656,2020,3
Dabur,2020-08-10,479.108642578125,2020,3
Dabur,2020-08-11,483.4423522949219,2020,3
Dabur,2020-08-12,474.44525146484375,2020,3
Dabur,2020-08-13,470.5230712890625,2020,3
Dabur,2020-08-14,469.8141479492188,2020,3
Dabur,2020-08-17,468.3492126464844,2020,3
Dabur,2020-08-18,469.7196350097656,2020,3
Dabur,2020-08-19,467.0733947753906,2020,3
Dabur,2020-08-20,465.5611877441406,2020,3
Dabur,2020-08-21,464.9468994140625,2020,3
Dabur,2020-08-24,463.5764770507813,2020,3
Dabur,2020-08-25,464.9468994140625,2020,3
Dabur,2020-08-26,468.727294921875,2020,3
Dabur,2020-08-27,466.0809631347656,2020,3
Dabur,2020-08-28,462.2532958984375,2020,3
Dabur,2020-08-31,448.5491943359375,2020,3
Dabur,2020-09-01,460.8356628417969,2020,3
Dabur,2020-09-02,462.63128662109375,2020,3
Dabur,2020-09-03,467.5458984375,2020,3
Dabur,2020-09-04,457.24420166015625,2020,3
Dabur,2020-09-07,461.11907958984375,2020,3
Dabur,2020-09-08,459.7015380859375,2020,3
Dabur,2020-09-09,465.3249206542969,2020,3
Dabur,2020-09-10,468.3019714355469,2020,3
Dabur,2020-09-11,480.3521728515625,2020,3
Dabur,2020-09-14,476.5245056152344,2020,3
Dabur,2020-09-15,477.9893798828125,2020,3
Dabur,2020-09-16,481.6280212402344,2020,3
Dabur,2020-09-17,474.9649963378906,2020,3
Dabur,2020-09-18,480.5411682128906,2020,3
Dabur,2020-09-21,463.7654724121094,2020,3
Dabur,2020-09-22,465.088623046875,2020,3
Dabur,2020-09-23,459.0871887207031,2020,3
Dabur,2020-09-24,459.6069641113281,2020,3
Dabur,2020-09-25,465.5611877441406,2020,3
Dabur,2020-09-28,475.6265869140625,2020,3
Dabur,2020-09-29,469.9087219238281,2020,3
Dabur,2020-09-30,482.5258483886719,2020,3
Dabur,2020-10-01,485.5974731445313,2020,4
Dabur,2020-10-05,491.4572143554688,2020,4
Dabur,2020-10-06,497.8840026855469,2020,4
Dabur,2020-10-07,495.2848510742188,2020,4
Dabur,2020-10-08,493.3946228027344,2020,4
Dabur,2020-10-09,490.6065979003906,2020,4
Dabur,2020-10-12,487.20416259765625,2020,4
Dabur,2020-10-13,486.0227966308594,2020,4
Dabur,2020-10-14,488.57464599609375,2020,4
Dabur,2020-10-15,489.18890380859375,2020,4
Dabur,2020-10-16,483.61279296875,2020,4
Dabur,2020-10-19,490.7955932617188,2020,4
Dabur,2020-10-20,499.0652160644531,2020,4
Dabur,2020-10-21,487.5350036621094,2020,4
Dabur,2020-10-22,479.3124694824219,2020,4
Dabur,2020-10-23,490.6538696289063,2020,4
Dabur,2020-10-26,485.31396484375,2020,4
Dabur,2020-10-27,494.4815979003906,2020,4
Dabur,2020-10-28,488.76361083984375,2020,4
Dabur,2020-10-29,491.2209167480469,2020,4
Dabur,2020-10-30,483.3764953613281,2020,4
Dabur,2020-11-02,478.4618835449219,2020,4
Dabur,2020-11-03,487.1097412109375,2020,4
Dabur,2020-11-04,489.9923095703125,2020,4
Dabur,2020-11-05,491.0319213867188,2020,4
Dabur,2020-11-06,498.261962890625,2020,4
Dabur,2020-11-09,498.5927734375,2020,4
Dabur,2020-11-10,486.7316589355469,2020,4
Dabur,2020-11-11,483.6495361328125,2020,4
Dabur,2020-11-12,491.1414184570313,2020,4
Dabur,2020-11-13,488.7705383300781,2020,4
Dabur,2020-11-14,490.43017578125,2020,4
Dabur,2020-11-17,485.2142639160156,2020,4
Dabur,2020-11-18,479.2872314453125,2020,4
Dabur,2020-11-19,481.0890808105469,2020,4
Dabur,2020-11-20,482.1322021484375,2020,4
Dabur,2020-11-23,482.7960815429688,2020,4
Dabur,2020-11-24,481.6580505371094,2020,4
Dabur,2020-11-25,475.3990173339844,2020,4
Dabur,2020-11-26,478.0544128417969,2020,4
Dabur,2020-11-27,473.9765625,2020,4
Dabur,2020-12-01,479.8562622070313,2020,4
Dabur,2020-12-02,476.5370788574219,2020,4
Dabur,2020-12-03,475.5887756347656,2020,4
Dabur,2020-12-04,476.3473815917969,2020,4
Dabur,2020-12-07,476.1103210449219,2020,4
Dabur,2020-12-08,476.6318664550781,2020,4
Dabur,2020-12-09,476.20513916015625,2020,4
Dabur,2020-12-10,487.8222351074219,2020,4
Dabur,2020-12-11,487.2532653808594,2020,4
Dabur,2020-12-14,487.0634765625,2020,4
Dabur,2020-12-15,487.3005981445313,2020,4
Dabur,2020-12-16,487.1109924316406,2020,4
Dabur,2020-12-17,485.0720520019531,2020,4
Dabur,2020-12-18,483.0331115722656,2020,4
Dabur,2020-12-21,477.5802307128906,2020,4
Dabur,2020-12-22,478.1966552734375,2020,4
Dabur,2020-12-23,483.7918090820313,2020,4
Dabur,2020-12-24,487.9644470214844,2020,4
Dabur,2020-12-28,497.9219970703125,2020,4
Dabur,2020-12-29,501.6204833984375,2020,4
Dabur,2020-12-30,511.6727294921875,2020,4
Dabur,2020-12-31,506.4095153808594,2020,4
Dabur,2021-01-01,506.5992431640625,2021,1
Dabur,2021-01-04,515.2764282226562,2021,1
Dabur,2021-01-05,511.0564575195313,2021,1
Dabur,2021-01-06,506.50433349609375,2021,1
Dabur,2021-01-07,507.5475463867188,2021,1
Dabur,2021-01-08,512.1943359375,2021,1
Dabur,2021-01-11,518.2637329101562,2021,1
Dabur,2021-01-12,513.0478515625,2021,1
Dabur,2021-01-13,508.4010314941406,2021,1
Dabur,2021-01-14,520.5870971679688,2021,1
Dabur,2021-01-15,512.8108520507812,2021,1
Dabur,2021-01-18,509.728759765625,2021,1
Dabur,2021-01-19,513.42724609375,2021,1
Dabur,2021-01-20,509.8709411621094,2021,1
Dabur,2021-01-21,509.3019714355469,2021,1
Dabur,2021-01-22,505.413818359375,2021,1
Dabur,2021-01-25,505.0818786621094,2021,1
Dabur,2021-01-27,500.2453308105469,2021,1
Dabur,2021-01-28,500.624755859375,2021,1
Dabur,2021-01-29,487.9644470214844,2021,1
Dabur,2021-02-01,498.0641479492188,2021,1
Dabur,2021-02-02,499.2021789550781,2021,1
Dabur,2021-02-03,497.6375122070313,2021,1
Dabur,2021-02-04,498.9176635742188,2021,1
Dabur,2021-02-05,494.79241943359375,2021,1
Dabur,2021-02-08,491.6155700683594,2021,1
Dabur,2021-02-09,498.0167846679688,2021,1
Dabur,2021-02-10,497.5426940917969,2021,1
Dabur,2021-02-11,508.1165771484375,2021,1
Dabur,2021-02-12,506.4095153808594,2021,1
Dabur,2021-02-15,500.0556640625,2021,1
Dabur,2021-02-16,495.5985107421875,2021,1
Dabur,2021-02-17,493.1803283691406,2021,1
Dabur,2021-02-18,493.1803283691406,2021,1
Dabur,2021-02-19,486.9212646484375,2021,1
Dabur,2021-02-22,474.4981384277344,2021,1
Dabur,2021-02-23,474.2136535644531,2021,1
Dabur,2021-02-24,477.6275939941406,2021,1
Dabur,2021-02-25,482.7486267089844,2021,1
Dabur,2021-02-26,477.1060791015625,2021,1
Dabur,2021-03-01,479.7139892578125,2021,1
Dabur,2021-03-02,484.8349304199219,2021,1
Dabur,2021-03-03,491.33099365234375,2021,1
Dabur,2021-03-04,497.1159057617188,2021,1
Dabur,2021-03-05,497.3055725097656,2021,1
Dabur,2021-03-08,501.3360290527344,2021,1
Dabur,2021-03-09,498.5857543945313,2021,1
Dabur,2021-03-10,503.7067260742188,2021,1
Dabur,2021-03-12,496.40472412109375,2021,1
Dabur,2021-03-15,498.9176635742188,2021,1
Dabur,2021-03-16,501.7626953125,2021,1
Dabur,2021-03-17,500.292724609375,2021,1
Dabur,2021-03-18,494.9347534179688,2021,1
Dabur,2021-03-19,497.6847839355469,2021,1
Dabur,2021-03-22,505.9353332519531,2021,1
Dabur,2021-03-23,505.6982421875,2021,1
Dabur,2021-03-24,501.7152099609375,2021,1
Dabur,2021-03-25,490.6197814941406,2021,1
Dabur,2021-03-26,502.4264831542969,2021,1
Dabur,2021-03-30,510.2027893066406,2021,1
Dabur,2021-03-31,512.57373046875,2021,1
Dabur,2021-04-01,510.8193664550781,2021,2
Dabur,2021-04-05,509.2545166015625,2021,2
Dabur,2021-04-06,518.6902465820312,2021,2
Dabur,2021-04-07,524.6175537109375,2021,2
Dabur,2021-04-08,530.26025390625,2021,2
Dabur,2021-04-09,531.5402221679688,2021,2
Dabur,2021-04-12,526.0874633789062,2021,2
Dabur,2021-04-13,531.3032836914062,2021,2
Dabur,2021-04-15,542.4935302734375,2021,2
Dabur,2021-04-16,545.2911987304688,2021,2
Dabur,2021-04-19,539.7908935546875,2021,2
Dabur,2021-04-20,539.6011352539062,2021,2
Dabur,2021-04-22,536.8984375,2021,2
Dabur,2021-04-23,531.0188598632812,2021,2
Dabur,2021-04-26,513.3323364257812,2021,2
Dabur,2021-04-27,510.77191162109375,2021,2
Dabur,2021-04-28,513.2850341796875,2021,2
Dabur,2021-04-29,513.9014282226562,2021,2
Dabur,2021-04-30,510.2503051757813,2021,2
Dabur,2021-05-03,514.37548828125,2021,2
Dabur,2021-05-04,509.7760314941406,2021,2
Dabur,2021-05-05,513.00048828125,2021,2
Dabur,2021-05-06,517.0783081054688,2021,2
Dabur,2021-05-07,506.97845458984375,2021,2
Dabur,2021-05-10,495.7407836914063,2021,2
Dabur,2021-05-11,498.3013305664063,2021,2
Dabur,2021-05-12,501.8576354980469,2021,2
Dabur,2021-05-14,507.3579406738281,2021,2
Dabur,2021-05-17,506.741455078125,2021,2
Dabur,2021-05-18,503.6592712402344,2021,2
Dabur,2021-05-19,510.2503051757813,2021,2
Dabur,2021-05-20,508.1165771484375,2021,2
Dabur,2021-05-21,509.0174560546875,2021,2
Dabur,2021-05-24,505.6982421875,2021,2
Dabur,2021-05-25,503.1377258300781,2021,2
Dabur,2021-05-26,504.7025451660156,2021,2
Dabur,2021-05-27,499.9608459472656,2021,2
Dabur,2021-05-28,502.99560546875,2021,2
Dabur,2021-05-31,512.5263061523438,2021,2
Dabur,2021-06-01,509.3019714355469,2021,2
Dabur,2021-06-02,504.74993896484375,2021,2
Dabur,2021-06-03,512.8582153320312,2021,2
Dabur,2021-06-04,515.9403076171875,2021,2
Dabur,2021-06-07,520.1603393554688,2021,2
Dabur,2021-06-08,527.6046752929688,2021,2
Dabur,2021-06-09,529.738525390625,2021,2
Dabur,2021-06-10,531.0188598632812,2021,2
Dabur,2021-06-11,535.9974975585938,2021,2
Dabur,2021-06-14,539.0794677734375,2021,2
Dabur,2021-06-15,545.1015014648438,2021,2
Dabur,2021-06-16,550.6017456054688,2021,2
Dabur,2021-06-17,543.5841674804688,2021,2
Dabur,2021-06-18,547.2825927734375,2021,2
Dabur,2021-06-21,542.2090454101562,2021,2
Dabur,2021-06-22,537.3726196289062,2021,2
Dabur,2021-06-23,537.1829223632812,2021,2
Dabur,2021-06-24,545.480712890625,2021,2
Dabur,2021-06-25,535.2863159179688,2021,2
Dabur,2021-06-28,537.7518310546875,2021,2
Dabur,2021-06-29,538.036376953125,2021,2
Dabur,2021-06-30,539.3641357421875,2021,2
Dabur,2021-07-01,559.279052734375,2021,3
Dabur,2021-07-02,559.94287109375,2021,3
Dabur,2021-07-05,557.3350219726562,2021,3
Dabur,2021-07-06,561.22314453125,2021,3
Dabur,2021-07-07,563.6889038085938,2021,3
Dabur,2021-07-08,565.3009643554688,2021,3
Dabur,2021-07-09,564.8267822265625,2021,3
Dabur,2021-07-12,562.50341796875,2021,3
Dabur,2021-07-13,558.7100830078125,2021,3
Dabur,2021-07-14,555.0589599609375,2021,3
Dabur,2021-07-15,554.2529907226562,2021,3
Dabur,2021-07-16,550.3173828125,2021,3
Dabur,2021-07-19,558.3782348632812,2021,3
Dabur,2021-07-20,557.8092651367188,2021,3
Dabur,2021-07-22,558.0462036132812,2021,3
Dabur,2021-07-23,559.6583862304688,2021,3
Dabur,2021-07-26,564.5897216796875,2021,3
Dabur,2021-07-27,558.2833251953125,2021,3
Dabur,2021-07-28,559.6109008789062,2021,3
Dabur,2021-07-29,557.2279663085938,2021,3
Dabur,2021-07-30,572.5741577148438,2021,3
Dabur,2021-08-02,571.0014038085938,2021,3
Dabur,2021-08-03,585.48974609375,2021,3
Dabur,2021-08-04,560.564208984375,2021,3
Dabur,2021-08-05,561.9462280273438,2021,3
Dabur,2021-08-06,557.7998657226562,2021,3
Dabur,2021-08-09,554.5114135742188,2021,3
Dabur,2021-08-10,552.65283203125,2021,3
Dabur,2021-08-11,548.1727905273438,2021,3
Dabur,2021-08-12,548.458740234375,2021,3
Dabur,2021-08-13,560.7546997070312,2021,3
Dabur,2021-08-16,560.8023681640625,2021,3
Dabur,2021-08-17,568.6661987304688,2021,3
Dabur,2021-08-18,569.4287719726562,2021,3
Dabur,2021-08-20,583.05908203125,2021,3
Dabur,2021-08-23,581.3434448242188,2021,3
Dabur,2021-08-24,565.0917358398438,2021,3
Dabur,2021-08-25,572.0022583007812,2021,3
Dabur,2021-08-26,577.1494750976562,2021,3
Dabur,2021-08-27,580.247314453125,2021,3
Dabur,2021-08-30,587.8726806640625,2021,3
Dabur,2021-08-31,592.4002685546875,2021,3
Dabur,2021-09-01,596.9278564453125,2021,3
Dabur,2021-09-02,610.8442993164062,2021,3
Dabur,2021-09-03,611.2255859375,2021,3
Dabur,2021-09-06,605.0775146484375,2021,3
Dabur,2021-09-07,608.1278076171875,2021,3
Dabur,2021-09-08,610.6537475585938,2021,3
Dabur,2021-09-09,608.4136352539062,2021,3
Dabur,2021-09-13,610.2247314453125,2021,3
Dabur,2021-09-14,609.2715454101562,2021,3
Dabur,2021-09-15,607.365234375,2021,3
Dabur,2021-09-16,610.4153442382812,2021,3
Dabur,2021-09-17,623.3309326171875,2021,3
Dabur,2021-09-20,615.4194946289062,2021,3
Dabur,2021-09-21,620.8049926757812,2021,3
Dabur,2021-09-22,618.0408935546875,2021,3
Dabur,2021-09-23,617.325927734375,2021,3
Dabur,2021-09-24,621.3770141601562,2021,3
Dabur,2021-09-27,603.552490234375,2021,3
Dabur,2021-09-28,597.023193359375,2021,3
Dabur,2021-09-29,593.9730224609375,2021,3
Dabur,2021-09-30,588.1586303710938,2021,3
Dabur,2021-10-01,589.0165405273438,2021,4
Dabur,2021-10-04,594.9738159179688,2021,4
Dabur,2021-10-05,587.348388671875,2021,4
Dabur,2021-10-06,586.1569213867188,2021,4
Dabur,2021-10-07,586.34765625,2021,4
Dabur,2021-10-08,578.5792236328125,2021,4
Dabur,2021-10-11,580.1520385742188,2021,4
Dabur,2021-10-12,587.9202880859375,2021,4
Dabur,2021-10-13,594.5925903320312,2021,4
Dabur,2021-10-14,586.3953247070312,2021,4
Dabur,2021-10-18,585.3944091796875,2021,4
Dabur,2021-10-19,576.9112548828125,2021,4
Dabur,2021-10-20,564.901123046875,2021,4
Dabur,2021-10-21,559.8969116210938,2021,4
Dabur,2021-10-22,563.090087890625,2021,4
Dabur,2021-10-25,554.08251953125,2021,4
Dabur,2021-10-26,554.1301879882812,2021,4
Dabur,2021-10-27,563.947998046875,2021,4
Dabur,2021-10-28,562.0892333984375,2021,4
Dabur,2021-10-29,558.4195556640625,2021,4
Dabur,2021-11-01,569.0951538085938,2021,4
Dabur,2021-11-02,570.0482177734375,2021,4
Dabur,2021-11-03,581.9630126953125,2021,4
Dabur,2021-11-04,583.8693237304688,2021,4
Dabur,2021-11-08,578.3885498046875,2021,4
Dabur,2021-11-09,574.9571533203125,2021,4
Dabur,2021-11-10,576.9112548828125,2021,4
Dabur,2021-11-11,573.3218994140625,2021,4
Dabur,2021-11-12,576.6240234375,2021,4
Dabur,2021-11-15,578.1075439453125,2021,4
Dabur,2021-11-16,583.850341796875,2021,4
Dabur,2021-11-17,581.9360961914062,2021,4
Dabur,2021-11-18,582.6539916992188,2021,4
Dabur,2021-11-22,580.7874755859375,2021,4
Dabur,2021-11-23,585.3339233398438,2021,4
Dabur,2021-11-24,577.1025390625,2021,4
Dabur,2021-11-25,580.4046630859375,2021,4
Dabur,2021-11-26,576.193359375,2021,4
Dabur,2021-11-29,572.3648681640625,2021,4
Dabur,2021-11-30,569.445556640625,2021,4
Dabur,2021-12-01,551.4036254882812,2021,4
Dabur,2021-12-02,553.7485961914062,2021,4
Dabur,2021-12-03,556.4285278320312,2021,4
Dabur,2021-12-06,542.9808349609375,2021,4
Dabur,2021-12-07,547.8622436523438,2021,4
Dabur,2021-12-08,549.4414672851562,2021,4
Dabur,2021-12-09,554.8970947265625,2021,4
Dabur,2021-12-10,553.0307006835938,2021,4
Dabur,2021-12-13,554.0835571289062,2021,4
Dabur,2021-12-14,554.5621337890625,2021,4
Dabur,2021-12-15,548.7236328125,2021,4
Dabur,2021-12-16,545.8043212890625,2021,4
Dabur,2021-12-17,540.5401000976562,2021,4
Dabur,2021-12-20,534.2709350585938,2021,4
Dabur,2021-12-21,535.1322631835938,2021,4
Dabur,2021-12-22,539.8701171875,2021,4
Dabur,2021-12-23,545.0386352539062,2021,4
Dabur,2021-12-24,539.5352172851562,2021,4
Dabur,2021-12-27,537.3816528320312,2021,4
Dabur,2021-12-28,538.3387451171875,2021,4
Dabur,2021-12-29,542.310791015625,2021,4
Dabur,2021-12-30,547.048583984375,2021,4
Dabur,2021-12-31,555.1842041015625,2021,4
Dabur,2022-01-03,556.2371826171875,2022,1
Dabur,2022-01-04,549.4414672851562,2022,1
Dabur,2022-01-05,557.5292358398438,2022,1
Dabur,2022-01-06,557.5771484375,2022,1
Dabur,2022-01-07,562.3148803710938,2022,1
Dabur,2022-01-10,563.8463134765625,2022,1
Dabur,2022-01-11,562.36279296875,2022,1
Dabur,2022-01-12,557.5292358398438,2022,1
Dabur,2022-01-13,555.8064575195312,2022,1
Dabur,2022-01-14,551.1165161132812,2022,1
Dabur,2022-01-17,545.1823120117188,2022,1
Dabur,2022-01-18,539.7266235351562,2022,1
Dabur,2022-01-19,544.1773071289062,2022,1
Dabur,2022-01-20,535.8502197265625,2022,1
Dabur,2022-01-21,527.9059448242188,2022,1
Dabur,2022-01-24,522.6896362304688,2022,1
Dabur,2022-01-25,519.5311889648438,2022,1
Dabur,2022-01-27,506.37054443359375,2022,1
Dabur,2022-01-28,511.0605163574219,2022,1
Dabur,2022-01-31,513.740478515625,2022,1
Dabur,2022-02-01,523.024658203125,2022,1
Dabur,2022-02-02,533.5531005859375,2022,1
Dabur,2022-02-03,532.5960083007812,2022,1
Dabur,2022-02-04,544.60791015625,2022,1
Dabur,2022-02-07,542.4066162109375,2022,1
Dabur,2022-02-08,538.1473999023438,2022,1
Dabur,2022-02-09,546.043701171875,2022,1
Dabur,2022-02-10,540.3966674804688,2022,1
Dabur,2022-02-11,536.807373046875,2022,1
Dabur,2022-02-14,529.3895263671875,2022,1
Dabur,2022-02-15,538.3387451171875,2022,1
Dabur,2022-02-16,537.7645263671875,2022,1
Dabur,2022-02-17,530.6338500976562,2022,1
Dabur,2022-02-18,524.3167724609375,2022,1
Dabur,2022-02-21,529.8681030273438,2022,1
Dabur,2022-02-22,526.4703369140625,2022,1
Dabur,2022-02-23,519.9617309570312,2022,1
Dabur,2022-02-24,510.8211669921875,2022,1
Dabur,2022-02-25,521.4932250976562,2022,1
Dabur,2022-02-28,539.2001953125,2022,1
Dabur,2022-03-02,541.0187377929688,2022,1
Dabur,2022-03-03,538.7694091796875,2022,1
Dabur,2022-03-04,515.9418334960938,2022,1
Dabur,2022-03-07,484.2608337402344,2022,1
Dabur,2022-03-08,499.1921081542969,2022,1
Dabur,2022-03-09,505.4612731933594,2022,1
Dabur,2022-03-10,522.306884765625,2022,1
Dabur,2022-03-11,524.0774536132812,2022,1
Dabur,2022-03-14,517.4254150390625,2022,1
Dabur,2022-03-15,532.7875366210938,2022,1
Dabur,2022-03-16,540.4923095703125,2022,1
Dabur,2022-03-17,536.2330932617188,2022,1
Dabur,2022-03-21,525.99169921875,2022,1
Dabur,2022-03-22,511.10833740234375,2022,1
Dabur,2022-03-23,500.4363403320313,2022,1
Dabur,2022-03-24,501.2977294921875,2022,1
Dabur,2022-03-25,497.5170593261719,2022,1
Dabur,2022-03-28,493.06646728515625,2022,1
Dabur,2022-03-29,493.68853759765625,2022,1
Dabur,2022-03-30,505.078369140625,2022,1
Dabur,2022-03-31,513.2139282226562,2022,1
Dabur,2022-04-01,519.1961059570312,2022,2
Dabur,2022-04-04,521.3018798828125,2022,2
Dabur,2022-04-05,525.4174194335938,2022,2
Dabur,2022-04-06,518.2389526367188,2022,2
Dabur,2022-04-07,526.9489135742188,2022,2
Dabur,2022-04-08,533.0745239257812,2022,2
Dabur,2022-04-11,528.7195434570312,2022,2
Dabur,2022-04-12,530.0116577148438,2022,2
Dabur,2022-04-13,532.0696411132812,2022,2
Dabur,2022-04-18,538.5780639648438,2022,2
Dabur,2022-04-19,525.46533203125,2022,2
Dabur,2022-04-20,526.7096557617188,2022,2
Dabur,2022-04-21,537.7645263671875,2022,2
Dabur,2022-04-22,535.8502197265625,2022,2
Dabur,2022-04-25,527.666748046875,2022,2
Dabur,2022-04-26,535.8980712890625,2022,2
Dabur,2022-04-27,535.8502197265625,2022,2
Dabur,2022-04-28,547.7186279296875,2022,2
Dabur,2022-04-29,532.8352661132812,2022,2
Dabur,2022-05-02,533.3138427734375,2022,2
Dabur,2022-05-04,514.9846801757812,2022,2
Dabur,2022-05-05,506.37054443359375,2022,2
Dabur,2022-05-06,488.9028625488281,2022,2
Dabur,2022-05-09,482.92083740234375,2022,2
Dabur,2022-05-10,481.0065612792969,2022,2
Dabur,2022-05-11,485.3615112304688,2022,2
Dabur,2022-05-12,476.9866027832031,2022,2
Dabur,2022-05-13,479.3315734863281,2022,2
Dabur,2022-05-16,475.5030212402344,2022,2
Dabur,2022-05-17,480.3366088867188,2022,2
Dabur,2022-05-18,487.9457702636719,2022,2
Dabur,2022-05-19,471.0045776367188,2022,2
Dabur,2022-05-20,481.7722778320313,2022,2
Dabur,2022-05-23,484.59576416015625,2022,2
Dabur,2022-05-24,480.6237182617188,2022,2
Dabur,2022-05-25,473.2538146972656,2022,2
Dabur,2022-05-26,476.508056640625,2022,2
Dabur,2022-05-27,476.364501953125,2022,2
Dabur,2022-05-30,488.23291015625,2022,2
Dabur,2022-05-31,496.7513122558594,2022,2
Dabur,2022-06-01,495.363525390625,2022,2
Dabur,2022-06-02,499.3356018066406,2022,2
Dabur,2022-06-03,491.9178466796875,2022,2
Dabur,2022-06-06,486.7972412109375,2022,2
Dabur,2022-06-07,479.7622680664063,2022,2
Dabur,2022-06-08,473.5887756347656,2022,2
Dabur,2022-06-09,476.3165893554688,2022,2
Dabur,2022-06-10,480.7194213867188,2022,2
Dabur,2022-06-13,476.4601745605469,2022,2
Dabur,2022-06-14,474.40234375,2022,2
Dabur,2022-06-15,475.02447509765625,2022,2
Dabur,2022-06-16,475.6944274902344,2022,2
Dabur,2022-06-17,463.8260498046875,2022,2
Dabur,2022-06-20,479.3315734863281,2022,2
Dabur,2022-06-21,484.2129821777344,2022,2
Dabur,2022-06-22,477.5609130859375,2022,2
Dabur,2022-06-23,483.4951171875,2022,2
Dabur,2022-06-24,487.8979187011719,2022,2
Dabur,2022-06-27,493.59283447265625,2022,2
Dabur,2022-06-28,490.1471557617188,2022,2
Dabur,2022-06-29,479.7144775390625,2022,2
Dabur,2022-06-30,474.689453125,2022,2
Dabur,2022-07-01,489.3335571289063,2022,3
Dabur,2022-07-04,502.4941711425781,2022,3
Dabur,2022-07-05,507.949951171875,2022,3
Dabur,2022-07-06,519.6746826171875,2022,3
Dabur,2022-07-07,520.2489013671875,2022,3
Dabur,2022-07-08,520.5840454101562,2022,3
Dabur,2022-07-11,522.0197143554688,2022,3
Dabur,2022-07-12,520.1531982421875,2022,3
Dabur,2022-07-13,521.9240112304688,2022,3
Dabur,2022-07-14,525.7046508789062,2022,3
Dabur,2022-07-15,524.8432006835938,2022,3
Dabur,2022-07-18,526.51806640625,2022,3
Dabur,2022-07-19,525.8960571289062,2022,3
Dabur,2022-07-20,534.3187866210938,2022,3
Dabur,2022-07-21,550.092041015625,2022,3
Dabur,2022-07-22,554.2758178710938,2022,3
Dabur,2022-07-25,546.1969604492188,2022,3
Dabur,2022-07-26,536.9156494140625,2022,3
Dabur,2022-07-27,546.0525512695312,2022,3
Dabur,2022-07-28,550.8134765625,2022,3
Dabur,2022-07-29,561.7777099609375,2022,3
Dabur,2022-08-01,558.603759765625,2022,3
Dabur,2022-08-02,556.1513061523438,2022,3
Dabur,2022-08-03,548.0242919921875,2022,3
Dabur,2022-08-04,551.9675903320312,2022,3
Dabur,2022-08-05,557.0169067382812,2022,3
Dabur,2022-08-08,564.0859985351562,2022,3
Dabur,2022-08-10,562.5953369140625,2022,3
Dabur,2022-08-11,560.4312133789062,2022,3
Dabur,2022-08-12,559.3732299804688,2022,3
Dabur,2022-08-16,557.44970703125,2022,3
Dabur,2022-08-17,562.5953369140625,2022,3
Dabur,2022-08-18,571.87646484375,2022,3
Dabur,2022-08-19,564.7592163085938,2022,3
Dabur,2022-08-22,561.8739624023438,2022,3
Dabur,2022-08-23,565.6248779296875,2022,3
Dabur,2022-08-24,564.6630249023438,2022,3
Dabur,2022-08-25,557.5458984375,2022,3
Dabur,2022-08-26,550.14013671875,2022,3
Dabur,2022-08-29,551.1500244140625,2022,3
Dabur,2022-08-30,561.2968139648438,2022,3
Dabur,2022-09-01,547.8318481445312,2022,3
Dabur,2022-09-02,548.8898315429688,2022,3
Dabur,2022-09-05,548.3128051757812,2022,3
Dabur,2022-09-06,549.1782836914062,2022,3
Dabur,2022-09-07,550.4766845703125,2022,3
Dabur,2022-09-08,548.601318359375,2022,3
Dabur,2022-09-09,552.9293212890625,2022,3
Dabur,2022-09-12,548.601318359375,2022,3
Dabur,2022-09-13,549.1782836914062,2022,3
Dabur,2022-09-14,545.3311767578125,2022,3
Dabur,2022-09-15,541.9169311523438,2022,3
Dabur,2022-09-16,525.5184936523438,2022,3
Dabur,2022-09-19,527.2017211914062,2022,3
Dabur,2022-09-20,535.5210571289062,2022,3
Dabur,2022-09-21,540.0413818359375,2022,3
Dabur,2022-09-22,553.6506958007812,2022,3
Dabur,2022-09-23,546.822021484375,2022,3
Dabur,2022-09-26,534.9440307617188,2022,3
Dabur,2022-09-27,539.0795288085938,2022,3
Dabur,2022-09-28,542.4938354492188,2022,3
Dabur,2022-09-29,553.7468872070312,2022,3
Dabur,2022-09-30,551.0538940429688,2022,3
Dabur,2022-10-03,535.8577270507812,2022,4
Dabur,2022-10-04,532.6357421875,2022,4
Dabur,2022-10-06,525.5184936523438,2022,4
Dabur,2022-10-07,519.5075073242188,2022,4
Dabur,2022-10-10,508.8795776367188,2022,4
Dabur,2022-10-11,499.1175231933594,2022,4
Dabur,2022-10-12,513.2076416015625,2022,4
Dabur,2022-10-13,509.7453002929688,2022,4
Dabur,2022-10-14,511.0436401367188,2022,4
Dabur,2022-10-17,509.6971740722656,2022,4
Dabur,2022-10-18,511.0436401367188,2022,4
Dabur,2022-10-19,505.9942321777344,2022,4
Dabur,2022-10-20,515.4678955078125,2022,4
Dabur,2022-10-21,517.3914184570312,2022,4
Dabur,2022-10-24,516.3334350585938,2022,4
Dabur,2022-10-25,511.8132019042969,2022,4
Dabur,2022-10-27,528.0671997070312,2022,4
Dabur,2022-10-28,529.99072265625,2022,4
Dabur,2022-10-31,533.5013427734375,2022,4
Dabur,2022-11-01,542.2534790039062,2022,4
Dabur,2022-11-02,540.7627563476562,2022,4
Dabur,2022-11-03,537.0433349609375,2022,4
Dabur,2022-11-04,538.589111328125,2022,4
Dabur,2022-11-07,534.8213500976562,2022,4
Dabur,2022-11-09,535.352783203125,2022,4
Dabur,2022-11-10,535.1112670898438,2022,4
Dabur,2022-11-11,534.33837890625,2022,4
Dabur,2022-11-14,534.43505859375,2022,4
Dabur,2022-11-15,532.0680541992188,2022,4
Dabur,2022-11-16,531.391845703125,2022,4
Dabur,2022-11-17,533.1790771484375,2022,4
Dabur,2022-11-18,529.8943481445312,2022,4
Dabur,2022-11-21,532.1162719726562,2022,4
Dabur,2022-11-22,527.9139404296875,2022,4
Dabur,2022-11-23,532.696044921875,2022,4
Dabur,2022-11-24,534.8213500976562,2022,4
Dabur,2022-11-25,537.6712646484375,2022,4
Dabur,2022-11-28,539.6517333984375,2022,4
Dabur,2022-11-29,572.9814453125,2022,4
Dabur,2022-11-30,568.3926391601562,2022,4
Dabur,2022-12-01,566.895263671875,2022,4
Dabur,2022-12-02,571.09765625,2022,4
Dabur,2022-12-05,567.1849975585938,2022,4
Dabur,2022-12-06,572.4984741210938,2022,4
Dabur,2022-12-07,581.8211059570312,2022,4
Dabur,2022-12-08,583.8982543945312,2022,4
Dabur,2022-12-09,578.4398193359375,2022,4
Dabur,2022-12-12,582.0143432617188,2022,4
Dabur,2022-12-13,574.044189453125,2022,4
Dabur,2022-12-14,567.1849975585938,2022,4
Dabur,2022-12-15,566.9917602539062,2022,4
Dabur,2022-12-16,560.0843505859375,2022,4
Dabur,2022-12-19,569.0689086914062,2022,4
Dabur,2022-12-20,559.8428344726562,2022,4
Dabur,2022-12-21,557.669189453125,2022,4
Dabur,2022-12-22,558.1521606445312,2022,4
Dabur,2022-12-23,546.6558227539062,2022,4
Dabur,2022-12-26,546.8973388671875,2022,4
Dabur,2022-12-27,554.0463256835938,2022,4
Dabur,2022-12-28,549.843994140625,2022,4
Dabur,2022-12-29,541.922119140625,2022,4
Dabur,2022-12-30,542.405029296875,2022,4
Dabur,2023-01-02,542.501708984375,2023,1
Dabur,2023-01-03,541.825439453125,2023,1
Dabur,2023-01-04,540.8593139648438,2023,1
Dabur,2023-01-05,553.32177734375,2023,1
Dabur,2023-01-06,534.0968017578125,2023,1
Dabur,2023-01-09,530.9087524414062,2023,1
Dabur,2023-01-10,535.7874145507812,2023,1
Dabur,2023-01-11,529.74951171875,2023,1
Dabur,2023-01-12,526.46484375,2023,1
Dabur,2023-01-13,525.2572631835938,2023,1
Dabur,2023-01-16,534.2900390625,2023,1
Dabur,2023-01-17,537.6712646484375,2023,1
Dabur,2023-01-18,538.6857299804688,2023,1
Dabur,2023-01-19,536.1255493164062,2023,1
Dabur,2023-01-20,546.80078125,2023,1
Dabur,2023-01-23,545.2550659179688,2023,1
Dabur,2023-01-24,547.7186279296875,2023,1
Dabur,2023-01-25,544.1923828125,2023,1
Dabur,2023-01-27,542.9847412109375,2023,1
Dabur,2023-01-30,539.1204223632812,2023,1
Dabur,2023-01-31,538.8306274414062,2023,1
Dabur,2023-02-01,542.88818359375,2023,1
Dabur,2023-02-02,535.642578125,2023,1
Dabur,2023-02-03,515.5963745117188,2023,1
Dabur,2023-02-06,526.2232666015625,2023,1
Dabur,2023-02-07,517.4802856445312,2023,1
Dabur,2023-02-08,515.8380126953125,2023,1
Dabur,2023-02-09,515.1616821289062,2023,1
Dabur,2023-02-10,514.3404541015625,2023,1
Dabur,2023-02-13,516.3209838867188,2023,1
Dabur,2023-02-14,512.02197265625,2023,1
Dabur,2023-02-15,516.7073364257812,2023,1
Dabur,2023-02-16,517.4320068359375,2023,1
Dabur,2023-02-17,516.3692626953125,2023,1
Dabur,2023-02-20,516.852294921875,2023,1
Dabur,2023-02-21,516.9972534179688,2023,1
Dabur,2023-02-22,515.1134033203125,2023,1
Dabur,2023-02-23,521.4412231445312,2023,1
Dabur,2023-02-24,516.7557373046875,2023,1
Dabur,2023-02-27,508.350830078125,2023,1
Dabur,2023-02-28,514.5337524414062,2023,1
Dabur,2023-03-01,509.3651428222656,2023,1
Dabur,2023-03-02,512.1184692382812,2023,1
Dabur,2023-03-03,516.6591186523438,2023,1
Dabur,2023-03-06,518.7844848632812,2023,1
Dabur,2023-03-08,513.8091430664062,2023,1
Dabur,2023-03-09,508.78558349609375,2023,1
Dabur,2023-03-10,511.9736328125,2023,1
Dabur,2023-03-13,505.7907104492188,2023,1
Dabur,2023-03-14,508.6407165527344,2023,1
Dabur,2023-03-15,504.1483459472656,2023,1
Dabur,2023-03-16,516.3692626953125,2023,1
Dabur,2023-03-17,517.9634399414062,2023,1
Dabur,2023-03-20,518.881103515625,2023,1
Dabur,2023-03-21,514.243896484375,2023,1
Dabur,2023-03-22,521.8277587890625,2023,1
Dabur,2023-03-23,521.1031494140625,2023,1
Dabur,2023-03-24,518.204833984375,2023,1
Dabur,2023-03-27,523.08349609375,2023,1
Dabur,2023-03-28,515.6930541992188,2023,1
Dabur,2023-03-29,517.4802856445312,2023,1
Dabur,2023-03-31,526.4165649414062,2023,1
Dabur,2023-04-03,529.02490234375,2023,2
Dabur,2023-04-05,529.4595947265625,2023,2
Dabur,2023-04-06,508.06097412109375,2023,2
Dabur,2023-04-10,505.45263671875,2023,2
Dabur,2023-04-11,504.1483459472656,2023,2
Dabur,2023-04-12,500.09088134765625,2023,2
Dabur,2023-04-13,509.2686462402344,2023,2
Dabur,2023-04-17,506.3220520019531,2023,2
Dabur,2023-04-18,503.2305908203125,2023,2
Dabur,2023-04-19,502.4094543457031,2023,2
Dabur,2023-04-20,507.4813232421875,2023,2
Dabur,2023-04-21,507.33642578125,2023,2
Dabur,2023-04-24,507.0466613769531,2023,2
Dabur,2023-04-25,508.5440979003906,2023,2
Dabur,2023-04-26,515.5481567382812,2023,2
Dabur,2023-04-27,512.4083862304688,2023,2
Dabur,2023-04-28,514.8236083984375,2023,2
Dabur,2023-05-02,518.2531127929688,2023,2
Dabur,2023-05-03,519.7022705078125,2023,2
Dabur,2023-05-04,512.4083862304688,2023,2
Dabur,2023-05-05,487.8699340820313,2023,2
Dabur,2023-05-08,496.4680786132813,2023,2
Dabur,2023-05-09,500.3323974609375,2023,2
Dabur,2023-05-10,496.8544616699219,2023,2
Dabur,2023-05-11,502.5543212890625,2023,2
Dabur,2023-05-12,500.7670593261719,2023,2
Dabur,2023-05-15,514.9684448242188,2023,2
Dabur,2023-05-16,512.7464599609375,2023,2
Dabur,2023-05-17,506.1770935058594,2023,2
Dabur,2023-05-18,505.6941223144531,2023,2
Dabur,2023-05-19,501.49169921875,2023,2
Dabur,2023-05-22,504.5348205566406,2023,2
Dabur,2023-05-23,507.9161071777344,2023,2
Dabur,2023-05-24,508.83392333984375,2023,2
Dabur,2023-05-25,512.1668090820312,2023,2
Dabur,2023-05-26,523.7114868164062,2023,2
Dabur,2023-05-29,529.74951171875,2023,2
Dabur,2023-05-30,531.2469482421875,2023,2
Dabur,2023-05-31,536.5604248046875,2023,2
Dabur,2023-06-01,538.0094604492188,2023,2
Dabur,2023-06-02,538.29931640625,2023,2
Dabur,2023-06-05,533.5172119140625,2023,2
Dabur,2023-06-06,528.9282836914062,2023,2
Dabur,2023-06-07,537.6229858398438,2023,2
Dabur,2023-06-08,533.3722534179688,2023,2
Dabur,2023-06-09,531.2952270507812,2023,2
Dabur,2023-06-12,534.8213500976562,2023,2
Dabur,2023-06-13,541.4390869140625,2023,2
Dabur,2023-06-14,543.274658203125,2023,2
Dabur,2023-06-15,549.747314453125,2023,2
Dabur,2023-06-16,551.5345458984375,2023,2
Dabur,2023-06-19,549.843994140625,2023,2
Dabur,2023-06-20,552.6939086914062,2023,2
Dabur,2023-06-21,547.8634033203125,2023,2
Dabur,2023-06-22,543.564453125,2023,2
Dabur,2023-06-23,544.2406616210938,2023,2
Dabur,2023-06-26,550.2303466796875,2023,2
Dabur,2023-06-27,551.2447509765625,2023,2
Dabur,2023-06-28,554.6260375976562,2023,2
Dabur,2023-06-30,553.5150756835938,2023,2
Dabur,2023-07-03,562.4995727539062,2023,3
Dabur,2023-07-04,559.98779296875,2023,3
Dabur,2023-07-05,572.353515625,2023,3
Dabur,2023-07-06,571.8705444335938,2023,3
Dabur,2023-07-07,552.7904663085938,2023,3
Dabur,2023-07-10,553.2735595703125,2023,3
Dabur,2023-07-11,561.919921875,2023,3
Dabur,2023-07-12,563.610595703125,2023,3
Dabur,2023-07-13,558.1039428710938,2023,3
Dabur,2023-07-14,566.6054077148438,2023,3
Dabur,2023-07-17,562.4995727539062,2023,3
Dabur,2023-07-18,557.4276123046875,2023,3
Dabur,2023-07-19,555.060791015625,2023,3
Dabur,2023-07-20,558.8767700195312,2023,3
Dabur,2023-07-21,548.5882568359375,2023,3
Dabur,2023-07-24,548.6853637695312,2023,3
Dabur,2023-07-25,551.6456298828125,2023,3
Dabur,2023-07-26,558.1002807617188,2023,3
Dabur,2023-07-27,556.935546875,2023,3
Dabur,2023-07-28,564.6033325195312,2023,3
Dabur,2023-07-31,558.6825561523438,2023,3
Dabur,2023-08-01,552.033935546875,2023,3
Dabur,2023-08-02,549.0250854492188,2023,3
Dabur,2023-08-03,538.736572265625,2023,3
Dabur,2023-08-04,552.9559936523438,2023,3
Dabur,2023-08-07,548.6853637695312,2023,3
Dabur,2023-08-08,545.8705444335938,2023,3
Dabur,2023-08-09,555.3340454101562,2023,3
Dabur,2023-08-10,554.7515869140625,2023,3
Dabur,2023-08-11,546.5985717773438,2023,3
Dabur,2023-08-14,548.2485961914062,2023,3
Dabur,2023-08-16,548.7338256835938,2023,3
Dabur,2023-08-17,544.705810546875,2023,3
Dabur,2023-08-18,548.8794555664062,2023,3
Dabur,2023-08-21,551.0632934570312,2023,3
Dabur,2023-08-22,557.857666015625,2023,3
Dabur,2023-08-23,550.6265258789062,2023,3
Dabur,2023-08-24,548.297119140625,2023,3
Dabur,2023-08-25,541.6484375,2023,3
Dabur,2023-08-28,537.8631591796875,2023,3
Dabur,2023-08-29,533.9806518554688,2023,3
Dabur,2023-08-30,538.5910034179688,2023,3
Dabur,2023-08-31,536.8439331054688,2023,3
Dabur,2023-09-01,537.0865478515625,2023,3
Dabur,2023-09-04,541.5028076171875,2023,3
Dabur,2023-09-05,543.3954467773438,2023,3
Dabur,2023-09-06,545.0455322265625,2023,3
Dabur,2023-09-07,549.3648071289062,2023,3
Dabur,2023-09-08,550.432373046875,2023,3
Dabur,2023-09-11,552.9559936523438,2023,3
Dabur,2023-09-12,549.0735473632812,2023,3
Dabur,2023-09-13,548.8794555664062,2023,3
Dabur,2023-09-14,550.7721557617188,2023,3
Dabur,2023-09-15,548.8794555664062,2023,3
Dabur,2023-09-18,549.0250854492188,2023,3
Dabur,2023-09-20,544.6573486328125,2023,3
Dabur,2023-09-21,543.6867065429688,2023,3
Dabur,2023-09-22,544.8029174804688,2023,3
Dabur,2023-09-25,538.0086669921875,2023,3
Dabur,2023-09-26,539.1248779296875,2023,3
Dabur,2023-09-27,544.51171875,2023,3
Dabur,2023-09-28,531.1658935546875,2023,3
Dabur,2023-09-29,535.3880004882812,2023,3
Dabur,2023-10-03,537.3291625976562,2023,4
Dabur,2023-10-04,539.0277099609375,2023,4
Dabur,2023-10-05,534.56298828125,2023,4
Dabur,2023-10-06,531.0687866210938,2023,4
Dabur,2023-10-09,525.8274536132812,2023,4
Dabur,2023-10-10,527.86572265625,2023,4
Dabur,2023-10-11,527.7686767578125,2023,4
Dabur,2023-10-12,525.0995483398438,2023,4
Dabur,2023-10-13,523.0127563476562,2023,4
Dabur,2023-10-16,521.1685791015625,2023,4
Dabur,2023-10-17,524.37158203125,2023,4
Dabur,2023-10-18,518.3052978515625,2023,4
Dabur,2023-10-19,510.2007446289063,2023,4
Dabur,2023-10-20,509.375732421875,2023,4
Dabur,2023-10-23,506.0270690917969,2023,4
Dabur,2023-10-25,502.6784973144531,2023,4
Dabur,2023-10-26,493.5062255859375,2023,4
Dabur,2023-10-27,509.1330261230469,2023,4
Dabur,2023-10-30,508.06536865234375,2023,4
Dabur,2023-10-31,513.355224609375,2023,4
Dabur,2023-11-01,501.9019470214844,2023,4
Dabur,2023-11-02,514.8111572265625,2023,4
Dabur,2023-11-03,519.7611694335938,2023,4
Dabur,2023-11-06,522.13916015625,2023,4
Dabur,2023-11-07,520.343505859375,2023,4
Dabur,2023-11-08,523.40087890625,2023,4
Dabur,2023-11-09,519.1302490234375,2023,4
Dabur,2023-11-10,520.3497924804688,2023,4
Dabur,2023-11-13,517.1790161132812,2023,4
Dabur,2023-11-15,513.178955078125,2023,4
Dabur,2023-11-16,521.862060546875,2023,4
Dabur,2023-11-17,527.5206909179688,2023,4
Dabur,2023-11-20,529.9597778320312,2023,4
Dabur,2023-11-21,527.6669921875,2023,4
Dabur,2023-11-22,527.8133544921875,2023,4
Dabur,2023-11-23,527.17919921875,2023,4
Dabur,2023-11-24,524.2523193359375,2023,4
Dabur,2023-11-28,520.788818359375,2023,4
Dabur,2023-11-29,521.5692749023438,2023,4
Dabur,2023-11-30,524.9352416992188,2023,4
Dabur,2023-12-01,527.959716796875,2023,4
Dabur,2023-12-04,533.6671142578125,2023,4
Dabur,2023-12-05,538.5452270507812,2023,4
Dabur,2023-12-06,536.6427612304688,2023,4
Dabur,2023-12-07,532.496337890625,2023,4
Dabur,2023-12-08,534.1549072265625,2023,4
Dabur,2023-12-11,537.0818481445312,2023,4
Dabur,2023-12-12,535.6183471679688,2023,4
Dabur,2023-12-13,534.2037353515625,2023,4
Dabur,2023-12-14,534.1061401367188,2023,4
Dabur,2023-12-15,526.5449829101562,2023,4
Dabur,2023-12-18,527.3255615234375,2023,4
Dabur,2023-12-19,534.837890625,2023,4
Dabur,2023-12-20,521.9108276367188,2023,4
Dabur,2023-12-21,517.3253173828125,2023,4
Dabur,2023-12-22,516.3985595703125,2023,4
Dabur,2023-12-26,517.6668090820312,2023,4
Dabur,2023-12-27,521.325439453125,2023,4
Dabur,2023-12-28,529.8621826171875,2023,4
Dabur,2023-12-29,543.6184692382812,2023,4
Dabur,2024-01-01,543.8624267578125,2024,1
Dabur,2024-01-02,543.2769775390625,2024,1
Dabur,2024-01-03,537.667236328125,2024,1
Dabur,2024-01-04,552.4479370117188,2024,1
Dabur,2024-01-05,555.1796264648438,2024,1
Dabur,2024-01-08,539.7647705078125,2024,1
Dabur,2024-01-09,534.4963989257812,2024,1
Dabur,2024-01-10,534.0086059570312,2024,1
Dabur,2024-01-11,538.5452270507812,2024,1
Dabur,2024-01-12,536.30126953125,2024,1
Dabur,2024-01-15,540.642822265625,2024,1
Dabur,2024-01-16,545.1795043945312,2024,1
Dabur,2024-01-17,536.057373046875,2024,1
Dabur,2024-01-18,526.3012084960938,2024,1
Dabur,2024-01-19,529.0816650390625,2024,1
Dabur,2024-01-23,512.0081787109375,2024,1
Dabur,2024-01-24,523.5205688476562,2024,1
Dabur,2024-01-25,518.6424560546875,2024,1
Dabur,2024-01-29,521.2278442382812,2024,1
Dabur,2024-01-30,522.8865356445312,2024,1
Dabur,2024-01-31,526.4474487304688,2024,1
Dabur,2024-02-01,540.8867797851562,2024,1
Dabur,2024-02-02,531.3743896484375,2024,1
Dabur,2024-02-05,520.642578125,2024,1
Dabur,2024-02-06,519.7156982421875,2024,1
Dabur,2024-02-07,524.3010864257812,2024,1
Dabur,2024-02-08,520.9351806640625,2024,1
Dabur,2024-02-09,526.0572509765625,2024,1
Dabur,2024-02-12,523.4717407226562,2024,1
Dabur,2024-02-13,525.6182250976562,2024,1
Dabur,2024-02-14,531.0328979492188,2024,1
Dabur,2024-02-15,530.9354248046875,2024,1
Dabur,2024-02-16,531.2280883789062,2024,1
Dabur,2024-02-19,534.3013305664062,2024,1
Dabur,2024-02-20,534.2037353515625,2024,1
Dabur,2024-02-21,532.984130859375,2024,1
Dabur,2024-02-22,528.3987426757812,2024,1
Dabur,2024-02-23,522.2523193359375,2024,1
Dabur,2024-02-26,516.3497924804688,2024,1
Dabur,2024-02-27,522.5450439453125,2024,1
Dabur,2024-02-28,523.1791381835938,2024,1
Dabur,2024-02-29,525.0328369140625,2024,1
Dabur,2024-03-01,527.910888671875,2024,1
Dabur,2024-03-04,524.2035522460938,2024,1
Dabur,2024-03-05,521.7156982421875,2024,1
Dabur,2024-03-06,518.544921875,2024,1
Dabur,2024-03-07,522.2035522460938,2024,1
Dabur,2024-03-11,520.3985595703125,2024,1
Dabur,2024-03-12,516.1058959960938,2024,1
Dabur,2024-03-13,507.2763977050781,2024,1
Dabur,2024-03-14,516.7400512695312,2024,1
Dabur,2024-03-15,513.715576171875,2024,1
Dabur,2024-03-18,510.8374938964844,2024,1
Dabur,2024-03-19,505.7154235839844,2024,1
Dabur,2024-03-20,507.5204162597656,2024,1
Dabur,2024-03-21,511.1789855957031,2024,1
Dabur,2024-03-22,508.1056823730469,2024,1
Dabur,2024-03-26,508.3984069824219,2024,1
Dabur,2024-03-27,508.93499755859375,2024,1
Dabur,2024-03-28,510.3984069824219,2024,1
Dabur,2024-04-01,516.252197265625,2024,2
Dabur,2024-04-02,518.6424560546875,2024,2
Dabur,2024-04-03,518.05712890625,2024,2
Dabur,2024-04-04,493.7152099609375,2024,2
Dabur,2024-04-05,495.5201416015625,2024,2
Dabur,2024-04-08,490.7883605957031,2024,2
Dabur,2024-04-09,490.8859252929688,2024,2
Dabur,2024-04-10,493.910400390625,2024,2
Dabur,2024-04-12,488.3981018066406,2024,2
Dabur,2024-04-15,483.1297302246094,2024,2
Dabur,2024-04-16,491.61767578125,2024,2
Dabur,2024-04-18,491.5688781738281,2024,2
Dabur,2024-04-19,491.9103698730469,2024,2
Dabur,2024-04-22,493.8127746582031,2024,2
Dabur,2024-04-23,494.7884521484375,2024,2
Dabur,2024-04-24,497.0323791503906,2024,2
Dabur,2024-04-25,494.10552978515625,2024,2
Dabur,2024-04-26,496.5933227539063,2024,2
Dabur,2024-04-29,494.3494262695313,2024,2
Dabur,2024-04-30,495.3738098144531,2024,2
Dabur,2024-05-02,512.4960327148438,2024,2
Dabur,2024-05-03,518.788818359375,2024,2
Dabur,2024-05-06,517.8619995117188,2024,2
Dabur,2024-05-07,544.8380126953125,2024,2
Dabur,2024-05-08,543.0330810546875,2024,2
Dabur,2024-05-09,539.3257446289062,2024,2
Dabur,2024-05-10,537.37451171875,2024,2
Dabur,2024-05-13,536.8379516601562,2024,2
Dabur,2024-05-14,541.0330810546875,2024,2
Dabur,2024-05-15,532.5451049804688,2024,2
Dabur,2024-05-16,528.8377685546875,2024,2
Dabur,2024-05-17,522.7401123046875,2024,2
Dabur,2024-05-21,526.20361328125,2024,2
Dabur,2024-05-22,540.4964599609375,2024,2
Dabur,2024-05-23,546.301513671875,2024,2
Dabur,2024-05-24,544.4965209960938,2024,2
Dabur,2024-05-27,553.5699462890625,2024,2
Dabur,2024-05-28,556.886962890625,2024,2
Dabur,2024-05-29,541.9111328125,2024,2
Dabur,2024-05-30,537.7159423828125,2024,2
Dabur,2024-05-31,531.8134765625,2024,2
Dabur,2024-06-03,531.520751953125,2024,2
Dabur,2024-06-04,564.1066284179688,2024,2
Dabur,2024-06-05,585.619140625,2024,2
Dabur,2024-06-06,582.6434936523438,2024,2
Dabur,2024-06-07,598.1559448242188,2024,2
Dabur,2024-06-10,604.7413940429688,2024,2
Dabur,2024-06-11,598.4974365234375,2024,2
Dabur,2024-06-12,604.39990234375,2024,2
Dabur,2024-06-13,594.7901000976562,2024,2
Dabur,2024-06-14,593.814453125,2024,2
Dabur,2024-06-18,585.5703735351562,2024,2
Dabur,2024-06-19,583.9606323242188,2024,2
Dabur,2024-06-20,586.1069946289062,2024,2
Dabur,2024-06-21,575.5702514648438,2024,2
Dabur,2024-06-24,585.1312866210938,2024,2
Dabur,2024-06-25,578.8873291015625,2024,2
Dabur,2024-06-26,587.13134765625,2024,2
Dabur,2024-06-27,584.6923217773438,2024,2
Dabur,2024-06-28,586.0582275390625,2024,2
Dabur,2024-07-01,596.0584106445312,2024,3
Dabur,2024-07-02,588.1069946289062,2024,3
Dabur,2024-07-03,594.8388671875,2024,3
Dabur,2024-07-04,591.1802368164062,2024,3
Dabur,2024-07-05,591.6680297851562,2024,3
Dabur,2024-07-08,608.2537231445312,2024,3
Dabur,2024-07-09,614.839111328125,2024,3
Dabur,2024-07-10,616.3026123046875,2024,3
Dabur,2024-07-11,614.0098266601562,2024,3
Dabur,2024-07-12,614.6441040039062,2024,3
Dabur,2024-07-15,616.9855346679688,2024,3
Dabur,2024-07-16,625.3271484375,2024,3
Dabur,2024-07-18,629.1320190429688,2024,3
Dabur,2024-07-19,620.1178588867188,2024,3
Dabur,2024-07-22,623.7921142578125,2024,3
Dabur,2024-07-23,639.1260986328125,2024,3
Dabur,2024-07-24,621.3425903320312,2024,3
Dabur,2024-07-25,618.4522094726562,2024,3
Dabur,2024-07-26,619.677001953125,2024,3
Dabur,2024-07-29,628.1522216796875,2024,3
Dabur,2024-07-30,621.09765625,2024,3
Dabur,2024-07-31,622.8612670898438,2024,3
Dabur,2024-08-01,630.5037231445312,2024,3
Dabur,2024-08-02,614.8758544921875,2024,3
Dabur,2024-08-05,621.1956176757812,2024,3
Dabur,2024-08-06,616.4436645507812,2024,3
Dabur,2024-08-07,626.3396606445312,2024,3
Dabur,2024-08-08,624.5759887695312,2024,3
Dabur,2024-08-09,611.3486328125,2024,3
Dabur,2024-08-12,607.8213500976562,2024,3
Dabur,2024-08-13,593.6141357421875,2024,3
Dabur,2024-08-14,592.1934814453125,2024,3
Dabur,2024-08-16,605.1267700195312,2024,3
Dabur,2024-08-19,608.7521362304688,2024,3
Dabur,2024-08-20,610.5157470703125,2024,3
Dabur,2024-08-21,621.53857421875,2024,3
Dabur,2024-08-22,633.1002807617188,2024,3
Dabur,2024-08-23,630.2588500976562,2024,3
Dabur,2024-08-26,641.33056640625,2024,3
Dabur,2024-08-27,630.4058227539062,2024,3
Dabur,2024-08-28,631.3856201171875,2024,3
Dabur,2024-08-29,631.1406860351562,2024,3
Dabur,2024-08-30,624.2820434570312,2024,3
Dabur,2024-09-02,623.7921142578125,2024,3
Dabur,2024-09-03,625.3108520507812,2024,3
Dabur,2024-09-04,636.9214477539062,2024,3
Dabur,2024-09-05,631.7774658203125,2024,3
Dabur,2024-09-06,631.3856201171875,2024,3
Dabur,2024-09-09,648.9730224609375,2024,3
Dabur,2024-09-10,651.8145751953125,2024,3
Dabur,2024-09-11,650.4918212890625,2024,3
Dabur,2024-09-12,651.3246459960938,2024,3
Dabur,2024-09-13,647.5523681640625,2024,3
Dabur,2024-09-16,647.9932250976562,2024,3
Dabur,2024-09-17,646.8175659179688,2024,3
Dabur,2024-09-18,641.18359375,2024,3
Dabur,2024-09-19,651.275634765625,2024,3
Dabur,2024-09-20,654.0680541992188,2024,3
Dabur,2024-09-23,647.6993408203125,2024,3
Dabur,2024-09-24,642.6043090820312,2024,3
Dabur,2024-09-25,614.3370361328125,2024,3
Dabur,2024-09-26,613.1122436523438,2024,3
Dabur,2024-09-27,620.2158203125,2024,3
Dabur,2024-09-30,612.5733642578125,2024,3
Dabur,2024-10-01,606.4985961914062,2024,4
Dabur,2024-10-03,568.482177734375,2024,4
Dabur,2024-10-04,560.8887329101562,2024,4
Dabur,2024-10-07,557.9003295898438,2024,4
Dabur,2024-10-08,555.8917236328125,2024,4
Dabur,2024-10-09,553.6381225585938,2024,4
Dabur,2024-10-10,560.1538696289062,2024,4
Dabur,2024-10-11,559.3209838867188,2024,4
Dabur,2024-10-14,555.8427124023438,2024,4
Dabur,2024-10-15,559.4679565429688,2024,4
Dabur,2024-10-16,566.6205444335938,2024,4
Dabur,2024-10-17,560.9866943359375,2024,4
Dabur,2024-10-18,559.8599243164062,2024,4
Dabur,2024-10-21,556.7245483398438,2024,4
Dabur,2024-10-22,547.8082885742188,2024,4
Dabur,2024-10-23,547.4164428710938,2024,4
Dabur,2024-10-24,530.0739135742188,2024,4
Dabur,2024-10-25,527.8203125,2024,4
Dabur,2024-10-28,542.5173950195312,2024,4
Dabur,2024-10-29,525.0278930664062,2024,4
Dabur,2024-10-30,535.6098022460938,2024,4
Dabur,2024-10-31,529.0941162109375,2024,4
Dabur,2024-11-01,531.592529296875,2024,4
Dabur,2024-11-04,524.1461181640625,2024,4
Dabur,2024-11-05,524.048095703125,2024,4
Dabur,2024-11-06,528.7021484375,2024,4
Dabur,2024-11-07,523.7051391601562,2024,4
Dabur,2024-11-08,523.458984375,2024,4
Dabur,2024-11-11,514.8413696289062,2024,4
Dabur,2024-11-12,502.7766418457031,2024,4
Dabur,2024-11-13,503.1213684082031,2024,4
Dabur,2024-11-14,500.4129638671875,2024,4
Dabur,2024-11-18,500.8069152832031,2024,4
Dabur,2024-11-19,500.511474609375,2024,4
Dabur,2024-11-21,498.0985107421875,2024,4
Dabur,2024-11-22,505.2388305664063,2024,4
Dabur,2024-11-25,513.6102294921875,2024,4
Dabur,2024-11-26,517.4019775390625,2024,4
Dabur,2024-11-27,519.5194702148438,2024,4
Dabur,2024-11-28,518.0421752929688,2024,4
Dabur,2024-11-29,519.1748046875,2024,4
Dabur,2024-12-02,515.9739990234375,2024,4
Dabur,2024-12-03,514.6443481445312,2024,4
Dabur,2024-12-04,514.8905639648438,2024,4
Dabur,2024-12-05,515.2352905273438,2024,4
Dabur,2024-12-06,515.8754272460938,2024,4
Dabur,2024-12-09,499.181884765625,2024,4
Dabur,2024-12-10,499.2803649902344,2024,4
Dabur,2024-12-11,500.6591796875,2024,4
Dabur,2024-12-12,498.9848937988281,2024,4
Dabur,2024-12-13,505.0418395996094,2024,4
Dabur,2024-12-16,502.2349853515625,2024,4
Dabur,2024-12-17,497.7538146972656,2024,4
Dabur,2024-12-18,497.7538146972656,2024,4
Dabur,2024-12-19,496.3257446289063,2024,4
Dabur,2024-12-20,494.9469299316406,2024,4
Dabur,2024-12-23,501.7917785644531,2024,4
Dabur,2024-12-24,502.2349853515625,2024,4
Dabur,2024-12-26,497.9507751464844,2024,4
Dabur,2024-12-27,499.4773559570313,2024,4
Dabur,2024-12-30,497.6060791015625,2024,4
Godrej,2017-07-03,611.1611328125,2017,3
Godrej,2017-07-04,610.2003784179688,2017,3
Godrej,2017-07-05,608.5264282226562,2017,3
Godrej,2017-07-06,602.9161376953125,2017,3
Godrej,2017-07-07,601.9552001953125,2017,3
Godrej,2017-07-10,604.2178344726562,2017,3
Godrej,2017-07-11,600.560302734375,2017,3
Godrej,2017-07-12,600.96337890625,2017,3
Godrej,2017-07-13,608.7744750976562,2017,3
Godrej,2017-07-14,608.0926513671875,2017,3
Godrej,2017-07-17,598.5765380859375,2017,3
Godrej,2017-07-18,592.7493286132812,2017,3
Godrej,2017-07-19,594.4539794921875,2017,3
Godrej,2017-07-20,593.802978515625,2017,3
Godrej,2017-07-21,596.5308227539062,2017,3
Godrej,2017-07-24,613.6719360351562,2017,3
Godrej,2017-07-25,620.5531616210938,2017,3
Godrej,2017-07-26,637.7252197265625,2017,3
Godrej,2017-07-27,665.8084106445312,2017,3
Godrej,2017-07-28,653.1306762695312,2017,3
Godrej,2017-07-31,643.0257568359375,2017,3
Godrej,2017-08-01,597.8636474609375,2017,3
Godrej,2017-08-02,570.49365234375,2017,3
Godrej,2017-08-03,601.4281616210938,2017,3
Godrej,2017-08-04,595.6629028320312,2017,3
Godrej,2017-08-07,600.2241821289062,2017,3
Godrej,2017-08-08,587.564208984375,2017,3
Godrej,2017-08-09,572.0498046875,2017,3
Godrej,2017-08-10,559.6072998046875,2017,3
Godrej,2017-08-11,558.39697265625,2017,3
Godrej,2017-08-14,569.350341796875,2017,3
Godrej,2017-08-16,572.1118774414062,2017,3
Godrej,2017-08-17,570.6845092773438,2017,3
Godrej,2017-08-18,569.9398193359375,2017,3
Godrej,2017-08-21,560.7551879882812,2017,3
Godrej,2017-08-22,549.9573974609375,2017,3
Godrej,2017-08-23,561.5931396484375,2017,3
Godrej,2017-08-24,569.350341796875,2017,3
Godrej,2017-08-28,583.2512817382812,2017,3
Godrej,2017-08-29,567.8919677734375,2017,3
Godrej,2017-08-30,574.65625,2017,3
Godrej,2017-08-31,576.7042236328125,2017,3
Godrej,2017-09-01,578.0382690429688,2017,3
Godrej,2017-09-04,571.92578125,2017,3
Godrej,2017-09-05,576.7973022460938,2017,3
Godrej,2017-09-06,558.6453247070312,2017,3
Godrej,2017-09-07,574.0355224609375,2017,3
Godrej,2017-09-08,572.980712890625,2017,3
Godrej,2017-09-11,577.3869018554688,2017,3
Godrej,2017-09-12,582.6306762695312,2017,3
Godrej,2017-09-13,585.02001953125,2017,3
Godrej,2017-09-14,580.7379150390625,2017,3
Godrej,2017-09-15,582.599609375,2017,3
Godrej,2017-09-18,586.3541870117188,2017,3
Godrej,2017-09-19,593.2426147460938,2017,3
Godrej,2017-09-20,588.743408203125,2017,3
Godrej,2017-09-21,581.0482177734375,2017,3
Godrej,2017-09-22,569.0711059570312,2017,3
Godrej,2017-09-25,578.379638671875,2017,3
Godrej,2017-09-26,566.1852416992188,2017,3
Godrej,2017-09-27,563.2376708984375,2017,3
Godrej,2017-09-28,558.8004150390625,2017,3
Godrej,2017-09-29,570.4052734375,2017,3
Godrej,2017-10-03,591.9395141601562,2017,4
Godrej,2017-10-04,603.4821166992188,2017,4
Godrej,2017-10-05,598.0520629882812,2017,4
Godrej,2017-10-06,588.2160034179688,2017,4
Godrej,2017-10-09,608.9122314453125,2017,4
Godrej,2017-10-10,615.4902954101562,2017,4
Godrej,2017-10-11,607.9813842773438,2017,4
Godrej,2017-10-12,604.7854614257812,2017,4
Godrej,2017-10-13,602.7374877929688,2017,4
Godrej,2017-10-16,605.84033203125,2017,4
Godrej,2017-10-17,601.4652099609375,2017,4
Godrej,2017-10-18,598.889892578125,2017,4
Godrej,2017-10-19,595.1043701171875,2017,4
Godrej,2017-10-23,582.2274169921875,2017,4
Godrej,2017-10-24,578.783203125,2017,4
Godrej,2017-10-25,572.0808715820312,2017,4
Godrej,2017-10-26,572.8255004882812,2017,4
Godrej,2017-10-27,575.2147827148438,2017,4
Godrej,2017-10-30,574.8426513671875,2017,4
Godrej,2017-10-31,579.558837890625,2017,4
Godrej,2017-11-01,600.472412109375,2017,4
Godrej,2017-11-02,607.174560546875,2017,4
Godrej,2017-11-03,603.3270263671875,2017,4
Godrej,2017-11-06,602.61328125,2017,4
Godrej,2017-11-07,608.60205078125,2017,4
Godrej,2017-11-08,600.1533813476562,2017,4
Godrej,2017-11-09,605.4027709960938,2017,4
Godrej,2017-11-10,595.6497192382812,2017,4
Godrej,2017-11-13,580.119384765625,2017,4
Godrej,2017-11-14,577.4171142578125,2017,4
Godrej,2017-11-15,568.7822875976562,2017,4
Godrej,2017-11-16,578.5664672851562,2017,4
Godrej,2017-11-17,586.48681640625,2017,4
Godrej,2017-11-20,594.8421020507812,2017,4
Godrej,2017-11-21,590.1829833984375,2017,4
Godrej,2017-11-22,593.568603515625,2017,4
Godrej,2017-11-23,593.568603515625,2017,4
Godrej,2017-11-24,604.1603393554688,2017,4
Godrej,2017-11-27,590.1829833984375,2017,4
Godrej,2017-11-28,609.37841796875,2017,4
Godrej,2017-11-29,606.52099609375,2017,4
Godrej,2017-11-30,597.2958984375,2017,4
Godrej,2017-12-01,606.1171875,2017,4
Godrej,2017-12-04,607.8565673828125,2017,4
Godrej,2017-12-05,606.5830688476562,2017,4
Godrej,2017-12-06,623.542236328125,2017,4
Godrej,2017-12-07,618.1996459960938,2017,4
Godrej,2017-12-08,625.9646606445312,2017,4
Godrej,2017-12-11,637.861083984375,2017,4
Godrej,2017-12-12,626.2752685546875,2017,4
Godrej,2017-12-13,616.025390625,2017,4
Godrej,2017-12-14,618.8829956054688,2017,4
Godrej,2017-12-15,613.5095825195312,2017,4
Godrej,2017-12-18,613.8822631835938,2017,4
Godrej,2017-12-19,615.4353637695312,2017,4
Godrej,2017-12-20,610.9937133789062,2017,4
Godrej,2017-12-21,614.44140625,2017,4
Godrej,2017-12-22,613.5095825195312,2017,4
Godrej,2017-12-26,607.6389770507812,2017,4
Godrej,2017-12-27,611.6148681640625,2017,4
Godrej,2017-12-28,611.5526733398438,2017,4
Godrej,2017-12-29,620.8709716796875,2017,4
Godrej,2018-01-01,612.6708984375,2018,1
Godrej,2018-01-02,609.751220703125,2018,1
Godrej,2018-01-03,612.7640380859375,2018,1
Godrej,2018-01-04,614.6587524414062,2018,1
Godrej,2018-01-05,615.031494140625,2018,1
Godrej,2018-01-08,617.9201049804688,2018,1
Godrej,2018-01-09,613.9132690429688,2018,1
Godrej,2018-01-10,607.8253784179688,2018,1
Godrej,2018-01-11,611.8943481445312,2018,1
Godrej,2018-01-12,615.8080444335938,2018,1
Godrej,2018-01-15,621.6475219726562,2018,1
Godrej,2018-01-16,624.7224731445312,2018,1
Godrej,2018-01-17,620.8087158203125,2018,1
Godrej,2018-01-18,643.0482177734375,2018,1
Godrej,2018-01-19,652.86328125,2018,1
Godrej,2018-01-22,678.7989501953125,2018,1
Godrej,2018-01-23,674.26416015625,2018,1
Godrej,2018-01-24,694.2671508789062,2018,1
Godrej,2018-01-25,667.803466796875,2018,1
Godrej,2018-01-29,658.4854125976562,2018,1
Godrej,2018-01-30,657.0565795898438,2018,1
Godrej,2018-01-31,654.38525390625,2018,1
Godrej,2018-02-01,654.3230590820312,2018,1
Godrej,2018-02-02,653.2672729492188,2018,1
Godrej,2018-02-05,645.4398803710938,2018,1
Godrej,2018-02-06,627.1586303710938,2018,1
Godrej,2018-02-07,629.0862426757812,2018,1
Godrej,2018-02-08,632.7238159179688,2018,1
Godrej,2018-02-09,632.1331176757812,2018,1
Godrej,2018-02-12,640.1543579101562,2018,1
Godrej,2018-02-14,638.9108276367188,2018,1
Godrej,2018-02-15,638.1336059570312,2018,1
Godrej,2018-02-16,641.0250244140625,2018,1
Godrej,2018-02-19,645.3154907226562,2018,1
Godrej,2018-02-20,655.8241577148438,2018,1
Godrej,2018-02-21,657.3787231445312,2018,1
Godrej,2018-02-22,647.958251953125,2018,1
Godrej,2018-02-23,651.7822875976562,2018,1
Godrej,2018-02-26,662.5706787109375,2018,1
Godrej,2018-02-27,678.6134033203125,2018,1
Godrej,2018-02-28,665.6175537109375,2018,1
Godrej,2018-03-01,671.6802368164062,2018,1
Godrej,2018-03-05,668.6332397460938,2018,1
Godrej,2018-03-06,677.307861328125,2018,1
Godrej,2018-03-07,678.2093505859375,2018,1
Godrej,2018-03-08,663.5345458984375,2018,1
Godrej,2018-03-09,667.1100463867188,2018,1
Godrej,2018-03-12,670.685302734375,2018,1
Godrej,2018-03-13,679.2974243164062,2018,1
Godrej,2018-03-14,675.5975952148438,2018,1
Godrej,2018-03-15,667.1410522460938,2018,1
Godrej,2018-03-16,656.6322631835938,2018,1
Godrej,2018-03-19,651.2225341796875,2018,1
Godrej,2018-03-20,664.3740234375,2018,1
Godrej,2018-03-21,669.4105224609375,2018,1
Godrej,2018-03-22,674.0743408203125,2018,1
Godrej,2018-03-23,680.8208618164062,2018,1
Godrej,2018-03-26,685.9508056640625,2018,1
Godrej,2018-03-27,673.2658081054688,2018,1
Godrej,2018-03-28,680.0435791015625,2018,1
Godrej,2018-04-02,693.536865234375,2018,2
Godrej,2018-04-03,687.4119873046875,2018,2
Godrej,2018-04-04,674.789306640625,2018,2
Godrej,2018-04-05,675.1624145507812,2018,2
Godrej,2018-04-06,677.6497192382812,2018,2
Godrej,2018-04-09,673.545654296875,2018,2
Godrej,2018-04-10,670.0013427734375,2018,2
Godrej,2018-04-11,668.5712280273438,2018,2
Godrej,2018-04-12,670.063720703125,2018,2
Godrej,2018-04-13,666.5193481445312,2018,2
Godrej,2018-04-16,670.3744506835938,2018,2
Godrej,2018-04-17,669.3173217773438,2018,2
Godrej,2018-04-18,703.4547729492188,2018,2
Godrej,2018-04-19,693.7855834960938,2018,2
Godrej,2018-04-20,696.1485595703125,2018,2
Godrej,2018-04-23,693.2260131835938,2018,2
Godrej,2018-04-24,700.8432006835938,2018,2
Godrej,2018-04-25,679.88818359375,2018,2
Godrej,2018-04-26,691.7337036132812,2018,2
Godrej,2018-04-27,693.443603515625,2018,2
Godrej,2018-04-30,694.5940551757812,2018,2
Godrej,2018-05-02,695.8997802734375,2018,2
Godrej,2018-05-03,692.5421142578125,2018,2
Godrej,2018-05-04,688.46923828125,2018,2
Godrej,2018-05-07,686.26171875,2018,2
Godrej,2018-05-08,698.9154663085938,2018,2
Godrej,2018-05-09,677.929443359375,2018,2
Godrej,2018-05-10,670.5299682617188,2018,2
Godrej,2018-05-11,671.0585327148438,2018,2
Godrej,2018-05-14,672.3331298828125,2018,2
Godrej,2018-05-15,677.5277099609375,2018,2
Godrej,2018-05-16,684.4122924804688,2018,2
Godrej,2018-05-17,676.589111328125,2018,2
Godrej,2018-05-18,678.9361572265625,2018,2
Godrej,2018-05-21,676.4639282226562,2018,2
Godrej,2018-05-22,674.71142578125,2018,2
Godrej,2018-05-23,691.3280029296875,2018,2
Godrej,2018-05-24,700.027587890625,2018,2
Godrej,2018-05-25,703.2507934570312,2018,2
Godrej,2018-05-28,700.8724975585938,2018,2
Godrej,2018-05-29,709.6972045898438,2018,2
Godrej,2018-05-30,709.3842163085938,2018,2
Godrej,2018-05-31,712.9515991210938,2018,2
Godrej,2018-06-01,726.8458251953125,2018,2
Godrej,2018-06-04,710.1353149414062,2018,2
Godrej,2018-06-05,711.2306518554688,2018,2
Godrej,2018-06-06,717.11376953125,2018,2
Godrej,2018-06-07,728.5669555664062,2018,2
Godrej,2018-06-08,731.35205078125,2018,2
Godrej,2018-06-11,713.1393432617188,2018,2
Godrej,2018-06-12,733.47998046875,2018,2
Godrej,2018-06-13,731.6963500976562,2018,2
Godrej,2018-06-14,732.6351318359375,2018,2
Godrej,2018-06-15,727.8158569335938,2018,2
Godrej,2018-06-18,726.0322875976562,2018,2
Godrej,2018-06-19,729.1928100585938,2018,2
Godrej,2018-06-20,727.4091186523438,2018,2
Godrej,2018-06-21,730.1941528320312,2018,2
Godrej,2018-06-22,729.7247924804688,2018,2
Godrej,2018-06-25,726.28271484375,2018,2
Godrej,2018-06-26,745.5592651367188,2018,2
Godrej,2018-06-27,756.3865966796875,2018,2
Godrej,2018-06-28,762.2696533203125,2018,2
Godrej,2018-06-29,767.1199951171875,2018,2
Godrej,2018-07-02,773.0032348632812,2018,3
Godrej,2018-07-03,782.6729736328125,2018,3
Godrej,2018-07-04,790.9654541015625,2018,3
Godrej,2018-07-05,780.8265380859375,2018,3
Godrej,2018-07-06,782.3285522460938,2018,3
Godrej,2018-07-09,787.6171264648438,2018,3
Godrej,2018-07-10,785.7708740234375,2018,3
Godrej,2018-07-11,828.8615112304688,2018,3
Godrej,2018-07-12,824.5743408203125,2018,3
Godrej,2018-07-13,819.6611938476562,2018,3
Godrej,2018-07-16,814.1536865234375,2018,3
Godrej,2018-07-17,816.0,2018,3
Godrej,2018-07-18,830.614013671875,2018,3
Godrej,2018-07-19,822.5715942382812,2018,3
Godrej,2018-07-20,805.5167846679688,2018,3
Godrej,2018-07-23,843.25634765625,2018,3
Godrej,2018-07-24,848.5760498046875,2018,3
Godrej,2018-07-25,848.95166015625,2018,3
Godrej,2018-07-26,835.9649658203125,2018,3
Godrej,2018-07-27,818.8789672851562,2018,3
Godrej,2018-07-30,820.3184814453125,2018,3
Godrej,2018-07-31,824.1989135742188,2018,3
Godrej,2018-08-01,825.8886108398438,2018,3
Godrej,2018-08-02,830.3634033203125,2018,3
Godrej,2018-08-03,832.2097778320312,2018,3
Godrej,2018-08-06,822.6198120117188,2018,3
Godrej,2018-08-07,814.5966186523438,2018,3
Godrej,2018-08-08,817.44873046875,2018,3
Godrej,2018-08-09,813.9697875976562,2018,3
Godrej,2018-08-10,811.3372802734375,2018,3
Godrej,2018-08-13,818.2947387695312,2018,3
Godrej,2018-08-14,811.5565795898438,2018,3
Godrej,2018-08-16,837.0050048828125,2018,3
Godrej,2018-08-17,843.58642578125,2018,3
Godrej,2018-08-20,876.8696899414062,2018,3
Godrej,2018-08-21,867.3421630859375,2018,3
Godrej,2018-08-23,889.8446044921875,2018,3
Godrej,2018-08-24,875.020751953125,2018,3
Godrej,2018-08-27,879.815673828125,2018,3
Godrej,2018-08-28,903.665771484375,2018,3
Godrej,2018-08-29,904.699951171875,2018,3
Godrej,2018-08-30,903.0388793945312,2018,3
Godrej,2018-08-31,910.2158813476562,2018,3
Godrej,2018-09-03,898.5573120117188,2018,3
Godrej,2018-09-04,876.9952392578125,2018,3
Godrej,2018-09-05,843.1476440429688,2018,3
Godrej,2018-09-06,822.494384765625,2018,3
Godrej,2018-09-07,840.6716918945312,2018,3
Godrej,2018-09-10,813.656494140625,2018,3
Godrej,2018-09-11,782.4100952148438,2018,3
Godrej,2018-09-12,813.6094360351562,2018,3
Godrej,2018-09-14,812.669189453125,2018,3
Godrej,2018-09-17,802.7030639648438,2018,3
Godrej,2018-09-18,807.4509887695312,2018,3
Godrej,2018-09-19,771.72314453125,2018,3
Godrej,2018-09-21,770.453857421875,2018,3
Godrej,2018-09-24,742.341552734375,2018,3
Godrej,2018-09-25,735.6192016601562,2018,3
Godrej,2018-09-26,726.2169799804688,2018,3
Godrej,2018-09-27,736.6063232421875,2018,3
Godrej,2018-09-28,722.6912841796875,2018,3
Godrej,2018-10-01,749.1111450195312,2018,4
Godrej,2018-10-03,719.6826171875,2018,4
Godrej,2018-10-04,677.5140991210938,2018,4
Godrej,2018-10-05,659.2742309570312,2018,4
Godrej,2018-10-08,656.4066162109375,2018,4
Godrej,2018-10-09,629.0935668945312,2018,4
Godrej,2018-10-10,675.6337890625,2018,4
Godrej,2018-10-11,684.4248046875,2018,4
Godrej,2018-10-12,673.5183715820312,2018,4
Godrej,2018-10-15,686.3052368164062,2018,4
Godrej,2018-10-16,707.083740234375,2018,4
Godrej,2018-10-17,690.3950805664062,2018,4
Godrej,2018-10-19,698.4337158203125,2018,4
Godrej,2018-10-22,703.3229370117188,2018,4
Godrej,2018-10-23,698.574951171875,2018,4
Godrej,2018-10-24,695.5192260742188,2018,4
Godrej,2018-10-25,659.7913208007812,2018,4
Godrej,2018-10-26,671.1676635742188,2018,4
Godrej,2018-10-29,674.45849609375,2018,4
Godrej,2018-10-30,671.1676635742188,2018,4
Godrej,2018-10-31,681.5099487304688,2018,4
Godrej,2018-11-01,663.2701416015625,2018,4
Godrej,2018-11-02,671.7318725585938,2018,4
Godrej,2018-11-05,666.0906372070312,2018,4
Godrej,2018-11-06,657.3468017578125,2018,4
Godrej,2018-11-07,663.2232055664062,2018,4
Godrej,2018-11-09,653.3037719726562,2018,4
Godrej,2018-11-12,651.470458984375,2018,4
Godrej,2018-11-13,645.9855346679688,2018,4
Godrej,2018-11-14,674.024658203125,2018,4
Godrej,2018-11-15,682.2992553710938,2018,4
Godrej,2018-11-16,684.0961303710938,2018,4
Godrej,2018-11-19,688.7770385742188,2018,4
Godrej,2018-11-20,669.7218017578125,2018,4
Godrej,2018-11-21,670.1946411132812,2018,4
Godrej,2018-11-22,678.327392578125,2018,4
Godrej,2018-11-26,706.1298828125,2018,4
Godrej,2018-11-27,707.6430053710938,2018,4
Godrej,2018-11-28,705.08984375,2018,4
Godrej,2018-11-29,704.5697021484375,2018,4
Godrej,2018-11-30,709.581787109375,2018,4
Godrej,2018-12-03,729.488037109375,2018,4
Godrej,2018-12-04,721.4972534179688,2018,4
Godrej,2018-12-05,711.2838745117188,2018,4
Godrej,2018-12-06,705.5153198242188,2018,4
Godrej,2018-12-07,711.236572265625,2018,4
Godrej,2018-12-10,697.713623046875,2018,4
Godrej,2018-12-11,703.6239624023438,2018,4
Godrej,2018-12-12,733.6962890625,2018,4
Godrej,2018-12-13,764.7615356445312,2018,4
Godrej,2018-12-14,782.25634765625,2018,4
Godrej,2018-12-17,797.1505737304688,2018,4
Godrej,2018-12-18,793.1315307617188,2018,4
Godrej,2018-12-19,791.665771484375,2018,4
Godrej,2018-12-20,781.1214599609375,2018,4
Godrej,2018-12-21,758.8982543945312,2018,4
Godrej,2018-12-24,758.9456176757812,2018,4
Godrej,2018-12-26,755.8720703125,2018,4
Godrej,2018-12-27,771.0501708984375,2018,4
Godrej,2018-12-28,766.794677734375,2018,4
Godrej,2018-12-31,766.6055297851562,2018,4
Godrej,2019-01-01,763.4847412109375,2019,1
Godrej,2019-01-02,762.82275390625,2019,1
Godrej,2019-01-03,770.6246948242188,2019,1
Godrej,2019-01-04,759.7494506835938,2019,1
Godrej,2019-01-07,757.0541381835938,2019,1
Godrej,2019-01-08,737.1007080078125,2019,1
Godrej,2019-01-09,731.8522338867188,2019,1
Godrej,2019-01-10,737.1480102539062,2019,1
Godrej,2019-01-11,736.6278686523438,2019,1
Godrej,2019-01-14,734.9729614257812,2019,1
Godrej,2019-01-15,738.9920654296875,2019,1
Godrej,2019-01-16,732.84521484375,2019,1
Godrej,2019-01-17,750.1982421875,2019,1
Godrej,2019-01-18,746.7465209960938,2019,1
Godrej,2019-01-21,741.734375,2019,1
Godrej,2019-01-22,749.7726440429688,2019,1
Godrej,2019-01-23,746.8882446289062,2019,1
Godrej,2019-01-24,747.6448364257812,2019,1
Godrej,2019-01-25,737.9044799804688,2019,1
Godrej,2019-01-28,717.9981689453125,2019,1
Godrej,2019-01-29,710.3855590820312,2019,1
Godrej,2019-01-30,655.820556640625,2019,1
Godrej,2019-01-31,670.7620849609375,2019,1
Godrej,2019-02-01,672.0387573242188,2019,1
Godrej,2019-02-04,661.7308959960938,2019,1
Godrej,2019-02-05,649.1649169921875,2019,1
Godrej,2019-02-06,668.8436889648438,2019,1
Godrej,2019-02-07,664.386474609375,2019,1
Godrej,2019-02-08,648.2166137695312,2019,1
Godrej,2019-02-11,661.9680786132812,2019,1
Godrej,2019-02-12,657.7477416992188,2019,1
Godrej,2019-02-14,645.7982177734375,2019,1
Godrej,2019-02-15,629.486083984375,2019,1
Godrej,2019-02-18,624.6494140625,2019,1
Godrej,2019-02-19,635.1290283203125,2019,1
Godrej,2019-02-20,641.435546875,2019,1
Godrej,2019-02-21,630.2448120117188,2019,1
Godrej,2019-02-22,633.4692993164062,2019,1
Godrej,2019-02-25,625.9769287109375,2019,1
Godrej,2019-02-26,620.6187744140625,2019,1
Godrej,2019-02-27,623.4639282226562,2019,1
Godrej,2019-02-28,638.1162109375,2019,1
Godrej,2019-03-01,644.0911254882812,2019,1
Godrej,2019-03-05,659.6918334960938,2019,1
Godrej,2019-03-06,669.2705078125,2019,1
Godrej,2019-03-07,671.736328125,2019,1
Godrej,2019-03-08,671.4517822265625,2019,1
Godrej,2019-03-11,685.4404296875,2019,1
Godrej,2019-03-12,687.6691284179688,2019,1
Godrej,2019-03-13,686.1990966796875,2019,1
Godrej,2019-03-14,678.1378173828125,2019,1
Godrej,2019-03-15,665.382080078125,2019,1
Godrej,2019-03-18,679.4656982421875,2019,1
Godrej,2019-03-19,673.72802734375,2019,1
Godrej,2019-03-20,667.2315063476562,2019,1
Godrej,2019-03-22,663.627685546875,2019,1
Godrej,2019-03-25,653.9541625976562,2019,1
Godrej,2019-03-26,656.4674072265625,2019,1
Godrej,2019-03-27,654.4759521484375,2019,1
Godrej,2019-03-28,657.7003784179688,2019,1
Godrej,2019-04-01,642.0520629882812,2019,2
Godrej,2019-04-02,622.8948364257812,2019,2
Godrej,2019-04-03,631.6198120117188,2019,2
Godrej,2019-04-04,640.5347900390625,2019,2
Godrej,2019-04-05,635.9349975585938,2019,2
Godrej,2019-04-08,628.727294921875,2019,2
Godrej,2019-04-09,630.5294189453125,2019,2
Godrej,2019-04-10,629.0118408203125,2019,2
Godrej,2019-04-11,630.0551147460938,2019,2
Godrej,2019-04-12,635.9825439453125,2019,2
Godrej,2019-04-15,638.2587280273438,2019,2
Godrej,2019-04-16,633.706298828125,2019,2
Godrej,2019-04-18,633.184814453125,2019,2
Godrej,2019-04-22,632.5682983398438,2019,2
Godrej,2019-04-23,637.1679077148438,2019,2
Godrej,2019-04-24,639.538818359375,2019,2
Godrej,2019-04-25,616.7778930664062,2019,2
Godrej,2019-04-26,619.4806518554688,2019,2
Godrej,2019-04-30,618.1529541015625,2019,2
Godrej,2019-05-02,620.5239868164062,2019,2
Godrej,2019-05-03,608.242431640625,2019,2
Godrej,2019-05-06,603.1685180664062,2019,2
Godrej,2019-05-07,603.1685180664062,2019,2
Godrej,2019-05-08,603.2634887695312,2019,2
Godrej,2019-05-09,608.0053100585938,2019,2
Godrej,2019-05-10,613.1901245117188,2019,2
Godrej,2019-05-13,609.3848876953125,2019,2
Godrej,2019-05-14,607.0064697265625,2019,2
Godrej,2019-05-15,609.7653198242188,2019,2
Godrej,2019-05-16,607.1015014648438,2019,2
Godrej,2019-05-17,637.211669921875,2019,2
Godrej,2019-05-20,644.965087890625,2019,2
Godrej,2019-05-21,625.938232421875,2019,2
Godrej,2019-05-22,626.6516723632812,2019,2
Godrej,2019-05-23,624.7965698242188,2019,2
Godrej,2019-05-24,627.60302734375,2019,2
Godrej,2019-05-27,634.8333129882812,2019,2
Godrej,2019-05-28,638.3058471679688,2019,2
Godrej,2019-05-29,633.7868041992188,2019,2
Godrej,2019-05-30,626.4138793945312,2019,2
Godrej,2019-05-31,654.5737915039062,2019,2
Godrej,2019-06-03,672.4590454101562,2019,2
Godrej,2019-06-04,666.3228149414062,2019,2
Godrej,2019-06-06,666.1800537109375,2019,2
Godrej,2019-06-07,657.8557739257812,2019,2
Godrej,2019-06-10,658.2364501953125,2019,2
Godrej,2019-06-11,651.8148193359375,2019,2
Godrej,2019-06-12,647.8191528320312,2019,2
Godrej,2019-06-13,646.5348510742188,2019,2
Godrej,2019-06-14,630.8851318359375,2019,2
Godrej,2019-06-17,626.0333251953125,2019,2
Godrej,2019-06-18,639.3521728515625,2019,2
Godrej,2019-06-19,631.4085083007812,2019,2
Godrej,2019-06-20,635.166259765625,2019,2
Godrej,2019-06-21,636.8309936523438,2019,2
Godrej,2019-06-24,641.3975830078125,2019,2
Godrej,2019-06-25,642.7769775390625,2019,2
Godrej,2019-06-26,637.97265625,2019,2
Godrej,2019-06-27,635.737060546875,2019,2
Godrej,2019-06-28,630.8375244140625,2019,2
Godrej,2019-07-01,632.4549560546875,2019,3
Godrej,2019-07-02,641.3975830078125,2019,3
Godrej,2019-07-03,640.1608276367188,2019,3
Godrej,2019-07-04,641.8732299804688,2019,3
Godrej,2019-07-05,639.1617431640625,2019,3
Godrej,2019-07-08,619.8019409179688,2019,3
Godrej,2019-07-09,615.2830200195312,2019,3
Godrej,2019-07-10,606.7210083007812,2019,3
Godrej,2019-07-11,604.628173828125,2019,3
Godrej,2019-07-12,597.5881958007812,2019,3
Godrej,2019-07-15,590.5005493164062,2019,3
Godrej,2019-07-16,602.4400024414062,2019,3
Godrej,2019-07-17,612.9998779296875,2019,3
Godrej,2019-07-18,612.7620239257812,2019,3
Godrej,2019-07-19,597.3026733398438,2019,3
Godrej,2019-07-22,590.9761962890625,2019,3
Godrej,2019-07-23,588.21728515625,2019,3
Godrej,2019-07-24,586.3146362304688,2019,3
Godrej,2019-07-25,586.6952514648438,2019,3
Godrej,2019-07-26,589.2638549804688,2019,3
Godrej,2019-07-29,583.4130859375,2019,3
Godrej,2019-07-30,569.28564453125,2019,3
Godrej,2019-07-31,569.6184692382812,2019,3
Godrej,2019-08-01,574.1849975585938,2019,3
Godrej,2019-08-02,581.9860229492188,2019,3
Godrej,2019-08-05,584.3168334960938,2019,3
Godrej,2019-08-06,592.1654052734375,2019,3
Godrej,2019-08-07,603.9620971679688,2019,3
Godrej,2019-08-08,613.4578857421875,2019,3
Godrej,2019-08-09,623.5740966796875,2019,3
Godrej,2019-08-13,615.6529541015625,2019,3
Godrej,2019-08-14,601.0513305664062,2019,3
Godrej,2019-08-16,594.418701171875,2019,3
Godrej,2019-08-19,597.5202026367188,2019,3
Godrej,2019-08-20,600.7172241210938,2019,3
Godrej,2019-08-21,585.3999633789062,2019,3
Godrej,2019-08-22,580.0555419921875,2019,3
Godrej,2019-08-23,572.9932861328125,2019,3
Godrej,2019-08-26,579.9600219726562,2019,3
Godrej,2019-08-27,576.0473022460938,2019,3
Godrej,2019-08-28,572.8024291992188,2019,3
Godrej,2019-08-29,572.9932861328125,2019,3
Godrej,2019-08-30,581.1530151367188,2019,3
Godrej,2019-09-03,572.3731079101562,2019,3
Godrej,2019-09-04,556.292236328125,2019,3
Godrej,2019-09-05,569.9393920898438,2019,3
Godrej,2019-09-06,572.1343994140625,2019,3
Godrej,2019-09-09,579.9124145507812,2019,3
Godrej,2019-09-11,583.0140991210938,2019,3
Godrej,2019-09-12,589.5037231445312,2019,3
Godrej,2019-09-13,595.0865478515625,2019,3
Godrej,2019-09-16,609.1156005859375,2019,3
Godrej,2019-09-17,616.94140625,2019,3
Godrej,2019-09-18,619.6134033203125,2019,3
Godrej,2019-09-19,625.6736450195312,2019,3
Godrej,2019-09-20,653.4930419921875,2019,3
Godrej,2019-09-23,631.208984375,2019,3
Godrej,2019-09-24,633.690185546875,2019,3
Godrej,2019-09-25,640.7046508789062,2019,3
Godrej,2019-09-26,648.8644409179688,2019,3
Godrej,2019-09-27,660.650634765625,2019,3
Godrej,2019-09-30,655.926513671875,2019,3
Godrej,2019-10-01,648.9597778320312,2019,4
Godrej,2019-10-03,629.8250732421875,2019,4
Godrej,2019-10-04,638.032470703125,2019,4
Godrej,2019-10-07,640.0366821289062,2019,4
Godrej,2019-10-09,642.2794189453125,2019,4
Godrej,2019-10-10,649.05517578125,2019,4
Godrej,2019-10-11,660.7460327148438,2019,4
Godrej,2019-10-14,659.17138671875,2019,4
Godrej,2019-10-15,658.2648315429688,2019,4
Godrej,2019-10-16,674.2025146484375,2019,4
Godrej,2019-10-17,682.0757446289062,2019,4
Godrej,2019-10-18,684.1754760742188,2019,4
Godrej,2019-10-22,667.9514770507812,2019,4
Godrej,2019-10-23,682.743896484375,2019,4
Godrej,2019-10-24,681.6464233398438,2019,4
Godrej,2019-10-25,670.5281372070312,2019,4
Godrej,2019-10-27,673.4866943359375,2019,4
Godrej,2019-10-29,685.0345458984375,2019,4
Godrej,2019-10-30,699.492919921875,2019,4
Godrej,2019-10-31,706.5549926757812,2019,4
Godrej,2019-11-01,704.3600463867188,2019,4
Godrej,2019-11-04,688.0882568359375,2019,4
Godrej,2019-11-05,688.5654296875,2019,4
Godrej,2019-11-06,707.7001953125,2019,4
Godrej,2019-11-07,718.2935791015625,2019,4
Godrej,2019-11-08,700.9720458984375,2019,4
Godrej,2019-11-11,699.1587524414062,2019,4
Godrej,2019-11-13,696.05712890625,2019,4
Godrej,2019-11-14,684.6691284179688,2019,4
Godrej,2019-11-15,680.0755615234375,2019,4
Godrej,2019-11-18,686.439453125,2019,4
Godrej,2019-11-19,673.0418701171875,2019,4
Godrej,2019-11-20,682.563720703125,2019,4
Godrej,2019-11-21,695.0523681640625,2019,4
Godrej,2019-11-22,682.0375366210938,2019,4
Godrej,2019-11-25,683.664306640625,2019,4
Godrej,2019-11-26,672.2762451171875,2019,4
Godrej,2019-11-27,689.9802856445312,2019,4
Godrej,2019-11-28,691.2243041992188,2019,4
Godrej,2019-11-29,693.8082275390625,2019,4
Godrej,2019-12-02,697.3490600585938,2019,4
Godrej,2019-12-03,684.6212158203125,2019,4
Godrej,2019-12-04,665.7688598632812,2019,4
Godrej,2019-12-05,642.8970947265625,2019,4
Godrej,2019-12-06,636.2939453125,2019,4
Godrej,2019-12-09,629.738525390625,2019,4
Godrej,2019-12-10,618.4942016601562,2019,4
Godrej,2019-12-11,641.7007446289062,2019,4
Godrej,2019-12-12,637.5380249023438,2019,4
Godrej,2019-12-13,645.72021484375,2019,4
Godrej,2019-12-16,645.9592895507812,2019,4
Godrej,2019-12-17,649.7872314453125,2019,4
Godrej,2019-12-18,651.0313110351562,2019,4
Godrej,2019-12-19,655.4813232421875,2019,4
Godrej,2019-12-20,676.4390869140625,2019,4
Godrej,2019-12-23,668.3526611328125,2019,4
Godrej,2019-12-24,661.5581665039062,2019,4
Godrej,2019-12-26,653.8543701171875,2019,4
Godrej,2019-12-27,659.2135620117188,2019,4
Godrej,2019-12-30,659.022216796875,2019,4
Godrej,2019-12-31,655.0985717773438,2019,4
Godrej,2020-01-01,661.60595703125,2020,1
Godrej,2020-01-02,654.2850341796875,2020,1
Godrej,2020-01-03,659.3091430664062,2020,1
Godrej,2020-01-06,667.3956909179688,2020,1
Godrej,2020-01-07,678.11376953125,2020,1
Godrej,2020-01-08,681.5110473632812,2020,1
Godrej,2020-01-09,693.2339477539062,2020,1
Godrej,2020-01-10,706.4881591796875,2020,1
Godrej,2020-01-13,710.8424072265625,2020,1
Godrej,2020-01-14,719.4074096679688,2020,1
Godrej,2020-01-15,729.6470336914062,2020,1
Godrej,2020-01-16,714.6224975585938,2020,1
Godrej,2020-01-17,711.7036743164062,2020,1
Godrej,2020-01-20,716.3450317382812,2020,1
Godrej,2020-01-21,700.076416015625,2020,1
Godrej,2020-01-22,694.86083984375,2020,1
Godrej,2020-01-23,709.1677856445312,2020,1
Godrej,2020-01-24,717.110595703125,2020,1
Godrej,2020-01-27,706.0097045898438,2020,1
Godrej,2020-01-28,704.7177734375,2020,1
Godrej,2020-01-29,708.976318359375,2020,1
Godrej,2020-01-30,654.0936279296875,2020,1
Godrej,2020-01-31,643.7105712890625,2020,1
Godrej,2020-02-03,638.5906982421875,2020,1
Godrej,2020-02-04,626.3892822265625,2020,1
Godrej,2020-02-05,634.8363647460938,2020,1
Godrej,2020-02-06,625.8132934570312,2020,1
Godrej,2020-02-07,620.8696899414062,2020,1
Godrej,2020-02-10,605.5591430664062,2020,1
Godrej,2020-02-11,591.0166015625,2020,1
Godrej,2020-02-12,616.4061889648438,2020,1
Godrej,2020-02-13,610.838623046875,2020,1
Godrej,2020-02-14,600.99951171875,2020,1
Godrej,2020-02-17,600.6636352539062,2020,1
Godrej,2020-02-18,595.8641357421875,2020,1
Godrej,2020-02-19,597.6398315429688,2020,1
Godrej,2020-02-20,605.7511596679688,2020,1
Godrej,2020-02-24,590.2006225585938,2020,1
Godrej,2020-02-25,591.0645141601562,2020,1
Godrej,2020-02-26,577.1458740234375,2020,1
Godrej,2020-02-27,570.8584594726562,2020,1
Godrej,2020-02-28,538.0293579101562,2020,1
Godrej,2020-03-02,563.6111450195312,2020,1
Godrej,2020-03-03,593.8961791992188,2020,1
Godrej,2020-03-04,606.4230346679688,2020,1
Godrej,2020-03-05,624.5653686523438,2020,1
Godrej,2020-03-06,613.2864990234375,2020,1
Godrej,2020-03-09,589.1927490234375,2020,1
Godrej,2020-03-11,583.0492553710938,2020,1
Godrej,2020-03-12,537.7415161132812,2020,1
Godrej,2020-03-13,526.2705688476562,2020,1
Godrej,2020-03-16,488.6421203613281,2020,1
Godrej,2020-03-17,502.7527770996094,2020,1
Godrej,2020-03-18,500.6889343261719,2020,1
Godrej,2020-03-19,463.6844482421875,2020,1
Godrej,2020-03-20,479.0910949707031,2020,1
Godrej,2020-03-23,416.6488952636719,2020,1
Godrej,2020-03-24,426.6319885253906,2020,1
Godrej,2020-03-25,451.6376037597656,2020,1
Godrej,2020-03-26,480.4828796386719,2020,1
Godrej,2020-03-27,479.4270324707031,2020,1
Godrej,2020-03-30,473.3315734863281,2020,1
Godrej,2020-03-31,499.9690856933594,2020,1
Godrej,2020-04-01,526.7506103515625,2020,2
Godrej,2020-04-03,510.1441345214844,2020,2
Godrej,2020-04-07,536.445556640625,2020,2
Godrej,2020-04-08,575.9458618164062,2020,2
Godrej,2020-04-09,571.2423095703125,2020,2
Godrej,2020-04-13,534.6217651367188,2020,2
Godrej,2020-04-15,548.7324829101562,2020,2
Godrej,2020-04-16,541.773193359375,2020,2
Godrej,2020-04-17,530.5902099609375,2020,2
Godrej,2020-04-20,516.0956420898438,2020,2
Godrej,2020-04-21,508.5602722167969,2020,2
Godrej,2020-04-22,509.8561401367188,2020,2
Godrej,2020-04-23,517.8233642578125,2020,2
Godrej,2020-04-24,512.975830078125,2020,2
Godrej,2020-04-27,515.423583984375,2020,2
Godrej,2020-04-28,512.39990234375,2020,2
Godrej,2020-04-29,514.9437255859375,2020,2
Godrej,2020-04-30,521.4230346679688,2020,2
Godrej,2020-05-04,505.2005310058594,2020,2
Godrej,2020-05-05,493.6816711425781,2020,2
Godrej,2020-05-06,486.86627197265625,2020,2
Godrej,2020-05-07,466.8041687011719,2020,2
Godrej,2020-05-08,479.5229797363281,2020,2
Godrej,2020-05-11,496.0813903808594,2020,2
Godrej,2020-05-12,497.08929443359375,2020,2
Godrej,2020-05-13,513.0238037109375,2020,2
Godrej,2020-05-14,541.8211669921875,2020,2
Godrej,2020-05-15,521.7109985351562,2020,2
Godrej,2020-05-18,515.9995727539062,2020,2
Godrej,2020-05-19,531.7900390625,2020,2
Godrej,2020-05-20,542.0131225585938,2020,2
Godrej,2020-05-21,552.5240478515625,2020,2
Godrej,2020-05-22,546.3807373046875,2020,2
Godrej,2020-05-26,551.900146484375,2020,2
Godrej,2020-05-27,551.8040771484375,2020,2
Godrej,2020-05-28,580.1695556640625,2020,2
Godrej,2020-05-29,608.3909912109375,2020,2
Godrej,2020-06-01,607.9110107421875,2020,2
Godrej,2020-06-02,613.9103393554688,2020,2
Godrej,2020-06-03,632.2926025390625,2020,2
Godrej,2020-06-04,628.9330444335938,2020,2
Godrej,2020-06-05,623.8455810546875,2020,2
Godrej,2020-06-08,632.148681640625,2020,2
Godrej,2020-06-09,632.9166259765625,2020,2
Godrej,2020-06-10,607.2869873046875,2020,2
Godrej,2020-06-11,589.0006713867188,2020,2
Godrej,2020-06-12,582.473388671875,2020,2
Godrej,2020-06-15,584.3451538085938,2020,2
Godrej,2020-06-16,608.9188232421875,2020,2
Godrej,2020-06-17,614.582275390625,2020,2
Godrej,2020-06-18,616.3102416992188,2020,2
Godrej,2020-06-19,624.42138671875,2020,2
Godrej,2020-06-22,635.17236328125,2020,2
Godrej,2020-06-23,638.2921142578125,2020,2
Godrej,2020-06-24,644.7715454101562,2020,2
Godrej,2020-06-25,649.1869506835938,2020,2
Godrej,2020-06-26,657.9702758789062,2020,2
Godrej,2020-06-29,660.08203125,2020,2
Godrej,2020-06-30,663.105712890625,2020,2
Godrej,2020-07-01,666.9933471679688,2020,3
Godrej,2020-07-02,668.9612426757812,2020,3
Godrej,2020-07-03,688.54345703125,2020,3
Godrej,2020-07-06,679.5201416015625,2020,3
Godrej,2020-07-07,675.3926391601562,2020,3
Godrej,2020-07-08,667.473388671875,2020,3
Godrej,2020-07-09,665.6974487304688,2020,3
Godrej,2020-07-10,669.2971801757812,2020,3
Godrej,2020-07-13,667.2333374023438,2020,3
Godrej,2020-07-14,666.7534790039062,2020,3
Godrej,2020-07-15,666.7054443359375,2020,3
Godrej,2020-07-16,666.5134887695312,2020,3
Godrej,2020-07-17,672.4649047851562,2020,3
Godrej,2020-07-20,670.6410522460938,2020,3
Godrej,2020-07-21,652.9786987304688,2020,3
Godrej,2020-07-22,665.4095458984375,2020,3
Godrej,2020-07-23,654.37060546875,2020,3
Godrej,2020-07-24,652.7386474609375,2020,3
Godrej,2020-07-27,640.1639404296875,2020,3
Godrej,2020-07-28,650.2910766601562,2020,3
Godrej,2020-07-29,652.8827514648438,2020,3
Godrej,2020-07-30,655.2824096679688,2020,3
Godrej,2020-07-31,664.1136474609375,2020,3
Godrej,2020-08-03,671.0249633789062,2020,3
Godrej,2020-08-04,664.2576904296875,2020,3
Godrej,2020-08-05,650.0509643554688,2020,3
Godrej,2020-08-06,663.1537475585938,2020,3
Godrej,2020-08-07,661.4739379882812,2020,3
Godrej,2020-08-10,654.6585083007812,2020,3
Godrej,2020-08-11,660.2260131835938,2020,3
Godrej,2020-08-12,662.289794921875,2020,3
Godrej,2020-08-13,680.7681274414062,2020,3
Godrej,2020-08-14,657.154296875,2020,3
Godrej,2020-08-17,654.3225708007812,2020,3
Godrej,2020-08-18,663.0576782226562,2020,3
Godrej,2020-08-19,662.961669921875,2020,3
Godrej,2020-08-20,661.5699462890625,2020,3
Godrej,2020-08-21,656.098388671875,2020,3
Godrej,2020-08-24,657.826171875,2020,3
Godrej,2020-08-25,650.5789794921875,2020,3
Godrej,2020-08-26,653.9385986328125,2020,3
Godrej,2020-08-27,651.5388793945312,2020,3
Godrej,2020-08-28,644.0516357421875,2020,3
Godrej,2020-08-31,625.1892700195312,2020,3
Godrej,2020-09-01,631.812744140625,2020,3
Godrej,2020-09-02,631.9086303710938,2020,3
Godrej,2020-09-03,645.347412109375,2020,3
Godrej,2020-09-04,629.4609375,2020,3
Godrej,2020-09-07,625.5732421875,2020,3
Godrej,2020-09-08,642.8516845703125,2020,3
Godrej,2020-09-09,645.8753051757812,2020,3
Godrej,2020-09-10,646.0673828125,2020,3
Godrej,2020-09-11,658.1622314453125,2020,3
Godrej,2020-09-14,663.82568359375,2020,3
Godrej,2020-09-15,677.8883056640625,2020,3
Godrej,2020-09-16,679.040283203125,2020,3
Godrej,2020-09-17,680.7681274414062,2020,3
Godrej,2020-09-18,685.1356811523438,2020,3
Godrej,2020-09-21,659.7460327148438,2020,3
Godrej,2020-09-22,655.8104858398438,2020,3
Godrej,2020-09-23,651.682861328125,2020,3
Godrej,2020-09-24,663.7777099609375,2020,3
Godrej,2020-09-25,673.95263671875,2020,3
Godrej,2020-09-28,684.65576171875,2020,3
Godrej,2020-09-29,677.1204223632812,2020,3
Godrej,2020-09-30,695.8866577148438,2020,3
Godrej,2020-10-01,704.6217651367188,2020,4
Godrej,2020-10-05,722.3802490234375,2020,4
Godrej,2020-10-06,710.9572143554688,2020,4
Godrej,2020-10-07,700.2542114257812,2020,4
Godrej,2020-10-08,697.614501953125,2020,4
Godrej,2020-10-09,690.9910888671875,2020,4
Godrej,2020-10-12,679.8560791015625,2020,4
Godrej,2020-10-13,686.0476684570312,2020,4
Godrej,2020-10-14,671.7449340820312,2020,4
Godrej,2020-10-15,654.8025512695312,2020,4
Godrej,2020-10-16,650.6748657226562,2020,4
Godrej,2020-10-19,659.5540771484375,2020,4
Godrej,2020-10-20,663.2017211914062,2020,4
Godrej,2020-10-21,658.9781494140625,2020,4
Godrej,2020-10-22,644.819580078125,2020,4
Godrej,2020-10-23,653.9385986328125,2020,4
Godrej,2020-10-26,644.819580078125,2020,4
Godrej,2020-10-27,657.874267578125,2020,4
Godrej,2020-10-28,650.0029296875,2020,4
Godrej,2020-10-29,657.3462524414062,2020,4
Godrej,2020-10-30,638.1480102539062,2020,4
Godrej,2020-11-02,629.7489624023438,2020,4
Godrej,2020-11-03,641.7476196289062,2020,4
Godrej,2020-11-04,648.947021484375,2020,4
Godrej,2020-11-05,642.3717041015625,2020,4
Godrej,2020-11-06,642.7077026367188,2020,4
Godrej,2020-11-09,660.7538452148438,2020,4
Godrej,2020-11-10,649.8590087890625,2020,4
Godrej,2020-11-11,661.2820434570312,2020,4
Godrej,2020-11-12,659.6021118164062,2020,4
Godrej,2020-11-13,654.5625,2020,4
Godrej,2020-11-14,658.2103271484375,2020,4
Godrej,2020-11-17,651.8267822265625,2020,4
Godrej,2020-11-18,655.954345703125,2020,4
Godrej,2020-11-19,657.4422607421875,2020,4
Godrej,2020-11-20,670.9769287109375,2020,4
Godrej,2020-11-23,679.47216796875,2020,4
Godrej,2020-11-24,679.9041748046875,2020,4
Godrej,2020-11-25,668.289306640625,2020,4
Godrej,2020-11-26,672.9928588867188,2020,4
Godrej,2020-11-27,671.6968994140625,2020,4
Godrej,2020-12-01,677.3123168945312,2020,4
Godrej,2020-12-02,689.119384765625,2020,4
Godrej,2020-12-03,683.6478271484375,2020,4
Godrej,2020-12-04,681.5360107421875,2020,4
Godrej,2020-12-07,685.8076782226562,2020,4
Godrej,2020-12-08,678.1763916015625,2020,4
Godrej,2020-12-09,676.6884155273438,2020,4
Godrej,2020-12-10,699.34228515625,2020,4
Godrej,2020-12-11,697.4705810546875,2020,4
Godrej,2020-12-14,694.2548828125,2020,4
Godrej,2020-12-15,693.8228149414062,2020,4
Godrej,2020-12-16,691.7590942382812,2020,4
Godrej,2020-12-17,690.3672485351562,2020,4
Godrej,2020-12-18,691.3271484375,2020,4
Godrej,2020-12-21,675.296630859375,2020,4
Godrej,2020-12-22,684.0317993164062,2020,4
Godrej,2020-12-23,684.2238159179688,2020,4
Godrej,2020-12-24,692.0949096679688,2020,4
Godrej,2020-12-28,698.0944213867188,2020,4
Godrej,2020-12-29,711.4371948242188,2020,4
Godrej,2020-12-30,719.1165161132812,2020,4
Godrej,2020-12-31,710.477294921875,2020,4
Godrej,2021-01-01,709.3253784179688,2021,1
Godrej,2021-01-04,727.707763671875,2021,1
Godrej,2021-01-05,729.8194580078125,2021,1
Godrej,2021-01-06,714.8447875976562,2021,1
Godrej,2021-01-07,703.9498291015625,2021,1
Godrej,2021-01-08,720.2683715820312,2021,1
Godrej,2021-01-11,738.74658203125,2021,1
Godrej,2021-01-12,731.643310546875,2021,1
Godrej,2021-01-13,739.6585083007812,2021,1
Godrej,2021-01-14,751.9935302734375,2021,1
Godrej,2021-01-15,748.82568359375,2021,1
Godrej,2021-01-18,746.953857421875,2021,1
Godrej,2021-01-19,755.1611328125,2021,1
Godrej,2021-01-20,768.935791015625,2021,1
Godrej,2021-01-21,765.4801635742188,2021,1
Godrej,2021-01-22,758.3767700195312,2021,1
Godrej,2021-01-25,748.0097045898438,2021,1
Godrej,2021-01-27,742.92236328125,2021,1
Godrej,2021-01-28,746.6659545898438,2021,1
Godrej,2021-01-29,714.796875,2021,1
Godrej,2021-02-01,722.76416015625,2021,1
Godrej,2021-02-02,717.8685302734375,2021,1
Godrej,2021-02-03,716.9567260742188,2021,1
Godrej,2021-02-04,737.9307861328125,2021,1
Godrej,2021-02-05,719.1165161132812,2021,1
Godrej,2021-02-08,705.9178466796875,2021,1
Godrej,2021-02-09,713.7890014648438,2021,1
Godrej,2021-02-10,719.6444702148438,2021,1
Godrej,2021-02-11,728.33154296875,2021,1
Godrej,2021-02-12,724.0601196289062,2021,1
Godrej,2021-02-15,713.5010375976562,2021,1
Godrej,2021-02-16,692.19091796875,2021,1
Godrej,2021-02-17,691.9031372070312,2021,1
Godrej,2021-02-18,689.9351806640625,2021,1
Godrej,2021-02-19,681.2479858398438,2021,1
Godrej,2021-02-22,671.4090576171875,2021,1
Godrej,2021-02-23,652.8345947265625,2021,1
Godrej,2021-02-24,665.12158203125,2021,1
Godrej,2021-02-25,668.481201171875,2021,1
Godrej,2021-02-26,658.8822021484375,2021,1
Godrej,2021-03-01,658.7381591796875,2021,1
Godrej,2021-03-02,664.209716796875,2021,1
Godrej,2021-03-03,671.3610229492188,2021,1
Godrej,2021-03-04,664.5935668945312,2021,1
Godrej,2021-03-05,663.5856323242188,2021,1
Godrej,2021-03-08,661.4739379882812,2021,1
Godrej,2021-03-09,652.8345947265625,2021,1
Godrej,2021-03-10,666.4653930664062,2021,1
Godrej,2021-03-12,658.8822021484375,2021,1
Godrej,2021-03-15,653.5546264648438,2021,1
Godrej,2021-03-16,653.36279296875,2021,1
Godrej,2021-03-17,634.3084716796875,2021,1
Godrej,2021-03-18,633.9725341796875,2021,1
Godrej,2021-03-19,645.5393676757812,2021,1
Godrej,2021-03-22,666.5134887695312,2021,1
Godrej,2021-03-23,662.5778198242188,2021,1
Godrej,2021-03-24,656.00244140625,2021,1
Godrej,2021-03-25,652.5468139648438,2021,1
Godrej,2021-03-26,681.7760009765625,2021,1
Godrej,2021-03-30,697.3745727539062,2021,1
Godrej,2021-03-31,700.3982543945312,2021,1
Godrej,2021-04-01,697.1824951171875,2021,2
Godrej,2021-04-05,693.3908081054688,2021,2
Godrej,2021-04-06,698.5744018554688,2021,2
Godrej,2021-04-07,709.8533935546875,2021,2
Godrej,2021-04-08,710.2373046875,2021,2
Godrej,2021-04-09,709.4692993164062,2021,2
Godrej,2021-04-12,686.719482421875,2021,2
Godrej,2021-04-13,694.4948120117188,2021,2
Godrej,2021-04-15,707.0215454101562,2021,2
Godrej,2021-04-16,702.5580444335938,2021,2
Godrej,2021-04-19,695.6947631835938,2021,2
Godrej,2021-04-20,696.5587158203125,2021,2
Godrej,2021-04-22,675.8724975585938,2021,2
Godrej,2021-04-23,670.6890258789062,2021,2
Godrej,2021-04-26,667.5214233398438,2021,2
Godrej,2021-04-27,674.0486450195312,2021,2
Godrej,2021-04-28,683.2638549804688,2021,2
Godrej,2021-04-29,673.95263671875,2021,2
Godrej,2021-04-30,664.0177001953125,2021,2
Godrej,2021-05-03,680.6240844726562,2021,2
Godrej,2021-05-04,669.633056640625,2021,2
Godrej,2021-05-05,679.7120971679688,2021,2
Godrej,2021-05-06,681.4880981445312,2021,2
Godrej,2021-05-07,673.95263671875,2021,2
Godrej,2021-05-10,680.816162109375,2021,2
Godrej,2021-05-11,687.4874877929688,2021,2
Godrej,2021-05-12,837.8572998046875,2021,2
Godrej,2021-05-14,817.6512451171875,2021,2
Godrej,2021-05-17,807.7161254882812,2021,2
Godrej,2021-05-18,783.5264282226562,2021,2
Godrej,2021-05-19,788.7099609375,2021,2
Godrej,2021-05-20,782.8065185546875,2021,2
Godrej,2021-05-21,785.6382446289062,2021,2
Godrej,2021-05-24,775.895263671875,2021,2
Godrej,2021-05-25,774.4072875976562,2021,2
Godrej,2021-05-26,791.8297119140625,2021,2
Godrej,2021-05-27,798.0210571289062,2021,2
Godrej,2021-05-28,810.8358764648438,2021,2
Godrej,2021-05-31,822.2108764648438,2021,2
Godrej,2021-06-01,815.011474609375,2021,2
Godrej,2021-06-02,816.4993896484375,2021,2
Godrej,2021-06-03,829.6980590820312,2021,2
Godrej,2021-06-04,818.3711547851562,2021,2
Godrej,2021-06-07,815.0594482421875,2021,2
Godrej,2021-06-08,821.346923828125,2021,2
Godrej,2021-06-09,819.0431518554688,2021,2
Godrej,2021-06-10,850.2401733398438,2021,2
Godrej,2021-06-11,863.4869384765625,2021,2
Godrej,2021-06-14,883.7410278320312,2021,2
Godrej,2021-06-15,896.2680053710938,2021,2
Godrej,2021-06-16,880.5252685546875,2021,2
Godrej,2021-06-17,871.5982666015625,2021,2
Godrej,2021-06-18,857.1514892578125,2021,2
Godrej,2021-06-21,850.1442260742188,2021,2
Godrej,2021-06-22,841.9849853515625,2021,2
Godrej,2021-06-23,845.4406127929688,2021,2
Godrej,2021-06-24,835.505615234375,2021,2
Godrej,2021-06-25,835.6495361328125,2021,2
Godrej,2021-06-28,834.8816528320312,2021,2
Godrej,2021-06-29,842.6088256835938,2021,2
Godrej,2021-06-30,835.3616333007812,2021,2
Godrej,2021-07-01,852.4479370117188,2021,3
Godrej,2021-07-02,855.519775390625,2021,3
Godrej,2021-07-05,887.9166870117188,2021,3
Godrej,2021-07-06,925.5930786132812,2021,3
Godrej,2021-07-07,924.2973022460938,2021,3
Godrej,2021-07-08,924.1052856445312,2021,3
Godrej,2021-07-09,926.9370727539062,2021,3
Godrej,2021-07-12,918.6337280273438,2021,3
Godrej,2021-07-13,904.7630004882812,2021,3
Godrej,2021-07-14,902.4593505859376,2021,3
Godrej,2021-07-15,910.2825927734376,2021,3
Godrej,2021-07-16,912.9703369140624,2021,3
Godrej,2021-07-19,906.1549682617188,2021,3
Godrej,2021-07-20,910.8104858398438,2021,3
Godrej,2021-07-22,930.776611328125,2021,3
Godrej,2021-07-23,940.8557739257812,2021,3
Godrej,2021-07-26,937.3999633789062,2021,3
Godrej,2021-07-27,958.7100830078124,2021,3
Godrej,2021-07-28,960.8218383789062,2021,3
Godrej,2021-07-29,947.287109375,2021,3
Godrej,2021-07-30,948.1990356445312,2021,3
Godrej,2021-08-02,952.5665893554688,2021,3
Godrej,2021-08-03,976.324462890625,2021,3
Godrej,2021-08-04,949.3028564453124,2021,3
Godrej,2021-08-05,936.8720092773438,2021,3
Godrej,2021-08-06,933.2723999023438,2021,3
Godrej,2021-08-09,936.152099609375,2021,3
Godrej,2021-08-10,945.7031860351562,2021,3
Godrej,2021-08-11,940.5197143554688,2021,3
Godrej,2021-08-12,951.0787963867188,2021,3
Godrej,2021-08-13,943.8314208984376,2021,3
Godrej,2021-08-16,951.750732421875,2021,3
Godrej,2021-08-17,965.1414184570312,2021,3
Godrej,2021-08-18,964.9013671875,2021,3
Godrej,2021-08-20,991.7308959960938,2021,3
Godrej,2021-08-23,988.46728515625,2021,3
Godrej,2021-08-24,972.8206787109376,2021,3
Godrej,2021-08-25,999.1222534179688,2021,3
Godrej,2021-08-26,1000.8502197265624,2021,3
Godrej,2021-08-27,1011.793212890625,2021,3
Godrej,2021-08-30,1043.9019775390625,2021,3
Godrej,2021-08-31,1055.22900390625,2021,3
Godrej,2021-09-01,1053.8370361328125,2021,3
Godrej,2021-09-02,1080.3785400390625,2021,3
Godrej,2021-09-03,1074.47509765625,2021,3
Godrej,2021-09-06,1068.379638671875,2021,3
Godrej,2021-09-07,1068.043701171875,2021,3
Godrej,2021-09-08,1064.68408203125,2021,3
Godrej,2021-09-09,1064.7799072265625,2021,3
Godrej,2021-09-13,1076.2989501953125,2021,3
Godrej,2021-09-14,1069.3875732421875,2021,3
Godrej,2021-09-15,1081.7225341796875,2021,3
Godrej,2021-09-16,1060.41259765625,2021,3
Godrej,2021-09-17,1046.8778076171875,2021,3
Godrej,2021-09-20,1036.36669921875,2021,3
Godrej,2021-09-21,1037.1343994140625,2021,3
Godrej,2021-09-22,1012.177001953125,2021,3
Godrej,2021-09-23,1015.632568359375,2021,3
Godrej,2021-09-24,999.8900756835938,2021,3
Godrej,2021-09-27,997.0582885742188,2021,3
Godrej,2021-09-28,1011.1211547851562,2021,3
Godrej,2021-09-29,981.3638916015624,2021,3
Godrej,2021-09-30,988.6112670898438,2021,3
Godrej,2021-10-01,979.4440307617188,2021,4
Godrej,2021-10-04,988.3712158203124,2021,4
Godrej,2021-10-05,1000.322021484375,2021,4
Godrej,2021-10-06,977.1402587890624,2021,4
Godrej,2021-10-07,987.7471313476562,2021,4
Godrej,2021-10-08,978.4361572265624,2021,4
Godrej,2021-10-11,983.5718383789062,2021,4
Godrej,2021-10-12,985.3955688476562,2021,4
Godrej,2021-10-13,1015.9204711914062,2021,4
Godrej,2021-10-14,997.0582885742188,2021,4
Godrej,2021-10-18,976.3723754882812,2021,4
Godrej,2021-10-19,967.4451904296876,2021,4
Godrej,2021-10-20,952.6145629882812,2021,4
Godrej,2021-10-21,938.3118896484376,2021,4
Godrej,2021-10-22,922.2814331054688,2021,4
Godrej,2021-10-25,904.6671752929688,2021,4
Godrej,2021-10-26,925.3531494140624,2021,4
Godrej,2021-10-27,969.4130249023438,2021,4
Godrej,2021-10-28,945.3673095703124,2021,4
Godrej,2021-10-29,918.2978515625,2021,4
Godrej,2021-11-01,935.1441650390624,2021,4
Godrej,2021-11-02,921.849365234375,2021,4
Godrej,2021-11-03,921.5614624023438,2021,4
Godrej,2021-11-04,932.744384765625,2021,4
Godrej,2021-11-08,932.3604736328124,2021,4
Godrej,2021-11-09,921.8014526367188,2021,4
Godrej,2021-11-10,937.5440673828124,2021,4
Godrej,2021-11-11,912.5382690429688,2021,4
Godrej,2021-11-12,882.7330932617188,2021,4
Godrej,2021-11-15,885.3248901367188,2021,4
Godrej,2021-11-16,897.65966796875,2021,4
Godrej,2021-11-17,884.7009887695312,2021,4
Godrej,2021-11-18,882.6851196289062,2021,4
Godrej,2021-11-22,875.1018676757812,2021,4
Godrej,2021-11-23,876.061767578125,2021,4
Godrej,2021-11-24,877.213623046875,2021,4
Godrej,2021-11-25,881.1973266601562,2021,4
Godrej,2021-11-26,861.4711303710938,2021,4
Godrej,2021-11-29,876.5897216796875,2021,4
Godrej,2021-11-30,886.0927734375,2021,4
Godrej,2021-12-01,900.7794799804688,2021,4
Godrej,2021-12-02,887.004638671875,2021,4
Godrej,2021-12-03,876.4937744140625,2021,4
Godrej,2021-12-06,851.1520385742188,2021,4
Godrej,2021-12-07,863.2470092773438,2021,4
Godrej,2021-12-08,866.55859375,2021,4
Godrej,2021-12-09,890.50830078125,2021,4
Godrej,2021-12-10,905.1950073242188,2021,4
Godrej,2021-12-13,891.8522338867188,2021,4
Godrej,2021-12-14,893.38818359375,2021,4
Godrej,2021-12-15,886.23681640625,2021,4
Godrej,2021-12-16,875.9178466796875,2021,4
Godrej,2021-12-17,862.958984375,2021,4
Godrej,2021-12-20,855.519775390625,2021,4
Godrej,2021-12-21,899.3396606445312,2021,4
Godrej,2021-12-22,919.7376708984376,2021,4
Godrej,2021-12-23,926.12109375,2021,4
Godrej,2021-12-24,927.512939453125,2021,4
Godrej,2021-12-27,916.6659545898438,2021,4
Godrej,2021-12-28,928.9048461914062,2021,4
Godrej,2021-12-29,922.2333984375,2021,4
Godrej,2021-12-30,912.2504272460938,2021,4
Godrej,2021-12-31,929.5286865234376,2021,4
Godrej,2022-01-03,919.2096557617188,2022,1
Godrej,2022-01-04,911.6264038085938,2022,1
Godrej,2022-01-05,916.281982421875,2022,1
Godrej,2022-01-06,911.0025024414062,2022,1
Godrej,2022-01-07,919.16162109375,2022,1
Godrej,2022-01-10,893.72412109375,2022,1
Godrej,2022-01-11,878.365478515625,2022,1
Godrej,2022-01-12,887.8687133789062,2022,1
Godrej,2022-01-13,887.292724609375,2022,1
Godrej,2022-01-14,881.9172973632812,2022,1
Godrej,2022-01-17,887.8687133789062,2022,1
Godrej,2022-01-18,891.180419921875,2022,1
Godrej,2022-01-19,899.9635009765625,2022,1
Godrej,2022-01-20,866.55859375,2022,1
Godrej,2022-01-21,855.4718017578125,2022,1
Godrej,2022-01-24,826.2904052734375,2022,1
Godrej,2022-01-25,858.5914916992188,2022,1
Godrej,2022-01-27,844.144775390625,2022,1
Godrej,2022-01-28,845.632568359375,2022,1
Godrej,2022-01-31,852.68798828125,2022,1
Godrej,2022-02-01,864.3027954101562,2022,1
Godrej,2022-02-02,873.8060302734375,2022,1
Godrej,2022-02-03,886.2848510742188,2022,1
Godrej,2022-02-04,875.7738037109375,2022,1
Godrej,2022-02-07,853.7438354492188,2022,1
Godrej,2022-02-08,842.7528686523438,2022,1
Godrej,2022-02-09,825.5225219726562,2022,1
Godrej,2022-02-10,818.8990478515625,2022,1
Godrej,2022-02-11,791.9256591796875,2022,1
Godrej,2022-02-14,767.6878662109375,2022,1
Godrej,2022-02-15,781.126708984375,2022,1
Godrej,2022-02-16,796.9652099609375,2022,1
Godrej,2022-02-17,799.5570068359375,2022,1
Godrej,2022-02-18,792.3097534179688,2022,1
Godrej,2022-02-21,776.5670776367188,2022,1
Godrej,2022-02-22,749.5936279296875,2022,1
Godrej,2022-02-23,771.2396240234375,2022,1
Godrej,2022-02-24,740.2344970703125,2022,1
Godrej,2022-02-25,747.1458129882812,2022,1
Godrej,2022-02-28,737.1627807617188,2022,1
Godrej,2022-03-02,722.1402587890625,2022,1
Godrej,2022-03-03,704.3817749023438,2022,1
Godrej,2022-03-04,693.1029663085938,2022,1
Godrej,2022-03-07,638.052001953125,2022,1
Godrej,2022-03-08,672.94482421875,2022,1
Godrej,2022-03-09,673.8567504882812,2022,1
Godrej,2022-03-10,682.3518676757812,2022,1
Godrej,2022-03-11,681.0081176757812,2022,1
Godrej,2022-03-14,681.5360107421875,2022,1
Godrej,2022-03-15,695.5506591796875,2022,1
Godrej,2022-03-16,717.2926635742188,2022,1
Godrej,2022-03-17,716.5726928710938,2022,1
Godrej,2022-03-21,693.294921875,2022,1
Godrej,2022-03-22,671.2650146484375,2022,1
Godrej,2022-03-23,666.5134887695312,2022,1
Godrej,2022-03-24,667.1373901367188,2022,1
Godrej,2022-03-25,657.394287109375,2022,1
Godrej,2022-03-28,661.1380004882812,2022,1
Godrej,2022-03-29,667.473388671875,2022,1
Godrej,2022-03-30,698.6223754882812,2022,1
Godrej,2022-03-31,717.3406982421875,2022,1
Godrej,2022-04-01,722.8121948242188,2022,2
Godrej,2022-04-04,739.7545166015625,2022,2
Godrej,2022-04-05,739.9944458007812,2022,2
Godrej,2022-04-06,722.2842407226562,2022,2
Godrej,2022-04-07,750.2174072265625,2022,2
Godrej,2022-04-08,779.1110229492188,2022,2
Godrej,2022-04-11,779.6868286132812,2022,2
Godrej,2022-04-12,773.7833251953125,2022,2
Godrej,2022-04-13,754.8251953125,2022,2
Godrej,2022-04-18,764.424072265625,2022,2
Godrej,2022-04-19,743.9781494140625,2022,2
Godrej,2022-04-20,768.3118896484375,2022,2
Godrej,2022-04-21,766.008056640625,2022,2
Godrej,2022-04-22,765.0962524414062,2022,2
Godrej,2022-04-25,730.6354370117188,2022,2
Godrej,2022-04-26,761.9765014648438,2022,2
Godrej,2022-04-27,760.2486572265625,2022,2
Godrej,2022-04-28,770.8077392578125,2022,2
Godrej,2022-04-29,751.0335083007812,2022,2
Godrej,2022-05-02,740.9063720703125,2022,2
Godrej,2022-05-04,725.2598876953125,2022,2
Godrej,2022-05-05,731.4992065429688,2022,2
Godrej,2022-05-06,725.787841796875,2022,2
Godrej,2022-05-09,726.98779296875,2022,2
Godrej,2022-05-10,740.3786010742188,2022,2
Godrej,2022-05-11,749.4496459960938,2022,2
Godrej,2022-05-12,740.3304443359375,2022,2
Godrej,2022-05-13,765.2401733398438,2022,2
Godrej,2022-05-16,765.3841552734375,2022,2
Godrej,2022-05-17,786.7421264648438,2022,2
Godrej,2022-05-18,797.109130859375,2022,2
Godrej,2022-05-19,763.704345703125,2022,2
Godrej,2022-05-20,727.9956665039062,2022,2
Godrej,2022-05-23,722.3802490234375,2022,2
Godrej,2022-05-24,732.3633422851562,2022,2
Godrej,2022-05-25,724.587890625,2022,2
Godrej,2022-05-26,748.6818237304688,2022,2
Godrej,2022-05-27,752.6653442382812,2022,2
Godrej,2022-05-30,764.5681762695312,2022,2
Godrej,2022-05-31,736.202880859375,2022,2
Godrej,2022-06-01,735.0989990234375,2022,2
Godrej,2022-06-02,738.2667236328125,2022,2
Godrej,2022-06-03,732.7471313476562,2022,2
Godrej,2022-06-06,729.675537109375,2022,2
Godrej,2022-06-07,719.740478515625,2022,2
Godrej,2022-06-08,718.1084594726562,2022,2
Godrej,2022-06-09,732.3633422851562,2022,2
Godrej,2022-06-10,719.8843994140625,2022,2
Godrej,2022-06-13,708.7014770507812,2022,2
Godrej,2022-06-14,707.549560546875,2022,2
Godrej,2022-06-15,712.0610961914062,2022,2
Godrej,2022-06-16,712.1571655273438,2022,2
Godrej,2022-06-17,696.2227172851562,2022,2
Godrej,2022-06-20,728.5715942382812,2022,2
Godrej,2022-06-21,731.4512329101562,2022,2
Godrej,2022-06-22,731.4992065429688,2022,2
Godrej,2022-06-23,743.7382202148438,2022,2
Godrej,2022-06-24,762.6963500976562,2022,2
Godrej,2022-06-27,765.2882080078125,2022,2
Godrej,2022-06-28,762.2644653320312,2022,2
Godrej,2022-06-29,736.1549072265625,2022,2
Godrej,2022-06-30,727.1798095703125,2022,2
Godrej,2022-07-01,750.169677734375,2022,3
Godrej,2022-07-04,780.3587646484375,2022,3
Godrej,2022-07-05,798.885009765625,2022,3
Godrej,2022-07-06,844.6726684570312,2022,3
Godrej,2022-07-07,820.9149169921875,2022,3
Godrej,2022-07-08,816.163330078125,2022,3
Godrej,2022-07-11,824.5625610351562,2022,3
Godrej,2022-07-12,822.1148681640625,2022,3
Godrej,2022-07-13,837.5213012695312,2022,3
Godrej,2022-07-14,840.257080078125,2022,3
Godrej,2022-07-15,839.1532592773438,2022,3
Godrej,2022-07-18,824.6106567382812,2022,3
Godrej,2022-07-19,831.1859741210938,2022,3
Godrej,2022-07-20,838.4813232421875,2022,3
Godrej,2022-07-21,841.6490478515625,2022,3
Godrej,2022-07-22,847.9363403320312,2022,3
Godrej,2022-07-25,833.8737182617188,2022,3
Godrej,2022-07-26,808.9161987304688,2022,3
Godrej,2022-07-27,812.3717041015625,2022,3
Godrej,2022-07-28,817.7952270507812,2022,3
Godrej,2022-07-29,819.5230712890625,2022,3
Godrej,2022-08-01,826.7703247070312,2022,3
Godrej,2022-08-02,830.130126953125,2022,3
Godrej,2022-08-03,827.2982788085938,2022,3
Godrej,2022-08-04,820.195068359375,2022,3
Godrej,2022-08-05,838.0973510742188,2022,3
Godrej,2022-08-08,833.7297973632812,2022,3
Godrej,2022-08-10,821.9229125976562,2022,3
Godrej,2022-08-11,840.0171508789062,2022,3
Godrej,2022-08-12,830.130126953125,2022,3
Godrej,2022-08-16,854.1758422851562,2022,3
Godrej,2022-08-17,854.5117797851562,2022,3
Godrej,2022-08-18,881.4851684570312,2022,3
Godrej,2022-08-19,869.5823974609375,2022,3
Godrej,2022-08-22,851.823974609375,2022,3
Godrej,2022-08-23,854.895751953125,2022,3
Godrej,2022-08-24,866.7506103515625,2022,3
Godrej,2022-08-25,871.0223388671875,2022,3
Godrej,2022-08-26,861.8070678710938,2022,3
Godrej,2022-08-29,871.40625,2022,3
Godrej,2022-08-30,887.1967163085938,2022,3
Godrej,2022-09-01,885.516845703125,2022,3
Godrej,2022-09-02,878.9414672851562,2022,3
Godrej,2022-09-05,857.6795043945312,2022,3
Godrej,2022-09-06,873.2779541015625,2022,3
Godrej,2022-09-07,907.978759765625,2022,3
Godrej,2022-09-08,901.3554077148438,2022,3
Godrej,2022-09-09,900.3953857421875,2022,3
Godrej,2022-09-12,909.9945678710938,2022,3
Godrej,2022-09-13,904.8590087890624,2022,3
Godrej,2022-09-14,891.9002075195312,2022,3
Godrej,2022-09-15,891.7562255859375,2022,3
Godrej,2022-09-16,854.4638061523438,2022,3
Godrej,2022-09-19,864.0628662109375,2022,3
Godrej,2022-09-20,886.57275390625,2022,3
Godrej,2022-09-21,889.5964965820312,2022,3
Godrej,2022-09-22,870.350341796875,2022,3
Godrej,2022-09-23,854.7518310546875,2022,3
Godrej,2022-09-26,836.8014526367188,2022,3
Godrej,2022-09-27,847.8403930664062,2022,3
Godrej,2022-09-28,849.5682373046875,2022,3
Godrej,2022-09-29,871.2141723632812,2022,3
Godrej,2022-09-30,873.9498901367188,2022,3
Godrej,2022-10-03,849.5682373046875,2022,4
Godrej,2022-10-04,860.6552124023438,2022,4
Godrej,2022-10-06,819.4270629882812,2022,4
Godrej,2022-10-07,796.5811157226562,2022,4
Godrej,2022-10-10,798.885009765625,2022,4
Godrej,2022-10-11,791.877685546875,2022,4
Godrej,2022-10-12,806.0363159179688,2022,4
Godrej,2022-10-13,809.06005859375,2022,4
Godrej,2022-10-14,799.9888916015625,2022,4
Godrej,2022-10-17,800.1809692382812,2022,4
Godrej,2022-10-18,800.1329345703125,2022,4
Godrej,2022-10-19,793.509521484375,2022,4
Godrej,2022-10-20,795.0933227539062,2022,4
Godrej,2022-10-21,787.3661499023438,2022,4
Godrej,2022-10-24,787.4140625,2022,4
Godrej,2022-10-25,788.0859985351562,2022,4
Godrej,2022-10-27,802.1005859375,2022,4
Godrej,2022-10-28,796.5811157226562,2022,4
Godrej,2022-10-31,796.0532836914062,2022,4
Godrej,2022-11-01,804.7884521484375,2022,4
Godrej,2022-11-02,800.036865234375,2022,4
Godrej,2022-11-03,798.4050903320312,2022,4
Godrej,2022-11-04,795.9093017578125,2022,4
Godrej,2022-11-07,793.7013549804688,2022,4
Godrej,2022-11-09,782.1826171875,2022,4
Godrej,2022-11-10,787.3180541992188,2022,4
Godrej,2022-11-11,786.166259765625,2022,4
Godrej,2022-11-14,811.02783203125,2022,4
Godrej,2022-11-15,814.7235107421875,2022,4
Godrej,2022-11-16,811.8917846679688,2022,4
Godrej,2022-11-17,805.2202758789062,2022,4
Godrej,2022-11-18,805.2683715820312,2022,4
Godrej,2022-11-21,805.3643798828125,2022,4
Godrej,2022-11-22,808.2921752929688,2022,4
Godrej,2022-11-23,814.0996704101562,2022,4
Godrej,2022-11-24,828.2102661132812,2022,4
Godrej,2022-11-25,824.8984985351562,2022,4
Godrej,2022-11-28,819.81103515625,2022,4
Godrej,2022-11-29,830.9461669921875,2022,4
Godrej,2022-11-30,846.112548828125,2022,4
Godrej,2022-12-01,842.0809326171875,2022,4
Godrej,2022-12-02,846.3045043945312,2022,4
Godrej,2022-12-05,847.1205444335938,2022,4
Godrej,2022-12-06,850.2401733398438,2022,4
Godrej,2022-12-07,862.14306640625,2022,4
Godrej,2022-12-08,865.310791015625,2022,4
Godrej,2022-12-09,886.57275390625,2022,4
Godrej,2022-12-12,859.4552001953125,2022,4
Godrej,2022-12-13,841.6490478515625,2022,4
Godrej,2022-12-14,851.5840454101562,2022,4
Godrej,2022-12-15,866.9906616210938,2022,4
Godrej,2022-12-16,860.8472900390625,2022,4
Godrej,2022-12-19,870.1583251953125,2022,4
Godrej,2022-12-20,858.7353515625,2022,4
Godrej,2022-12-21,848.8963012695312,2022,4
Godrej,2022-12-22,855.6156616210938,2022,4
Godrej,2022-12-23,838.3853759765625,2022,4
Godrej,2022-12-26,847.6005249023438,2022,4
Godrej,2022-12-27,853.35986328125,2022,4
Godrej,2022-12-28,860.1752319335938,2022,4
Godrej,2022-12-29,850.5281372070312,2022,4
Godrej,2022-12-30,839.0091552734375,2022,4
Godrej,2023-01-02,857.6795043945312,2023,1
Godrej,2023-01-03,856.9595336914062,2023,1
Godrej,2023-01-04,853.0719604492188,2023,1
Godrej,2023-01-05,879.7575073242188,2023,1
Godrej,2023-01-06,880.6693725585938,2023,1
Godrej,2023-01-09,871.6942138671875,2023,1
Godrej,2023-01-10,875.1018676757812,2023,1
Godrej,2023-01-11,864.3988037109375,2023,1
Godrej,2023-01-12,878.4616088867188,2023,1
Godrej,2023-01-13,880.4293212890625,2023,1
Godrej,2023-01-16,887.1967163085938,2023,1
Godrej,2023-01-17,892.0442504882812,2023,1
Godrej,2023-01-18,891.8522338867188,2023,1
Godrej,2023-01-19,891.9962158203125,2023,1
Godrej,2023-01-20,895.02001953125,2023,1
Godrej,2023-01-23,889.6924438476562,2023,1
Godrej,2023-01-24,892.1402587890625,2023,1
Godrej,2023-01-25,877.5496215820312,2023,1
Godrej,2023-01-27,870.7341918945312,2023,1
Godrej,2023-01-30,867.5665283203125,2023,1
Godrej,2023-01-31,876.6376953125,2023,1
Godrej,2023-02-01,892.42822265625,2023,1
Godrej,2023-02-02,902.0272827148438,2023,1
Godrej,2023-02-03,897.5157470703125,2023,1
Godrej,2023-02-06,899.7235107421875,2023,1
Godrej,2023-02-07,902.8911743164062,2023,1
Godrej,2023-02-08,902.9872436523438,2023,1
Godrej,2023-02-09,903.1311645507812,2023,1
Godrej,2023-02-10,902.6992797851562,2023,1
Godrej,2023-02-13,886.812744140625,2023,1
Godrej,2023-02-14,893.2440795898438,2023,1
Godrej,2023-02-15,897.9956665039062,2023,1
Godrej,2023-02-16,895.02001953125,2023,1
Godrej,2023-02-17,904.3310546875,2023,1
Godrej,2023-02-20,890.50830078125,2023,1
Godrej,2023-02-21,899.6275634765625,2023,1
Godrej,2023-02-22,892.6201782226562,2023,1
Godrej,2023-02-23,896.8919067382812,2023,1
Godrej,2023-02-24,890.6044311523438,2023,1
Godrej,2023-02-27,877.357666015625,2023,1
Godrej,2023-02-28,886.2848510742188,2023,1
Godrej,2023-03-01,875.48583984375,2023,1
Godrej,2023-03-02,875.8698120117188,2023,1
Godrej,2023-03-03,888.636474609375,2023,1
Godrej,2023-03-06,879.0375366210938,2023,1
Godrej,2023-03-08,883.64501953125,2023,1
Godrej,2023-03-09,868.2864990234375,2023,1
Godrej,2023-03-10,879.6134643554688,2023,1
Godrej,2023-03-13,878.6535034179688,2023,1
Godrej,2023-03-14,878.1256713867188,2023,1
Godrej,2023-03-15,871.0223388671875,2023,1
Godrej,2023-03-16,894.971923828125,2023,1
Godrej,2023-03-17,909.4666748046876,2023,1
Godrej,2023-03-20,921.5134887695312,2023,1
Godrej,2023-03-21,905.7709350585938,2023,1
Godrej,2023-03-22,913.306396484375,2023,1
Godrej,2023-03-23,914.07421875,2023,1
Godrej,2023-03-24,913.0663452148438,2023,1
Godrej,2023-03-27,923.0493774414062,2023,1
Godrej,2023-03-28,920.169677734375,2023,1
Godrej,2023-03-29,927.5608520507812,2023,1
Godrej,2023-03-31,929.3367919921876,2023,1
Godrej,2023-04-03,925.8330078125,2023,2
Godrej,2023-04-05,930.6806640625,2023,2
Godrej,2023-04-06,928.8568115234376,2023,2
Godrej,2023-04-10,926.8410034179688,2023,2
Godrej,2023-04-11,925.2571411132812,2023,2
Godrej,2023-04-12,930.0086669921876,2023,2
Godrej,2023-04-13,924.5852661132812,2023,2
Godrej,2023-04-17,935.6721801757812,2023,2
Godrej,2023-04-18,930.5845947265624,2023,2
Godrej,2023-04-19,929.0487670898438,2023,2
Godrej,2023-04-20,936.0560913085938,2023,2
Godrej,2023-04-21,947.5751342773438,2023,2
Godrej,2023-04-24,949.9267578125,2023,2
Godrej,2023-04-25,924.5852661132812,2023,2
Godrej,2023-04-26,937.01611328125,2023,2
Godrej,2023-04-27,915.3699951171876,2023,2
Godrej,2023-04-28,871.1182250976562,2023,2
Godrej,2023-05-02,886.332763671875,2023,2
Godrej,2023-05-03,901.54736328125,2023,2
Godrej,2023-05-04,894.1080322265625,2023,2
Godrej,2023-05-05,899.0996704101562,2023,2
Godrej,2023-05-08,905.6749877929688,2023,2
Godrej,2023-05-09,913.1622314453124,2023,2
Godrej,2023-05-10,923.8654174804688,2023,2
Godrej,2023-05-11,943.2073974609376,2023,2
Godrej,2023-05-12,959.1420288085938,2023,2
Godrej,2023-05-15,969.2211303710938,2023,2
Godrej,2023-05-16,971.6688232421876,2023,2
Godrej,2023-05-17,977.5242309570312,2023,2
Godrej,2023-05-18,968.3570556640624,2023,2
Godrej,2023-05-19,969.2691040039062,2023,2
Godrej,2023-05-22,976.13232421875,2023,2
Godrej,2023-05-23,974.9804077148438,2023,2
Godrej,2023-05-24,981.747802734375,2023,2
Godrej,2023-05-25,988.1312866210938,2023,2
Godrej,2023-05-26,1007.857421875,2023,2
Godrej,2023-05-29,1005.3614501953124,2023,2
Godrej,2023-05-30,1005.1694946289062,2023,2
Godrej,2023-05-31,1015.9204711914062,2023,2
Godrej,2023-06-01,1011.93701171875,2023,2
Godrej,2023-06-02,1018.4163818359376,2023,2
Godrej,2023-06-05,1010.01708984375,2023,2
Godrej,2023-06-06,1012.8489379882812,2023,2
Godrej,2023-06-07,1022.6399536132812,2023,2
Godrej,2023-06-08,1015.5367431640624,2023,2
Godrej,2023-06-09,993.8427124023438,2023,2
Godrej,2023-06-12,1002.241943359375,2023,2
Godrej,2023-06-13,1013.136962890625,2023,2
Godrej,2023-06-14,1026.6236572265625,2023,2
Godrej,2023-06-15,1034.4949951171875,2023,2
Godrej,2023-06-16,1027.1036376953125,2023,2
Godrej,2023-06-19,1023.98388671875,2023,2
Godrej,2023-06-20,1028.9273681640625,2023,2
Godrej,2023-06-21,1020.9598999023438,2023,2
Godrej,2023-06-22,999.1702270507812,2023,2
Godrej,2023-06-23,994.418701171875,2023,2
Godrej,2023-06-26,990.9150390625,2023,2
Godrej,2023-06-27,995.7626342773438,2023,2
Godrej,2023-06-28,1026.239501953125,2023,2
Godrej,2023-06-30,1037.66259765625,2023,2
Godrej,2023-07-03,1018.4163818359376,2023,3
Godrej,2023-07-04,1019.3284912109376,2023,3
Godrej,2023-07-05,1052.9732666015625,2023,3
Godrej,2023-07-06,1036.606689453125,2023,3
Godrej,2023-07-07,1020.0001831054688,2023,3
Godrej,2023-07-10,1012.5609741210938,2023,3
Godrej,2023-07-11,1019.2803344726562,2023,3
Godrej,2023-07-12,1025.519775390625,2023,3
Godrej,2023-07-13,1011.3610229492188,2023,3
Godrej,2023-07-14,1020.3358764648438,2023,3
Godrej,2023-07-17,1018.5604248046876,2023,3
Godrej,2023-07-18,1000.1781616210938,2023,3
Godrej,2023-07-19,1002.0499877929688,2023,3
Godrej,2023-07-20,1017.8884887695312,2023,3
Godrej,2023-07-21,1014.1927490234376,2023,3
Godrej,2023-07-24,994.8505859375,2023,3
Godrej,2023-07-25,993.3627319335938,2023,3
Godrej,2023-07-26,996.9146118164062,2023,3
Godrej,2023-07-27,988.6591796875,2023,3
Godrej,2023-07-28,994.418701171875,2023,3
Godrej,2023-07-31,994.418701171875,2023,3
Godrej,2023-08-01,979.5401000976562,2023,3
Godrej,2023-08-02,978.8201904296876,2023,3
Godrej,2023-08-03,973.8285522460938,2023,3
Godrej,2023-08-04,976.75634765625,2023,3
Godrej,2023-08-07,989.3790283203124,2023,3
Godrej,2023-08-08,968.9810180664062,2023,3
Godrej,2023-08-09,977.8602294921876,2023,3
Godrej,2023-08-10,985.1556396484376,2023,3
Godrej,2023-08-11,979.2521362304688,2023,3
Godrej,2023-08-14,994.0347290039062,2023,3
Godrej,2023-08-16,999.7462768554688,2023,3
Godrej,2023-08-17,984.003662109375,2023,3
Godrej,2023-08-18,985.2994384765624,2023,3
Godrej,2023-08-21,985.2515258789062,2023,3
Godrej,2023-08-22,995.8583984375,2023,3
Godrej,2023-08-23,982.4677124023438,2023,3
Godrej,2023-08-24,1000.0342407226562,2023,3
Godrej,2023-08-25,989.0431518554688,2023,3
Godrej,2023-08-28,986.8833618164062,2023,3
Godrej,2023-08-29,972.7246704101562,2023,3
Godrej,2023-08-30,979.6360473632812,2023,3
Godrej,2023-08-31,964.8534545898438,2023,3
Godrej,2023-09-01,965.04541015625,2023,3
Godrej,2023-09-04,961.0618286132812,2023,3
Godrej,2023-09-05,968.6451416015624,2023,3
Godrej,2023-09-06,971.332763671875,2023,3
Godrej,2023-09-07,973.6846313476562,2023,3
Godrej,2023-09-08,979.39599609375,2023,3
Godrej,2023-09-11,992.4508666992188,2023,3
Godrej,2023-09-12,971.3807983398438,2023,3
Godrej,2023-09-13,963.4135131835938,2023,3
Godrej,2023-09-14,966.1973266601562,2023,3
Godrej,2023-09-15,961.8778076171876,2023,3
Godrej,2023-09-18,953.478515625,2023,3
Godrej,2023-09-20,950.4067993164062,2023,3
Godrej,2023-09-21,947.9110717773438,2023,3
Godrej,2023-09-22,946.6151733398438,2023,3
Godrej,2023-09-25,937.6879272460938,2023,3
Godrej,2023-09-26,939.4638671875,2023,3
Godrej,2023-09-27,959.8139038085938,2023,3
Godrej,2023-09-28,950.8388061523438,2023,3
Godrej,2023-09-29,951.8466186523438,2023,3
Godrej,2023-10-03,953.0945434570312,2023,4
Godrej,2023-10-04,950.7427368164062,2023,4
Godrej,2023-10-05,937.4479370117188,2023,4
Godrej,2023-10-06,932.6964721679688,2023,4
Godrej,2023-10-09,927.7049560546876,2023,4
Godrej,2023-10-10,935.8640747070312,2023,4
Godrej,2023-10-11,946.3270874023438,2023,4
Godrej,2023-10-12,937.8319702148438,2023,4
Godrej,2023-10-13,943.5433349609376,2023,4
Godrej,2023-10-16,946.9990844726562,2023,4
Godrej,2023-10-17,957.174072265625,2023,4
Godrej,2023-10-18,959.3819580078124,2023,4
Godrej,2023-10-19,944.4552612304688,2023,4
Godrej,2023-10-20,948.5349731445312,2023,4
Godrej,2023-10-23,941.527587890625,2023,4
Godrej,2023-10-25,935.9121704101562,2023,4
Godrej,2023-10-26,925.1610717773438,2023,4
Godrej,2023-10-27,947.6710815429688,2023,4
Godrej,2023-10-30,938.9837036132812,2023,4
Godrej,2023-10-31,952.086669921875,2023,4
Godrej,2023-11-01,935.5762329101562,2023,4
Godrej,2023-11-02,951.4147338867188,2023,4
Godrej,2023-11-03,979.780029296875,2023,4
Godrej,2023-11-06,984.099609375,2023,4
Godrej,2023-11-07,980.4039916992188,2023,4
Godrej,2023-11-08,974.7885131835938,2023,4
Godrej,2023-11-09,952.9871826171876,2023,4
Godrej,2023-11-10,949.5144653320312,2023,4
Godrej,2023-11-13,946.0416259765624,2023,4
Godrej,2023-11-15,952.8907470703124,2023,4
Godrej,2023-11-16,945.1734619140624,2023,4
Godrej,2023-11-17,961.7173461914062,2023,4
Godrej,2023-11-20,962.1514892578124,2023,4
Godrej,2023-11-21,965.0936279296876,2023,4
Godrej,2023-11-22,972.9556274414062,2023,4
Godrej,2023-11-23,975.1260375976562,2023,4
Godrej,2023-11-24,973.8239135742188,2023,4
Godrej,2023-11-28,966.3477172851562,2023,4
Godrej,2023-11-29,965.720703125,2023,4
Godrej,2023-11-30,972.56982421875,2023,4
Godrej,2023-12-01,989.161865234375,2023,4
Godrej,2023-12-04,1004.93408203125,2023,4
Godrej,2023-12-05,1009.082275390625,2023,4
Godrej,2023-12-06,1001.9918212890624,2023,4
Godrej,2023-12-07,983.1329345703124,2023,4
Godrej,2023-12-08,985.4479370117188,2023,4
Godrej,2023-12-11,1006.2363891601562,2023,4
Godrej,2023-12-12,995.1428833007812,2023,4
Godrej,2023-12-13,1009.0339965820312,2023,4
Godrej,2023-12-14,1007.5869140625,2023,4
Godrej,2023-12-15,1005.3200073242188,2023,4
Godrej,2023-12-18,994.1781616210938,2023,4
Godrej,2023-12-19,1013.2302856445312,2023,4
Godrej,2023-12-20,1013.2302856445312,2023,4
Godrej,2023-12-21,1034.9833984375,2023,4
Godrej,2023-12-22,1036.28564453125,2023,4
Godrej,2023-12-26,1054.421142578125,2023,4
Godrej,2023-12-27,1064.4534912109375,2023,4
Godrej,2023-12-28,1073.1837158203125,2023,4
Godrej,2023-12-29,1091.2227783203125,2023,4
Godrej,2024-01-01,1104.34228515625,2024,1
Godrej,2024-01-02,1118.185302734375,2024,1
Godrej,2024-01-03,1126.8187255859375,2024,1
Godrej,2024-01-04,1159.5208740234375,2024,1
Godrej,2024-01-05,1176.739990234375,2024,1
Godrej,2024-01-08,1133.86083984375,2024,1
Godrej,2024-01-09,1121.6097412109375,2024,1
Godrej,2024-01-10,1100.966064453125,2024,1
Godrej,2024-01-11,1114.2783203125,2024,1
Godrej,2024-01-12,1114.6641845703125,2024,1
Godrej,2024-01-15,1093.924072265625,2024,1
Godrej,2024-01-16,1083.119873046875,2024,1
Godrej,2024-01-17,1061.60791015625,2024,1
Godrej,2024-01-18,1064.8876953125,2024,1
Godrej,2024-01-19,1108.6351318359375,2024,1
Godrej,2024-01-23,1090.4512939453125,2024,1
Godrej,2024-01-24,1122.2366943359375,2024,1
Godrej,2024-01-25,1116.400634765625,2024,1
Godrej,2024-01-29,1126.8187255859375,2024,1
Godrej,2024-01-30,1130.38818359375,2024,1
Godrej,2024-01-31,1123.0567626953125,2024,1
Godrej,2024-02-01,1210.213623046875,2024,1
Godrej,2024-02-02,1193.13916015625,2024,1
Godrej,2024-02-05,1175.389404296875,2024,1
Godrej,2024-02-06,1193.332275390625,2024,1
Godrej,2024-02-07,1194.200439453125,2024,1
Godrej,2024-02-08,1174.135498046875,2024,1
Godrej,2024-02-09,1175.58251953125,2024,1
Godrej,2024-02-12,1157.0128173828125,2024,1
Godrej,2024-02-13,1155.5655517578125,2024,1
Godrej,2024-02-14,1158.17041015625,2024,1
Godrej,2024-02-15,1188.2677001953125,2024,1
Godrej,2024-02-16,1197.47998046875,2024,1
Godrej,2024-02-19,1186.5313720703125,2024,1
Godrej,2024-02-20,1184.167724609375,2024,1
Godrej,2024-02-21,1192.4156494140625,2024,1
Godrej,2024-02-22,1211.9501953125,2024,1
Godrej,2024-02-23,1206.7408447265625,2024,1
Godrej,2024-02-26,1208.428955078125,2024,1
Godrej,2024-02-27,1221.307373046875,2024,1
Godrej,2024-02-28,1190.438232421875,2024,1
Godrej,2024-02-29,1213.2523193359375,2024,1
Godrej,2024-03-01,1222.6578369140625,2024,1
Godrej,2024-03-04,1209.15234375,2024,1
Godrej,2024-03-05,1200.711669921875,2024,1
Godrej,2024-03-06,1196.322509765625,2024,1
Godrej,2024-03-07,1190.6309814453125,2024,1
Godrej,2024-03-11,1194.5380859375,2024,1
Godrej,2024-03-12,1169.505126953125,2024,1
Godrej,2024-03-13,1153.78125,2024,1
Godrej,2024-03-14,1184.0233154296875,2024,1
Godrej,2024-03-15,1169.8427734375,2024,1
Godrej,2024-03-18,1197.8177490234375,2024,1
Godrej,2024-03-19,1161.787841796875,2024,1
Godrej,2024-03-20,1172.2542724609375,2024,1
Godrej,2024-03-21,1188.123046875,2024,1
Godrej,2024-03-22,1178.476318359375,2024,1
Godrej,2024-03-26,1156.6751708984375,2024,1
Godrej,2024-03-27,1191.4029541015625,2024,1
Godrej,2024-03-28,1207.5609130859375,2024,1
Godrej,2024-04-01,1184.9395751953125,2024,2
Godrej,2024-04-02,1166.4180908203125,2024,2
Godrej,2024-04-03,1147.3660888671875,2024,2
Godrej,2024-04-04,1135.9349365234375,2024,2
Godrej,2024-04-05,1167.33447265625,2024,2
Godrej,2024-04-08,1202.1585693359375,2024,2
Godrej,2024-04-09,1193.910888671875,2024,2
Godrej,2024-04-10,1186.6759033203125,2024,2
Godrej,2024-04-12,1157.350341796875,2024,2
Godrej,2024-04-15,1135.790283203125,2024,2
Godrej,2024-04-16,1135.6453857421875,2024,2
Godrej,2024-04-18,1121.6578369140625,2024,2
Godrej,2024-04-19,1127.54248046875,2024,2
Godrej,2024-04-22,1143.6038818359375,2024,2
Godrej,2024-04-23,1136.7066650390625,2024,2
Godrej,2024-04-24,1169.939208984375,2024,2
Godrej,2024-04-25,1159.3280029296875,2024,2
Godrej,2024-04-26,1160.003173828125,2024,2
Godrej,2024-04-29,1175.0035400390625,2024,2
Godrej,2024-04-30,1176.4024658203125,2024,2
Godrej,2024-05-02,1189.71484375,2024,2
Godrej,2024-05-03,1206.9820556640625,2024,2
Godrej,2024-05-06,1205.96923828125,2024,2
Godrej,2024-05-07,1275.6177978515625,2024,2
Godrej,2024-05-08,1302.5799560546875,2024,2
Godrej,2024-05-09,1283.865478515625,2024,2
Godrej,2024-05-10,1274.2672119140625,2024,2
Godrej,2024-05-13,1291.0040283203125,2024,2
Godrej,2024-05-14,1270.204833984375,2024,2
Godrej,2024-05-15,1255.3343505859375,2024,2
Godrej,2024-05-16,1266.17138671875,2024,2
Godrej,2024-05-17,1258.7359619140625,2024,2
Godrej,2024-05-21,1246.8787841796875,2024,2
Godrej,2024-05-22,1268.9898681640625,2024,2
Godrej,2024-05-23,1282.985595703125,2024,2
Godrej,2024-05-24,1273.5579833984375,2024,2
Godrej,2024-05-27,1291.6356201171875,2024,2
Godrej,2024-05-28,1293.6280517578125,2024,2
Godrej,2024-05-29,1263.10986328125,2024,2
Godrej,2024-05-30,1238.1800537109375,2024,2
Godrej,2024-05-31,1234.6810302734375,2024,2
Godrej,2024-06-03,1269.81591796875,2024,2
Godrej,2024-06-04,1310.588134765625,2024,2
Godrej,2024-06-05,1386.7384033203125,2024,2
Godrej,2024-06-06,1362.7803955078125,2024,2
Godrej,2024-06-07,1387.807373046875,2024,2
Godrej,2024-06-10,1383.093505859375,2024,2
Godrej,2024-06-11,1389.07080078125,2024,2
Godrej,2024-06-12,1377.0191650390625,2024,2
Godrej,2024-06-13,1369.7296142578125,2024,2
Godrej,2024-06-14,1353.8385009765625,2024,2
Godrej,2024-06-18,1364.2384033203125,2024,2
Godrej,2024-06-19,1352.7210693359375,2024,2
Godrej,2024-06-20,1322.8343505859375,2024,2
Godrej,2024-06-21,1318.752197265625,2024,2
Godrej,2024-06-24,1342.030029296875,2024,2
Godrej,2024-06-25,1336.8785400390625,2024,2
Godrej,2024-06-26,1374.54052734375,2024,2
Godrej,2024-06-27,1323.7578125,2024,2
Godrej,2024-06-28,1337.21875,2024,2
Godrej,2024-07-01,1358.795654296875,2024,3
Godrej,2024-07-02,1332.65087890625,2024,3
Godrej,2024-07-03,1329.5892333984375,2024,3
Godrej,2024-07-04,1325.5556640625,2024,3
Godrej,2024-07-05,1335.2264404296875,2024,3
Godrej,2024-07-08,1385.960693359375,2024,3
Godrej,2024-07-09,1372.4996337890625,2024,3
Godrej,2024-07-10,1403.552490234375,2024,3
Godrej,2024-07-11,1400.4423828125,2024,3
Godrej,2024-07-12,1403.35791015625,2024,3
Godrej,2024-07-15,1396.3602294921875,2024,3
Godrej,2024-07-16,1411.95947265625,2024,3
Godrej,2024-07-18,1424.108642578125,2024,3
Godrej,2024-07-19,1411.13330078125,2024,3
Godrej,2024-07-22,1428.87109375,2024,3
Godrej,2024-07-23,1474.1138916015625,2024,3
Godrej,2024-07-24,1418.0828857421875,2024,3
Godrej,2024-07-25,1438.5416259765625,2024,3
Godrej,2024-07-26,1426.29541015625,2024,3
Godrej,2024-07-29,1436.4034423828125,2024,3
Godrej,2024-07-30,1399.3731689453125,2024,3
Godrej,2024-07-31,1400.296630859375,2024,3
Godrej,2024-08-01,1428.968017578125,2024,3
Godrej,2024-08-02,1418.179931640625,2024,3
Godrej,2024-08-05,1421.095703125,2024,3
Godrej,2024-08-06,1437.083740234375,2024,3
Godrej,2024-08-07,1461.576416015625,2024,3
Godrej,2024-08-08,1422.7965087890625,2024,3
Godrej,2024-08-09,1404.2327880859375,2024,3
Godrej,2024-08-12,1353.4984130859375,2024,3
Godrej,2024-08-13,1349.513671875,2024,3
Godrej,2024-08-14,1332.60205078125,2024,3
Godrej,2024-08-16,1370.59716796875,2024,3
Godrej,2024-08-19,1369.2314453125,2024,3
Godrej,2024-08-20,1359.818115234375,2024,3
Godrej,2024-08-21,1357.135498046875,2024,3
Godrej,2024-08-22,1404.982666015625,2024,3
Godrej,2024-08-23,1393.3258056640625,2024,3
Godrej,2024-08-26,1419.0784912109375,2024,3
Godrej,2024-08-27,1420.6392822265625,2024,3
Godrej,2024-08-28,1441.2705078125,2024,3
Godrej,2024-08-29,1440.490234375,2024,3
Godrej,2024-08-30,1444.8798828125,2024,3
Godrej,2024-09-02,1434.0032958984375,2024,3
Godrej,2024-09-03,1424.931396484375,2024,3
Godrej,2024-09-04,1439.1246337890625,2024,3
Godrej,2024-09-05,1421.9561767578125,2024,3
Godrej,2024-09-06,1408.0555419921875,2024,3
Godrej,2024-09-09,1455.464111328125,2024,3
Godrej,2024-09-10,1466.194091796875,2024,3
Godrej,2024-09-11,1463.170166015625,2024,3
Godrej,2024-09-12,1476.3389892578125,2024,3
Godrej,2024-09-13,1454.7322998046875,2024,3
Godrej,2024-09-16,1420.6392822265625,2024,3
Godrej,2024-09-17,1423.6146240234375,2024,3
Godrej,2024-09-18,1397.0325927734375,2024,3
Godrej,2024-09-19,1409.421142578125,2024,3
Godrej,2024-09-20,1420.883056640625,2024,3
Godrej,2024-09-23,1413.761962890625,2024,3
Godrej,2024-09-24,1410.88427734375,2024,3
Godrej,2024-09-25,1394.496337890625,2024,3
Godrej,2024-09-26,1387.4241943359375,2024,3
Godrej,2024-09-27,1354.59912109375,2024,3
Godrej,2024-09-30,1359.2327880859375,2024,3
Godrej,2024-10-01,1354.2091064453125,2024,4
Godrej,2024-10-03,1315.3363037109375,2024,4
Godrej,2024-10-04,1310.3123779296875,2024,4
Godrej,2024-10-07,1299.6796875,2024,4
Godrej,2024-10-08,1272.5614013671875,2024,4
Godrej,2024-10-09,1300.7041015625,2024,4
Godrej,2024-10-10,1284.46240234375,2024,4
Godrej,2024-10-11,1283.4378662109375,2024,4
Godrej,2024-10-14,1280.4140625,2024,4
Godrej,2024-10-15,1309.5321044921875,2024,4
Godrej,2024-10-16,1327.6273193359375,2024,4
Godrej,2024-10-17,1314.26318359375,2024,4
Godrej,2024-10-18,1303.3865966796875,2024,4
Godrej,2024-10-21,1281.2921142578125,2024,4
Godrej,2024-10-22,1267.7327880859375,2024,4
Godrej,2024-10-23,1260.6607666015625,2024,4
Godrej,2024-10-24,1224.323974609375,2024,4
Godrej,2024-10-25,1259.587646484375,2024,4
Godrej,2024-10-28,1264.8551025390625,2024,4
Godrej,2024-10-29,1246.9552001953125,2024,4
Godrej,2024-10-30,1268.171875,2024,4
Godrej,2024-10-31,1256.518798828125,2024,4
Godrej,2024-11-01,1248.6358642578125,2024,4
Godrej,2024-11-04,1245.7470703125,2024,4
Godrej,2024-11-05,1239.9696044921875,2024,4
Godrej,2024-11-06,1248.684814453125,2024,4
Godrej,2024-11-07,1232.3802490234375,2024,4
Godrej,2024-11-08,1225.0849609375,2024,4
Godrej,2024-11-11,1195.5118408203125,2024,4
Godrej,2024-11-12,1151.788330078125,2024,4
Godrej,2024-11-13,1159.32861328125,2024,4
Godrej,2024-11-14,1150.7113037109375,2024,4
Godrej,2024-11-18,1157.1253662109375,2024,4
Godrej,2024-11-19,1160.6998291015625,2024,4
Godrej,2024-11-21,1154.2366943359375,2024,4
Godrej,2024-11-22,1167.5543212890625,2024,4
Godrej,2024-11-25,1193.40625,2024,4
Godrej,2024-11-26,1214.3623046875,2024,4
Godrej,2024-11-27,1235.4158935546875,2024,4
Godrej,2024-11-28,1225.28076171875,2024,4
Godrej,2024-11-29,1218.81787109375,2024,4
Godrej,2024-12-02,1201.6810302734375,2024,4
Godrej,2024-12-03,1204.9124755859375,2024,4
Godrej,2024-12-04,1203.0030517578125,2024,4
Godrej,2024-12-05,1218.9158935546875,2024,4
Godrej,2024-12-06,1209.8087158203125,2024,4
Godrej,2024-12-09,1104.4420166015625,2024,4
Godrej,2024-12-10,1110.3175048828125,2024,4
Godrej,2024-12-11,1111.7374267578125,2024,4
Godrej,2024-12-12,1088.03955078125,2024,4
Godrej,2024-12-13,1088.3822021484375,2024,4
Godrej,2024-12-16,1089.263671875,2024,4
Godrej,2024-12-17,1066.692138671875,2024,4
Godrej,2024-12-18,1069.09130859375,2024,4
Godrej,2024-12-19,1056.067138671875,2024,4
Godrej,2024-12-20,1047.4010009765625,2024,4
Godrej,2024-12-23,1051.46484375,2024,4
Godrej,2024-12-24,1055.4306640625,2024,4
Godrej,2024-12-26,1048.9676513671875,2024,4
Godrej,2024-12-27,1045.6383056640625,2024,4
Godrej,2024-12-30,1038.5386962890625,2024,4
Marico,2017-07-03,285.0693359375,2017,3
Marico,2017-07-04,284.5853576660156,2017,3
Marico,2017-07-05,286.5212707519531,2017,3
Marico,2017-07-06,285.0693359375,2017,3
Marico,2017-07-07,281.7694396972656,2017,3
Marico,2017-07-10,284.2333374023437,2017,3
Marico,2017-07-11,283.30938720703125,2017,3
Marico,2017-07-12,284.9373474121094,2017,3
Marico,2017-07-13,288.67724609375,2017,3
Marico,2017-07-14,287.7972412109375,2017,3
Marico,2017-07-17,288.105224609375,2017,3
Marico,2017-07-18,289.60125732421875,2017,3
Marico,2017-07-19,291.1852722167969,2017,3
Marico,2017-07-20,286.6092834472656,2017,3
Marico,2017-07-21,290.085205078125,2017,3
Marico,2017-07-24,290.3932189941406,2017,3
Marico,2017-07-25,291.05322265625,2017,3
Marico,2017-07-26,287.4893493652344,2017,3
Marico,2017-07-27,287.1372985839844,2017,3
Marico,2017-07-28,292.5051574707031,2017,3
Marico,2017-07-31,294.5291442871094,2017,3
Marico,2017-08-01,287.1812744140625,2017,3
Marico,2017-08-02,286.9613647460937,2017,3
Marico,2017-08-03,288.4573059082031,2017,3
Marico,2017-08-04,285.8613586425781,2017,3
Marico,2017-08-07,294.13311767578125,2017,3
Marico,2017-08-08,293.869140625,2017,3
Marico,2017-08-09,286.6092834472656,2017,3
Marico,2017-08-10,282.077392578125,2017,3
Marico,2017-08-11,281.5494384765625,2017,3
Marico,2017-08-14,280.1414794921875,2017,3
Marico,2017-08-16,278.0295104980469,2017,3
Marico,2017-08-17,281.46142578125,2017,3
Marico,2017-08-18,281.5054016113281,2017,3
Marico,2017-08-21,279.70147705078125,2017,3
Marico,2017-08-22,277.2814636230469,2017,3
Marico,2017-08-23,277.14959716796875,2017,3
Marico,2017-08-24,278.1614990234375,2017,3
Marico,2017-08-28,280.053466796875,2017,3
Marico,2017-08-29,275.12554931640625,2017,3
Marico,2017-08-30,276.9735717773437,2017,3
Marico,2017-08-31,277.5894775390625,2017,3
Marico,2017-09-01,276.6215515136719,2017,3
Marico,2017-09-04,276.8855285644531,2017,3
Marico,2017-09-05,276.1815185546875,2017,3
Marico,2017-09-06,280.7574462890625,2017,3
Marico,2017-09-07,282.3854064941406,2017,3
Marico,2017-09-08,286.2133178710937,2017,3
Marico,2017-09-11,285.0693359375,2017,3
Marico,2017-09-12,290.4812316894531,2017,3
Marico,2017-09-13,297.2130432128906,2017,3
Marico,2017-09-14,291.9332275390625,2017,3
Marico,2017-09-15,287.7972412109375,2017,3
Marico,2017-09-18,291.5811767578125,2017,3
Marico,2017-09-19,292.10919189453125,2017,3
Marico,2017-09-20,291.5372009277344,2017,3
Marico,2017-09-21,284.5853576660156,2017,3
Marico,2017-09-22,282.7374267578125,2017,3
Marico,2017-09-25,279.7894897460937,2017,3
Marico,2017-09-26,278.6015319824219,2017,3
Marico,2017-09-27,276.6215515136719,2017,3
Marico,2017-09-28,274.06964111328125,2017,3
Marico,2017-09-29,273.4536437988281,2017,3
Marico,2017-10-03,271.1217041015625,2017,4
Marico,2017-10-04,273.2775573730469,2017,4
Marico,2017-10-05,276.049560546875,2017,4
Marico,2017-10-06,277.1055603027344,2017,4
Marico,2017-10-09,276.0935363769531,2017,4
Marico,2017-10-10,278.6454467773437,2017,4
Marico,2017-10-11,276.3575439453125,2017,4
Marico,2017-10-12,280.9774475097656,2017,4
Marico,2017-10-13,278.9534912109375,2017,4
Marico,2017-10-16,280.1414794921875,2017,4
Marico,2017-10-17,283.2214050292969,2017,4
Marico,2017-10-18,278.5135192871094,2017,4
Marico,2017-10-19,276.7095642089844,2017,4
Marico,2017-10-23,279.3935241699219,2017,4
Marico,2017-10-24,275.6535339355469,2017,4
Marico,2017-10-25,277.1935729980469,2017,4
Marico,2017-10-26,275.82958984375,2017,4
Marico,2017-10-27,273.7176208496094,2017,4
Marico,2017-10-30,275.3016052246094,2017,4
Marico,2017-10-31,277.4134826660156,2017,4
Marico,2017-11-01,278.0295104980469,2017,4
Marico,2017-11-02,274.9055480957031,2017,4
Marico,2017-11-03,274.9935913085937,2017,4
Marico,2017-11-06,277.692626953125,2017,4
Marico,2017-11-07,274.6395263671875,2017,4
Marico,2017-11-08,274.8165283203125,2017,4
Marico,2017-11-09,276.45367431640625,2017,4
Marico,2017-11-10,274.7723693847656,2017,4
Marico,2017-11-13,273.4449157714844,2017,4
Marico,2017-11-14,263.40093994140625,2017,4
Marico,2017-11-15,256.6754150390625,2017,4
Marico,2017-11-16,269.1972351074219,2017,4
Marico,2017-11-17,272.029052734375,2017,4
Marico,2017-11-20,268.88751220703125,2017,4
Marico,2017-11-21,270.2149658203125,2017,4
Marico,2017-11-22,267.8255615234375,2017,4
Marico,2017-11-23,270.2591857910156,2017,4
Marico,2017-11-24,273.9759216308594,2017,4
Marico,2017-11-27,276.01129150390625,2017,4
Marico,2017-11-28,275.43603515625,2017,4
Marico,2017-11-29,275.12628173828125,2017,4
Marico,2017-11-30,270.7901306152344,2017,4
Marico,2017-12-01,274.683837890625,2017,4
Marico,2017-12-04,276.1882019042969,2017,4
Marico,2017-12-05,274.1086730957031,2017,4
Marico,2017-12-06,270.5688781738281,2017,4
Marico,2017-12-07,273.88739013671875,2017,4
Marico,2017-12-08,276.0555114746094,2017,4
Marico,2017-12-11,277.0289306640625,2017,4
Marico,2017-12-12,272.6485290527344,2017,4
Marico,2017-12-13,272.5157775878906,2017,4
Marico,2017-12-14,272.6927490234375,2017,4
Marico,2017-12-15,270.7458801269531,2017,4
Marico,2017-12-18,272.4715270996094,2017,4
Marico,2017-12-19,277.20587158203125,2017,4
Marico,2017-12-20,282.3385314941406,2017,4
Marico,2017-12-21,280.480224609375,2017,4
Marico,2017-12-22,280.480224609375,2017,4
Marico,2017-12-26,282.1615295410156,2017,4
Marico,2017-12-27,281.099609375,2017,4
Marico,2017-12-28,280.9226989746094,2017,4
Marico,2017-12-29,285.3915405273437,2017,4
Marico,2018-01-01,283.7987365722656,2018,1
Marico,2018-01-02,288.22332763671875,2018,1
Marico,2018-01-03,283.9314270019531,2018,1
Marico,2018-01-04,286.14373779296875,2018,1
Marico,2018-01-05,289.3295593261719,2018,1
Marico,2018-01-08,285.9667053222656,2018,1
Marico,2018-01-09,286.5862121582031,2018,1
Marico,2018-01-10,284.63934326171875,2018,1
Marico,2018-01-11,279.9049987792969,2018,1
Marico,2018-01-12,276.7191467285156,2018,1
Marico,2018-01-15,275.5687561035156,2018,1
Marico,2018-01-16,277.5598449707031,2018,1
Marico,2018-01-17,274.9935913085937,2018,1
Marico,2018-01-18,275.2147521972656,2018,1
Marico,2018-01-19,277.9580993652344,2018,1
Marico,2018-01-22,279.9491882324219,2018,1
Marico,2018-01-23,277.7368469238281,2018,1
Marico,2018-01-24,276.6749267578125,2018,1
Marico,2018-01-25,272.0732727050781,2018,1
Marico,2018-01-29,274.9493103027344,2018,1
Marico,2018-01-30,279.1527404785156,2018,1
Marico,2018-01-31,273.7989501953125,2018,1
Marico,2018-02-01,274.9493103027344,2018,1
Marico,2018-02-02,269.4627685546875,2018,1
Marico,2018-02-05,261.4097900390625,2018,1
Marico,2018-02-06,264.7725830078125,2018,1
Marico,2018-02-07,265.7902526855469,2018,1
Marico,2018-02-08,265.5689697265625,2018,1
Marico,2018-02-09,263.0027160644531,2018,1
Marico,2018-02-12,274.3741149902344,2018,1
Marico,2018-02-14,279.2855224609375,2018,1
Marico,2018-02-15,274.2856750488281,2018,1
Marico,2018-02-16,273.6611328125,2018,1
Marico,2018-02-19,273.7503662109375,2018,1
Marico,2018-02-20,275.1777038574219,2018,1
Marico,2018-02-21,273.83953857421875,2018,1
Marico,2018-02-22,270.22637939453125,2018,1
Marico,2018-02-23,273.57196044921875,2018,1
Marico,2018-02-26,274.107177734375,2018,1
Marico,2018-02-27,278.880126953125,2018,1
Marico,2018-02-28,274.9100952148437,2018,1
Marico,2018-03-01,278.4786376953125,2018,1
Marico,2018-03-05,275.22235107421875,2018,1
Marico,2018-03-06,276.1145324707031,2018,1
Marico,2018-03-07,272.54595947265625,2018,1
Marico,2018-03-08,270.5832824707031,2018,1
Marico,2018-03-09,275.3115539550781,2018,1
Marico,2018-03-12,276.0698547363281,2018,1
Marico,2018-03-13,276.1590576171875,2018,1
Marico,2018-03-14,271.3862609863281,2018,1
Marico,2018-03-15,268.6206359863281,2018,1
Marico,2018-03-16,268.7544250488281,2018,1
Marico,2018-03-19,270.53875732421875,2018,1
Marico,2018-03-20,284.545166015625,2018,1
Marico,2018-03-21,290.65625,2018,1
Marico,2018-03-22,288.1136779785156,2018,1
Marico,2018-03-23,290.4331970214844,2018,1
Marico,2018-03-26,294.0909423828125,2018,1
Marico,2018-03-27,290.5223999023437,2018,1
Marico,2018-03-28,290.8793029785156,2018,1
Marico,2018-04-02,292.9311828613281,2018,2
Marico,2018-04-03,289.9425354003906,2018,2
Marico,2018-04-04,290.7008056640625,2018,2
Marico,2018-04-05,288.827392578125,2018,2
Marico,2018-04-06,286.06170654296875,2018,2
Marico,2018-04-09,292.7527160644531,2018,2
Marico,2018-04-10,289.40728759765625,2018,2
Marico,2018-04-11,286.41864013671875,2018,2
Marico,2018-04-12,285.3034362792969,2018,2
Marico,2018-04-13,281.9579467773437,2018,2
Marico,2018-04-16,284.678955078125,2018,2
Marico,2018-04-17,285.3480834960937,2018,2
Marico,2018-04-18,284.6343078613281,2018,2
Marico,2018-04-19,285.7494812011719,2018,2
Marico,2018-04-20,282.7162780761719,2018,2
Marico,2018-04-23,282.7608642578125,2018,2
Marico,2018-04-24,282.0917663574219,2018,2
Marico,2018-04-25,288.33673095703125,2018,2
Marico,2018-04-26,284.9911804199219,2018,2
Marico,2018-04-27,286.4632568359375,2018,2
Marico,2018-04-30,296.6781005859375,2018,2
Marico,2018-05-02,282.9393005371094,2018,2
Marico,2018-05-03,278.4339904785156,2018,2
Marico,2018-05-04,282.67169189453125,2018,2
Marico,2018-05-07,285.52642822265625,2018,2
Marico,2018-05-08,284.545166015625,2018,2
Marico,2018-05-09,281.28887939453125,2018,2
Marico,2018-05-10,281.15509033203125,2018,2
Marico,2018-05-11,276.5158996582031,2018,2
Marico,2018-05-14,278.83551025390625,2018,2
Marico,2018-05-15,278.6570739746094,2018,2
Marico,2018-05-16,283.8760986328125,2018,2
Marico,2018-05-17,286.4632568359375,2018,2
Marico,2018-05-18,283.8760986328125,2018,2
Marico,2018-05-21,276.3374938964844,2018,2
Marico,2018-05-22,279.1031188964844,2018,2
Marico,2018-05-23,276.9174194335937,2018,2
Marico,2018-05-24,280.1737060546875,2018,2
Marico,2018-05-25,283.4745178222656,2018,2
Marico,2018-05-28,285.3480834960937,2018,2
Marico,2018-05-29,286.01715087890625,2018,2
Marico,2018-05-30,284.1436767578125,2018,2
Marico,2018-05-31,287.13232421875,2018,2
Marico,2018-06-01,289.40728759765625,2018,2
Marico,2018-06-04,287.84600830078125,2018,2
Marico,2018-06-05,291.236083984375,2018,2
Marico,2018-06-06,299.2206420898437,2018,2
Marico,2018-06-07,297.9716796875,2018,2
Marico,2018-06-08,306.5807800292969,2018,2
Marico,2018-06-11,311.9335327148437,2018,2
Marico,2018-06-12,305.3763122558594,2018,2
Marico,2018-06-13,300.692626953125,2018,2
Marico,2018-06-14,307.0267639160156,2018,2
Marico,2018-06-15,302.0755310058594,2018,2
Marico,2018-06-18,301.5848388671875,2018,2
Marico,2018-06-19,298.3285522460937,2018,2
Marico,2018-06-20,299.2206420898437,2018,2
Marico,2018-06-21,299.0868835449219,2018,2
Marico,2018-06-22,297.5702514648437,2018,2
Marico,2018-06-25,295.4737243652344,2018,2
Marico,2018-06-26,304.0381774902344,2018,2
Marico,2018-06-27,299.4883117675781,2018,2
Marico,2018-06-28,296.7226867675781,2018,2
Marico,2018-06-29,295.87518310546875,2018,2
Marico,2018-07-02,297.525634765625,2018,3
Marico,2018-07-03,304.0381774902344,2018,3
Marico,2018-07-04,306.7591552734375,2018,3
Marico,2018-07-05,308.40966796875,2018,3
Marico,2018-07-06,309.7032165527344,2018,3
Marico,2018-07-09,310.0600280761719,2018,3
Marico,2018-07-10,312.51336669921875,2018,3
Marico,2018-07-11,306.04547119140625,2018,3
Marico,2018-07-12,313.0487365722656,2018,3
Marico,2018-07-13,316.61724853515625,2018,3
Marico,2018-07-16,313.8070068359375,2018,3
Marico,2018-07-17,310.4169006347656,2018,3
Marico,2018-07-18,311.62127685546875,2018,3
Marico,2018-07-19,308.6772766113281,2018,3
Marico,2018-07-20,313.4501342773437,2018,3
Marico,2018-07-23,314.0746459960937,2018,3
Marico,2018-07-24,315.412841796875,2018,3
Marico,2018-07-25,319.4274597167969,2018,3
Marico,2018-07-26,325.18170166015625,2018,3
Marico,2018-07-27,322.1930847167969,2018,3
Marico,2018-07-30,324.5571594238281,2018,3
Marico,2018-07-31,324.8248291015625,2018,3
Marico,2018-08-01,328.7502136230469,2018,3
Marico,2018-08-02,313.4947814941406,2018,3
Marico,2018-08-03,314.4761657714844,2018,3
Marico,2018-08-06,323.7988586425781,2018,3
Marico,2018-08-07,322.68377685546875,2018,3
Marico,2018-08-08,322.6390380859375,2018,3
Marico,2018-08-09,324.5126037597656,2018,3
Marico,2018-08-10,325.62774658203125,2018,3
Marico,2018-08-13,320.7656555175781,2018,3
Marico,2018-08-14,325.0478210449219,2018,3
Marico,2018-08-16,324.1111145019531,2018,3
Marico,2018-08-17,331.1143493652344,2018,3
Marico,2018-08-20,324.9586181640625,2018,3
Marico,2018-08-21,323.263671875,2018,3
Marico,2018-08-23,340.7047424316406,2018,3
Marico,2018-08-24,337.8499755859375,2018,3
Marico,2018-08-27,336.33331298828125,2018,3
Marico,2018-08-28,331.4266052246094,2018,3
Marico,2018-08-29,328.9286804199219,2018,3
Marico,2018-08-30,330.2668762207031,2018,3
Marico,2018-08-31,329.5977783203125,2018,3
Marico,2018-09-03,322.0592346191406,2018,3
Marico,2018-09-04,316.2604064941406,2018,3
Marico,2018-09-05,314.0746459960937,2018,3
Marico,2018-09-06,317.8662414550781,2018,3
Marico,2018-09-07,318.89215087890625,2018,3
Marico,2018-09-10,307.2944641113281,2018,3
Marico,2018-09-11,300.6034851074219,2018,3
Marico,2018-09-12,307.20526123046875,2018,3
Marico,2018-09-14,309.0341186523437,2018,3
Marico,2018-09-17,305.8670654296875,2018,3
Marico,2018-09-18,307.4283142089844,2018,3
Marico,2018-09-19,307.0267639160156,2018,3
Marico,2018-09-21,301.36181640625,2018,3
Marico,2018-09-24,296.6335144042969,2018,3
Marico,2018-09-25,295.87518310546875,2018,3
Marico,2018-09-26,303.0568542480469,2018,3
Marico,2018-09-27,300.3804626464844,2018,3
Marico,2018-09-28,297.1241455078125,2018,3
Marico,2018-10-01,297.30255126953125,2018,4
Marico,2018-10-03,291.9052429199219,2018,4
Marico,2018-10-04,280.1737060546875,2018,4
Marico,2018-10-05,274.41943359375,2018,4
Marico,2018-10-08,276.3374938964844,2018,4
Marico,2018-10-09,262.82177734375,2018,4
Marico,2018-10-10,269.20050048828125,2018,4
Marico,2018-10-11,272.7689819335937,2018,4
Marico,2018-10-12,280.9765930175781,2018,4
Marico,2018-10-15,281.28887939453125,2018,4
Marico,2018-10-16,283.69757080078125,2018,4
Marico,2018-10-17,280.8427734375,2018,4
Marico,2018-10-19,276.560546875,2018,4
Marico,2018-10-22,277.3634948730469,2018,4
Marico,2018-10-23,277.9433288574219,2018,4
Marico,2018-10-24,270.53875732421875,2018,4
Marico,2018-10-25,265.4534912109375,2018,4
Marico,2018-10-26,267.95147705078125,2018,4
Marico,2018-10-29,270.71710205078125,2018,4
Marico,2018-10-30,279.0138854980469,2018,4
Marico,2018-10-31,286.6415710449219,2018,4
Marico,2018-11-01,285.4819030761719,2018,4
Marico,2018-11-02,301.5848388671875,2018,4
Marico,2018-11-05,304.3504333496094,2018,4
Marico,2018-11-06,298.90850830078125,2018,4
Marico,2018-11-07,303.0121459960937,2018,4
Marico,2018-11-09,303.7259826660156,2018,4
Marico,2018-11-12,304.3092346191406,2018,4
Marico,2018-11-13,303.05291748046875,2018,4
Marico,2018-11-14,312.1166687011719,2018,4
Marico,2018-11-15,310.9500732421875,2018,4
Marico,2018-11-16,311.0398254394531,2018,4
Marico,2018-11-19,316.3793334960937,2018,4
Marico,2018-11-20,315.078125,2018,4
Marico,2018-11-21,316.24468994140625,2018,4
Marico,2018-11-22,317.72540283203125,2018,4
Marico,2018-11-26,323.2444763183594,2018,4
Marico,2018-11-27,327.462158203125,2018,4
Marico,2018-11-28,322.6162414550781,2018,4
Marico,2018-11-29,323.0649108886719,2018,4
Marico,2018-11-30,320.1484069824219,2018,4
Marico,2018-12-03,323.1995849609375,2018,4
Marico,2018-12-04,321.5393371582031,2018,4
Marico,2018-12-05,319.0715026855469,2018,4
Marico,2018-12-06,315.2575378417969,2018,4
Marico,2018-12-07,318.443359375,2018,4
Marico,2018-12-10,310.7256774902344,2018,4
Marico,2018-12-11,321.853515625,2018,4
Marico,2018-12-12,334.46197509765625,2018,4
Marico,2018-12-13,335.94268798828125,2018,4
Marico,2018-12-14,333.9234619140625,2018,4
Marico,2018-12-17,338.1861877441406,2018,4
Marico,2018-12-18,342.8975830078125,2018,4
Marico,2018-12-19,353.75616455078125,2018,4
Marico,2018-12-20,341.46173095703125,2018,4
Marico,2018-12-21,339.35284423828125,2018,4
Marico,2018-12-24,332.4876403808594,2018,4
Marico,2018-12-26,330.01983642578125,2018,4
Marico,2018-12-27,338.1861877441406,2018,4
Marico,2018-12-28,339.3080444335937,2018,4
Marico,2018-12-31,335.0901184082031,2018,4
Marico,2019-01-01,334.10302734375,2019,1
Marico,2019-01-02,334.5965881347656,2019,1
Marico,2019-01-03,339.2630615234375,2019,1
Marico,2019-01-04,339.9810485839844,2019,1
Marico,2019-01-07,347.1153869628906,2019,1
Marico,2019-01-08,342.6732482910156,2019,1
Marico,2019-01-09,344.3782653808594,2019,1
Marico,2019-01-10,347.3846130371094,2019,1
Marico,2019-01-11,342.3143005371094,2019,1
Marico,2019-01-14,342.8975830078125,2019,1
Marico,2019-01-15,342.3143005371094,2019,1
Marico,2019-01-16,341.3719482421875,2019,1
Marico,2019-01-17,341.1925354003906,2019,1
Marico,2019-01-18,340.4297180175781,2019,1
Marico,2019-01-21,340.1156005859375,2019,1
Marico,2019-01-22,337.0195617675781,2019,1
Marico,2019-01-23,337.9169311523437,2019,1
Marico,2019-01-24,335.5837097167969,2019,1
Marico,2019-01-25,331.9492492675781,2019,1
Marico,2019-01-28,327.6865539550781,2019,1
Marico,2019-01-29,328.0007019042969,2019,1
Marico,2019-01-30,328.35968017578125,2019,1
Marico,2019-01-31,329.1224365234375,2019,1
Marico,2019-02-01,337.8272705078125,2019,1
Marico,2019-02-04,330.01983642578125,2019,1
Marico,2019-02-05,326.2058410644531,2019,1
Marico,2019-02-06,327.5071105957031,2019,1
Marico,2019-02-07,330.6479797363281,2019,1
Marico,2019-02-08,327.32763671875,2019,1
Marico,2019-02-11,325.1738586425781,2019,1
Marico,2019-02-12,323.8626708984375,2019,1
Marico,2019-02-14,311.9716186523437,2019,1
Marico,2019-02-15,306.8173217773437,2019,1
Marico,2019-02-18,306.1390380859375,2019,1
Marico,2019-02-19,302.65771484375,2019,1
Marico,2019-02-20,301.1655578613281,2019,1
Marico,2019-02-21,304.51141357421875,2019,1
Marico,2019-02-22,307.1337585449219,2019,1
Marico,2019-02-25,307.4954528808594,2019,1
Marico,2019-02-26,308.7162475585937,2019,1
Marico,2019-02-27,306.8173217773437,2019,1
Marico,2019-02-28,307.178955078125,2019,1
Marico,2019-03-01,302.7933349609375,2019,1
Marico,2019-03-05,303.5166931152344,2019,1
Marico,2019-03-06,304.6018371582031,2019,1
Marico,2019-03-07,305.4609069824219,2019,1
Marico,2019-03-08,302.52197265625,2019,1
Marico,2019-03-11,314.5035400390625,2019,1
Marico,2019-03-12,317.3067321777344,2019,1
Marico,2019-03-13,310.0726318359375,2019,1
Marico,2019-03-14,313.3280334472656,2019,1
Marico,2019-03-15,306.2295227050781,2019,1
Marico,2019-03-18,308.39971923828125,2019,1
Marico,2019-03-19,307.67633056640625,2019,1
Marico,2019-03-20,306.4103698730469,2019,1
Marico,2019-03-22,307.1337585449219,2019,1
Marico,2019-03-25,302.29595947265625,2019,1
Marico,2019-03-26,305.7321472167969,2019,1
Marico,2019-03-27,304.7374572753906,2019,1
Marico,2019-03-28,305.2800598144531,2019,1
Marico,2019-04-01,314.6843566894531,2019,2
Marico,2019-04-02,313.2827453613281,2019,2
Marico,2019-04-03,320.9238586425781,2019,2
Marico,2019-04-04,320.8786315917969,2019,2
Marico,2019-04-05,322.5967102050781,2019,2
Marico,2019-04-08,324.9477844238281,2019,2
Marico,2019-04-09,321.91851806640625,2019,2
Marico,2019-04-10,324.9930114746094,2019,2
Marico,2019-04-11,324.1340026855469,2019,2
Marico,2019-04-12,325.62603759765625,2019,2
Marico,2019-04-15,326.5302429199219,2019,2
Marico,2019-04-16,329.1526184082031,2019,2
Marico,2019-04-18,331.05157470703125,2019,2
Marico,2019-04-22,329.4690856933594,2019,2
Marico,2019-04-23,328.3388366699219,2019,2
Marico,2019-04-24,328.1579284667969,2019,2
Marico,2019-04-25,322.325439453125,2019,2
Marico,2019-04-26,324.5408935546875,2019,2
Marico,2019-04-30,324.9930114746094,2019,2
Marico,2019-05-02,321.19512939453125,2019,2
Marico,2019-05-03,321.9637145996094,2019,2
Marico,2019-05-06,307.08856201171875,2019,2
Marico,2019-05-07,324.9930114746094,2019,2
Marico,2019-05-08,321.14990234375,2019,2
Marico,2019-05-09,321.60205078125,2019,2
Marico,2019-05-10,322.9583740234375,2019,2
Marico,2019-05-13,317.7588806152344,2019,2
Marico,2019-05-14,319.1152648925781,2019,2
Marico,2019-05-15,321.0594787597656,2019,2
Marico,2019-05-16,318.39190673828125,2019,2
Marico,2019-05-17,325.9424743652344,2019,2
Marico,2019-05-20,328.6553039550781,2019,2
Marico,2019-05-21,326.75634765625,2019,2
Marico,2019-05-22,329.0169982910156,2019,2
Marico,2019-05-23,326.2137451171875,2019,2
Marico,2019-05-24,328.3840026855469,2019,2
Marico,2019-05-27,330.509033203125,2019,2
Marico,2019-05-28,332.22711181640625,2019,2
Marico,2019-05-29,331.7749938964844,2019,2
Marico,2019-05-30,329.604736328125,2019,2
Marico,2019-05-31,336.3415222167969,2019,2
Marico,2019-06-03,341.3150329589844,2019,2
Marico,2019-06-04,340.5915832519531,2019,2
Marico,2019-06-06,338.9638977050781,2019,2
Marico,2019-06-07,338.0596618652344,2019,2
Marico,2019-06-10,341.2697448730469,2019,2
Marico,2019-06-11,340.8176574707031,2019,2
Marico,2019-06-12,339.8681945800781,2019,2
Marico,2019-06-13,340.9532775878906,2019,2
Marico,2019-06-14,333.7191467285156,2019,2
Marico,2019-06-17,331.72979736328125,2019,2
Marico,2019-06-18,330.1020812988281,2019,2
Marico,2019-06-19,329.1978759765625,2019,2
Marico,2019-06-20,331.8654479980469,2019,2
Marico,2019-06-21,333.9451599121094,2019,2
Marico,2019-06-24,334.0356750488281,2019,2
Marico,2019-06-25,335.79901123046875,2019,2
Marico,2019-06-26,335.3016357421875,2019,2
Marico,2019-06-27,335.34686279296875,2019,2
Marico,2019-06-28,335.0755615234375,2019,2
Marico,2019-07-01,334.8043212890625,2019,3
Marico,2019-07-02,337.8787841796875,2019,3
Marico,2019-07-03,337.1553649902344,2019,3
Marico,2019-07-04,338.3761291503906,2019,3
Marico,2019-07-05,342.5357666015625,2019,3
Marico,2019-07-08,335.4372863769531,2019,3
Marico,2019-07-09,334.93994140625,2019,3
Marico,2019-07-10,334.93994140625,2019,3
Marico,2019-07-11,332.860107421875,2019,3
Marico,2019-07-12,335.48248291015625,2019,3
Marico,2019-07-15,334.0356750488281,2019,3
Marico,2019-07-16,332.90533447265625,2019,3
Marico,2019-07-17,336.7484436035156,2019,3
Marico,2019-07-18,334.89471435546875,2019,3
Marico,2019-07-19,330.0116882324219,2019,3
Marico,2019-07-22,327.2084655761719,2019,3
Marico,2019-07-23,326.6659240722656,2019,3
Marico,2019-07-24,325.80682373046875,2019,3
Marico,2019-07-25,326.8919677734375,2019,3
Marico,2019-07-26,326.48504638671875,2019,3
Marico,2019-07-29,330.0569152832031,2019,3
Marico,2019-07-30,328.02227783203125,2019,3
Marico,2019-07-31,331.6845703125,2019,3
Marico,2019-08-01,327.8866577148437,2019,3
Marico,2019-08-02,336.9744873046875,2019,3
Marico,2019-08-05,337.8335876464844,2019,3
Marico,2019-08-06,341.5410461425781,2019,3
Marico,2019-08-07,342.3549194335937,2019,3
Marico,2019-08-08,346.33367919921875,2019,3
Marico,2019-08-09,354.5172424316406,2019,3
Marico,2019-08-13,354.9693603515625,2019,3
Marico,2019-08-14,355.1502685546875,2019,3
Marico,2019-08-16,354.6529235839844,2019,3
Marico,2019-08-19,358.13433837890625,2019,3
Marico,2019-08-20,357.5014038085937,2019,3
Marico,2019-08-21,355.9188842773437,2019,3
Marico,2019-08-22,354.11041259765625,2019,3
Marico,2019-08-23,343.66607666015625,2019,3
Marico,2019-08-26,340.8629150390625,2019,3
Marico,2019-08-27,348.9560852050781,2019,3
Marico,2019-08-28,353.5225830078125,2019,3
Marico,2019-08-29,351.5783996582031,2019,3
Marico,2019-08-30,353.658203125,2019,3
Marico,2019-09-03,348.9560852050781,2019,3
Marico,2019-09-04,347.37359619140625,2019,3
Marico,2019-09-05,348.0517578125,2019,3
Marico,2019-09-06,345.88153076171875,2019,3
Marico,2019-09-09,349.9959411621094,2019,3
Marico,2019-09-11,349.7698974609375,2019,3
Marico,2019-09-12,348.8204345703125,2019,3
Marico,2019-09-13,345.65545654296875,2019,3
Marico,2019-09-16,344.4347229003906,2019,3
Marico,2019-09-17,343.66607666015625,2019,3
Marico,2019-09-18,343.57574462890625,2019,3
Marico,2019-09-19,343.6208801269531,2019,3
Marico,2019-09-20,343.8017578125,2019,3
Marico,2019-09-23,349.4081420898437,2019,3
Marico,2019-09-24,358.4960632324219,2019,3
Marico,2019-09-25,354.4720458984375,2019,3
Marico,2019-09-26,350.9454650878906,2019,3
Marico,2019-09-27,353.61297607421875,2019,3
Marico,2019-09-30,356.5066223144531,2019,3
Marico,2019-10-01,350.67413330078125,2019,4
Marico,2019-10-03,347.2379455566406,2019,4
Marico,2019-10-04,342.5357666015625,2019,4
Marico,2019-10-07,342.9426574707031,2019,4
Marico,2019-10-09,346.876220703125,2019,4
Marico,2019-10-10,347.6900634765625,2019,4
Marico,2019-10-11,346.7405700683594,2019,4
Marico,2019-10-14,348.09698486328125,2019,4
Marico,2019-10-15,346.2884826660156,2019,4
Marico,2019-10-16,344.02783203125,2019,4
Marico,2019-10-17,350.4480285644531,2019,4
Marico,2019-10-18,354.33642578125,2019,4
Marico,2019-10-22,357.2752990722656,2019,4
Marico,2019-10-23,356.0545654296875,2019,4
Marico,2019-10-24,356.6875305175781,2019,4
Marico,2019-10-25,356.0997009277344,2019,4
Marico,2019-10-27,353.658203125,2019,4
Marico,2019-10-29,331.5036926269531,2019,4
Marico,2019-10-30,335.4372863769531,2019,4
Marico,2019-10-31,330.8255310058594,2019,4
Marico,2019-11-01,334.93994140625,2019,4
Marico,2019-11-04,333.07232666015625,2019,4
Marico,2019-11-05,333.8011169433594,2019,4
Marico,2019-11-06,335.0765686035156,2019,4
Marico,2019-11-07,336.89862060546875,2019,4
Marico,2019-11-08,337.62744140625,2019,4
Marico,2019-11-11,338.26513671875,2019,4
Marico,2019-11-13,333.84674072265625,2019,4
Marico,2019-11-14,324.8274841308594,2019,4
Marico,2019-11-15,324.6452941894531,2019,4
Marico,2019-11-18,323.688720703125,2019,4
Marico,2019-11-19,325.4652709960937,2019,4
Marico,2019-11-20,323.7343139648437,2019,4
Marico,2019-11-21,325.1007995605469,2019,4
Marico,2019-11-22,325.96630859375,2019,4
Marico,2019-11-25,326.46734619140625,2019,4
Marico,2019-11-26,319.1791381835937,2019,4
Marico,2019-11-27,325.7841491699219,2019,4
Marico,2019-11-28,329.0182800292969,2019,4
Marico,2019-11-29,327.8794860839844,2019,4
Marico,2019-12-02,322.36773681640625,2019,4
Marico,2019-12-03,317.3114929199219,2019,4
Marico,2019-12-04,320.6823425292969,2019,4
Marico,2019-12-05,317.0382080078125,2019,4
Marico,2019-12-06,310.7520751953125,2019,4
Marico,2019-12-09,310.4333190917969,2019,4
Marico,2019-12-10,309.5221862792969,2019,4
Marico,2019-12-11,303.6916198730469,2019,4
Marico,2019-12-12,301.6418151855469,2019,4
Marico,2019-12-13,304.3749084472656,2019,4
Marico,2019-12-16,300.32080078125,2019,4
Marico,2019-12-17,300.229736328125,2019,4
Marico,2019-12-18,308.65673828125,2019,4
Marico,2019-12-19,304.8304748535156,2019,4
Marico,2019-12-20,307.4723815917969,2019,4
Marico,2019-12-23,306.65252685546875,2019,4
Marico,2019-12-24,303.9193725585937,2019,4
Marico,2019-12-26,309.0667419433594,2019,4
Marico,2019-12-27,310.4787902832031,2019,4
Marico,2019-12-30,312.1642150878906,2019,4
Marico,2019-12-31,311.2076110839844,2019,4
Marico,2020-01-01,314.9883728027344,2020,1
Marico,2020-01-02,307.1990966796875,2020,1
Marico,2020-01-03,304.8304748535156,2020,1
Marico,2020-01-06,302.23394775390625,2020,1
Marico,2020-01-07,303.05389404296875,2020,1
Marico,2020-01-08,303.8282775878906,2020,1
Marico,2020-01-09,303.4638671875,2020,1
Marico,2020-01-10,308.0189819335937,2020,1
Marico,2020-01-13,312.89306640625,2020,1
Marico,2020-01-14,313.94073486328125,2020,1
Marico,2020-01-15,314.7606201171875,2020,1
Marico,2020-01-16,318.0858764648437,2020,1
Marico,2020-01-17,318.58697509765625,2020,1
Marico,2020-01-20,315.3072509765625,2020,1
Marico,2020-01-21,306.78912353515625,2020,1
Marico,2020-01-22,304.8759765625,2020,1
Marico,2020-01-23,303.64605712890625,2020,1
Marico,2020-01-24,310.25103759765625,2020,1
Marico,2020-01-27,308.29229736328125,2020,1
Marico,2020-01-28,305.28594970703125,2020,1
Marico,2020-01-29,314.0774230957031,2020,1
Marico,2020-01-30,307.6546630859375,2020,1
Marico,2020-01-31,287.2931213378906,2020,1
Marico,2020-02-03,279.3215637207031,2020,1
Marico,2020-02-04,279.9137268066406,2020,1
Marico,2020-02-05,283.8767395019531,2020,1
Marico,2020-02-06,281.6672058105469,2020,1
Marico,2020-02-07,286.9608459472656,2020,1
Marico,2020-02-10,284.1529235839844,2020,1
Marico,2020-02-11,280.7005615234375,2020,1
Marico,2020-02-12,281.3450622558594,2020,1
Marico,2020-02-13,279.3196105957031,2020,1
Marico,2020-02-14,278.21484375,2020,1
Marico,2020-02-17,273.0593566894531,2020,1
Marico,2020-02-18,275.9593200683594,2020,1
Marico,2020-02-19,276.0513916015625,2020,1
Marico,2020-02-20,281.8973693847656,2020,1
Marico,2020-02-24,280.1021423339844,2020,1
Marico,2020-02-25,281.6672058105469,2020,1
Marico,2020-02-26,281.8513488769531,2020,1
Marico,2020-02-27,282.0814819335937,2020,1
Marico,2020-02-28,275.0386962890625,2020,1
Marico,2020-03-02,268.1339416503906,2020,1
Marico,2020-03-03,272.5990600585937,2020,1
Marico,2020-03-04,271.63238525390625,2020,1
Marico,2020-03-05,269.9752197265625,2020,1
Marico,2020-03-06,260.1243896484375,2020,1
Marico,2020-03-09,244.93402099609372,2020,1
Marico,2020-03-11,248.34034729003903,2020,1
Marico,2020-03-12,239.2261199951172,2020,1
Marico,2020-03-13,239.96261596679688,2020,1
Marico,2020-03-16,233.1302795410156,2020,1
Marico,2020-03-17,230.0372467041016,2020,1
Marico,2020-03-18,229.76028442382807,2020,1
Marico,2020-03-19,229.2524871826172,2020,1
Marico,2020-03-20,236.2694396972656,2020,1
Marico,2020-03-23,221.7738342285156,2020,1
Marico,2020-03-24,230.17575073242188,2020,1
Marico,2020-03-25,229.1139678955078,2020,1
Marico,2020-03-26,246.3794860839844,2020,1
Marico,2020-03-27,233.73040771484372,2020,1
Marico,2020-03-30,238.85467529296875,2020,1
Marico,2020-03-31,253.7657928466797,2020,1
Marico,2020-04-01,245.13302612304688,2020,2
Marico,2020-04-03,241.11669921875,2020,2
Marico,2020-04-07,262.0753479003906,2020,2
Marico,2020-04-08,267.2457580566406,2020,2
Marico,2020-04-09,273.8473205566406,2020,2
Marico,2020-04-13,268.7230224609375,2020,2
Marico,2020-04-15,279.89483642578125,2020,2
Marico,2020-04-16,283.3110046386719,2020,2
Marico,2020-04-17,277.1249694824219,2020,2
Marico,2020-04-20,277.30963134765625,2020,2
Marico,2020-04-21,273.3394470214844,2020,2
Marico,2020-04-22,285.1575622558594,2020,2
Marico,2020-04-23,278.5560913085937,2020,2
Marico,2020-04-24,282.6184997558594,2020,2
Marico,2020-04-27,274.3551330566406,2020,2
Marico,2020-04-28,267.845947265625,2020,2
Marico,2020-04-29,267.430419921875,2020,2
Marico,2020-04-30,264.9837341308594,2020,2
Marico,2020-05-04,262.5370483398437,2020,2
Marico,2020-05-05,273.93963623046875,2020,2
Marico,2020-05-06,279.8486633300781,2020,2
Marico,2020-05-07,276.0169982910156,2020,2
Marico,2020-05-08,277.21728515625,2020,2
Marico,2020-05-11,279.8486633300781,2020,2
Marico,2020-05-12,276.2940368652344,2020,2
Marico,2020-05-13,283.44952392578125,2020,2
Marico,2020-05-14,293.8364562988281,2020,2
Marico,2020-05-15,292.2207336425781,2020,2
Marico,2020-05-18,282.7108764648437,2020,2
Marico,2020-05-19,288.8045654296875,2020,2
Marico,2020-05-20,292.5900573730469,2020,2
Marico,2020-05-21,292.4515686035156,2020,2
Marico,2020-05-22,292.4515686035156,2020,2
Marico,2020-05-26,297.0218200683594,2020,2
Marico,2020-05-27,298.452880859375,2020,2
Marico,2020-05-28,304.8235778808594,2020,2
Marico,2020-05-29,317.4264831542969,2020,2
Marico,2020-06-01,312.4869079589844,2020,2
Marico,2020-06-02,305.4699401855469,2020,2
Marico,2020-06-03,309.209228515625,2020,2
Marico,2020-06-04,307.5934143066406,2020,2
Marico,2020-06-05,301.3612670898437,2020,2
Marico,2020-06-08,306.5316467285156,2020,2
Marico,2020-06-09,308.23980712890625,2020,2
Marico,2020-06-10,310.04022216796875,2020,2
Marico,2020-06-11,305.2852478027344,2020,2
Marico,2020-06-12,307.270263671875,2020,2
Marico,2020-06-15,305.05438232421875,2020,2
Marico,2020-06-16,304.86981201171875,2020,2
Marico,2020-06-17,305.654541015625,2020,2
Marico,2020-06-18,306.5778503417969,2020,2
Marico,2020-06-19,306.4393920898437,2020,2
Marico,2020-06-22,305.19293212890625,2020,2
Marico,2020-06-23,311.4712829589844,2020,2
Marico,2020-06-24,312.763916015625,2020,2
Marico,2020-06-25,315.4414367675781,2020,2
Marico,2020-06-26,317.98046875,2020,2
Marico,2020-06-29,319.4577331542969,2020,2
Marico,2020-06-30,324.9051208496094,2020,2
Marico,2020-07-01,324.35113525390625,2020,3
Marico,2020-07-02,330.21405029296875,2020,3
Marico,2020-07-03,330.9988708496094,2020,3
Marico,2020-07-06,325.0898132324219,2020,3
Marico,2020-07-07,325.3667907714844,2020,3
Marico,2020-07-08,322.5968933105469,2020,3
Marico,2020-07-09,316.7340087890625,2020,3
Marico,2020-07-10,317.2418518066406,2020,3
Marico,2020-07-13,320.5657043457031,2020,3
Marico,2020-07-14,321.9044189453125,2020,3
Marico,2020-07-15,317.84197998046875,2020,3
Marico,2020-07-16,320.4271545410156,2020,3
Marico,2020-07-17,327.85968017578125,2020,3
Marico,2020-07-20,325.5052490234375,2020,3
Marico,2020-07-21,326.3362121582031,2020,3
Marico,2020-07-22,323.9818420410156,2020,3
Marico,2020-07-23,322.8739013671875,2020,3
Marico,2020-07-24,329.70623779296875,2020,3
Marico,2020-07-27,323.5663757324219,2020,3
Marico,2020-07-28,334.1842346191406,2020,3
Marico,2020-07-29,334.3688049316406,2020,3
Marico,2020-07-30,336.53857421875,2020,3
Marico,2020-07-31,335.569091796875,2020,3
Marico,2020-08-03,335.061279296875,2020,3
Marico,2020-08-04,339.6777038574219,2020,3
Marico,2020-08-05,335.38446044921875,2020,3
Marico,2020-08-06,341.1088562011719,2020,3
Marico,2020-08-07,341.6166687011719,2020,3
Marico,2020-08-10,344.6634826660156,2020,3
Marico,2020-08-11,342.17059326171875,2020,3
Marico,2020-08-12,336.1231384277344,2020,3
Marico,2020-08-13,338.0158386230469,2020,3
Marico,2020-08-14,338.200439453125,2020,3
Marico,2020-08-17,341.6166687011719,2020,3
Marico,2020-08-18,344.6173095703125,2020,3
Marico,2020-08-19,344.8481140136719,2020,3
Marico,2020-08-20,344.5711669921875,2020,3
Marico,2020-08-21,347.341064453125,2020,3
Marico,2020-08-24,345.1712951660156,2020,3
Marico,2020-08-25,340.8780212402344,2020,3
Marico,2020-08-26,341.8013000488281,2020,3
Marico,2020-08-27,345.90997314453125,2020,3
Marico,2020-08-28,345.5868225097656,2020,3
Marico,2020-08-31,340.6010437011719,2020,3
Marico,2020-09-01,344.8481140136719,2020,3
Marico,2020-09-02,349.8339233398437,2020,3
Marico,2020-09-03,350.2493896484375,2020,3
Marico,2020-09-04,345.1712951660156,2020,3
Marico,2020-09-07,341.7089538574219,2020,3
Marico,2020-09-08,339.1699523925781,2020,3
Marico,2020-09-09,336.076904296875,2020,3
Marico,2020-09-10,335.4306030273437,2020,3
Marico,2020-09-11,338.56982421875,2020,3
Marico,2020-09-14,342.1244506835937,2020,3
Marico,2020-09-15,336.53857421875,2020,3
Marico,2020-09-16,336.4000549316406,2020,3
Marico,2020-09-17,333.9071655273437,2020,3
Marico,2020-09-18,334.6919860839844,2020,3
Marico,2020-09-21,323.4278564453125,2020,3
Marico,2020-09-22,319.5962219238281,2020,3
Marico,2020-09-23,314.1949462890625,2020,3
Marico,2020-09-24,316.31854248046875,2020,3
Marico,2020-09-25,326.3824157714844,2020,3
Marico,2020-09-28,332.9839172363281,2020,3
Marico,2020-09-29,329.0599365234375,2020,3
Marico,2020-09-30,335.15362548828125,2020,3
Marico,2020-10-01,334.13800048828125,2020,4
Marico,2020-10-05,347.9873352050781,2020,4
Marico,2020-10-06,340.5087280273437,2020,4
Marico,2020-10-07,340.6933288574219,2020,4
Marico,2020-10-08,343.1400756835937,2020,4
Marico,2020-10-09,341.0165405273437,2020,4
Marico,2020-10-12,338.8929443359375,2020,4
Marico,2020-10-13,339.1699523925781,2020,4
Marico,2020-10-14,333.86102294921875,2020,4
Marico,2020-10-15,335.01513671875,2020,4
Marico,2020-10-16,334.6919860839844,2020,4
Marico,2020-10-19,336.53857421875,2020,4
Marico,2020-10-20,339.1699523925781,2020,4
Marico,2020-10-21,332.7069396972656,2020,4
Marico,2020-10-22,329.3369445800781,2020,4
Marico,2020-10-23,331.0911560058594,2020,4
Marico,2020-10-26,323.0124206542969,2020,4
Marico,2020-10-27,329.1522827148437,2020,4
Marico,2020-10-28,335.15362548828125,2020,4
Marico,2020-10-29,334.461181640625,2020,4
Marico,2020-10-30,329.2907409667969,2020,4
Marico,2020-11-02,338.70831298828125,2020,4
Marico,2020-11-03,342.44757080078125,2020,4
Marico,2020-11-04,342.90924072265625,2020,4
Marico,2020-11-05,348.81988525390625,2020,4
Marico,2020-11-06,354.1720275878906,2020,4
Marico,2020-11-09,354.1255187988281,2020,4
Marico,2020-11-10,343.9331359863281,2020,4
Marico,2020-11-11,349.5180053710937,2020,4
Marico,2020-11-12,348.4010314941406,2020,4
Marico,2020-11-13,343.7469177246094,2020,4
Marico,2020-11-14,345.05010986328125,2020,4
Marico,2020-11-17,352.8223571777344,2020,4
Marico,2020-11-18,351.1469116210937,2020,4
Marico,2020-11-19,341.9319152832031,2020,4
Marico,2020-11-20,348.4941101074219,2020,4
Marico,2020-11-23,352.0776672363281,2020,4
Marico,2020-11-24,351.8915405273437,2020,4
Marico,2020-11-25,343.7469177246094,2020,4
Marico,2020-11-26,348.07525634765625,2020,4
Marico,2020-11-27,342.2576599121094,2020,4
Marico,2020-12-01,347.9355773925781,2020,4
Marico,2020-12-02,352.4500427246094,2020,4
Marico,2020-12-03,362.6888732910156,2020,4
Marico,2020-12-04,367.71527099609375,2020,4
Marico,2020-12-07,372.6950988769531,2020,4
Marico,2020-12-08,366.7844543457031,2020,4
Marico,2020-12-09,370.83349609375,2020,4
Marico,2020-12-10,376.18560791015625,2020,4
Marico,2020-12-11,386.2383117675781,2020,4
Marico,2020-12-14,385.4471435546875,2020,4
Marico,2020-12-15,380.2346496582031,2020,4
Marico,2020-12-16,384.5628662109375,2020,4
Marico,2020-12-17,384.7024841308594,2020,4
Marico,2020-12-18,380.9792175292969,2020,4
Marico,2020-12-21,369.3907470703125,2020,4
Marico,2020-12-22,371.2988586425781,2020,4
Marico,2020-12-23,377.3025512695313,2020,4
Marico,2020-12-24,373.5327758789063,2020,4
Marico,2020-12-28,378.6522521972656,2020,4
Marico,2020-12-29,379.1641540527344,2020,4
Marico,2020-12-30,375.5340576171875,2020,4
Marico,2020-12-31,374.7893981933594,2020,4
Marico,2021-01-01,378.0007019042969,2021,1
Marico,2021-01-04,388.2861022949219,2021,1
Marico,2021-01-05,390.65966796875,2021,1
Marico,2021-01-06,389.6822814941406,2021,1
Marico,2021-01-07,388.8911437988281,2021,1
Marico,2021-01-08,395.313720703125,2021,1
Marico,2021-01-11,400.5727233886719,2021,1
Marico,2021-01-12,393.77783203125,2021,1
Marico,2021-01-13,389.3565368652344,2021,1
Marico,2021-01-14,389.9615478515625,2021,1
Marico,2021-01-15,388.0999755859375,2021,1
Marico,2021-01-18,382.608154296875,2021,1
Marico,2021-01-19,388.2861022949219,2021,1
Marico,2021-01-20,388.0068664550781,2021,1
Marico,2021-01-21,387.72760009765625,2021,1
Marico,2021-01-22,389.775390625,2021,1
Marico,2021-01-25,381.77044677734375,2021,1
Marico,2021-01-27,383.9113464355469,2021,1
Marico,2021-01-28,382.9804992675781,2021,1
Marico,2021-01-29,386.8433532714844,2021,1
Marico,2021-02-01,388.0999755859375,2021,1
Marico,2021-02-02,394.38287353515625,2021,1
Marico,2021-02-03,386.9364318847656,2021,1
Marico,2021-02-04,385.3540344238281,2021,1
Marico,2021-02-05,379.9554138183594,2021,1
Marico,2021-02-08,382.7943420410156,2021,1
Marico,2021-02-09,384.2835998535156,2021,1
Marico,2021-02-10,382.4219970703125,2021,1
Marico,2021-02-11,387.7741394042969,2021,1
Marico,2021-02-12,383.1666259765625,2021,1
Marico,2021-02-15,382.0962219238281,2021,1
Marico,2021-02-16,380.9327392578125,2021,1
Marico,2021-02-17,387.4949035644531,2021,1
Marico,2021-02-18,388.518798828125,2021,1
Marico,2021-02-19,395.4533081054688,2021,1
Marico,2021-02-22,391.7766418457031,2021,1
Marico,2021-02-23,392.89361572265625,2021,1
Marico,2021-02-24,395.034423828125,2021,1
Marico,2021-02-25,381.4446411132813,2021,1
Marico,2021-02-26,370.0422668457031,2021,1
Marico,2021-03-01,373.9982299804688,2021,1
Marico,2021-03-02,378.5591735839844,2021,1
Marico,2021-03-03,380.74652099609375,2021,1
Marico,2021-03-04,378.8384094238281,2021,1
Marico,2021-03-05,373.7654724121094,2021,1
Marico,2021-03-08,372.7416076660156,2021,1
Marico,2021-03-09,373.5327758789063,2021,1
Marico,2021-03-10,375.8391723632813,2021,1
Marico,2021-03-12,370.80279541015625,2021,1
Marico,2021-03-15,369.34375,2021,1
Marico,2021-03-16,371.6971435546875,2021,1
Marico,2021-03-17,368.5906372070313,2021,1
Marico,2021-03-18,362.9895324707031,2021,1
Marico,2021-03-19,371.74420166015625,2021,1
Marico,2021-03-22,378.1455078125,2021,1
Marico,2021-03-23,376.6393127441406,2021,1
Marico,2021-03-24,377.2041015625,2021,1
Marico,2021-03-25,374.6624450683594,2021,1
Marico,2021-03-26,378.2866821289063,2021,1
Marico,2021-03-30,384.2643737792969,2021,1
Marico,2021-03-31,387.18255615234375,2021,1
Marico,2021-04-01,383.37005615234375,2021,2
Marico,2021-04-05,378.8515319824219,2021,2
Marico,2021-04-06,379.3692626953125,2021,2
Marico,2021-04-07,384.0760803222656,2021,2
Marico,2021-04-08,390.3361511230469,2021,2
Marico,2021-04-09,395.9371948242188,2021,2
Marico,2021-04-12,383.51123046875,2021,2
Marico,2021-04-13,396.5961608886719,2021,2
Marico,2021-04-15,398.47894287109375,2021,2
Marico,2021-04-16,399.0907897949219,2021,2
Marico,2021-04-19,395.27825927734375,2021,2
Marico,2021-04-20,386.1470642089844,2021,2
Marico,2021-04-22,387.2296142578125,2021,2
Marico,2021-04-23,387.4649658203125,2021,2
Marico,2021-04-26,382.5228576660156,2021,2
Marico,2021-04-27,383.4641723632813,2021,2
Marico,2021-04-28,387.2767028808594,2021,2
Marico,2021-04-29,385.8175964355469,2021,2
Marico,2021-04-30,387.3237915039063,2021,2
Marico,2021-05-03,419.0476989746094,2021,2
Marico,2021-05-04,433.7329406738281,2021,2
Marico,2021-05-05,428.6025085449219,2021,2
Marico,2021-05-06,447.8533935546875,2021,2
Marico,2021-05-07,446.0648193359375,2021,2
Marico,2021-05-10,443.1465759277344,2021,2
Marico,2021-05-11,451.4776611328125,2021,2
Marico,2021-05-12,441.3109130859375,2021,2
Marico,2021-05-14,446.7237548828125,2021,2
Marico,2021-05-17,446.4413146972656,2021,2
Marico,2021-05-18,444.841064453125,2021,2
Marico,2021-05-19,445.7823791503906,2021,2
Marico,2021-05-20,441.5462951660156,2021,2
Marico,2021-05-21,432.7445068359375,2021,2
Marico,2021-05-24,433.1210632324219,2021,2
Marico,2021-05-25,436.2746276855469,2021,2
Marico,2021-05-26,432.2267761230469,2021,2
Marico,2021-05-27,445.4058227539063,2021,2
Marico,2021-05-28,443.428955078125,2021,2
Marico,2021-05-31,447.335693359375,2021,2
Marico,2021-06-01,452.5131530761719,2021,2
Marico,2021-06-02,462.2091979980469,2021,2
Marico,2021-06-03,467.3396301269531,2021,2
Marico,2021-06-04,458.3495788574219,2021,2
Marico,2021-06-07,460.60888671875,2021,2
Marico,2021-06-08,459.479248046875,2021,2
Marico,2021-06-09,458.7261352539063,2021,2
Marico,2021-06-10,466.4924011230469,2021,2
Marico,2021-06-11,463.3858642578125,2021,2
Marico,2021-06-14,465.7863464355469,2021,2
Marico,2021-06-15,476.4708251953125,2021,2
Marico,2021-06-16,476.2825622558594,2021,2
Marico,2021-06-17,487.9083862304688,2021,2
Marico,2021-06-18,490.59130859375,2021,2
Marico,2021-06-21,489.5086975097656,2021,2
Marico,2021-06-22,485.60205078125,2021,2
Marico,2021-06-23,485.2726135253906,2021,2
Marico,2021-06-24,486.4492492675781,2021,2
Marico,2021-06-25,481.6483154296875,2021,2
Marico,2021-06-28,479.6714172363281,2021,2
Marico,2021-06-29,506.1708984375,2021,2
Marico,2021-06-30,499.6754760742188,2021,2
Marico,2021-07-01,503.5350036621094,2021,3
Marico,2021-07-02,489.3674621582031,2021,3
Marico,2021-07-05,499.4400939941406,2021,3
Marico,2021-07-06,495.4393005371094,2021,3
Marico,2021-07-07,501.2286682128906,2021,3
Marico,2021-07-08,496.2394714355469,2021,3
Marico,2021-07-09,500.758056640625,2021,3
Marico,2021-07-12,500.4756774902344,2021,3
Marico,2021-07-13,500.1931457519531,2021,3
Marico,2021-07-14,500.8520812988281,2021,3
Marico,2021-07-15,502.9701232910156,2021,3
Marico,2021-07-16,493.9331359863281,2021,3
Marico,2021-07-19,495.1568908691406,2021,3
Marico,2021-07-20,498.8282470703125,2021,3
Marico,2021-07-22,498.1693420410156,2021,3
Marico,2021-07-23,502.6406555175781,2021,3
Marico,2021-07-26,505.5118408203125,2021,3
Marico,2021-07-27,503.81744384765625,2021,3
Marico,2021-07-28,499.0635986328125,2021,3
Marico,2021-07-29,496.8983459472656,2021,3
Marico,2021-07-30,514.64306640625,2021,3
Marico,2021-08-02,504.0997924804688,2021,3
Marico,2021-08-03,512.0072631835938,2021,3
Marico,2021-08-04,504.8058166503906,2021,3
Marico,2021-08-05,500.7109680175781,2021,3
Marico,2021-08-06,493.6036376953125,2021,3
Marico,2021-08-09,495.34521484375,2021,3
Marico,2021-08-10,490.0735473632813,2021,3
Marico,2021-08-11,486.30810546875,2021,3
Marico,2021-08-12,485.69622802734375,2021,3
Marico,2021-08-13,485.0842895507813,2021,3
Marico,2021-08-16,485.1313781738281,2021,3
Marico,2021-08-17,490.0735473632813,2021,3
Marico,2021-08-18,492.9917602539063,2021,3
Marico,2021-08-20,506.359130859375,2021,3
Marico,2021-08-23,497.4161682128906,2021,3
Marico,2021-08-24,491.1090087890625,2021,3
Marico,2021-08-25,482.3072509765625,2021,3
Marico,2021-08-26,491.4855651855469,2021,3
Marico,2021-08-27,494.1685180664063,2021,3
Marico,2021-08-30,494.2626037597656,2021,3
Marico,2021-08-31,512.5250244140625,2021,3
Marico,2021-09-01,515.2079467773438,2021,3
Marico,2021-09-02,529.6578369140625,2021,3
Marico,2021-09-03,527.916259765625,2021,3
Marico,2021-09-06,522.2210693359375,2021,3
Marico,2021-09-07,524.0567626953125,2021,3
Marico,2021-09-08,528.0574340820312,2021,3
Marico,2021-09-09,541.2836303710938,2021,3
Marico,2021-09-13,541.8485107421875,2021,3
Marico,2021-09-14,525.5629272460938,2021,3
Marico,2021-09-15,529.1871948242188,2021,3
Marico,2021-09-16,529.7049560546875,2021,3
Marico,2021-09-17,527.25732421875,2021,3
Marico,2021-09-20,534.1763916015625,2021,3
Marico,2021-09-21,527.8222045898438,2021,3
Marico,2021-09-22,532.058349609375,2021,3
Marico,2021-09-23,533.5645751953125,2021,3
Marico,2021-09-24,524.6685791015625,2021,3
Marico,2021-09-27,515.3961791992188,2021,3
Marico,2021-09-28,518.6439208984375,2021,3
Marico,2021-09-29,520.9972534179688,2021,3
Marico,2021-09-30,515.3961791992188,2021,3
Marico,2021-10-01,517.3259887695312,2021,4
Marico,2021-10-04,521.5620727539062,2021,4
Marico,2021-10-05,525.2333984375,2021,4
Marico,2021-10-06,531.2110595703125,2021,4
Marico,2021-10-07,528.3399658203125,2021,4
Marico,2021-10-08,530.7403564453125,2021,4
Marico,2021-10-11,536.9063110351562,2021,4
Marico,2021-10-12,550.0853881835938,2021,4
Marico,2021-10-13,549.7089233398438,2021,4
Marico,2021-10-14,545.3314819335938,2021,4
Marico,2021-10-18,545.2844848632812,2021,4
Marico,2021-10-19,540.624755859375,2021,4
Marico,2021-10-20,527.96337890625,2021,4
Marico,2021-10-21,532.1524047851562,2021,4
Marico,2021-10-22,529.7520141601562,2021,4
Marico,2021-10-25,523.3507080078125,2021,4
Marico,2021-10-26,530.22265625,2021,4
Marico,2021-10-27,541.707275390625,2021,4
Marico,2021-10-28,531.258056640625,2021,4
Marico,2021-10-29,535.1177978515625,2021,4
Marico,2021-11-01,541.0482788085938,2021,4
Marico,2021-11-02,532.6231079101562,2021,4
Marico,2021-11-03,522.4563598632812,2021,4
Marico,2021-11-04,525.1392822265625,2021,4
Marico,2021-11-08,531.7171630859375,2021,4
Marico,2021-11-09,534.0359497070312,2021,4
Marico,2021-11-10,526.2277221679688,2021,4
Marico,2021-11-11,518.8453979492188,2021,4
Marico,2021-11-12,517.5203857421875,2021,4
Marico,2021-11-15,523.6723022460938,2021,4
Marico,2021-11-16,523.2936401367188,2021,4
Marico,2021-11-17,522.205322265625,2021,4
Marico,2021-11-18,512.7880859375,2021,4
Marico,2021-11-22,510.6112365722656,2021,4
Marico,2021-11-23,514.8703002929688,2021,4
Marico,2021-11-24,517.7568969726562,2021,4
Marico,2021-11-25,519.6025390625,2021,4
Marico,2021-11-26,514.4442749023438,2021,4
Marico,2021-11-29,506.1155700683594,2021,4
Marico,2021-11-30,509.5227661132813,2021,4
Marico,2021-12-01,496.9349670410156,2021,4
Marico,2021-12-02,504.3172912597656,2021,4
Marico,2021-12-03,503.2762756347656,2021,4
Marico,2021-12-06,491.3982543945313,2021,4
Marico,2021-12-07,494.61614990234375,2021,4
Marico,2021-12-08,501.4306335449219,2021,4
Marico,2021-12-09,501.2886962890625,2021,4
Marico,2021-12-10,498.1653442382813,2021,4
Marico,2021-12-13,494.0010070800781,2021,4
Marico,2021-12-14,487.470458984375,2021,4
Marico,2021-12-15,485.8141174316406,2021,4
Marico,2021-12-16,482.2176208496094,2021,4
Marico,2021-12-17,473.5576171875,2021,4
Marico,2021-12-20,468.7779846191406,2021,4
Marico,2021-12-21,464.6136474609375,2021,4
Marico,2021-12-22,473.0843811035156,2021,4
Marico,2021-12-23,480.7980041503906,2021,4
Marico,2021-12-24,478.5264892578125,2021,4
Marico,2021-12-27,474.0781555175781,2021,4
Marico,2021-12-28,473.9361877441406,2021,4
Marico,2021-12-29,475.1192626953125,2021,4
Marico,2021-12-30,479.8988342285156,2021,4
Marico,2021-12-31,485.1990051269531,2021,4
Marico,2022-01-03,486.5713195800781,2022,1
Marico,2022-01-04,475.1665344238281,2022,1
Marico,2022-01-05,474.2674255371094,2022,1
Marico,2022-01-06,475.4031982421875,2022,1
Marico,2022-01-07,477.248779296875,2022,1
Marico,2022-01-10,478.9524230957031,2022,1
Marico,2022-01-11,477.48541259765625,2022,1
Marico,2022-01-12,477.1067810058594,2022,1
Marico,2022-01-13,473.9361877441406,2022,1
Marico,2022-01-14,472.8004455566406,2022,1
Marico,2022-01-17,474.2201232910156,2022,1
Marico,2022-01-18,464.2823181152344,2022,1
Marico,2022-01-19,467.92620849609375,2022,1
Marico,2022-01-20,461.63232421875,2022,1
Marico,2022-01-21,452.2624206542969,2022,1
Marico,2022-01-24,446.1578369140625,2022,1
Marico,2022-01-25,442.4666137695313,2022,1
Marico,2022-01-27,438.4442138671875,2022,1
Marico,2022-01-28,446.2524108886719,2022,1
Marico,2022-01-31,456.7107543945313,2022,1
Marico,2022-02-01,471.002197265625,2022,1
Marico,2022-02-02,478.2425231933594,2022,1
Marico,2022-02-03,474.4567565917969,2022,1
Marico,2022-02-04,489.31195068359375,2022,1
Marico,2022-02-07,490.1265869140625,2022,1
Marico,2022-02-08,484.7595825195313,2022,1
Marico,2022-02-09,490.8933410644531,2022,1
Marico,2022-02-10,486.4367370605469,2022,1
Marico,2022-02-11,478.5299377441406,2022,1
Marico,2022-02-14,469.4251098632813,2022,1
Marico,2022-02-15,482.21978759765625,2022,1
Marico,2022-02-16,479.39251708984375,2022,1
Marico,2022-02-17,485.094970703125,2022,1
Marico,2022-02-18,483.7532653808594,2022,1
Marico,2022-02-21,486.1492309570313,2022,1
Marico,2022-02-22,484.3282775878906,2022,1
Marico,2022-02-23,480.15924072265625,2022,1
Marico,2022-02-24,463.33929443359375,2022,1
Marico,2022-02-25,474.2650451660156,2022,1
Marico,2022-02-28,493.289306640625,2022,1
Marico,2022-03-02,491.2287292480469,2022,1
Marico,2022-03-03,489.7911376953125,2022,1
Marico,2022-03-04,480.2071228027344,2022,1
Marico,2022-03-07,461.8058471679688,2022,1
Marico,2022-03-08,470.23974609375,2022,1
Marico,2022-03-09,472.108642578125,2022,1
Marico,2022-03-10,479.967529296875,2022,1
Marico,2022-03-11,486.4367370605469,2022,1
Marico,2022-03-14,486.0054321289063,2022,1
Marico,2022-03-15,490.1745300292969,2022,1
Marico,2022-03-16,503.5921630859375,2022,1
Marico,2022-03-17,502.29827880859375,2022,1
Marico,2022-03-21,483.3699035644531,2022,1
Marico,2022-03-22,471.6294555664063,2022,1
Marico,2022-03-23,464.4414367675781,2022,1
Marico,2022-03-24,462.3329162597656,2022,1
Marico,2022-03-25,458.2118225097656,2022,1
Marico,2022-03-28,454.9532775878906,2022,1
Marico,2022-03-29,462.4288024902344,2022,1
Marico,2022-03-30,469.6168212890625,2022,1
Marico,2022-03-31,482.7469177246094,2022,1
Marico,2022-04-01,496.6916809082031,2022,2
Marico,2022-04-04,508.0486755371094,2022,2
Marico,2022-04-05,521.274658203125,2022,2
Marico,2022-04-06,499.6147155761719,2022,2
Marico,2022-04-07,490.7016296386719,2022,2
Marico,2022-04-08,496.2603454589844,2022,2
Marico,2022-04-11,497.93756103515625,2022,2
Marico,2022-04-12,496.3562622070313,2022,2
Marico,2022-04-13,498.0813293457031,2022,2
Marico,2022-04-18,496.3082580566406,2022,2
Marico,2022-04-19,483.1302490234375,2022,2
Marico,2022-04-20,489.4077758789063,2022,2
Marico,2022-04-21,496.6437072753906,2022,2
Marico,2022-04-22,501.4356994628906,2022,2
Marico,2022-04-25,494.1039733886719,2022,2
Marico,2022-04-26,508.2403869628906,2022,2
Marico,2022-04-27,507.8570556640625,2022,2
Marico,2022-04-28,520.0287475585938,2022,2
Marico,2022-04-29,499.9981689453125,2022,2
Marico,2022-05-02,501.1482238769531,2022,2
Marico,2022-05-04,497.93756103515625,2022,2
Marico,2022-05-05,498.1292419433594,2022,2
Marico,2022-05-06,482.6990051269531,2022,2
Marico,2022-05-09,469.0896606445313,2022,2
Marico,2022-05-10,481.1654968261719,2022,2
Marico,2022-05-11,480.87799072265625,2022,2
Marico,2022-05-12,479.3445434570313,2022,2
Marico,2022-05-13,479.2487487792969,2022,2
Marico,2022-05-16,474.98382568359375,2022,2
Marico,2022-05-17,482.1239013671875,2022,2
Marico,2022-05-18,501.96282958984375,2022,2
Marico,2022-05-19,489.2640686035156,2022,2
Marico,2022-05-20,506.5631408691406,2022,2
Marico,2022-05-23,509.53424072265625,2022,2
Marico,2022-05-24,506.70697021484375,2022,2
Marico,2022-05-25,500.0940246582031,2022,2
Marico,2022-05-26,508.09661865234375,2022,2
Marico,2022-05-27,504.2151489257813,2022,2
Marico,2022-05-30,513.5594482421875,2022,2
Marico,2022-05-31,511.4510803222656,2022,2
Marico,2022-06-01,498.6084899902344,2022,2
Marico,2022-06-02,496.2124328613281,2022,2
Marico,2022-06-03,492.0912780761719,2022,2
Marico,2022-06-06,491.4204406738281,2022,2
Marico,2022-06-07,478.1465759277344,2022,2
Marico,2022-06-08,470.8627014160156,2022,2
Marico,2022-06-09,475.9901428222656,2022,2
Marico,2022-06-10,472.0606689453125,2022,2
Marico,2022-06-13,479.3445434570313,2022,2
Marico,2022-06-14,479.0091552734375,2022,2
Marico,2022-06-15,473.2586975097656,2022,2
Marico,2022-06-16,464.6331176757813,2022,2
Marico,2022-06-17,453.7073059082031,2022,2
Marico,2022-06-20,464.72894287109375,2022,2
Marico,2022-06-21,464.72894287109375,2022,2
Marico,2022-06-22,461.1349182128906,2022,2
Marico,2022-06-23,456.58251953125,2022,2
Marico,2022-06-24,462.1412963867188,2022,2
Marico,2022-06-27,462.6204528808594,2022,2
Marico,2022-06-28,468.2750549316406,2022,2
Marico,2022-06-29,456.0074462890625,2022,2
Marico,2022-06-30,458.0201721191406,2022,2
Marico,2022-07-01,470.7669067382813,2022,3
Marico,2022-07-04,478.72161865234375,2022,3
Marico,2022-07-05,471.773193359375,2022,3
Marico,2022-07-06,478.09869384765625,2022,3
Marico,2022-07-07,478.242431640625,2022,3
Marico,2022-07-08,482.79486083984375,2022,3
Marico,2022-07-11,486.5325927734375,2022,3
Marico,2022-07-12,479.2008361816406,2022,3
Marico,2022-07-13,481.3572082519531,2022,3
Marico,2022-07-14,486.1971130371094,2022,3
Marico,2022-07-15,485.4303894042969,2022,3
Marico,2022-07-18,486.8201599121094,2022,3
Marico,2022-07-19,486.3409118652344,2022,3
Marico,2022-07-20,491.8038024902344,2022,3
Marico,2022-07-21,503.9275512695313,2022,3
Marico,2022-07-22,509.1029968261719,2022,3
Marico,2022-07-25,500.1418151855469,2022,3
Marico,2022-07-26,486.7721862792969,2022,3
Marico,2022-07-27,493.5768432617188,2022,3
Marico,2022-07-28,493.0976257324219,2022,3
Marico,2022-07-29,496.4520568847656,2022,3
Marico,2022-08-01,501.33984375,2022,3
Marico,2022-08-02,500.7169799804688,2022,3
Marico,2022-08-03,498.8001403808594,2022,3
Marico,2022-08-04,509.43841552734375,2022,3
Marico,2022-08-05,498.0813293457031,2022,3
Marico,2022-08-08,501.62744140625,2022,3
Marico,2022-08-10,489.07232666015625,2022,3
Marico,2022-08-11,492.0434265136719,2022,3
Marico,2022-08-12,489.0244445800781,2022,3
Marico,2022-08-16,490.3182678222656,2022,3
Marico,2022-08-17,491.3725280761719,2022,3
Marico,2022-08-18,491.9475708007813,2022,3
Marico,2022-08-19,494.48736572265625,2022,3
Marico,2022-08-22,493.4810485839844,2022,3
Marico,2022-08-23,491.6600646972656,2022,3
Marico,2022-08-24,501.3878173828125,2022,3
Marico,2022-08-25,495.9249267578125,2022,3
Marico,2022-08-26,494.15185546875,2022,3
Marico,2022-08-29,501.2919616699219,2022,3
Marico,2022-08-30,503.7358703613281,2022,3
Marico,2022-09-01,504.6943054199219,2022,3
Marico,2022-09-02,501.7711486816406,2022,3
Marico,2022-09-05,499.1834411621094,2022,3
Marico,2022-09-06,498.84808349609375,2022,3
Marico,2022-09-07,501.0044555664063,2022,3
Marico,2022-09-08,499.9502258300781,2022,3
Marico,2022-09-09,499.9981689453125,2022,3
Marico,2022-09-12,500.5732116699219,2022,3
Marico,2022-09-13,501.5794982910156,2022,3
Marico,2022-09-14,511.9781494140625,2022,3
Marico,2022-09-15,501.9150390625,2022,3
Marico,2022-09-16,487.4909973144531,2022,3
Marico,2022-09-19,490.845458984375,2022,3
Marico,2022-09-20,505.3172912597656,2022,3
Marico,2022-09-21,513.0323486328125,2022,3
Marico,2022-09-22,526.5938110351562,2022,3
Marico,2022-09-23,520.3641967773438,2022,3
Marico,2022-09-26,504.3589172363281,2022,3
Marico,2022-09-27,514.134521484375,2022,3
Marico,2022-09-28,524.6290893554688,2022,3
Marico,2022-09-29,516.0034790039062,2022,3
Marico,2022-09-30,515.4762573242188,2022,3
Marico,2022-10-03,507.4736633300781,2022,4
Marico,2022-10-04,504.2151489257813,2022,4
Marico,2022-10-06,503.256591796875,2022,4
Marico,2022-10-07,499.6147155761719,2022,4
Marico,2022-10-10,493.4330749511719,2022,4
Marico,2022-10-11,485.765869140625,2022,4
Marico,2022-10-12,487.2513427734375,2022,4
Marico,2022-10-13,494.1039733886719,2022,4
Marico,2022-10-14,490.2224426269531,2022,4
Marico,2022-10-17,492.5705261230469,2022,4
Marico,2022-10-18,494.3914794921875,2022,4
Marico,2022-10-19,495.4936218261719,2022,4
Marico,2022-10-20,502.0586853027344,2022,4
Marico,2022-10-21,497.5542602539063,2022,4
Marico,2022-10-24,498.22509765625,2022,4
Marico,2022-10-25,494.9186401367188,2022,4
Marico,2022-10-27,497.8417663574219,2022,4
Marico,2022-10-28,497.3625183105469,2022,4
Marico,2022-10-31,502.7295837402344,2022,4
Marico,2022-11-01,509.2946166992188,2022,4
Marico,2022-11-02,507.8091125488281,2022,4
Marico,2022-11-03,517.201416015625,2022,4
Marico,2022-11-04,516.7701416015625,2022,4
Marico,2022-11-07,483.8969421386719,2022,4
Marico,2022-11-09,481.3572082519531,2022,4
Marico,2022-11-10,483.0823364257813,2022,4
Marico,2022-11-11,478.38616943359375,2022,4
Marico,2022-11-14,478.7695007324219,2022,4
Marico,2022-11-15,477.236083984375,2022,4
Marico,2022-11-16,472.8753662109375,2022,4
Marico,2022-11-17,467.987548828125,2022,4
Marico,2022-11-18,465.8790283203125,2022,4
Marico,2022-11-21,469.13763427734375,2022,4
Marico,2022-11-22,465.7831726074219,2022,4
Marico,2022-11-23,470.1918640136719,2022,4
Marico,2022-11-24,469.13763427734375,2022,4
Marico,2022-11-25,466.0227661132813,2022,4
Marico,2022-11-28,466.2145080566406,2022,4
Marico,2022-11-29,481.5009765625,2022,4
Marico,2022-11-30,486.2450866699219,2022,4
Marico,2022-12-01,480.638427734375,2022,4
Marico,2022-12-02,482.8906555175781,2022,4
Marico,2022-12-05,480.1112976074219,2022,4
Marico,2022-12-06,481.2613525390625,2022,4
Marico,2022-12-07,489.2160949707031,2022,4
Marico,2022-12-08,489.2640686035156,2022,4
Marico,2022-12-09,501.96282958984375,2022,4
Marico,2022-12-12,511.5469055175781,2022,4
Marico,2022-12-13,506.03607177734375,2022,4
Marico,2022-12-14,503.256591796875,2022,4
Marico,2022-12-15,497.5542602539063,2022,4
Marico,2022-12-16,492.8101501464844,2022,4
Marico,2022-12-19,503.5921630859375,2022,4
Marico,2022-12-20,504.2151489257813,2022,4
Marico,2022-12-21,499.9981689453125,2022,4
Marico,2022-12-22,500.6210632324219,2022,4
Marico,2022-12-23,494.1039733886719,2022,4
Marico,2022-12-26,496.8833618164063,2022,4
Marico,2022-12-27,497.3146057128906,2022,4
Marico,2022-12-28,497.6021423339844,2022,4
Marico,2022-12-29,493.960205078125,2022,4
Marico,2022-12-30,488.6410827636719,2022,4
Marico,2023-01-02,485.1908264160156,2023,1
Marico,2023-01-03,489.3598937988281,2023,1
Marico,2023-01-04,485.094970703125,2023,1
Marico,2023-01-05,494.0560302734375,2023,1
Marico,2023-01-06,491.70794677734375,2023,1
Marico,2023-01-09,493.5289611816406,2023,1
Marico,2023-01-10,488.8327331542969,2023,1
Marico,2023-01-11,479.48834228515625,2023,1
Marico,2023-01-12,480.73431396484375,2023,1
Marico,2023-01-13,475.8943176269531,2023,1
Marico,2023-01-16,477.3319396972656,2023,1
Marico,2023-01-17,487.1076354980469,2023,1
Marico,2023-01-18,486.9158935546875,2023,1
Marico,2023-01-19,480.4946594238281,2023,1
Marico,2023-01-20,484.18450927734375,2023,1
Marico,2023-01-23,482.9865112304688,2023,1
Marico,2023-01-24,482.4593811035156,2023,1
Marico,2023-01-25,484.3761596679688,2023,1
Marico,2023-01-27,482.8427429199219,2023,1
Marico,2023-01-30,483.2740478515625,2023,1
Marico,2023-01-31,477.3798522949219,2023,1
Marico,2023-02-01,484.3282775878906,2023,1
Marico,2023-02-02,478.913330078125,2023,1
Marico,2023-02-03,473.35455322265625,2023,1
Marico,2023-02-06,483.705322265625,2023,1
Marico,2023-02-07,476.9006042480469,2023,1
Marico,2023-02-08,480.0633850097656,2023,1
Marico,2023-02-09,473.6421203613281,2023,1
Marico,2023-02-10,474.5525817871094,2023,1
Marico,2023-02-13,471.5335998535156,2023,1
Marico,2023-02-14,473.5462341308594,2023,1
Marico,2023-02-15,472.8274536132813,2023,1
Marico,2023-02-16,473.9775390625,2023,1
Marico,2023-02-17,469.13763427734375,2023,1
Marico,2023-02-20,468.7062683105469,2023,1
Marico,2023-02-21,479.584228515625,2023,1
Marico,2023-02-22,482.79486083984375,2023,1
Marico,2023-02-23,480.15924072265625,2023,1
Marico,2023-02-24,478.0507507324219,2023,1
Marico,2023-02-27,469.712646484375,2023,1
Marico,2023-02-28,471.4377746582031,2023,1
Marico,2023-03-01,475.3193054199219,2023,1
Marico,2023-03-02,478.242431640625,2023,1
Marico,2023-03-03,478.72161865234375,2023,1
Marico,2023-03-06,480.1112976074219,2023,1
Marico,2023-03-08,480.111328125,2023,1
Marico,2023-03-09,476.62982177734375,2023,1
Marico,2023-03-10,480.2564086914063,2023,1
Marico,2023-03-13,474.5989074707031,2023,1
Marico,2023-03-14,469.2799072265625,2023,1
Marico,2023-03-15,469.618408203125,2023,1
Marico,2023-03-16,472.5196533203125,2023,1
Marico,2023-03-17,470.1019592285156,2023,1
Marico,2023-03-20,466.4269714355469,2023,1
Marico,2023-03-21,465.9918212890625,2023,1
Marico,2023-03-22,467.9259948730469,2023,1
Marico,2023-03-23,463.5741271972656,2023,1
Marico,2023-03-24,461.494873046875,2023,1
Marico,2023-03-27,463.9609375,2023,1
Marico,2023-03-28,463.5257263183594,2023,1
Marico,2023-03-29,456.707763671875,2023,1
Marico,2023-03-31,464.00927734375,2023,1
Marico,2023-04-03,463.91259765625,2023,2
Marico,2023-04-05,466.5237121582031,2023,2
Marico,2023-04-06,463.5257263183594,2023,2
Marico,2023-04-10,464.6862182617188,2023,2
Marico,2023-04-11,464.10595703125,2023,2
Marico,2023-04-12,461.5915832519531,2023,2
Marico,2023-04-13,461.1080017089844,2023,2
Marico,2023-04-17,463.67083740234375,2023,2
Marico,2023-04-18,464.2994079589844,2023,2
Marico,2023-04-19,452.74267578125,2023,2
Marico,2023-04-20,456.2241821289063,2023,2
Marico,2023-04-21,457.67486572265625,2023,2
Marico,2023-04-24,459.3189086914063,2023,2
Marico,2023-04-25,473.6318359375,2023,2
Marico,2023-04-26,480.5948791503906,2023,2
Marico,2023-04-27,481.51361083984375,2023,2
Marico,2023-04-28,480.06292724609375,2023,2
Marico,2023-05-02,483.3994140625,2023,2
Marico,2023-05-03,485.9621887207031,2023,2
Marico,2023-05-04,480.9333190917969,2023,2
Marico,2023-05-05,477.3551025390625,2023,2
Marico,2023-05-08,513.234130859375,2023,2
Marico,2023-05-09,519.2301025390625,2023,2
Marico,2023-05-10,515.8936157226562,2023,2
Marico,2023-05-11,524.742431640625,2023,2
Marico,2023-05-12,523.6786499023438,2023,2
Marico,2023-05-15,519.2301025390625,2023,2
Marico,2023-05-16,518.5048217773438,2023,2
Marico,2023-05-17,509.51080322265625,2023,2
Marico,2023-05-18,515.2649536132812,2023,2
Marico,2023-05-19,508.447021484375,2023,2
Marico,2023-05-22,512.7988891601562,2023,2
Marico,2023-05-23,509.6075439453125,2023,2
Marico,2023-05-24,513.4276123046875,2023,2
Marico,2023-05-25,511.0097961425781,2023,2
Marico,2023-05-26,526.1930541992188,2023,2
Marico,2023-05-29,526.2413940429688,2023,2
Marico,2023-05-30,523.7753295898438,2023,2
Marico,2023-05-31,525.1776733398438,2023,2
Marico,2023-06-01,537.9915771484375,2023,2
Marico,2023-06-02,531.3670043945312,2023,2
Marico,2023-06-05,529.1427612304688,2023,2
Marico,2023-06-06,524.8875732421875,2023,2
Marico,2023-06-07,531.7054443359375,2023,2
Marico,2023-06-08,527.4986572265625,2023,2
Marico,2023-06-09,515.65185546875,2023,2
Marico,2023-06-12,520.2938232421875,2023,2
Marico,2023-06-13,519.6168823242188,2023,2
Marico,2023-06-14,521.6478271484375,2023,2
Marico,2023-06-15,527.4503173828125,2023,2
Marico,2023-06-16,530.1098022460938,2023,2
Marico,2023-06-19,517.34423828125,2023,2
Marico,2023-06-20,518.4563598632812,2023,2
Marico,2023-06-21,509.8009338378906,2023,2
Marico,2023-06-22,506.9963989257813,2023,2
Marico,2023-06-23,511.1065368652344,2023,2
Marico,2023-06-26,511.2999572753906,2023,2
Marico,2023-06-27,511.4449462890625,2023,2
Marico,2023-06-28,505.78759765625,2023,2
Marico,2023-06-30,513.4758911132812,2023,2
Marico,2023-07-03,515.7001342773438,2023,3
Marico,2023-07-04,509.12396240234375,2023,3
Marico,2023-07-05,520.8257446289062,2023,3
Marico,2023-07-06,510.3328247070313,2023,3
Marico,2023-07-07,500.0333557128906,2023,3
Marico,2023-07-10,509.7525634765625,2023,3
Marico,2023-07-11,514.0560913085938,2023,3
Marico,2023-07-12,520.0520629882812,2023,3
Marico,2023-07-13,515.9902954101562,2023,3
Marico,2023-07-14,521.6961669921875,2023,3
Marico,2023-07-17,514.15283203125,2023,3
Marico,2023-07-18,513.0407104492188,2023,3
Marico,2023-07-19,514.3462524414062,2023,3
Marico,2023-07-20,521.406005859375,2023,3
Marico,2023-07-21,520.9224853515625,2023,3
Marico,2023-07-24,517.7794189453125,2023,3
Marico,2023-07-25,522.8082275390625,2023,3
Marico,2023-07-26,515.1682739257812,2023,3
Marico,2023-07-27,535.815673828125,2023,3
Marico,2023-07-28,555.447509765625,2023,3
Marico,2023-07-31,542.1016845703125,2023,3
Marico,2023-08-01,539.3455200195312,2023,3
Marico,2023-08-02,544.2777099609375,2023,3
Marico,2023-08-03,553.5133666992188,2023,3
Marico,2023-08-04,557.2366943359375,2023,3
Marico,2023-08-07,556.8497924804688,2023,3
Marico,2023-08-08,558.2520141601562,2023,3
Marico,2023-08-09,565.89208984375,2023,3
Marico,2023-08-10,557.865234375,2023,3
Marico,2023-08-11,557.9619140625,2023,3
Marico,2023-08-14,549.4031982421875,2023,3
Marico,2023-08-16,541.1829223632812,2023,3
Marico,2023-08-17,540.0708618164062,2023,3
Marico,2023-08-18,532.624267578125,2023,3
Marico,2023-08-21,536.68603515625,2023,3
Marico,2023-08-22,540.4093017578125,2023,3
Marico,2023-08-23,535.2354125976562,2023,3
Marico,2023-08-24,544.9546508789062,2023,3
Marico,2023-08-25,541.7633056640625,2023,3
Marico,2023-08-28,539.7807006835938,2023,3
Marico,2023-08-29,543.9874877929688,2023,3
Marico,2023-08-30,552.3528442382812,2023,3
Marico,2023-08-31,551.2890014648438,2023,3
Marico,2023-09-01,550.6121215820312,2023,3
Marico,2023-09-04,558.5422973632812,2023,3
Marico,2023-09-05,558.6389770507812,2023,3
Marico,2023-09-06,568.8900756835938,2023,3
Marico,2023-09-07,564.8283081054688,2023,3
Marico,2023-09-08,567.3427734375,2023,3
Marico,2023-09-11,565.2152099609375,2023,3
Marico,2023-09-12,562.1204223632812,2023,3
Marico,2023-09-13,564.19970703125,2023,3
Marico,2023-09-14,561.6852416992188,2023,3
Marico,2023-09-15,561.0567016601562,2023,3
Marico,2023-09-18,562.8458251953125,2023,3
Marico,2023-09-20,555.5926513671875,2023,3
Marico,2023-09-21,555.7376708984375,2023,3
Marico,2023-09-22,555.0123291015625,2023,3
Marico,2023-09-25,559.7510986328125,2023,3
Marico,2023-09-26,563.2326049804688,2023,3
Marico,2023-09-27,564.5864868164062,2023,3
Marico,2023-09-28,541.3764038085938,2023,3
Marico,2023-09-29,543.16552734375,2023,3
Marico,2023-10-03,556.7531127929688,2023,4
Marico,2023-10-04,552.0626831054688,2023,4
Marico,2023-10-05,524.597412109375,2023,4
Marico,2023-10-06,519.761962890625,2023,4
Marico,2023-10-09,520.3422241210938,2023,4
Marico,2023-10-10,519.2301025390625,2023,4
Marico,2023-10-11,518.4563598632812,2023,4
Marico,2023-10-12,521.7928466796875,2023,4
Marico,2023-10-13,524.3556518554688,2023,4
Marico,2023-10-16,524.9841918945312,2023,4
Marico,2023-10-17,527.6437377929688,2023,4
Marico,2023-10-18,531.076904296875,2023,4
Marico,2023-10-19,529.0943603515625,2023,4
Marico,2023-10-20,523.7753295898438,2023,4
Marico,2023-10-23,519.4234008789062,2023,4
Marico,2023-10-25,524.7908935546875,2023,4
Marico,2023-10-26,519.5685424804688,2023,4
Marico,2023-10-27,520.0520629882812,2023,4
Marico,2023-10-30,514.6847534179688,2023,4
Marico,2023-10-31,518.8916015625,2023,4
Marico,2023-11-01,517.44091796875,2023,4
Marico,2023-11-02,516.618896484375,2023,4
Marico,2023-11-03,510.6712951660156,2023,4
Marico,2023-11-06,516.4254760742188,2023,4
Marico,2023-11-07,510.0552673339844,2023,4
Marico,2023-11-08,506.06781005859375,2023,4
Marico,2023-11-09,506.1650695800781,2023,4
Marico,2023-11-10,506.943115234375,2023,4
Marico,2023-11-13,506.6999816894531,2023,4
Marico,2023-11-15,504.8521118164063,2023,4
Marico,2023-11-16,502.8583984375,2023,4
Marico,2023-11-17,515.4043579101562,2023,4
Marico,2023-11-20,511.3196105957031,2023,4
Marico,2023-11-21,512.1463012695312,2023,4
Marico,2023-11-22,518.078857421875,2023,4
Marico,2023-11-23,516.3283081054688,2023,4
Marico,2023-11-24,509.2773132324219,2023,4
Marico,2023-11-28,510.736083984375,2023,4
Marico,2023-11-29,512.5352783203125,2023,4
Marico,2023-11-30,523.8655395507812,2023,4
Marico,2023-12-01,522.1636352539062,2023,4
Marico,2023-12-04,521.2882690429688,2023,4
Marico,2023-12-05,521.8717651367188,2023,4
Marico,2023-12-06,524.6921997070312,2023,4
Marico,2023-12-07,518.905517578125,2023,4
Marico,2023-12-08,515.9392700195312,2023,4
Marico,2023-12-11,525.8106689453125,2023,4
Marico,2023-12-12,525.2271118164062,2023,4
Marico,2023-12-13,524.9839477539062,2023,4
Marico,2023-12-14,523.281982421875,2023,4
Marico,2023-12-15,520.51025390625,2023,4
Marico,2023-12-18,525.6161499023438,2023,4
Marico,2023-12-19,532.81298828125,2023,4
Marico,2023-12-20,516.668701171875,2023,4
Marico,2023-12-21,512.4380493164062,2023,4
Marico,2023-12-22,508.4991455078125,2023,4
Marico,2023-12-26,514.9180297851562,2023,4
Marico,2023-12-27,519.4403686523438,2023,4
Marico,2023-12-28,531.0623779296875,2023,4
Marico,2023-12-29,533.4451293945312,2023,4
Marico,2024-01-01,527.36669921875,2024,1
Marico,2024-01-02,531.9863891601562,2024,1
Marico,2024-01-03,528.6310424804688,2024,1
Marico,2024-01-04,538.551025390625,2024,1
Marico,2024-01-05,531.0137939453125,2024,1
Marico,2024-01-08,509.37445068359375,2024,1
Marico,2024-01-09,516.1337280273438,2024,1
Marico,2024-01-10,516.71728515625,2024,1
Marico,2024-01-11,515.5501708984375,2024,1
Marico,2024-01-12,518.2733764648438,2024,1
Marico,2024-01-15,515.4043579101562,2024,1
Marico,2024-01-16,516.9603881835938,2024,1
Marico,2024-01-17,513.216064453125,2024,1
Marico,2024-01-18,510.1039123535156,2024,1
Marico,2024-01-19,515.696044921875,2024,1
Marico,2024-01-23,506.6513977050781,2024,1
Marico,2024-01-24,515.1126098632812,2024,1
Marico,2024-01-25,510.6873779296875,2024,1
Marico,2024-01-29,502.4207153320313,2024,1
Marico,2024-01-30,508.7909851074219,2024,1
Marico,2024-01-31,513.3619384765625,2024,1
Marico,2024-02-01,521.2882690429688,2024,1
Marico,2024-02-02,514.9666748046875,2024,1
Marico,2024-02-05,508.8395690917969,2024,1
Marico,2024-02-06,506.5054321289063,2024,1
Marico,2024-02-07,510.4930114746094,2024,1
Marico,2024-02-08,508.06158447265625,2024,1
Marico,2024-02-09,506.3595581054688,2024,1
Marico,2024-02-12,510.7846984863281,2024,1
Marico,2024-02-13,510.736083984375,2024,1
Marico,2024-02-14,512.5352783203125,2024,1
Marico,2024-02-15,507.6724853515625,2024,1
Marico,2024-02-16,509.423095703125,2024,1
Marico,2024-02-19,512.0490112304688,2024,1
Marico,2024-02-20,521.4828491210938,2024,1
Marico,2024-02-21,523.9141845703125,2024,1
Marico,2024-02-22,524.2058715820312,2024,1
Marico,2024-02-23,515.5988159179688,2024,1
Marico,2024-02-26,511.2223205566406,2024,1
Marico,2024-02-27,508.88818359375,2024,1
Marico,2024-02-28,508.9854736328125,2024,1
Marico,2024-02-29,508.2560119628906,2024,1
Marico,2024-03-01,509.86077880859375,2024,1
Marico,2024-03-04,509.6662292480469,2024,1
Marico,2024-03-05,504.26861572265625,2024,1
Marico,2024-03-06,498.0144653320313,2024,1
Marico,2024-03-07,506.8293151855469,2024,1
Marico,2024-03-11,501.5108947753906,2024,1
Marico,2024-03-12,495.9954528808594,2024,1
Marico,2024-03-13,488.6579284667969,2024,1
Marico,2024-03-14,498.408447265625,2024,1
Marico,2024-03-15,492.5975036621094,2024,1
Marico,2024-03-18,489.987548828125,2024,1
Marico,2024-03-19,482.6500244140625,2024,1
Marico,2024-03-20,485.1615295410156,2024,1
Marico,2024-03-21,493.1392517089844,2024,1
Marico,2024-03-22,490.2337646484375,2024,1
Marico,2024-03-26,489.0518798828125,2024,1
Marico,2024-03-27,487.3283081054688,2024,1
Marico,2024-03-28,489.6921081542969,2024,1
Marico,2024-04-01,488.3132019042969,2024,2
Marico,2024-04-02,491.46490478515625,2024,2
Marico,2024-04-03,488.5594177246094,2024,2
Marico,2024-04-04,484.0781555175781,2024,2
Marico,2024-04-05,501.8063354492188,2024,2
Marico,2024-04-08,511.1629028320313,2024,2
Marico,2024-04-09,501.8555908203125,2024,2
Marico,2024-04-10,507.4202880859375,2024,2
Marico,2024-04-12,506.7800903320313,2024,2
Marico,2024-04-15,501.5601196289063,2024,2
Marico,2024-04-16,500.4767150878906,2024,2
Marico,2024-04-18,498.753173828125,2024,2
Marico,2024-04-19,497.6697387695313,2024,2
Marico,2024-04-22,498.3591918945313,2024,2
Marico,2024-04-23,502.446533203125,2024,2
Marico,2024-04-24,501.609375,2024,2
Marico,2024-04-25,502.446533203125,2024,2
Marico,2024-04-26,510.0302429199219,2024,2
Marico,2024-04-29,507.814208984375,2024,2
Marico,2024-04-30,510.1780090332031,2024,2
Marico,2024-05-02,510.0302429199219,2024,2
Marico,2024-05-03,509.0946350097656,2024,2
Marico,2024-05-06,522.292236328125,2024,2
Marico,2024-05-07,574.6889038085938,2024,2
Marico,2024-05-08,586.6554565429688,2024,2
Marico,2024-05-09,572.5714111328125,2024,2
Marico,2024-05-10,578.2838134765625,2024,2
Marico,2024-05-13,585.5720825195312,2024,2
Marico,2024-05-14,591.1859741210938,2024,2
Marico,2024-05-15,582.6665649414062,2024,2
Marico,2024-05-16,582.3218994140625,2024,2
Marico,2024-05-17,588.0343017578125,2024,2
Marico,2024-05-21,581.238525390625,2024,2
Marico,2024-05-22,593.5989990234375,2024,2
Marico,2024-05-23,598.9666748046875,2024,2
Marico,2024-05-24,594.87939453125,2024,2
Marico,2024-05-27,593.4512329101562,2024,2
Marico,2024-05-28,598.9174194335938,2024,2
Marico,2024-05-29,596.3074951171875,2024,2
Marico,2024-05-30,588.2312622070312,2024,2
Marico,2024-05-31,586.5569458007812,2024,2
Marico,2024-06-03,585.1287841796875,2024,2
Marico,2024-06-04,605.27001953125,2024,2
Marico,2024-06-05,635.752685546875,2024,2
Marico,2024-06-06,628.2181396484375,2024,2
Marico,2024-06-07,643.139404296875,2024,2
Marico,2024-06-10,641.8098754882812,2024,2
Marico,2024-06-11,637.5254516601562,2024,2
Marico,2024-06-12,619.9943237304688,2024,2
Marico,2024-06-13,602.0198364257812,2024,2
Marico,2024-06-14,609.99755859375,2024,2
Marico,2024-06-18,614.0848999023438,2024,2
Marico,2024-06-19,613.05078125,2024,2
Marico,2024-06-20,618.910888671875,2024,2
Marico,2024-06-21,600.591796875,2024,2
Marico,2024-06-24,613.6417236328125,2024,2
Marico,2024-06-25,605.762451171875,2024,2
Marico,2024-06-26,603.8911743164062,2024,2
Marico,2024-06-27,602.4138793945312,2024,2
Marico,2024-06-28,603.7434692382812,2024,2
Marico,2024-07-01,611.1301879882812,2024,3
Marico,2024-07-02,594.042236328125,2024,3
Marico,2024-07-03,598.3264770507812,2024,3
Marico,2024-07-04,598.8681640625,2024,3
Marico,2024-07-05,606.0579223632812,2024,3
Marico,2024-07-08,631.6160888671875,2024,3
Marico,2024-07-09,628.1689453125,2024,3
Marico,2024-07-10,636.3435668945312,2024,3
Marico,2024-07-11,635.063232421875,2024,3
Marico,2024-07-12,640.283203125,2024,3
Marico,2024-07-15,643.0902099609375,2024,3
Marico,2024-07-16,657.272705078125,2024,3
Marico,2024-07-18,674.5084838867188,2024,3
Marico,2024-07-19,658.5531616210938,2024,3
Marico,2024-07-22,657.962158203125,2024,3
Marico,2024-07-23,662.3942260742188,2024,3
Marico,2024-07-24,648.0147094726562,2024,3
Marico,2024-07-25,664.8072509765625,2024,3
Marico,2024-07-26,669.4854736328125,2024,3
Marico,2024-07-29,672.7356567382812,2024,3
Marico,2024-07-30,670.7166137695312,2024,3
Marico,2024-07-31,663.9207763671875,2024,3
Marico,2024-08-01,664.708740234375,2024,3
Marico,2024-08-02,652.3975219726562,2024,3
Marico,2024-08-05,662.0003051757812,2024,3
Marico,2024-08-06,619.0093994140625,2024,3
Marico,2024-08-07,639.2490844726562,2024,3
Marico,2024-08-08,642.4007568359375,2024,3
Marico,2024-08-09,643.139404296875,2024,3
Marico,2024-08-12,634.9155883789062,2024,3
Marico,2024-08-13,650.575439453125,2024,3
Marico,2024-08-14,640.4309692382812,2024,3
Marico,2024-08-16,651.06787109375,2024,3
Marico,2024-08-19,659.0455932617188,2024,3
Marico,2024-08-20,658.79931640625,2024,3
Marico,2024-08-21,669.0422973632812,2024,3
Marico,2024-08-22,672.63720703125,2024,3
Marico,2024-08-23,667.9589233398438,2024,3
Marico,2024-08-26,678.152587890625,2024,3
Marico,2024-08-27,665.5951538085938,2024,3
Marico,2024-08-28,651.905029296875,2024,3
Marico,2024-08-29,650.7723999023438,2024,3
Marico,2024-08-30,637.3778076171875,2024,3
Marico,2024-09-02,641.1204223632812,2024,3
Marico,2024-09-03,630.385009765625,2024,3
Marico,2024-09-04,635.8511352539062,2024,3
Marico,2024-09-05,634.1768798828125,2024,3
Marico,2024-09-06,655.2044677734375,2024,3
Marico,2024-09-09,665.7921142578125,2024,3
Marico,2024-09-10,669.7317504882812,2024,3
Marico,2024-09-11,670.1749267578125,2024,3
Marico,2024-09-12,675.7395629882812,2024,3
Marico,2024-09-13,671.6522827148438,2024,3
Marico,2024-09-16,684.7022094726562,2024,3
Marico,2024-09-17,681.550537109375,2024,3
Marico,2024-09-18,684.8007202148438,2024,3
Marico,2024-09-19,686.4750366210938,2024,3
Marico,2024-09-20,698.2938232421875,2024,3
Marico,2024-09-23,691.8919677734375,2024,3
Marico,2024-09-24,694.4526977539062,2024,3
Marico,2024-09-25,678.7927856445312,2024,3
Marico,2024-09-26,683.1263427734375,2024,3
Marico,2024-09-27,681.9937133789062,2024,3
Marico,2024-09-30,684.8992309570312,2024,3
Marico,2024-10-01,683.1755981445312,2024,4
Marico,2024-10-03,688.4940795898438,2024,4
Marico,2024-10-04,679.7777099609375,2024,4
Marico,2024-10-07,668.5498657226562,2024,4
Marico,2024-10-08,687.3614501953125,2024,4
Marico,2024-10-09,687.6569213867188,2024,4
Marico,2024-10-10,674.7546997070312,2024,4
Marico,2024-10-11,675.148681640625,2024,4
Marico,2024-10-14,678.9404907226562,2024,4
Marico,2024-10-15,675.345703125,2024,4
Marico,2024-10-16,669.2885131835938,2024,4
Marico,2024-10-17,656.0416259765625,2024,4
Marico,2024-10-18,659.1932983398438,2024,4
Marico,2024-10-21,651.9542846679688,2024,4
Marico,2024-10-22,647.0790405273438,2024,4
Marico,2024-10-23,646.68505859375,2024,4
Marico,2024-10-24,624.6725463867188,2024,4
Marico,2024-10-25,630.4342041015625,2024,4
Marico,2024-10-28,624.4263305664062,2024,4
Marico,2024-10-29,619.6495971679688,2024,4
Marico,2024-10-30,641.3173828125,2024,4
Marico,2024-10-31,630.3357543945312,2024,4
Marico,2024-11-01,636.1959228515625,2024,4
Marico,2024-11-04,625.3619995117188,2024,4
Marico,2024-11-05,624.4263305664062,2024,4
Marico,2024-11-06,638.9043579101562,2024,4
Marico,2024-11-07,622.1118774414062,2024,4
Marico,2024-11-08,620.3389892578125,2024,4
Marico,2024-11-11,607.781494140625,2024,4
Marico,2024-11-12,586.5569458007812,2024,4
Marico,2024-11-13,588.1820678710938,2024,4
Marico,2024-11-14,583.3067626953125,2024,4
Marico,2024-11-18,586.1630249023438,2024,4
Marico,2024-11-19,582.0264282226562,2024,4
Marico,2024-11-21,582.1248779296875,2024,4
Marico,2024-11-22,590.1026000976562,2024,4
Marico,2024-11-25,598.6219482421875,2024,4
Marico,2024-11-26,618.8616333007812,2024,4
Marico,2024-11-27,640.0862426757812,2024,4
Marico,2024-11-28,635.1124877929688,2024,4
Marico,2024-11-29,635.2109985351562,2024,4
Marico,2024-12-02,636.786865234375,2024,4
Marico,2024-12-03,632.0100708007812,2024,4
Marico,2024-12-04,622.0625610351562,2024,4
Marico,2024-12-05,623.6876831054688,2024,4
Marico,2024-12-06,624.0816650390625,2024,4
Marico,2024-12-09,598.57275390625,2024,4
Marico,2024-12-10,604.6298828125,2024,4
Marico,2024-12-11,623.3429565429688,2024,4
Marico,2024-12-12,626.2976684570312,2024,4
Marico,2024-12-13,630.1387329101562,2024,4
Marico,2024-12-16,635.3587036132812,2024,4
Marico,2024-12-17,623.8846435546875,2024,4
Marico,2024-12-18,631.1729125976562,2024,4
Marico,2024-12-19,631.2713623046875,2024,4
Marico,2024-12-20,618.4677124023438,2024,4
Marico,2024-12-23,626.9378051757812,2024,4
Marico,2024-12-24,623.7861328125,2024,4
Marico,2024-12-26,623.0474853515625,2024,4
Marico,2024-12-27,623.0474853515625,2024,4
Marico,2024-12-30,632.5025634765625,2024,4
Nestle,2017-07-03,301.5781555175781,2017,3
Nestle,2017-07-04,306.4251403808594,2017,3
Nestle,2017-07-05,309.1842956542969,2017,3
Nestle,2017-07-06,309.6161193847656,2017,3
Nestle,2017-07-07,307.4701843261719,2017,3
Nestle,2017-07-10,304.58123779296875,2017,3
Nestle,2017-07-11,303.3705444335937,2017,3
Nestle,2017-07-12,305.3241577148437,2017,3
Nestle,2017-07-13,303.6995849609375,2017,3
Nestle,2017-07-14,304.8251037597656,2017,3
Nestle,2017-07-17,307.8348999023437,2017,3
Nestle,2017-07-18,306.6847839355469,2017,3
Nestle,2017-07-19,310.5157775878906,2017,3
Nestle,2017-07-20,307.4410705566406,2017,3
Nestle,2017-07-21,304.65057373046875,2017,3
Nestle,2017-07-24,305.93951416015625,2017,3
Nestle,2017-07-25,305.2100830078125,2017,3
Nestle,2017-07-26,303.6928100585937,2017,3
Nestle,2017-07-27,304.31939697265625,2017,3
Nestle,2017-07-28,303.4712829589844,2017,3
Nestle,2017-07-31,302.86492919921875,2017,3
Nestle,2017-08-01,299.99383544921875,2017,3
Nestle,2017-08-02,301.0523986816406,2017,3
Nestle,2017-08-03,301.93603515625,2017,3
Nestle,2017-08-04,300.6330261230469,2017,3
Nestle,2017-08-07,302.330810546875,2017,3
Nestle,2017-08-08,299.7045288085937,2017,3
Nestle,2017-08-09,301.87554931640625,2017,3
Nestle,2017-08-10,297.9573669433594,2017,3
Nestle,2017-08-11,293.548095703125,2017,3
Nestle,2017-08-14,298.3992004394531,2017,3
Nestle,2017-08-16,299.6484680175781,2017,3
Nestle,2017-08-17,298.4149169921875,2017,3
Nestle,2017-08-18,298.4418029785156,2017,3
Nestle,2017-08-21,296.90997314453125,2017,3
Nestle,2017-08-22,296.2416076660156,2017,3
Nestle,2017-08-23,296.31793212890625,2017,3
Nestle,2017-08-24,296.1631164550781,2017,3
Nestle,2017-08-28,316.168701171875,2017,3
Nestle,2017-08-29,312.02410888671875,2017,3
Nestle,2017-08-30,315.4891662597656,2017,3
Nestle,2017-08-31,319.42742919921875,2017,3
Nestle,2017-09-01,314.6750183105469,2017,3
Nestle,2017-09-04,307.9242553710937,2017,3
Nestle,2017-09-05,315.2335205078125,2017,3
Nestle,2017-09-06,312.8022766113281,2017,3
Nestle,2017-09-07,319.93438720703125,2017,3
Nestle,2017-09-08,323.02264404296875,2017,3
Nestle,2017-09-11,327.23016357421875,2017,3
Nestle,2017-09-12,331.4263000488281,2017,3
Nestle,2017-09-13,324.7226867675781,2017,3
Nestle,2017-09-14,324.4893798828125,2017,3
Nestle,2017-09-15,329.6454772949219,2017,3
Nestle,2017-09-18,326.92950439453125,2017,3
Nestle,2017-09-19,325.41802978515625,2017,3
Nestle,2017-09-20,323.1101379394531,2017,3
Nestle,2017-09-21,320.546630859375,2017,3
Nestle,2017-09-22,321.59405517578125,2017,3
Nestle,2017-09-25,320.5556030273437,2017,3
Nestle,2017-09-26,316.4422607421875,2017,3
Nestle,2017-09-27,318.5662536621094,2017,3
Nestle,2017-09-28,320.1608581542969,2017,3
Nestle,2017-09-29,323.699951171875,2017,3
Nestle,2017-10-03,327.8737487792969,2017,4
Nestle,2017-10-04,328.8179626464844,2017,4
Nestle,2017-10-05,325.68927001953125,2017,4
Nestle,2017-10-06,329.8138427734375,2017,4
Nestle,2017-10-09,327.2278747558594,2017,4
Nestle,2017-10-10,326.9183959960937,2017,4
Nestle,2017-10-11,326.9429626464844,2017,4
Nestle,2017-10-12,331.0742492675781,2017,4
Nestle,2017-10-13,329.4818420410156,2017,4
Nestle,2017-10-16,326.6761169433594,2017,4
Nestle,2017-10-17,330.7624816894531,2017,4
Nestle,2017-10-18,325.01202392578125,2017,4
Nestle,2017-10-19,323.6865234375,2017,4
Nestle,2017-10-23,323.6865234375,2017,4
Nestle,2017-10-24,324.68896484375,2017,4
Nestle,2017-10-25,320.8695983886719,2017,4
Nestle,2017-10-26,320.4883117675781,2017,4
Nestle,2017-10-27,321.643310546875,2017,4
Nestle,2017-10-30,323.8412780761719,2017,4
Nestle,2017-10-31,324.7091979980469,2017,4
Nestle,2017-11-01,328.2393798828125,2017,4
Nestle,2017-11-02,326.900390625,2017,4
Nestle,2017-11-03,332.53424072265625,2017,4
Nestle,2017-11-06,340.6531066894531,2017,4
Nestle,2017-11-07,345.185791015625,2017,4
Nestle,2017-11-08,351.1628112792969,2017,4
Nestle,2017-11-09,349.8417053222656,2017,4
Nestle,2017-11-10,349.2115783691406,2017,4
Nestle,2017-11-13,346.2779541015625,2017,4
Nestle,2017-11-14,342.7254943847656,2017,4
Nestle,2017-11-15,346.33404541015625,2017,4
Nestle,2017-11-16,342.8376159667969,2017,4
Nestle,2017-11-17,344.9547424316406,2017,4
Nestle,2017-11-20,346.4977111816406,2017,4
Nestle,2017-11-21,347.3768310546875,2017,4
Nestle,2017-11-22,341.1891174316406,2017,4
Nestle,2017-11-23,341.1150817871094,2017,4
Nestle,2017-11-24,336.5174255371094,2017,4
Nestle,2017-11-27,336.1585998535156,2017,4
Nestle,2017-11-28,336.3178405761719,2017,4
Nestle,2017-11-29,336.88531494140625,2017,4
Nestle,2017-11-30,343.7503356933594,2017,4
Nestle,2017-12-01,345.2283935546875,2017,4
Nestle,2017-12-04,345.6275634765625,2017,4
Nestle,2017-12-05,344.98834228515625,2017,4
Nestle,2017-12-06,345.7756652832031,2017,4
Nestle,2017-12-07,350.6357116699219,2017,4
Nestle,2017-12-08,355.3029479980469,2017,4
Nestle,2017-12-11,354.6093444824219,2017,4
Nestle,2017-12-12,357.31640625,2017,4
Nestle,2017-12-13,357.45379638671875,2017,4
Nestle,2017-12-14,354.7984619140625,2017,4
Nestle,2017-12-15,353.5304870605469,2017,4
Nestle,2017-12-18,357.1474304199219,2017,4
Nestle,2017-12-19,355.7173156738281,2017,4
Nestle,2017-12-20,357.8794250488281,2017,4
Nestle,2017-12-21,355.8164367675781,2017,4
Nestle,2017-12-22,355.0889892578125,2017,4
Nestle,2017-12-26,352.62060546875,2017,4
Nestle,2017-12-27,348.6590881347656,2017,4
Nestle,2017-12-28,348.3190002441406,2017,4
Nestle,2017-12-29,354.5304870605469,2017,4
Nestle,2018-01-01,354.1836242675781,2018,1
Nestle,2018-01-02,354.19927978515625,2018,1
Nestle,2018-01-03,354.0439147949219,2018,1
Nestle,2018-01-04,354.45611572265625,2018,1
Nestle,2018-01-05,353.8930358886719,2018,1
Nestle,2018-01-08,357.6947326660156,2018,1
Nestle,2018-01-09,350.4021911621094,2018,1
Nestle,2018-01-10,353.4381103515625,2018,1
Nestle,2018-01-11,354.6835632324219,2018,1
Nestle,2018-01-12,350.8526306152344,2018,1
Nestle,2018-01-15,349.4427795410156,2018,1
Nestle,2018-01-16,350.1927795410156,2018,1
Nestle,2018-01-17,349.6207275390625,2018,1
Nestle,2018-01-18,348.4631652832031,2018,1
Nestle,2018-01-19,345.9609375,2018,1
Nestle,2018-01-22,345.3461303710937,2018,1
Nestle,2018-01-23,342.3147277832031,2018,1
Nestle,2018-01-24,342.0084533691406,2018,1
Nestle,2018-01-25,337.40728759765625,2018,1
Nestle,2018-01-29,339.2135009765625,2018,1
Nestle,2018-01-30,335.8375244140625,2018,1
Nestle,2018-01-31,336.4343566894531,2018,1
Nestle,2018-02-01,329.3040466308594,2018,1
Nestle,2018-02-02,321.4033508300781,2018,1
Nestle,2018-02-05,321.3696594238281,2018,1
Nestle,2018-02-06,316.0364990234375,2018,1
Nestle,2018-02-07,315.61767578125,2018,1
Nestle,2018-02-08,314.6717224121094,2018,1
Nestle,2018-02-09,313.9352722167969,2018,1
Nestle,2018-02-12,321.6939697265625,2018,1
Nestle,2018-02-14,327.23651123046875,2018,1
Nestle,2018-02-15,341.57159423828125,2018,1
Nestle,2018-02-16,342.0061950683594,2018,1
Nestle,2018-02-19,338.1257019042969,2018,1
Nestle,2018-02-20,341.0963439941406,2018,1
Nestle,2018-02-21,342.21783447265625,2018,1
Nestle,2018-02-22,339.7742614746094,2018,1
Nestle,2018-02-23,341.5535583496094,2018,1
Nestle,2018-02-26,343.465576171875,2018,1
Nestle,2018-02-27,349.5328674316406,2018,1
Nestle,2018-02-28,349.6094970703125,2018,1
Nestle,2018-03-01,353.5619812011719,2018,1
Nestle,2018-03-05,347.4631652832031,2018,1
Nestle,2018-03-06,346.33038330078125,2018,1
Nestle,2018-03-07,347.03302001953125,2018,1
Nestle,2018-03-08,347.2852783203125,2018,1
Nestle,2018-03-09,344.9114685058594,2018,1
Nestle,2018-03-12,343.18408203125,2018,1
Nestle,2018-03-13,346.84381103515625,2018,1
Nestle,2018-03-14,344.4790344238281,2018,1
Nestle,2018-03-15,347.7266540527344,2018,1
Nestle,2018-03-16,346.6230773925781,2018,1
Nestle,2018-03-19,345.1794738769531,2018,1
Nestle,2018-03-20,353.20391845703125,2018,1
Nestle,2018-03-21,353.7354736328125,2018,1
Nestle,2018-03-22,353.17242431640625,2018,1
Nestle,2018-03-23,351.0576477050781,2018,1
Nestle,2018-03-26,352.6453552246094,2018,1
Nestle,2018-03-27,365.42181396484375,2018,1
Nestle,2018-03-28,369.5140075683594,2018,1
Nestle,2018-04-02,374.2616271972656,2018,2
Nestle,2018-04-03,375.8382263183594,2018,2
Nestle,2018-04-04,376.1578979492188,2018,2
Nestle,2018-04-05,377.6534118652344,2018,2
Nestle,2018-04-06,375.9732360839844,2018,2
Nestle,2018-04-09,377.5632934570313,2018,2
Nestle,2018-04-10,382.8265686035156,2018,2
Nestle,2018-04-11,381.8018798828125,2018,2
Nestle,2018-04-12,389.0358581542969,2018,2
Nestle,2018-04-13,391.3127136230469,2018,2
Nestle,2018-04-16,394.1008605957031,2018,2
Nestle,2018-04-17,406.0013122558594,2018,2
Nestle,2018-04-18,404.27392578125,2018,2
Nestle,2018-04-19,411.9447326660156,2018,2
Nestle,2018-04-20,412.6857299804688,2018,2
Nestle,2018-04-23,401.1253356933594,2018,2
Nestle,2018-04-24,397.3732604980469,2018,2
Nestle,2018-04-25,393.4320373535156,2018,2
Nestle,2018-04-26,407.3232727050781,2018,2
Nestle,2018-04-27,408.1678771972656,2018,2
Nestle,2018-04-30,423.2506408691406,2018,2
Nestle,2018-05-02,414.4536743164063,2018,2
Nestle,2018-05-03,409.832275390625,2018,2
Nestle,2018-05-04,410.4065551757813,2018,2
Nestle,2018-05-07,409.564208984375,2018,2
Nestle,2018-05-08,410.6903076171875,2018,2
Nestle,2018-05-09,410.8276672363281,2018,2
Nestle,2018-05-10,404.5577087402344,2018,2
Nestle,2018-05-11,428.9462890625,2018,2
Nestle,2018-05-14,431.12640380859375,2018,2
Nestle,2018-05-15,430.84710693359375,2018,2
Nestle,2018-05-16,435.6342468261719,2018,2
Nestle,2018-05-17,439.1566467285156,2018,2
Nestle,2018-05-18,438.1453857421875,2018,2
Nestle,2018-05-21,429.2249755859375,2018,2
Nestle,2018-05-22,435.91705322265625,2018,2
Nestle,2018-05-23,436.2360229492188,2018,2
Nestle,2018-05-24,437.3240966796875,2018,2
Nestle,2018-05-25,440.466552734375,2018,2
Nestle,2018-05-28,437.0391540527344,2018,2
Nestle,2018-05-29,430.3992004394531,2018,2
Nestle,2018-05-30,431.2023315429688,2018,2
Nestle,2018-05-31,436.810546875,2018,2
Nestle,2018-06-01,447.8756713867188,2018,2
Nestle,2018-06-04,444.1858520507813,2018,2
Nestle,2018-06-05,431.4556884765625,2018,2
Nestle,2018-06-06,441.6226196289063,2018,2
Nestle,2018-06-07,442.8488159179688,2018,2
Nestle,2018-06-08,447.4368286132813,2018,2
Nestle,2018-06-11,448.69915771484375,2018,2
Nestle,2018-06-12,444.96630859375,2018,2
Nestle,2018-06-13,445.0929870605469,2018,2
Nestle,2018-06-14,441.4596862792969,2018,2
Nestle,2018-06-15,440.81488037109375,2018,2
Nestle,2018-06-18,435.2066040039063,2018,2
Nestle,2018-06-19,435.197509765625,2018,2
Nestle,2018-06-20,440.025390625,2018,2
Nestle,2018-06-21,445.6970520019531,2018,2
Nestle,2018-06-22,446.63134765625,2018,2
Nestle,2018-06-25,447.7104797363281,2018,2
Nestle,2018-06-26,456.2892456054688,2018,2
Nestle,2018-06-27,452.4365234375,2018,2
Nestle,2018-06-28,442.17236328125,2018,2
Nestle,2018-06-29,443.8736267089844,2018,2
Nestle,2018-07-02,441.8397521972656,2018,3
Nestle,2018-07-03,442.72210693359375,2018,3
Nestle,2018-07-04,446.2535705566406,2018,3
Nestle,2018-07-05,450.5226135253906,2018,3
Nestle,2018-07-06,449.88909912109375,2018,3
Nestle,2018-07-09,447.9163818359375,2018,3
Nestle,2018-07-10,452.7034912109375,2018,3
Nestle,2018-07-11,461.0921936035156,2018,3
Nestle,2018-07-12,453.78033447265625,2018,3
Nestle,2018-07-13,458.8908996582031,2018,3
Nestle,2018-07-16,461.5469665527344,2018,3
Nestle,2018-07-17,475.6209716796875,2018,3
Nestle,2018-07-18,470.2727661132813,2018,3
Nestle,2018-07-19,465.5557861328125,2018,3
Nestle,2018-07-20,468.2208251953125,2018,3
Nestle,2018-07-23,470.2659606933594,2018,3
Nestle,2018-07-24,465.6123962402344,2018,3
Nestle,2018-07-25,463.0355529785156,2018,3
Nestle,2018-07-26,467.1212463378906,2018,3
Nestle,2018-07-27,465.3227233886719,2018,3
Nestle,2018-07-30,458.004150390625,2018,3
Nestle,2018-07-31,476.46478271484375,2018,3
Nestle,2018-08-01,490.33056640625,2018,3
Nestle,2018-08-02,486.8307189941406,2018,3
Nestle,2018-08-03,467.1528930664063,2018,3
Nestle,2018-08-06,476.6569213867188,2018,3
Nestle,2018-08-07,476.799560546875,2018,3
Nestle,2018-08-08,487.1407165527344,2018,3
Nestle,2018-08-09,492.393798828125,2018,3
Nestle,2018-08-10,484.3976440429688,2018,3
Nestle,2018-08-13,491.88616943359375,2018,3
Nestle,2018-08-14,492.1445007324219,2018,3
Nestle,2018-08-16,492.1580505371094,2018,3
Nestle,2018-08-17,492.8721008300781,2018,3
Nestle,2018-08-20,491.4237365722656,2018,3
Nestle,2018-08-21,493.4793701171875,2018,3
Nestle,2018-08-23,523.2907104492188,2018,3
Nestle,2018-08-24,515.0701293945312,2018,3
Nestle,2018-08-27,513.73974609375,2018,3
Nestle,2018-08-28,513.4110107421875,2018,3
Nestle,2018-08-29,512.1962280273438,2018,3
Nestle,2018-08-30,511.61138916015625,2018,3
Nestle,2018-08-31,525.022216796875,2018,3
Nestle,2018-09-03,511.2261962890625,2018,3
Nestle,2018-09-04,491.4305419921875,2018,3
Nestle,2018-09-05,470.7986755371094,2018,3
Nestle,2018-09-06,468.509521484375,2018,3
Nestle,2018-09-07,473.5411682128906,2018,3
Nestle,2018-09-10,468.2715148925781,2018,3
Nestle,2018-09-11,455.4612426757813,2018,3
Nestle,2018-09-12,469.3458251953125,2018,3
Nestle,2018-09-14,468.5048828125,2018,3
Nestle,2018-09-17,461.2340087890625,2018,3
Nestle,2018-09-18,464.3390808105469,2018,3
Nestle,2018-09-19,459.871826171875,2018,3
Nestle,2018-09-21,441.9483947753906,2018,3
Nestle,2018-09-24,438.0002136230469,2018,3
Nestle,2018-09-25,439.5798950195313,2018,3
Nestle,2018-09-26,441.0304870605469,2018,3
Nestle,2018-09-27,434.19927978515625,2018,3
Nestle,2018-09-28,439.6842346191406,2018,3
Nestle,2018-10-01,435.6045227050781,2018,4
Nestle,2018-10-03,423.5535278320313,2018,4
Nestle,2018-10-04,423.7415466308594,2018,4
Nestle,2018-10-05,426.9578247070313,2018,4
Nestle,2018-10-08,425.228515625,2018,4
Nestle,2018-10-09,430.2691650390625,2018,4
Nestle,2018-10-10,431.0986328125,2018,4
Nestle,2018-10-11,425.3939514160156,2018,4
Nestle,2018-10-12,439.6932373046875,2018,4
Nestle,2018-10-15,437.7010498046875,2018,4
Nestle,2018-10-16,441.3999328613281,2018,4
Nestle,2018-10-17,440.8491821289063,2018,4
Nestle,2018-10-19,435.5773010253906,2018,4
Nestle,2018-10-22,437.0255432128906,2018,4
Nestle,2018-10-23,423.9457092285156,2018,4
Nestle,2018-10-24,432.1843872070313,2018,4
Nestle,2018-10-25,432.3678894042969,2018,4
Nestle,2018-10-26,433.7822570800781,2018,4
Nestle,2018-10-29,438.9363403320313,2018,4
Nestle,2018-10-30,440.5364685058594,2018,4
Nestle,2018-10-31,460.0009765625,2018,4
Nestle,2018-11-01,451.91644287109375,2018,4
Nestle,2018-11-02,463.70904541015625,2018,4
Nestle,2018-11-05,468.3779602050781,2018,4
Nestle,2018-11-06,460.5632019042969,2018,4
Nestle,2018-11-07,463.2897338867188,2018,4
Nestle,2018-11-09,463.5435485839844,2018,4
Nestle,2018-11-12,458.9448547363281,2018,4
Nestle,2018-11-13,459.8310852050781,2018,4
Nestle,2018-11-14,471.1748046875,2018,4
Nestle,2018-11-15,474.3230285644531,2018,4
Nestle,2018-11-16,484.4520263671875,2018,4
Nestle,2018-11-19,468.8313598632813,2018,4
Nestle,2018-11-20,464.8423156738281,2018,4
Nestle,2018-11-21,464.1011352539063,2018,4
Nestle,2018-11-22,467.0452575683594,2018,4
Nestle,2018-11-26,473.8447265625,2018,4
Nestle,2018-11-27,476.7981262207031,2018,4
Nestle,2018-11-28,484.9710388183594,2018,4
Nestle,2018-11-29,480.7893371582031,2018,4
Nestle,2018-11-30,487.9695129394531,2018,4
Nestle,2018-12-03,487.0993041992188,2018,4
Nestle,2018-12-04,479.9983520507813,2018,4
Nestle,2018-12-05,475.4403991699219,2018,4
Nestle,2018-12-06,467.3219299316406,2018,4
Nestle,2018-12-07,471.6395568847656,2018,4
Nestle,2018-12-10,471.381103515625,2018,4
Nestle,2018-12-11,482.0631103515625,2018,4
Nestle,2018-12-12,493.91357421875,2018,4
Nestle,2018-12-13,500.8273315429688,2018,4
Nestle,2018-12-14,500.3422546386719,2018,4
Nestle,2018-12-17,508.7542114257813,2018,4
Nestle,2018-12-18,505.2655334472656,2018,4
Nestle,2018-12-19,508.9227294921875,2018,4
Nestle,2018-12-20,511.5757751464844,2018,4
Nestle,2018-12-21,501.4580383300781,2018,4
Nestle,2018-12-24,497.4933471679688,2018,4
Nestle,2018-12-26,490.5115966796875,2018,4
Nestle,2018-12-27,498.3815307617188,2018,4
Nestle,2018-12-28,512.7621459960938,2018,4
Nestle,2018-12-31,504.848876953125,2018,4
Nestle,2019-01-01,501.6698303222656,2019,1
Nestle,2019-01-02,502.5967102050781,2019,1
Nestle,2019-01-03,510.41888427734375,2019,1
Nestle,2019-01-04,494.20745849609375,2019,1
Nestle,2019-01-07,491.2425842285156,2019,1
Nestle,2019-01-08,501.2302551269531,2019,1
Nestle,2019-01-09,512.4727783203125,2019,1
Nestle,2019-01-10,519.9580688476562,2019,1
Nestle,2019-01-11,513.4181518554688,2019,1
Nestle,2019-01-14,511.3981628417969,2019,1
Nestle,2019-01-15,513.857421875,2019,1
Nestle,2019-01-16,503.5303955078125,2019,1
Nestle,2019-01-17,508.5310668945313,2019,1
Nestle,2019-01-18,512.2975463867188,2019,1
Nestle,2019-01-21,512.609619140625,2019,1
Nestle,2019-01-22,511.7577819824219,2019,1
Nestle,2019-01-23,515.371826171875,2019,1
Nestle,2019-01-24,520.72314453125,2019,1
Nestle,2019-01-25,517.6354370117188,2019,1
Nestle,2019-01-28,517.4075927734375,2019,1
Nestle,2019-01-29,519.1610717773438,2019,1
Nestle,2019-01-30,519.0494384765625,2019,1
Nestle,2019-01-31,523.6585693359375,2019,1
Nestle,2019-02-01,526.3319091796875,2019,1
Nestle,2019-02-04,525.2935791015625,2019,1
Nestle,2019-02-05,528.6500854492188,2019,1
Nestle,2019-02-06,529.103271484375,2019,1
Nestle,2019-02-07,533.5802612304688,2019,1
Nestle,2019-02-08,512.0379028320312,2019,1
Nestle,2019-02-11,493.8568420410156,2019,1
Nestle,2019-02-12,491.13775634765625,2019,1
Nestle,2019-02-14,484.0783996582031,2019,1
Nestle,2019-02-15,479.8269958496094,2019,1
Nestle,2019-02-18,471.355712890625,2019,1
Nestle,2019-02-19,478.9137878417969,2019,1
Nestle,2019-02-20,479.2052001953125,2019,1
Nestle,2019-02-21,483.7663269042969,2019,1
Nestle,2019-02-22,486.65863037109375,2019,1
Nestle,2019-02-25,493.3171081542969,2019,1
Nestle,2019-02-26,492.0759582519531,2019,1
Nestle,2019-02-27,487.945068359375,2019,1
Nestle,2019-02-28,484.5772399902344,2019,1
Nestle,2019-03-01,476.0171203613281,2019,1
Nestle,2019-03-05,478.4833679199219,2019,1
Nestle,2019-03-06,470.048583984375,2019,1
Nestle,2019-03-07,464.7017211914063,2019,1
Nestle,2019-03-08,459.7738952636719,2019,1
Nestle,2019-03-11,468.7756958007813,2019,1
Nestle,2019-03-12,474.9742431640625,2019,1
Nestle,2019-03-13,488.38232421875,2019,1
Nestle,2019-03-14,489.1111145019531,2019,1
Nestle,2019-03-15,468.64349365234375,2019,1
Nestle,2019-03-18,476.23583984375,2019,1
Nestle,2019-03-19,487.6399536132813,2019,1
Nestle,2019-03-20,479.5854797363281,2019,1
Nestle,2019-03-22,482.7964172363281,2019,1
Nestle,2019-03-25,479.5012817382813,2019,1
Nestle,2019-03-26,486.95220947265625,2019,1
Nestle,2019-03-27,496.065673828125,2019,1
Nestle,2019-03-28,504.313720703125,2019,1
Nestle,2019-04-01,497.1199951171875,2019,2
Nestle,2019-04-02,491.2744140625,2019,2
Nestle,2019-04-03,501.1551818847656,2019,2
Nestle,2019-04-04,499.2469177246094,2019,2
Nestle,2019-04-05,500.1076965332031,2019,2
Nestle,2019-04-08,494.18017578125,2019,2
Nestle,2019-04-09,491.4224853515625,2019,2
Nestle,2019-04-10,492.4197998046875,2019,2
Nestle,2019-04-11,490.2405700683594,2019,2
Nestle,2019-04-12,499.791015625,2019,2
Nestle,2019-04-15,499.6226806640625,2019,2
Nestle,2019-04-16,508.0801086425781,2019,2
Nestle,2019-04-18,498.9099426269531,2019,2
Nestle,2019-04-22,495.5145263671875,2019,2
Nestle,2019-04-23,496.8945007324219,2019,2
Nestle,2019-04-24,493.3966979980469,2019,2
Nestle,2019-04-25,493.9910278320313,2019,2
Nestle,2019-04-26,499.6749877929688,2019,2
Nestle,2019-04-30,497.8056945800781,2019,2
Nestle,2019-05-02,483.3992309570313,2019,2
Nestle,2019-05-03,478.6517333984375,2019,2
Nestle,2019-05-06,474.136474609375,2019,2
Nestle,2019-05-07,479.310546875,2019,2
Nestle,2019-05-08,471.1329956054688,2019,2
Nestle,2019-05-09,474.0540161132813,2019,2
Nestle,2019-05-10,468.0587463378906,2019,2
Nestle,2019-05-13,471.2107543945313,2019,2
Nestle,2019-05-14,466.5719604492188,2019,2
Nestle,2019-05-15,469.7697448730469,2019,2
Nestle,2019-05-16,470.3187561035156,2019,2
Nestle,2019-05-17,478.7867736816406,2019,2
Nestle,2019-05-20,492.6256103515625,2019,2
Nestle,2019-05-21,485.3538818359375,2019,2
Nestle,2019-05-22,489.53314208984375,2019,2
Nestle,2019-05-23,493.9478759765625,2019,2
Nestle,2019-05-24,487.6802673339844,2019,2
Nestle,2019-05-27,504.8907470703125,2019,2
Nestle,2019-05-28,508.0451049804688,2019,2
Nestle,2019-05-29,512.6566162109375,2019,2
Nestle,2019-05-30,517.894775390625,2019,2
Nestle,2019-05-31,526.0196533203125,2019,2
Nestle,2019-06-03,534.6364135742188,2019,2
Nestle,2019-06-04,528.50146484375,2019,2
Nestle,2019-06-06,530.8323974609375,2019,2
Nestle,2019-06-07,526.2827758789062,2019,2
Nestle,2019-06-10,535.1830444335938,2019,2
Nestle,2019-06-11,531.7313232421875,2019,2
Nestle,2019-06-12,535.0504150390625,2019,2
Nestle,2019-06-13,531.3104858398438,2019,2
Nestle,2019-06-14,525.6034545898438,2019,2
Nestle,2019-06-17,525.2305908203125,2019,2
Nestle,2019-06-18,524.1669311523438,2019,2
Nestle,2019-06-19,531.2167358398438,2019,2
Nestle,2019-06-20,536.0820922851562,2019,2
Nestle,2019-06-21,530.7225341796875,2019,2
Nestle,2019-06-24,535.80517578125,2019,2
Nestle,2019-06-25,535.5238647460938,2019,2
Nestle,2019-06-26,539.9454345703125,2019,2
Nestle,2019-06-27,539.9616088867188,2019,2
Nestle,2019-06-28,544.982421875,2019,2
Nestle,2019-07-01,542.976318359375,2019,3
Nestle,2019-07-02,547.3727416992188,2019,3
Nestle,2019-07-03,540.707275390625,2019,3
Nestle,2019-07-04,543.6944580078125,2019,3
Nestle,2019-07-05,547.009033203125,2019,3
Nestle,2019-07-08,539.8975830078125,2019,3
Nestle,2019-07-09,534.6640014648438,2019,3
Nestle,2019-07-10,528.4146728515625,2019,3
Nestle,2019-07-11,526.4178466796875,2019,3
Nestle,2019-07-12,533.9820556640625,2019,3
Nestle,2019-07-15,525.395263671875,2019,3
Nestle,2019-07-16,535.6519775390625,2019,3
Nestle,2019-07-17,535.0457763671875,2019,3
Nestle,2019-07-18,530.5328369140625,2019,3
Nestle,2019-07-19,528.2590942382812,2019,3
Nestle,2019-07-22,517.1719360351562,2019,3
Nestle,2019-07-23,524.7683715820312,2019,3
Nestle,2019-07-24,525.1871948242188,2019,3
Nestle,2019-07-25,525.8778076171875,2019,3
Nestle,2019-07-26,531.7450561523438,2019,3
Nestle,2019-07-29,531.60791015625,2019,3
Nestle,2019-07-30,527.7787475585938,2019,3
Nestle,2019-07-31,534.1536865234375,2019,3
Nestle,2019-08-01,528.2567749023438,2019,3
Nestle,2019-08-02,522.0578002929688,2019,3
Nestle,2019-08-05,535.8419189453125,2019,3
Nestle,2019-08-06,541.5490112304688,2019,3
Nestle,2019-08-07,538.799560546875,2019,3
Nestle,2019-08-08,541.672607421875,2019,3
Nestle,2019-08-09,558.2454223632812,2019,3
Nestle,2019-08-13,553.5978393554688,2019,3
Nestle,2019-08-14,560.258544921875,2019,3
Nestle,2019-08-16,558.7620239257812,2019,3
Nestle,2019-08-19,561.6572265625,2019,3
Nestle,2019-08-20,557.151611328125,2019,3
Nestle,2019-08-21,586.2105712890625,2019,3
Nestle,2019-08-22,580.4340209960938,2019,3
Nestle,2019-08-23,578.9747924804688,2019,3
Nestle,2019-08-26,576.773193359375,2019,3
Nestle,2019-08-27,580.5433959960938,2019,3
Nestle,2019-08-28,582.6403198242188,2019,3
Nestle,2019-08-29,591.9241333007812,2019,3
Nestle,2019-08-30,599.294677734375,2019,3
Nestle,2019-09-03,590.7184448242188,2019,3
Nestle,2019-09-04,580.9344482421875,2019,3
Nestle,2019-09-05,587.050537109375,2019,3
Nestle,2019-09-06,587.1344604492188,2019,3
Nestle,2019-09-09,597.4863891601562,2019,3
Nestle,2019-09-11,593.8836669921875,2019,3
Nestle,2019-09-12,584.4789428710938,2019,3
Nestle,2019-09-13,590.6416625976562,2019,3
Nestle,2019-09-16,597.7002563476562,2019,3
Nestle,2019-09-17,594.13037109375,2019,3
Nestle,2019-09-18,599.0059814453125,2019,3
Nestle,2019-09-19,590.9022827148438,2019,3
Nestle,2019-09-20,628.3490600585938,2019,3
Nestle,2019-09-23,638.3005981445312,2019,3
Nestle,2019-09-24,625.1512451171875,2019,3
Nestle,2019-09-25,626.4452514648438,2019,3
Nestle,2019-09-26,648.6058959960938,2019,3
Nestle,2019-09-27,639.5899047851562,2019,3
Nestle,2019-09-30,646.5137329101562,2019,3
Nestle,2019-10-01,636.827392578125,2019,4
Nestle,2019-10-03,638.1445922851562,2019,4
Nestle,2019-10-04,625.6307373046875,2019,4
Nestle,2019-10-07,633.1874389648438,2019,4
Nestle,2019-10-09,645.0543823242188,2019,4
Nestle,2019-10-10,643.2647705078125,2019,4
Nestle,2019-10-11,653.158203125,2019,4
Nestle,2019-10-14,659.5164794921875,2019,4
Nestle,2019-10-15,655.6903076171875,2019,4
Nestle,2019-10-16,668.0111694335938,2019,4
Nestle,2019-10-17,675.7077026367188,2019,4
Nestle,2019-10-18,690.5374145507812,2019,4
Nestle,2019-10-22,699.12744140625,2019,4
Nestle,2019-10-23,697.4053344726562,2019,4
Nestle,2019-10-24,682.6499633789062,2019,4
Nestle,2019-10-25,689.043212890625,2019,4
Nestle,2019-10-27,689.5108642578125,2019,4
Nestle,2019-10-29,684.2210693359375,2019,4
Nestle,2019-10-30,696.69775390625,2019,4
Nestle,2019-10-31,695.7296142578125,2019,4
Nestle,2019-11-01,696.325439453125,2019,4
Nestle,2019-11-04,689.5084838867188,2019,4
Nestle,2019-11-05,681.9146118164062,2019,4
Nestle,2019-11-06,681.8890380859375,2019,4
Nestle,2019-11-07,684.7562255859375,2019,4
Nestle,2019-11-08,673.5875244140625,2019,4
Nestle,2019-11-11,656.697998046875,2019,4
Nestle,2019-11-13,662.5070190429688,2019,4
Nestle,2019-11-14,662.4185791015625,2019,4
Nestle,2019-11-15,665.4068603515625,2019,4
Nestle,2019-11-18,655.6322021484375,2019,4
Nestle,2019-11-19,657.1007690429688,2019,4
Nestle,2019-11-20,662.2930297851562,2019,4
Nestle,2019-11-21,660.0028686523438,2019,4
Nestle,2019-11-22,659.6327514648438,2019,4
Nestle,2019-11-25,674.308837890625,2019,4
Nestle,2019-11-26,676.05908203125,2019,4
Nestle,2019-11-27,677.8418579101562,2019,4
Nestle,2019-11-28,682.349853515625,2019,4
Nestle,2019-11-29,672.7798461914062,2019,4
Nestle,2019-12-02,677.6067504882812,2019,4
Nestle,2019-12-03,668.104248046875,2019,4
Nestle,2019-12-04,665.9049682617188,2019,4
Nestle,2019-12-05,665.1322631835938,2019,4
Nestle,2019-12-06,659.3907470703125,2019,4
Nestle,2019-12-09,662.4722290039062,2019,4
Nestle,2019-12-10,658.4629516601562,2019,4
Nestle,2019-12-11,657.2620849609375,2019,4
Nestle,2019-12-12,661.4185180664062,2019,4
Nestle,2019-12-13,668.2710571289062,2019,4
Nestle,2019-12-16,661.2642211914062,2019,4
Nestle,2019-12-17,661.1474609375,2019,4
Nestle,2019-12-18,663.1076049804688,2019,4
Nestle,2019-12-19,667.5139770507812,2019,4
Nestle,2019-12-20,694.281494140625,2019,4
Nestle,2019-12-23,679.0601806640625,2019,4
Nestle,2019-12-24,681.5601196289062,2019,4
Nestle,2019-12-26,682.1792602539062,2019,4
Nestle,2019-12-27,685.2117309570312,2019,4
Nestle,2019-12-30,693.98486328125,2019,4
Nestle,2019-12-31,690.8751220703125,2019,4
Nestle,2020-01-01,690.5809326171875,2020,1
Nestle,2020-01-02,688.2584838867188,2020,1
Nestle,2020-01-03,681.9152221679688,2020,1
Nestle,2020-01-06,673.64697265625,2020,1
Nestle,2020-01-07,667.7640380859375,2020,1
Nestle,2020-01-08,672.4601440429688,2020,1
Nestle,2020-01-09,684.2445068359375,2020,1
Nestle,2020-01-10,686.225830078125,2020,1
Nestle,2020-01-13,684.9361572265625,2020,1
Nestle,2020-01-14,694.7651977539062,2020,1
Nestle,2020-01-15,694.3726806640625,2020,1
Nestle,2020-01-16,717.488525390625,2020,1
Nestle,2020-01-17,721.4392700195312,2020,1
Nestle,2020-01-20,720.4020385742188,2020,1
Nestle,2020-01-21,714.0236206054688,2020,1
Nestle,2020-01-22,726.5443725585938,2020,1
Nestle,2020-01-23,726.5511474609375,2020,1
Nestle,2020-01-24,736.2073974609375,2020,1
Nestle,2020-01-27,732.0276489257812,2020,1
Nestle,2020-01-28,720.3740234375,2020,1
Nestle,2020-01-29,741.4058227539062,2020,1
Nestle,2020-01-30,725.2404174804688,2020,1
Nestle,2020-01-31,717.7011108398438,2020,1
Nestle,2020-02-03,761.697021484375,2020,1
Nestle,2020-02-04,768.9208984375,2020,1
Nestle,2020-02-05,765.6150512695312,2020,1
Nestle,2020-02-06,760.947021484375,2020,1
Nestle,2020-02-07,762.94921875,2020,1
Nestle,2020-02-10,755.678466796875,2020,1
Nestle,2020-02-11,747.4989013671875,2020,1
Nestle,2020-02-12,761.5428466796875,2020,1
Nestle,2020-02-13,766.8929443359375,2020,1
Nestle,2020-02-14,764.2880249023438,2020,1
Nestle,2020-02-17,775.1286010742188,2020,1
Nestle,2020-02-18,766.5028686523438,2020,1
Nestle,2020-02-19,784.3151245117188,2020,1
Nestle,2020-02-20,772.8414306640625,2020,1
Nestle,2020-02-24,763.3909301757812,2020,1
Nestle,2020-02-25,765.4117431640625,2020,1
Nestle,2020-02-26,758.8536376953125,2020,1
Nestle,2020-02-27,759.9563598632812,2020,1
Nestle,2020-02-28,737.2985229492188,2020,1
Nestle,2020-03-02,752.7698364257812,2020,1
Nestle,2020-03-03,764.4258422851562,2020,1
Nestle,2020-03-04,772.9347534179688,2020,1
Nestle,2020-03-05,774.5609130859375,2020,1
Nestle,2020-03-06,767.6920166015625,2020,1
Nestle,2020-03-09,749.096923828125,2020,1
Nestle,2020-03-11,749.9006958007812,2020,1
Nestle,2020-03-12,727.33154296875,2020,1
Nestle,2020-03-13,700.5220336914062,2020,1
Nestle,2020-03-16,672.7381591796875,2020,1
Nestle,2020-03-17,679.4573974609375,2020,1
Nestle,2020-03-18,632.5342407226562,2020,1
Nestle,2020-03-19,613.0723876953125,2020,1
Nestle,2020-03-20,660.9769287109375,2020,1
Nestle,2020-03-23,604.8646850585938,2020,1
Nestle,2020-03-24,629.8030395507812,2020,1
Nestle,2020-03-25,674.9295043945312,2020,1
Nestle,2020-03-26,697.150634765625,2020,1
Nestle,2020-03-27,705.979736328125,2020,1
Nestle,2020-03-30,731.6818237304688,2020,1
Nestle,2020-03-31,761.6782836914062,2020,1
Nestle,2020-04-01,731.4902954101562,2020,2
Nestle,2020-04-03,705.7950439453125,2020,2
Nestle,2020-04-07,796.1651000976562,2020,2
Nestle,2020-04-08,788.343017578125,2020,2
Nestle,2020-04-09,786.8687744140625,2020,2
Nestle,2020-04-13,775.6660766601562,2020,2
Nestle,2020-04-15,809.5873413085938,2020,2
Nestle,2020-04-16,836.1915283203125,2020,2
Nestle,2020-04-17,809.5127563476562,2020,2
Nestle,2020-04-20,793.2564086914062,2020,2
Nestle,2020-04-21,795.0763549804688,2020,2
Nestle,2020-04-22,824.3601684570312,2020,2
Nestle,2020-04-23,814.734375,2020,2
Nestle,2020-04-24,813.3327026367188,2020,2
Nestle,2020-04-27,838.7872314453125,2020,2
Nestle,2020-04-28,820.9772338867188,2020,2
Nestle,2020-04-29,817.2413330078125,2020,2
Nestle,2020-04-30,837.565185546875,2020,2
Nestle,2020-05-04,815.6876831054688,2020,2
Nestle,2020-05-05,814.0546264648438,2020,2
Nestle,2020-05-06,808.8118896484375,2020,2
Nestle,2020-05-07,801.015380859375,2020,2
Nestle,2020-05-08,831.8785400390625,2020,2
Nestle,2020-05-11,820.6243286132812,2020,2
Nestle,2020-05-12,815.9446411132812,2020,2
Nestle,2020-05-13,771.5726928710938,2020,2
Nestle,2020-05-14,758.9635009765625,2020,2
Nestle,2020-05-15,768.3696899414062,2020,2
Nestle,2020-05-18,758.8629150390625,2020,2
Nestle,2020-05-19,754.6551513671875,2020,2
Nestle,2020-05-20,761.8091430664062,2020,2
Nestle,2020-05-21,761.4376220703125,2020,2
Nestle,2020-05-22,757.685546875,2020,2
Nestle,2020-05-26,778.2453002929688,2020,2
Nestle,2020-05-27,781.1121215820312,2020,2
Nestle,2020-05-28,793.8521728515625,2020,2
Nestle,2020-05-29,819.629150390625,2020,2
Nestle,2020-06-01,802.93115234375,2020,2
Nestle,2020-06-02,795.034423828125,2020,2
Nestle,2020-06-03,813.4027099609375,2020,2
Nestle,2020-06-04,803.5457153320312,2020,2
Nestle,2020-06-05,798.884765625,2020,2
Nestle,2020-06-08,786.7052001953125,2020,2
Nestle,2020-06-09,773.4510498046875,2020,2
Nestle,2020-06-10,772.6171875,2020,2
Nestle,2020-06-11,778.9274291992188,2020,2
Nestle,2020-06-12,773.6770629882812,2020,2
Nestle,2020-06-15,769.174560546875,2020,2
Nestle,2020-06-16,766.445068359375,2020,2
Nestle,2020-06-17,759.6937866210938,2020,2
Nestle,2020-06-18,758.7933349609375,2020,2
Nestle,2020-06-19,754.84912109375,2020,2
Nestle,2020-06-22,757.0040283203125,2020,2
Nestle,2020-06-23,776.1228637695312,2020,2
Nestle,2020-06-24,783.6034545898438,2020,2
Nestle,2020-06-25,787.310791015625,2020,2
Nestle,2020-06-26,782.17529296875,2020,2
Nestle,2020-06-29,784.3960571289062,2020,2
Nestle,2020-06-30,805.482177734375,2020,2
Nestle,2020-07-01,787.86669921875,2020,3
Nestle,2020-07-02,787.421142578125,2020,3
Nestle,2020-07-03,783.0242309570312,2020,3
Nestle,2020-07-06,788.0142211914062,2020,3
Nestle,2020-07-07,793.1920166015625,2020,3
Nestle,2020-07-08,788.0166625976562,2020,3
Nestle,2020-07-09,786.0023803710938,2020,3
Nestle,2020-07-10,789.472900390625,2020,3
Nestle,2020-07-13,795.2769165039062,2020,3
Nestle,2020-07-14,792.41357421875,2020,3
Nestle,2020-07-15,793.02099609375,2020,3
Nestle,2020-07-16,820.5465087890625,2020,3
Nestle,2020-07-17,808.085205078125,2020,3
Nestle,2020-07-20,808.884765625,2020,3
Nestle,2020-07-21,810.2262573242188,2020,3
Nestle,2020-07-22,804.42236328125,2020,3
Nestle,2020-07-23,809.3257446289062,2020,3
Nestle,2020-07-24,809.1123046875,2020,3
Nestle,2020-07-27,813.727294921875,2020,3
Nestle,2020-07-28,801.77490234375,2020,3
Nestle,2020-07-29,778.4397583007812,2020,3
Nestle,2020-07-30,774.9762573242188,2020,3
Nestle,2020-07-31,774.8917236328125,2020,3
Nestle,2020-08-03,775.013671875,2020,3
Nestle,2020-08-04,777.6026000976562,2020,3
Nestle,2020-08-05,774.0076904296875,2020,3
Nestle,2020-08-06,782.1587524414062,2020,3
Nestle,2020-08-07,787.3858642578125,2020,3
Nestle,2020-08-10,781.6241455078125,2020,3
Nestle,2020-08-11,779.6099243164062,2020,3
Nestle,2020-08-12,775.7664794921875,2020,3
Nestle,2020-08-13,772.6405639648438,2020,3
Nestle,2020-08-14,767.035888671875,2020,3
Nestle,2020-08-17,770.234619140625,2020,3
Nestle,2020-08-18,776.4112548828125,2020,3
Nestle,2020-08-19,766.6161499023438,2020,3
Nestle,2020-08-20,760.3409423828125,2020,3
Nestle,2020-08-21,776.7559814453125,2020,3
Nestle,2020-08-24,772.8562622070312,2020,3
Nestle,2020-08-25,763.9171142578125,2020,3
Nestle,2020-08-26,759.3137817382812,2020,3
Nestle,2020-08-27,755.7330932617188,2020,3
Nestle,2020-08-28,755.1492309570312,2020,3
Nestle,2020-08-31,748.034423828125,2020,3
Nestle,2020-09-01,759.63525390625,2020,3
Nestle,2020-09-02,750.0510864257812,2020,3
Nestle,2020-09-03,768.867431640625,2020,3
Nestle,2020-09-04,761.3095703125,2020,3
Nestle,2020-09-07,769.3247680664062,2020,3
Nestle,2020-09-08,756.33349609375,2020,3
Nestle,2020-09-09,765.0568237304688,2020,3
Nestle,2020-09-10,770.1314086914062,2020,3
Nestle,2020-09-11,765.659423828125,2020,3
Nestle,2020-09-14,754.3073120117188,2020,3
Nestle,2020-09-15,752.321044921875,2020,3
Nestle,2020-09-16,759.6773681640625,2020,3
Nestle,2020-09-17,756.0917358398438,2020,3
Nestle,2020-09-18,754.483154296875,2020,3
Nestle,2020-09-21,723.70263671875,2020,3
Nestle,2020-09-22,712.8453979492188,2020,3
Nestle,2020-09-23,720.6682739257812,2020,3
Nestle,2020-09-24,715.6405639648438,2020,3
Nestle,2020-09-25,738.0564575195312,2020,3
Nestle,2020-09-28,737.2590942382812,2020,3
Nestle,2020-09-29,732.618408203125,2020,3
Nestle,2020-09-30,746.585205078125,2020,3
Nestle,2020-10-01,750.4240112304688,2020,4
Nestle,2020-10-05,751.955322265625,2020,4
Nestle,2020-10-06,744.624755859375,2020,4
Nestle,2020-10-07,755.765869140625,2020,4
Nestle,2020-10-08,764.6863403320312,2020,4
Nestle,2020-10-09,751.9998168945312,2020,4
Nestle,2020-10-12,745.8138427734375,2020,4
Nestle,2020-10-13,735.0640869140625,2020,4
Nestle,2020-10-14,735.0664672851562,2020,4
Nestle,2020-10-15,731.7695922851562,2020,4
Nestle,2020-10-16,723.6792602539062,2020,4
Nestle,2020-10-19,754.7691650390625,2020,4
Nestle,2020-10-20,762.2452392578125,2020,4
Nestle,2020-10-21,751.8474731445312,2020,4
Nestle,2020-10-22,746.1536865234375,2020,4
Nestle,2020-10-23,744.0902099609375,2020,4
Nestle,2020-10-26,762.5640258789062,2020,4
Nestle,2020-10-27,808.0805053710938,2020,4
Nestle,2020-10-28,802.888671875,2020,4
Nestle,2020-10-29,797.5208740234375,2020,4
Nestle,2020-10-30,811.2771606445312,2020,4
Nestle,2020-11-02,809.0720825195312,2020,4
Nestle,2020-11-03,798.55615234375,2020,4
Nestle,2020-11-04,803.5009155273438,2020,4
Nestle,2020-11-05,814.0994873046875,2020,4
Nestle,2020-11-06,803.9522705078125,2020,4
Nestle,2020-11-09,819.3326416015625,2020,4
Nestle,2020-11-10,784.9534301757812,2020,4
Nestle,2020-11-11,789.3426513671875,2020,4
Nestle,2020-11-12,790.3353881835938,2020,4
Nestle,2020-11-13,795.39599609375,2020,4
Nestle,2020-11-14,795.9868774414062,2020,4
Nestle,2020-11-17,802.8273315429688,2020,4
Nestle,2020-11-18,797.615478515625,2020,4
Nestle,2020-11-19,800.525146484375,2020,4
Nestle,2020-11-20,825.40234375,2020,4
Nestle,2020-11-23,840.8133544921875,2020,4
Nestle,2020-11-24,835.6699829101562,2020,4
Nestle,2020-11-25,828.2293090820312,2020,4
Nestle,2020-11-26,838.7120361328125,2020,4
Nestle,2020-11-27,845.6612548828125,2020,4
Nestle,2020-12-01,823.4052124023438,2020,4
Nestle,2020-12-02,816.23388671875,2020,4
Nestle,2020-12-03,826.9033203125,2020,4
Nestle,2020-12-04,842.81298828125,2020,4
Nestle,2020-12-07,830.2313232421875,2020,4
Nestle,2020-12-08,828.1939086914062,2020,4
Nestle,2020-12-09,830.5432739257812,2020,4
Nestle,2020-12-10,867.583984375,2020,4
Nestle,2020-12-11,869.8718872070312,2020,4
Nestle,2020-12-14,878.8868408203125,2020,4
Nestle,2020-12-15,859.8878784179688,2020,4
Nestle,2020-12-16,866.2012939453125,2020,4
Nestle,2020-12-17,865.3456420898438,2020,4
Nestle,2020-12-18,868.05908203125,2020,4
Nestle,2020-12-21,860.0155029296875,2020,4
Nestle,2020-12-22,877.0786743164062,2020,4
Nestle,2020-12-23,885.547607421875,2020,4
Nestle,2020-12-24,877.683837890625,2020,4
Nestle,2020-12-28,879.1492919921875,2020,4
Nestle,2020-12-29,863.3270263671875,2020,4
Nestle,2020-12-30,868.8391723632812,2020,4
Nestle,2020-12-31,869.3590087890625,2020,4
Nestle,2021-01-01,872.2166137695312,2021,1
Nestle,2021-01-04,868.777587890625,2021,1
Nestle,2021-01-05,877.3007202148438,2021,1
Nestle,2021-01-06,875.2681274414062,2021,1
Nestle,2021-01-07,856.9285888671875,2021,1
Nestle,2021-01-08,865.3882446289062,2021,1
Nestle,2021-01-11,869.4158325195312,2021,1
Nestle,2021-01-12,850.8682250976562,2021,1
Nestle,2021-01-13,851.8232421875,2021,1
Nestle,2021-01-14,857.17919921875,2021,1
Nestle,2021-01-15,843.0634155273438,2021,1
Nestle,2021-01-18,833.4530029296875,2021,1
Nestle,2021-01-19,839.3147583007812,2021,1
Nestle,2021-01-20,835.8450927734375,2021,1
Nestle,2021-01-21,837.49951171875,2021,1
Nestle,2021-01-22,831.5100708007812,2021,1
Nestle,2021-01-25,823.26806640625,2021,1
Nestle,2021-01-27,829.075439453125,2021,1
Nestle,2021-01-28,821.9633178710938,2021,1
Nestle,2021-01-29,806.474365234375,2021,1
Nestle,2021-02-01,807.7838134765625,2021,1
Nestle,2021-02-02,812.634033203125,2021,1
Nestle,2021-02-03,811.504150390625,2021,1
Nestle,2021-02-04,807.1361694335938,2021,1
Nestle,2021-02-05,809.10986328125,2021,1
Nestle,2021-02-08,813.9529418945312,2021,1
Nestle,2021-02-09,818.7156982421875,2021,1
Nestle,2021-02-10,812.021728515625,2021,1
Nestle,2021-02-11,823.126220703125,2021,1
Nestle,2021-02-12,817.5503540039062,2021,1
Nestle,2021-02-15,826.32177734375,2021,1
Nestle,2021-02-16,813.9080200195312,2021,1
Nestle,2021-02-17,791.40380859375,2021,1
Nestle,2021-02-18,773.60546875,2021,1
Nestle,2021-02-19,774.15869140625,2021,1
Nestle,2021-02-22,760.9176025390625,2021,1
Nestle,2021-02-23,764.3992309570312,2021,1
Nestle,2021-02-24,772.7286987304688,2021,1
Nestle,2021-02-25,761.7495727539062,2021,1
Nestle,2021-02-26,761.1680297851562,2021,1
Nestle,2021-03-01,770.1901245117188,2021,1
Nestle,2021-03-02,783.6013793945312,2021,1
Nestle,2021-03-03,789.4205932617188,2021,1
Nestle,2021-03-04,787.6503295898438,2021,1
Nestle,2021-03-05,793.3751220703125,2021,1
Nestle,2021-03-08,796.6629638671875,2021,1
Nestle,2021-03-09,799.4212646484375,2021,1
Nestle,2021-03-10,800.3974609375,2021,1
Nestle,2021-03-12,790.5173950195312,2021,1
Nestle,2021-03-15,795.7459106445312,2021,1
Nestle,2021-03-16,791.439208984375,2021,1
Nestle,2021-03-17,777.90966796875,2021,1
Nestle,2021-03-18,765.8787841796875,2021,1
Nestle,2021-03-19,777.6781005859375,2021,1
Nestle,2021-03-22,784.1640014648438,2021,1
Nestle,2021-03-23,788.5746459960938,2021,1
Nestle,2021-03-24,777.5481567382812,2021,1
Nestle,2021-03-25,764.40625,2021,1
Nestle,2021-03-26,783.3934326171875,2021,1
Nestle,2021-03-30,811.43798828125,2021,1
Nestle,2021-03-31,811.4473876953125,2021,1
Nestle,2021-04-01,807.5686645507812,2021,2
Nestle,2021-04-05,797.9912109375,2021,2
Nestle,2021-04-06,807.5001220703125,2021,2
Nestle,2021-04-07,823.0128173828125,2021,2
Nestle,2021-04-08,836.2515869140625,2021,2
Nestle,2021-04-09,831.6423950195312,2021,2
Nestle,2021-04-12,827.3547973632812,2021,2
Nestle,2021-04-13,811.6199951171875,2021,2
Nestle,2021-04-15,797.759521484375,2021,2
Nestle,2021-04-16,815.555419921875,2021,2
Nestle,2021-04-19,807.8901977539062,2021,2
Nestle,2021-04-20,808.1595458984375,2021,2
Nestle,2021-04-22,793.7319946289062,2021,2
Nestle,2021-04-23,785.9436645507812,2021,2
Nestle,2021-04-26,797.5208740234375,2021,2
Nestle,2021-04-27,793.190673828125,2021,2
Nestle,2021-04-28,786.32666015625,2021,2
Nestle,2021-04-29,784.3660278320312,2021,2
Nestle,2021-04-30,775.1785278320312,2021,2
Nestle,2021-05-03,784.5657958984375,2021,2
Nestle,2021-05-04,786.4598388671875,2021,2
Nestle,2021-05-05,786.5857543945312,2021,2
Nestle,2021-05-06,794.5872802734375,2021,2
Nestle,2021-05-07,796.6668090820312,2021,2
Nestle,2021-05-10,797.9002685546875,2021,2
Nestle,2021-05-11,801.8357543945312,2021,2
Nestle,2021-05-12,794.6016845703125,2021,2
Nestle,2021-05-14,818.6636352539062,2021,2
Nestle,2021-05-17,809.8135986328125,2021,2
Nestle,2021-05-18,816.5938720703125,2021,2
Nestle,2021-05-19,829.3676147460938,2021,2
Nestle,2021-05-20,821.5725708007812,2021,2
Nestle,2021-05-21,831.636962890625,2021,2
Nestle,2021-05-24,825.1348876953125,2021,2
Nestle,2021-05-25,832.5400390625,2021,2
Nestle,2021-05-26,833.7378540039062,2021,2
Nestle,2021-05-27,843.5005493164062,2021,2
Nestle,2021-05-28,832.2216796875,2021,2
Nestle,2021-05-31,841.0693359375,2021,2
Nestle,2021-06-01,844.061279296875,2021,2
Nestle,2021-06-02,839.0706787109375,2021,2
Nestle,2021-06-03,846.00537109375,2021,2
Nestle,2021-06-04,828.2957153320312,2021,2
Nestle,2021-06-07,833.3218994140625,2021,2
Nestle,2021-06-08,830.9478149414062,2021,2
Nestle,2021-06-09,834.4911499023438,2021,2
Nestle,2021-06-10,834.4412841796875,2021,2
Nestle,2021-06-11,833.5049438476562,2021,2
Nestle,2021-06-14,835.45849609375,2021,2
Nestle,2021-06-15,840.5584716796875,2021,2
Nestle,2021-06-16,853.8859252929688,2021,2
Nestle,2021-06-17,858.3464965820312,2021,2
Nestle,2021-06-18,839.8858032226562,2021,2
Nestle,2021-06-21,838.864013671875,2021,2
Nestle,2021-06-22,828.7590942382812,2021,2
Nestle,2021-06-23,827.7252807617188,2021,2
Nestle,2021-06-24,837.466552734375,2021,2
Nestle,2021-06-25,832.0933227539062,2021,2
Nestle,2021-06-28,832.067138671875,2021,2
Nestle,2021-06-29,836.4922485351562,2021,2
Nestle,2021-06-30,838.096435546875,2021,2
Nestle,2021-07-01,838.7238159179688,2021,3
Nestle,2021-07-02,836.6229858398438,2021,3
Nestle,2021-07-05,838.4932250976562,2021,3
Nestle,2021-07-06,830.3536987304688,2021,3
Nestle,2021-07-07,842.0865478515625,2021,3
Nestle,2021-07-08,837.42626953125,2021,3
Nestle,2021-07-09,838.2388916015625,2021,3
Nestle,2021-07-12,838.49560546875,2021,3
Nestle,2021-07-13,840.8958740234375,2021,3
Nestle,2021-07-14,833.6618041992188,2021,3
Nestle,2021-07-15,837.5665283203125,2021,3
Nestle,2021-07-16,839.1040649414062,2021,3
Nestle,2021-07-19,843.7738647460938,2021,3
Nestle,2021-07-20,848.7003173828125,2021,3
Nestle,2021-07-22,855.2926635742188,2021,3
Nestle,2021-07-23,862.3817749023438,2021,3
Nestle,2021-07-26,860.3570556640625,2021,3
Nestle,2021-07-27,866.2864379882812,2021,3
Nestle,2021-07-28,856.6116333007812,2021,3
Nestle,2021-07-29,851.4879760742188,2021,3
Nestle,2021-07-30,841.4068603515625,2021,3
Nestle,2021-08-02,841.977294921875,2021,3
Nestle,2021-08-03,869.0431518554688,2021,3
Nestle,2021-08-04,858.265625,2021,3
Nestle,2021-08-05,865.4617309570312,2021,3
Nestle,2021-08-06,856.5213623046875,2021,3
Nestle,2021-08-09,865.1551513671875,2021,3
Nestle,2021-08-10,868.5298461914062,2021,3
Nestle,2021-08-11,863.515380859375,2021,3
Nestle,2021-08-12,861.9017944335938,2021,3
Nestle,2021-08-13,868.3516235351562,2021,3
Nestle,2021-08-16,869.5730590820312,2021,3
Nestle,2021-08-17,890.3579711914062,2021,3
Nestle,2021-08-18,898.8396606445312,2021,3
Nestle,2021-08-20,930.221435546875,2021,3
Nestle,2021-08-23,951.6002807617188,2021,3
Nestle,2021-08-24,940.1360473632812,2021,3
Nestle,2021-08-25,946.3150634765624,2021,3
Nestle,2021-08-26,953.1046752929688,2021,3
Nestle,2021-08-27,948.57275390625,2021,3
Nestle,2021-08-30,938.3489990234376,2021,3
Nestle,2021-08-31,925.302001953125,2021,3
Nestle,2021-09-01,942.3699951171876,2021,3
Nestle,2021-09-02,962.0355834960938,2021,3
Nestle,2021-09-03,963.273681640625,2021,3
Nestle,2021-09-06,961.2085571289062,2021,3
Nestle,2021-09-07,968.1122436523438,2021,3
Nestle,2021-09-08,942.9760131835938,2021,3
Nestle,2021-09-09,972.3305053710938,2021,3
Nestle,2021-09-13,972.0952758789062,2021,3
Nestle,2021-09-14,961.5531616210938,2021,3
Nestle,2021-09-15,956.2654418945312,2021,3
Nestle,2021-09-16,951.923583984375,2021,3
Nestle,2021-09-17,958.9508666992188,2021,3
Nestle,2021-09-20,965.9329833984376,2021,3
Nestle,2021-09-21,959.609130859375,2021,3
Nestle,2021-09-22,947.0446166992188,2021,3
Nestle,2021-09-23,942.947509765625,2021,3
Nestle,2021-09-24,944.1475830078124,2021,3
Nestle,2021-09-27,933.5936889648438,2021,3
Nestle,2021-09-28,928.9617919921876,2021,3
Nestle,2021-09-29,927.1557006835938,2021,3
Nestle,2021-09-30,924.2469482421876,2021,3
Nestle,2021-10-01,929.2090454101562,2021,4
Nestle,2021-10-04,926.4998168945312,2021,4
Nestle,2021-10-05,921.870361328125,2021,4
Nestle,2021-10-06,910.5390625,2021,4
Nestle,2021-10-07,905.2396240234376,2021,4
Nestle,2021-10-08,902.4258422851562,2021,4
Nestle,2021-10-11,907.09326171875,2021,4
Nestle,2021-10-12,922.8280639648438,2021,4
Nestle,2021-10-13,918.3103637695312,2021,4
Nestle,2021-10-14,918.5360717773438,2021,4
Nestle,2021-10-18,923.9093017578124,2021,4
Nestle,2021-10-19,920.5822143554688,2021,4
Nestle,2021-10-20,916.2665405273438,2021,4
Nestle,2021-10-21,914.1514892578124,2021,4
Nestle,2021-10-22,903.3883056640624,2021,4
Nestle,2021-10-25,888.632568359375,2021,4
Nestle,2021-10-26,918.8182983398438,2021,4
Nestle,2021-10-27,908.6344604492188,2021,4
Nestle,2021-10-28,908.0033569335938,2021,4
Nestle,2021-10-29,908.4216918945312,2021,4
Nestle,2021-11-01,905.5267333984376,2021,4
Nestle,2021-11-02,897.6068115234375,2021,4
Nestle,2021-11-03,895.8472900390625,2021,4
Nestle,2021-11-04,903.1195678710938,2021,4
Nestle,2021-11-08,910.7691650390624,2021,4
Nestle,2021-11-09,905.5817260742188,2021,4
Nestle,2021-11-10,906.16259765625,2021,4
Nestle,2021-11-11,901.4341430664062,2021,4
Nestle,2021-11-12,915.2252807617188,2021,4
Nestle,2021-11-15,931.2013549804688,2021,4
Nestle,2021-11-16,930.5081176757812,2021,4
Nestle,2021-11-17,931.222900390625,2021,4
Nestle,2021-11-18,927.802001953125,2021,4
Nestle,2021-11-22,908.1923217773438,2021,4
Nestle,2021-11-23,917.0946044921876,2021,4
Nestle,2021-11-24,912.5692749023438,2021,4
Nestle,2021-11-25,916.9273071289062,2021,4
Nestle,2021-11-26,919.0404052734376,2021,4
Nestle,2021-11-29,908.4336547851562,2021,4
Nestle,2021-11-30,915.7081298828124,2021,4
Nestle,2021-12-01,927.433837890625,2021,4
Nestle,2021-12-02,932.47314453125,2021,4
Nestle,2021-12-03,923.7786865234376,2021,4
Nestle,2021-12-06,909.203369140625,2021,4
Nestle,2021-12-07,924.8735961914062,2021,4
Nestle,2021-12-08,931.3209228515624,2021,4
Nestle,2021-12-09,922.0287475585938,2021,4
Nestle,2021-12-10,921.33544921875,2021,4
Nestle,2021-12-13,907.5538940429688,2021,4
Nestle,2021-12-14,919.8319091796876,2021,4
Nestle,2021-12-15,918.1250610351562,2021,4
Nestle,2021-12-16,920.7092895507812,2021,4
Nestle,2021-12-17,912.2225952148438,2021,4
Nestle,2021-12-20,902.7369995117188,2021,4
Nestle,2021-12-21,918.9568481445312,2021,4
Nestle,2021-12-22,917.52734375,2021,4
Nestle,2021-12-23,918.3856201171876,2021,4
Nestle,2021-12-24,919.1339111328124,2021,4
Nestle,2021-12-27,922.8703002929688,2021,4
Nestle,2021-12-28,925.3875732421876,2021,4
Nestle,2021-12-29,927.5222778320312,2021,4
Nestle,2021-12-30,927.8522338867188,2021,4
Nestle,2021-12-31,942.1549072265624,2021,4
Nestle,2022-01-03,940.8281860351562,2022,1
Nestle,2022-01-04,950.9210815429688,2022,1
Nestle,2022-01-05,953.154052734375,2022,1
Nestle,2022-01-06,939.3746948242188,2022,1
Nestle,2022-01-07,951.5809326171876,2022,1
Nestle,2022-01-10,942.2649536132812,2022,1
Nestle,2022-01-11,944.8443603515624,2022,1
Nestle,2022-01-12,942.2218627929688,2022,1
Nestle,2022-01-13,942.5708618164062,2022,1
Nestle,2022-01-14,927.546142578125,2022,1
Nestle,2022-01-17,924.3452758789062,2022,1
Nestle,2022-01-18,926.5635986328124,2022,1
Nestle,2022-01-19,905.4024658203124,2022,1
Nestle,2022-01-20,895.7015991210938,2022,1
Nestle,2022-01-21,907.1834106445312,2022,1
Nestle,2022-01-24,894.919921875,2022,1
Nestle,2022-01-25,898.4099731445312,2022,1
Nestle,2022-01-27,879.0320434570312,2022,1
Nestle,2022-01-28,878.9819946289062,2022,1
Nestle,2022-01-31,885.539306640625,2022,1
Nestle,2022-02-01,892.7180786132812,2022,1
Nestle,2022-02-02,884.5399169921875,2022,1
Nestle,2022-02-03,875.2622680664062,2022,1
Nestle,2022-02-04,876.4598388671875,2022,1
Nestle,2022-02-07,864.0814819335938,2022,1
Nestle,2022-02-08,864.7699584960938,2022,1
Nestle,2022-02-09,867.06005859375,2022,1
Nestle,2022-02-10,867.28955078125,2022,1
Nestle,2022-02-11,851.7677612304688,2022,1
Nestle,2022-02-14,844.8375244140625,2022,1
Nestle,2022-02-15,869.5486450195312,2022,1
Nestle,2022-02-16,871.3032836914062,2022,1
Nestle,2022-02-17,866.62744140625,2022,1
Nestle,2022-02-18,861.0479736328125,2022,1
Nestle,2022-02-21,865.676025390625,2022,1
Nestle,2022-02-22,865.9102172851562,2022,1
Nestle,2022-02-23,857.09619140625,2022,1
Nestle,2022-02-24,848.3994140625,2022,1
Nestle,2022-02-25,846.9818725585938,2022,1
Nestle,2022-02-28,843.3504638671875,2022,1
Nestle,2022-03-02,853.17333984375,2022,1
Nestle,2022-03-03,833.6615600585938,2022,1
Nestle,2022-03-04,831.5267944335938,2022,1
Nestle,2022-03-07,829.145751953125,2022,1
Nestle,2022-03-08,825.3806762695312,2022,1
Nestle,2022-03-09,819.7533569335938,2022,1
Nestle,2022-03-10,843.8262939453125,2022,1
Nestle,2022-03-11,828.44775390625,2022,1
Nestle,2022-03-14,830.3482666015625,2022,1
Nestle,2022-03-15,834.8616333007812,2022,1
Nestle,2022-03-16,852.15966796875,2022,1
Nestle,2022-03-17,874.1912231445312,2022,1
Nestle,2022-03-21,854.6962280273438,2022,1
Nestle,2022-03-22,833.3148803710938,2022,1
Nestle,2022-03-23,829.2484741210938,2022,1
Nestle,2022-03-24,832.3037719726562,2022,1
Nestle,2022-03-25,820.4990844726562,2022,1
Nestle,2022-03-28,806.1007690429688,2022,1
Nestle,2022-03-29,809.057861328125,2022,1
Nestle,2022-03-30,827.0397338867188,2022,1
Nestle,2022-03-31,830.9865112304688,2022,1
Nestle,2022-04-01,839.432373046875,2022,2
Nestle,2022-04-04,852.0043334960938,2022,2
Nestle,2022-04-05,861.71240234375,2022,2
Nestle,2022-04-06,870.9663696289062,2022,2
Nestle,2022-04-07,869.6109619140625,2022,2
Nestle,2022-04-08,882.2520751953125,2022,2
Nestle,2022-04-11,880.9876098632812,2022,2
Nestle,2022-04-12,880.5787963867188,2022,2
Nestle,2022-04-13,878.88623046875,2022,2
Nestle,2022-04-18,887.4492797851562,2022,2
Nestle,2022-04-19,858.1458129882812,2022,2
Nestle,2022-04-20,875.1953125,2022,2
Nestle,2022-04-21,874.606689453125,2022,2
Nestle,2022-04-22,873.8762817382812,2022,2
Nestle,2022-04-25,873.2492065429688,2022,2
Nestle,2022-04-26,884.8311157226562,2022,2
Nestle,2022-04-27,875.570068359375,2022,2
Nestle,2022-04-28,885.4053344726562,2022,2
Nestle,2022-04-29,880.7255249023438,2022,2
Nestle,2022-05-02,886.0228271484375,2022,2
Nestle,2022-05-04,869.0715942382812,2022,2
Nestle,2022-05-05,845.8165283203125,2022,2
Nestle,2022-05-06,816.5892944335938,2022,2
Nestle,2022-05-09,792.9931640625,2022,2
Nestle,2022-05-10,793.7738647460938,2022,2
Nestle,2022-05-11,793.3798828125,2022,2
Nestle,2022-05-12,779.330810546875,2022,2
Nestle,2022-05-13,788.12109375,2022,2
Nestle,2022-05-16,779.2755126953125,2022,2
Nestle,2022-05-17,784.2988891601562,2022,2
Nestle,2022-05-18,785.2694702148438,2022,2
Nestle,2022-05-19,773.2889404296875,2022,2
Nestle,2022-05-20,810.17724609375,2022,2
Nestle,2022-05-23,816.5340576171875,2022,2
Nestle,2022-05-24,825.7974853515625,2022,2
Nestle,2022-05-25,830.4413452148438,2022,2
Nestle,2022-05-26,848.1588745117188,2022,2
Nestle,2022-05-27,847.6087036132812,2022,2
Nestle,2022-05-30,850.7725830078125,2022,2
Nestle,2022-05-31,850.0327758789062,2022,2
Nestle,2022-06-01,828.4137573242188,2022,2
Nestle,2022-06-02,835.7289428710938,2022,2
Nestle,2022-06-03,825.0239868164062,2022,2
Nestle,2022-06-06,816.6588745117188,2022,2
Nestle,2022-06-07,804.64697265625,2022,2
Nestle,2022-06-08,803.5347900390625,2022,2
Nestle,2022-06-09,805.66796875,2022,2
Nestle,2022-06-10,805.992431640625,2022,2
Nestle,2022-06-13,809.814453125,2022,2
Nestle,2022-06-14,810.63134765625,2022,2
Nestle,2022-06-15,807.3088989257812,2022,2
Nestle,2022-06-16,810.7538452148438,2022,2
Nestle,2022-06-17,799.6261596679688,2022,2
Nestle,2022-06-20,815.22705078125,2022,2
Nestle,2022-06-21,815.4530029296875,2022,2
Nestle,2022-06-22,806.0043334960938,2022,2
Nestle,2022-06-23,815.6690673828125,2022,2
Nestle,2022-06-24,827.9381103515625,2022,2
Nestle,2022-06-27,834.0208740234375,2022,2
Nestle,2022-06-28,836.2142944335938,2022,2
Nestle,2022-06-29,840.7860107421875,2022,2
Nestle,2022-06-30,839.3902587890625,2022,2
Nestle,2022-07-01,855.0079345703125,2022,3
Nestle,2022-07-04,864.5935668945312,2022,3
Nestle,2022-07-05,864.1347045898438,2022,3
Nestle,2022-07-06,883.5291137695312,2022,3
Nestle,2022-07-07,874.7027587890625,2022,3
Nestle,2022-07-08,884.9944458007812,2022,3
Nestle,2022-07-11,888.3698120117188,2022,3
Nestle,2022-07-12,870.86865234375,2022,3
Nestle,2022-07-13,876.8504028320312,2022,3
Nestle,2022-07-14,882.3109741210938,2022,3
Nestle,2022-07-15,901.9241333007812,2022,3
Nestle,2022-07-18,894.904296875,2022,3
Nestle,2022-07-19,883.0029296875,2022,3
Nestle,2022-07-20,894.5054321289062,2022,3
Nestle,2022-07-21,905.212890625,2022,3
Nestle,2022-07-22,912.3720092773438,2022,3
Nestle,2022-07-25,901.2538452148438,2022,3
Nestle,2022-07-26,889.3355712890625,2022,3
Nestle,2022-07-27,890.892333984375,2022,3
Nestle,2022-07-28,918.3034057617188,2022,3
Nestle,2022-07-29,930.1567993164062,2022,3
Nestle,2022-08-01,925.1646728515624,2022,3
Nestle,2022-08-02,934.9471435546876,2022,3
Nestle,2022-08-03,930.4835205078124,2022,3
Nestle,2022-08-04,953.7432250976562,2022,3
Nestle,2022-08-05,957.1788330078124,2022,3
Nestle,2022-08-08,944.2755126953124,2022,3
Nestle,2022-08-10,949.8755493164062,2022,3
Nestle,2022-08-11,945.5559692382812,2022,3
Nestle,2022-08-12,939.004638671875,2022,3
Nestle,2022-08-16,945.7169799804688,2022,3
Nestle,2022-08-17,948.2322387695312,2022,3
Nestle,2022-08-18,939.6966552734376,2022,3
Nestle,2022-08-19,934.0870361328124,2022,3
Nestle,2022-08-22,934.6299438476562,2022,3
Nestle,2022-08-23,942.9638061523438,2022,3
Nestle,2022-08-24,945.1452026367188,2022,3
Nestle,2022-08-25,938.2071533203124,2022,3
Nestle,2022-08-26,938.2769165039062,2022,3
Nestle,2022-08-29,943.9584350585938,2022,3
Nestle,2022-08-30,957.3876953125,2022,3
Nestle,2022-09-01,948.119384765625,2022,3
Nestle,2022-09-02,939.89599609375,2022,3
Nestle,2022-09-05,925.3807983398438,2022,3
Nestle,2022-09-06,914.9161376953124,2022,3
Nestle,2022-09-07,921.5178833007812,2022,3
Nestle,2022-09-08,918.8486938476562,2022,3
Nestle,2022-09-09,915.3653564453124,2022,3
Nestle,2022-09-12,911.3748779296876,2022,3
Nestle,2022-09-13,915.9611206054688,2022,3
Nestle,2022-09-14,918.1279907226562,2022,3
Nestle,2022-09-15,913.3353881835938,2022,3
Nestle,2022-09-16,884.2762451171875,2022,3
Nestle,2022-09-19,901.623779296875,2022,3
Nestle,2022-09-20,894.48388671875,2022,3
Nestle,2022-09-21,896.0814208984375,2022,3
Nestle,2022-09-22,895.5240478515625,2022,3
Nestle,2022-09-23,888.6821899414062,2022,3
Nestle,2022-09-26,886.6353759765625,2022,3
Nestle,2022-09-27,897.174560546875,2022,3
Nestle,2022-09-28,905.260986328125,2022,3
Nestle,2022-09-29,911.9011840820312,2022,3
Nestle,2022-09-30,919.8601684570312,2022,3
Nestle,2022-10-03,912.5474853515624,2022,4
Nestle,2022-10-04,925.0037231445312,2022,4
Nestle,2022-10-06,927.3242797851562,2022,4
Nestle,2022-10-07,928.326171875,2022,4
Nestle,2022-10-10,918.6229858398438,2022,4
Nestle,2022-10-11,886.474365234375,2022,4
Nestle,2022-10-12,899.7090454101562,2022,4
Nestle,2022-10-13,901.546875,2022,4
Nestle,2022-10-14,909.4434814453124,2022,4
Nestle,2022-10-17,909.06640625,2022,4
Nestle,2022-10-18,931.5381469726562,2022,4
Nestle,2022-10-19,948.4149169921876,2022,4
Nestle,2022-10-20,963.8861083984376,2022,4
Nestle,2022-10-21,975.1220092773438,2022,4
Nestle,2022-10-24,1002.9944458007812,2022,4
Nestle,2022-10-25,974.5191040039062,2022,4
Nestle,2022-10-27,967.3528442382812,2022,4
Nestle,2022-10-28,974.5214233398438,2022,4
Nestle,2022-10-31,984.2340087890624,2022,4
Nestle,2022-11-01,995.1841430664062,2022,4
Nestle,2022-11-02,985.3916015625,2022,4
Nestle,2022-11-03,987.136474609375,2022,4
Nestle,2022-11-04,987.2259521484376,2022,4
Nestle,2022-11-07,989.8817749023438,2022,4
Nestle,2022-11-09,982.1315307617188,2022,4
Nestle,2022-11-10,975.142578125,2022,4
Nestle,2022-11-11,982.2572021484376,2022,4
Nestle,2022-11-14,969.8209838867188,2022,4
Nestle,2022-11-15,969.3544921875,2022,4
Nestle,2022-11-16,971.4014892578124,2022,4
Nestle,2022-11-17,966.234619140625,2022,4
Nestle,2022-11-18,963.0494995117188,2022,4
Nestle,2022-11-21,955.1517333984376,2022,4
Nestle,2022-11-22,947.9887084960938,2022,4
Nestle,2022-11-23,945.6493530273438,2022,4
Nestle,2022-11-24,953.8829956054688,2022,4
Nestle,2022-11-25,943.9215698242188,2022,4
Nestle,2022-11-28,957.7496948242188,2022,4
Nestle,2022-11-29,972.5277099609376,2022,4
Nestle,2022-11-30,975.5557861328124,2022,4
Nestle,2022-12-01,969.0621337890624,2022,4
Nestle,2022-12-02,954.644287109375,2022,4
Nestle,2022-12-05,954.6925659179688,2022,4
Nestle,2022-12-06,962.3727416992188,2022,4
Nestle,2022-12-07,962.3606567382812,2022,4
Nestle,2022-12-08,957.2615966796876,2022,4
Nestle,2022-12-09,978.354248046875,2022,4
Nestle,2022-12-12,990.2250366210938,2022,4
Nestle,2022-12-13,985.4375,2022,4
Nestle,2022-12-14,969.73876953125,2022,4
Nestle,2022-12-15,953.9990844726562,2022,4
Nestle,2022-12-16,954.0401000976562,2022,4
Nestle,2022-12-19,970.6160278320312,2022,4
Nestle,2022-12-20,973.2213134765624,2022,4
Nestle,2022-12-21,981.8561401367188,2022,4
Nestle,2022-12-22,981.4887084960938,2022,4
Nestle,2022-12-23,973.0858764648438,2022,4
Nestle,2022-12-26,961.715576171875,2022,4
Nestle,2022-12-27,955.8429565429688,2022,4
Nestle,2022-12-28,959.1103515625,2022,4
Nestle,2022-12-29,957.3895874023438,2022,4
Nestle,2022-12-30,947.626220703125,2022,4
Nestle,2023-01-02,945.4778442382812,2023,1
Nestle,2023-01-03,953.4890747070312,2023,1
Nestle,2023-01-04,943.46484375,2023,1
Nestle,2023-01-05,955.8429565429688,2023,1
Nestle,2023-01-06,961.1234741210938,2023,1
Nestle,2023-01-09,970.8118286132812,2023,1
Nestle,2023-01-10,967.8272705078124,2023,1
Nestle,2023-01-11,954.9874267578124,2023,1
Nestle,2023-01-12,960.5433349609376,2023,1
Nestle,2023-01-13,956.2465209960938,2023,1
Nestle,2023-01-16,953.8903198242188,2023,1
Nestle,2023-01-17,964.0475463867188,2023,1
Nestle,2023-01-18,958.1315307617188,2023,1
Nestle,2023-01-19,951.256103515625,2023,1
Nestle,2023-01-20,928.0052490234376,2023,1
Nestle,2023-01-23,936.079345703125,2023,1
Nestle,2023-01-24,932.3866577148438,2023,1
Nestle,2023-01-25,929.7186889648438,2023,1
Nestle,2023-01-27,928.7931518554688,2023,1
Nestle,2023-01-30,926.354736328125,2023,1
Nestle,2023-01-31,919.1941528320312,2023,1
Nestle,2023-02-01,922.6788940429688,2023,1
Nestle,2023-02-02,916.141845703125,2023,1
Nestle,2023-02-03,918.5441284179688,2023,1
Nestle,2023-02-06,919.3754272460938,2023,1
Nestle,2023-02-07,917.2728881835938,2023,1
Nestle,2023-02-08,918.089599609375,2023,1
Nestle,2023-02-09,918.3506469726562,2023,1
Nestle,2023-02-10,919.4889526367188,2023,1
Nestle,2023-02-13,919.6315307617188,2023,1
Nestle,2023-02-14,922.343017578125,2023,1
Nestle,2023-02-15,930.94873046875,2023,1
Nestle,2023-02-16,948.730712890625,2023,1
Nestle,2023-02-17,919.3656616210938,2023,1
Nestle,2023-02-20,909.7835693359376,2023,1
Nestle,2023-02-21,911.0232543945312,2023,1
Nestle,2023-02-22,902.5867919921876,2023,1
Nestle,2023-02-23,901.3228759765624,2023,1
Nestle,2023-02-24,902.9129638671876,2023,1
Nestle,2023-02-27,900.1023559570312,2023,1
Nestle,2023-02-28,902.3861694335938,2023,1
Nestle,2023-03-01,907.6471557617188,2023,1
Nestle,2023-03-02,893.287353515625,2023,1
Nestle,2023-03-03,891.7479248046875,2023,1
Nestle,2023-03-06,894.88720703125,2023,1
Nestle,2023-03-08,895.0515747070312,2023,1
Nestle,2023-03-09,895.8948974609375,2023,1
Nestle,2023-03-10,893.4806518554688,2023,1
Nestle,2023-03-13,885.34619140625,2023,1
Nestle,2023-03-14,882.794189453125,2023,1
Nestle,2023-03-15,869.6812744140625,2023,1
Nestle,2023-03-16,891.7841186523438,2023,1
Nestle,2023-03-17,911.47998046875,2023,1
Nestle,2023-03-20,915.332275390625,2023,1
Nestle,2023-03-21,914.8270874023438,2023,1
Nestle,2023-03-22,909.62158203125,2023,1
Nestle,2023-03-23,920.4845581054688,2023,1
Nestle,2023-03-24,916.0693359375,2023,1
Nestle,2023-03-27,913.0678100585938,2023,1
Nestle,2023-03-28,915.7261352539062,2023,1
Nestle,2023-03-29,920.8954467773438,2023,1
Nestle,2023-03-31,952.3870849609376,2023,1
Nestle,2023-04-03,952.4329833984376,2023,2
Nestle,2023-04-05,958.0687255859376,2023,2
Nestle,2023-04-06,952.5682983398438,2023,2
Nestle,2023-04-10,943.9625854492188,2023,2
Nestle,2023-04-11,950.9419555664062,2023,2
Nestle,2023-04-12,939.617431640625,2023,2
Nestle,2023-04-13,940.8281860351562,2023,2
Nestle,2023-04-17,978.4822998046876,2023,2
Nestle,2023-04-18,998.6301879882812,2023,2
Nestle,2023-04-19,996.5735473632812,2023,2
Nestle,2023-04-20,989.5362548828124,2023,2
Nestle,2023-04-21,995.6446533203124,2023,2
Nestle,2023-04-24,1004.9928588867188,2023,2
Nestle,2023-04-25,1003.822265625,2023,2
Nestle,2023-04-26,1021.3605346679688,2023,2
Nestle,2023-04-27,1027.240478515625,2023,2
Nestle,2023-04-28,1057.070556640625,2023,2
Nestle,2023-05-02,1056.315185546875,2023,2
Nestle,2023-05-03,1062.623046875,2023,2
Nestle,2023-05-04,1053.7845458984375,2023,2
Nestle,2023-05-05,1069.6251220703125,2023,2
Nestle,2023-05-08,1067.8472900390625,2023,2
Nestle,2023-05-09,1067.2691650390625,2023,2
Nestle,2023-05-10,1071.0897216796875,2023,2
Nestle,2023-05-11,1069.6226806640625,2023,2
Nestle,2023-05-12,1058.66162109375,2023,2
Nestle,2023-05-15,1058.294921875,2023,2
Nestle,2023-05-16,1057.9937744140625,2023,2
Nestle,2023-05-17,1055.6669921875,2023,2
Nestle,2023-05-18,1053.0972900390625,2023,2
Nestle,2023-05-19,1053.6097412109375,2023,2
Nestle,2023-05-22,1044.12060546875,2023,2
Nestle,2023-05-23,1039.6954345703125,2023,2
Nestle,2023-05-24,1038.5733642578125,2023,2
Nestle,2023-05-25,1043.15380859375,2023,2
Nestle,2023-05-26,1048.3441162109375,2023,2
Nestle,2023-05-29,1055.5189208984375,2023,2
Nestle,2023-05-30,1047.9896240234375,2023,2
Nestle,2023-05-31,1052.78173828125,2023,2
Nestle,2023-06-01,1062.5548095703125,2023,2
Nestle,2023-06-02,1070.917236328125,2023,2
Nestle,2023-06-05,1060.6046142578125,2023,2
Nestle,2023-06-06,1054.3504638671875,2023,2
Nestle,2023-06-07,1086.5245361328125,2023,2
Nestle,2023-06-08,1075.893798828125,2023,2
Nestle,2023-06-09,1072.228759765625,2023,2
Nestle,2023-06-12,1082.71630859375,2023,2
Nestle,2023-06-13,1092.589111328125,2023,2
Nestle,2023-06-14,1104.060302734375,2023,2
Nestle,2023-06-15,1115.5947265625,2023,2
Nestle,2023-06-16,1115.708740234375,2023,2
Nestle,2023-06-19,1107.2711181640625,2023,2
Nestle,2023-06-20,1115.0770263671875,2023,2
Nestle,2023-06-21,1111.970703125,2023,2
Nestle,2023-06-22,1094.5467529296875,2023,2
Nestle,2023-06-23,1094.7386474609375,2023,2
Nestle,2023-06-26,1099.30224609375,2023,2
Nestle,2023-06-27,1099.6156005859375,2023,2
Nestle,2023-06-28,1104.8057861328125,2023,2
Nestle,2023-06-30,1112.1019287109375,2023,2
Nestle,2023-07-03,1099.3870849609375,2023,3
Nestle,2023-07-04,1098.974365234375,2023,3
Nestle,2023-07-05,1112.3740234375,2023,3
Nestle,2023-07-06,1122.067138671875,2023,3
Nestle,2023-07-07,1112.679931640625,2023,3
Nestle,2023-07-10,1096.8468017578125,2023,3
Nestle,2023-07-11,1110.0616455078125,2023,3
Nestle,2023-07-12,1120.1534423828125,2023,3
Nestle,2023-07-13,1108.5291748046875,2023,3
Nestle,2023-07-14,1123.942138671875,2023,3
Nestle,2023-07-17,1120.673095703125,2023,3
Nestle,2023-07-18,1116.1265869140625,2023,3
Nestle,2023-07-19,1114.367919921875,2023,3
Nestle,2023-07-20,1117.62255859375,2023,3
Nestle,2023-07-21,1116.388671875,2023,3
Nestle,2023-07-24,1108.4974365234375,2023,3
Nestle,2023-07-25,1106.2049560546875,2023,3
Nestle,2023-07-26,1107.5164794921875,2023,3
Nestle,2023-07-27,1084.462646484375,2023,3
Nestle,2023-07-28,1092.020751953125,2023,3
Nestle,2023-07-31,1095.5377197265625,2023,3
Nestle,2023-08-01,1097.500244140625,2023,3
Nestle,2023-08-02,1111.51904296875,2023,3
Nestle,2023-08-03,1091.7730712890625,2023,3
Nestle,2023-08-04,1090.73828125,2023,3
Nestle,2023-08-07,1090.9715576171875,2023,3
Nestle,2023-08-08,1079.796875,2023,3
Nestle,2023-08-09,1079.269775390625,2023,3
Nestle,2023-08-10,1068.162841796875,2023,3
Nestle,2023-08-11,1061.0054931640625,2023,3
Nestle,2023-08-14,1063.779052734375,2023,3
Nestle,2023-08-16,1066.1300048828125,2023,3
Nestle,2023-08-17,1052.507080078125,2023,3
Nestle,2023-08-18,1060.403076171875,2023,3
Nestle,2023-08-21,1070.32958984375,2023,3
Nestle,2023-08-22,1069.9212646484375,2023,3
Nestle,2023-08-23,1077.5574951171875,2023,3
Nestle,2023-08-24,1080.556884765625,2023,3
Nestle,2023-08-25,1077.8173828125,2023,3
Nestle,2023-08-28,1070.334228515625,2023,3
Nestle,2023-08-29,1071.7210693359375,2023,3
Nestle,2023-08-30,1078.3031005859375,2023,3
Nestle,2023-08-31,1068.000244140625,2023,3
Nestle,2023-09-01,1064.5587158203125,2023,3
Nestle,2023-09-04,1055.94384765625,2023,3
Nestle,2023-09-05,1066.4482421875,2023,3
Nestle,2023-09-06,1068.8599853515625,2023,3
Nestle,2023-09-07,1063.6234130859375,2023,3
Nestle,2023-09-08,1062.989501953125,2023,3
Nestle,2023-09-11,1074.832275390625,2023,3
Nestle,2023-09-12,1084.0955810546875,2023,3
Nestle,2023-09-13,1077.3946533203125,2023,3
Nestle,2023-09-14,1091.865478515625,2023,3
Nestle,2023-09-15,1098.8892822265625,2023,3
Nestle,2023-09-18,1108.4635009765625,2023,3
Nestle,2023-09-20,1101.704345703125,2023,3
Nestle,2023-09-21,1094.575927734375,2023,3
Nestle,2023-09-22,1094.52734375,2023,3
Nestle,2023-09-25,1099.688232421875,2023,3
Nestle,2023-09-26,1117.5059814453125,2023,3
Nestle,2023-09-27,1111.0672607421875,2023,3
Nestle,2023-09-28,1094.8162841796875,2023,3
Nestle,2023-09-29,1093.28369140625,2023,3
Nestle,2023-10-03,1083.9742431640625,2023,4
Nestle,2023-10-04,1116.5660400390625,2023,4
Nestle,2023-10-05,1113.2872314453125,2023,4
Nestle,2023-10-06,1112.9737548828125,2023,4
Nestle,2023-10-09,1111.4970703125,2023,4
Nestle,2023-10-10,1115.684326171875,2023,4
Nestle,2023-10-11,1127.05126953125,2023,4
Nestle,2023-10-12,1120.886962890625,2023,4
Nestle,2023-10-13,1144.1641845703125,2023,4
Nestle,2023-10-16,1122.50927734375,2023,4
Nestle,2023-10-17,1133.037841796875,2023,4
Nestle,2023-10-18,1130.00927734375,2023,4
Nestle,2023-10-19,1172.2408447265625,2023,4
Nestle,2023-10-20,1179.3985595703125,2023,4
Nestle,2023-10-23,1175.4178466796875,2023,4
Nestle,2023-10-25,1178.5726318359375,2023,4
Nestle,2023-10-26,1143.7392578125,2023,4
Nestle,2023-10-27,1168.5782470703125,2023,4
Nestle,2023-10-30,1174.1522216796875,2023,4
Nestle,2023-10-31,1177.217529296875,2023,4
Nestle,2023-11-01,1166.3660888671875,2023,4
Nestle,2023-11-02,1178.0478515625,2023,4
Nestle,2023-11-03,1172.539306640625,2023,4
Nestle,2023-11-06,1186.732421875,2023,4
Nestle,2023-11-07,1190.6385498046875,2023,4
Nestle,2023-11-08,1186.3416748046875,2023,4
Nestle,2023-11-09,1183.6641845703125,2023,4
Nestle,2023-11-10,1179.2889404296875,2023,4
Nestle,2023-11-13,1176.7801513671875,2023,4
Nestle,2023-11-15,1181.08935546875,2023,4
Nestle,2023-11-16,1176.6361083984375,2023,4
Nestle,2023-11-17,1190.81201171875,2023,4
Nestle,2023-11-20,1187.3675537109375,2023,4
Nestle,2023-11-21,1190.83154296875,2023,4
Nestle,2023-11-22,1189.727294921875,2023,4
Nestle,2023-11-23,1191.8016357421875,2023,4
Nestle,2023-11-24,1179.3746337890625,2023,4
Nestle,2023-11-28,1183.2659912109375,2023,4
Nestle,2023-11-29,1175.8836669921875,2023,4
Nestle,2023-11-30,1184.1234130859375,2023,4
Nestle,2023-12-01,1189.12890625,2023,4
Nestle,2023-12-04,1192.2655029296875,2023,4
Nestle,2023-12-05,1202.335205078125,2023,4
Nestle,2023-12-06,1219.9044189453125,2023,4
Nestle,2023-12-07,1220.234130859375,2023,4
Nestle,2023-12-08,1211.163818359375,2023,4
Nestle,2023-12-11,1223.5662841796875,2023,4
Nestle,2023-12-12,1218.8612060546875,2023,4
Nestle,2023-12-13,1223.6126708984375,2023,4
Nestle,2023-12-14,1211.3446044921875,2023,4
Nestle,2023-12-15,1190.4871826171875,2023,4
Nestle,2023-12-18,1189.8935546875,2023,4
Nestle,2023-12-19,1245.369140625,2023,4
Nestle,2023-12-20,1226.2193603515625,2023,4
Nestle,2023-12-21,1227.1036376953125,2023,4
Nestle,2023-12-22,1239.4451904296875,2023,4
Nestle,2023-12-26,1248.90380859375,2023,4
Nestle,2023-12-27,1256.6429443359375,2023,4
Nestle,2023-12-28,1282.5106201171875,2023,4
Nestle,2023-12-29,1298.6533203125,2023,4
Nestle,2024-01-01,1337.3533935546875,2024,1
Nestle,2024-01-02,1330.0615234375,2024,1
Nestle,2024-01-03,1301.33544921875,2024,1
Nestle,2024-01-04,1324.845703125,2024,1
Nestle,2024-01-05,1302.74267578125,2024,1
Nestle,2024-01-08,1279.730712890625,2024,1
Nestle,2024-01-09,1266.685791015625,2024,1
Nestle,2024-01-10,1259.6014404296875,2024,1
Nestle,2024-01-11,1249.3900146484375,2024,1
Nestle,2024-01-12,1245.6768798828125,2024,1
Nestle,2024-01-15,1244.67529296875,2024,1
Nestle,2024-01-16,1241.988037109375,2024,1
Nestle,2024-01-17,1242.501220703125,2024,1
Nestle,2024-01-18,1222.4205322265625,2024,1
Nestle,2024-01-19,1228.3568115234375,2024,1
Nestle,2024-01-23,1203.317138671875,2024,1
Nestle,2024-01-24,1228.259033203125,2024,1
Nestle,2024-01-25,1212.722412109375,2024,1
Nestle,2024-01-29,1220.735107421875,2024,1
Nestle,2024-01-30,1217.5594482421875,2024,1
Nestle,2024-01-31,1224.375,2024,1
Nestle,2024-02-01,1205.7113037109375,2024,1
Nestle,2024-02-02,1212.3558349609375,2024,1
Nestle,2024-02-05,1203.2193603515625,2024,1
Nestle,2024-02-06,1200.2635498046875,2024,1
Nestle,2024-02-07,1221.2481689453125,2024,1
Nestle,2024-02-08,1183.8475341796875,2024,1
Nestle,2024-02-09,1197.0633544921875,2024,1
Nestle,2024-02-12,1201.436279296875,2024,1
Nestle,2024-02-13,1200.6058349609375,2024,1
Nestle,2024-02-14,1215.0919189453125,2024,1
Nestle,2024-02-15,1202.1326904296875,2024,1
Nestle,2024-02-16,1218.8399658203125,2024,1
Nestle,2024-02-19,1231.3829345703125,2024,1
Nestle,2024-02-20,1244.1953125,2024,1
Nestle,2024-02-21,1246.2532958984375,2024,1
Nestle,2024-02-22,1255.8316650390625,2024,1
Nestle,2024-02-23,1263.5975341796875,2024,1
Nestle,2024-02-26,1265.9984130859375,2024,1
Nestle,2024-02-27,1273.249755859375,2024,1
Nestle,2024-02-28,1259.62890625,2024,1
Nestle,2024-02-29,1272.0247802734375,2024,1
Nestle,2024-03-01,1274.5970458984375,2024,1
Nestle,2024-03-04,1268.5462646484375,2024,1
Nestle,2024-03-05,1243.827880859375,2024,1
Nestle,2024-03-06,1241.0841064453125,2024,1
Nestle,2024-03-07,1254.7540283203125,2024,1
Nestle,2024-03-11,1279.5211181640625,2024,1
Nestle,2024-03-12,1269.0606689453125,2024,1
Nestle,2024-03-13,1265.5328369140625,2024,1
Nestle,2024-03-14,1280.1337890625,2024,1
Nestle,2024-03-15,1275.6749267578125,2024,1
Nestle,2024-03-18,1264.259033203125,2024,1
Nestle,2024-03-19,1222.955810546875,2024,1
Nestle,2024-03-20,1249.5113525390625,2024,1
Nestle,2024-03-21,1251.1771240234375,2024,1
Nestle,2024-03-22,1260.853759765625,2024,1
Nestle,2024-03-26,1267.076416015625,2024,1
Nestle,2024-03-27,1257.448486328125,2024,1
Nestle,2024-03-28,1284.8372802734375,2024,1
Nestle,2024-04-01,1266.831298828125,2024,2
Nestle,2024-04-02,1285.302734375,2024,2
Nestle,2024-04-03,1251.3240966796875,2024,2
Nestle,2024-04-04,1249.1929931640625,2024,2
Nestle,2024-04-05,1243.337890625,2024,2
Nestle,2024-04-08,1223.9356689453125,2024,2
Nestle,2024-04-09,1226.262939453125,2024,2
Nestle,2024-04-10,1238.413818359375,2024,2
Nestle,2024-04-12,1242.62744140625,2024,2
Nestle,2024-04-15,1251.1771240234375,2024,2
Nestle,2024-04-16,1247.47802734375,2024,2
Nestle,2024-04-18,1206.5421142578125,2024,2
Nestle,2024-04-19,1194.3668212890625,2024,2
Nestle,2024-04-22,1204.65576171875,2024,2
Nestle,2024-04-23,1225.50341796875,2024,2
Nestle,2024-04-24,1224.9644775390625,2024,2
Nestle,2024-04-25,1255.5867919921875,2024,2
Nestle,2024-04-26,1216.439208984375,2024,2
Nestle,2024-04-29,1229.692626953125,2024,2
Nestle,2024-04-30,1228.5166015625,2024,2
Nestle,2024-05-02,1230.9176025390625,2024,2
Nestle,2024-05-03,1203.3819580078125,2024,2
Nestle,2024-05-06,1204.0189208984375,2024,2
Nestle,2024-05-07,1229.129150390625,2024,2
Nestle,2024-05-08,1243.9993896484375,2024,2
Nestle,2024-05-09,1231.48095703125,2024,2
Nestle,2024-05-10,1241.1575927734375,2024,2
Nestle,2024-05-13,1232.8529052734375,2024,2
Nestle,2024-05-14,1218.6932373046875,2024,2
Nestle,2024-05-15,1207.7425537109375,2024,2
Nestle,2024-05-16,1209.3839111328125,2024,2
Nestle,2024-05-17,1198.1883544921875,2024,2
Nestle,2024-05-21,1205.684814453125,2024,2
Nestle,2024-05-22,1209.7757568359375,2024,2
Nestle,2024-05-23,1212.2257080078125,2024,2
Nestle,2024-05-24,1209.0899658203125,2024,2
Nestle,2024-05-27,1205.24365234375,2024,2
Nestle,2024-05-28,1201.22607421875,2024,2
Nestle,2024-05-29,1213.2301025390625,2024,2
Nestle,2024-05-30,1178.2471923828125,2024,2
Nestle,2024-05-31,1153.79833984375,2024,2
Nestle,2024-06-03,1153.8719482421875,2024,2
Nestle,2024-06-04,1189.49169921875,2024,2
Nestle,2024-06-05,1229.71728515625,2024,2
Nestle,2024-06-06,1210.8782958984375,2024,2
Nestle,2024-06-07,1226.09130859375,2024,2
Nestle,2024-06-10,1248.5069580078125,2024,2
Nestle,2024-06-11,1245.4447021484375,2024,2
Nestle,2024-06-12,1243.16650390625,2024,2
Nestle,2024-06-13,1250.2464599609375,2024,2
Nestle,2024-06-14,1245.7142333984375,2024,2
Nestle,2024-06-18,1249.560302734375,2024,2
Nestle,2024-06-19,1237.6544189453125,2024,2
Nestle,2024-06-20,1244.3668212890625,2024,2
Nestle,2024-06-21,1224.1070556640625,2024,2
Nestle,2024-06-24,1239.6142578125,2024,2
Nestle,2024-06-25,1232.4610595703125,2024,2
Nestle,2024-06-26,1241.672119140625,2024,2
Nestle,2024-06-27,1241.4271240234375,2024,2
Nestle,2024-06-28,1250.1971435546875,2024,2
Nestle,2024-07-01,1258.257080078125,2024,3
Nestle,2024-07-02,1246.6695556640625,2024,3
Nestle,2024-07-03,1250.123779296875,2024,3
Nestle,2024-07-04,1247.0126953125,2024,3
Nestle,2024-07-05,1261.221435546875,2024,3
Nestle,2024-07-08,1275.552490234375,2024,3
Nestle,2024-07-09,1290.104248046875,2024,3
Nestle,2024-07-10,1281.9464111328125,2024,3
Nestle,2024-07-11,1270.554931640625,2024,3
Nestle,2024-07-12,1278.296142578125,2024,3
Nestle,2024-07-15,1276.385498046875,2024,3
Nestle,2024-07-16,1283.0040283203125,2024,3
Nestle,2024-07-18,1292.72265625,2024,3
Nestle,2024-07-19,1278.3538818359375,2024,3
Nestle,2024-07-22,1273.162353515625,2024,3
Nestle,2024-07-23,1270.3330078125,2024,3
Nestle,2024-07-24,1250.57568359375,2024,3
Nestle,2024-07-25,1220.681884765625,2024,3
Nestle,2024-07-26,1218.83642578125,2024,3
Nestle,2024-07-29,1215.5888671875,2024,3
Nestle,2024-07-30,1209.3638916015625,2024,3
Nestle,2024-07-31,1208.7242431640625,2024,3
Nestle,2024-08-01,1222.330322265625,2024,3
Nestle,2024-08-02,1227.79248046875,2024,3
Nestle,2024-08-05,1235.5672607421875,2024,3
Nestle,2024-08-06,1234.3863525390625,2024,3
Nestle,2024-08-07,1241.423095703125,2024,3
Nestle,2024-08-08,1224.8399658203125,2024,3
Nestle,2024-08-09,1232.5164794921875,2024,3
Nestle,2024-08-12,1216.9666748046875,2024,3
Nestle,2024-08-13,1222.6746826171875,2024,3
Nestle,2024-08-14,1217.7047119140625,2024,3
Nestle,2024-08-16,1242.7271728515625,2024,3
Nestle,2024-08-19,1231.753662109375,2024,3
Nestle,2024-08-20,1239.30712890625,2024,3
Nestle,2024-08-21,1255.6689453125,2024,3
Nestle,2024-08-22,1255.2998046875,2024,3
Nestle,2024-08-23,1244.5723876953125,2024,3
Nestle,2024-08-26,1239.823974609375,2024,3
Nestle,2024-08-27,1240.7587890625,2024,3
Nestle,2024-08-28,1226.5130615234375,2024,3
Nestle,2024-08-29,1232.442626953125,2024,3
Nestle,2024-08-30,1230.57275390625,2024,3
Nestle,2024-09-02,1235.0751953125,2024,3
Nestle,2024-09-03,1245.335205078125,2024,3
Nestle,2024-09-04,1247.3035888671875,2024,3
Nestle,2024-09-05,1232.6148681640625,2024,3
Nestle,2024-09-06,1231.7783203125,2024,3
Nestle,2024-09-09,1238.446044921875,2024,3
Nestle,2024-09-10,1247.672607421875,2024,3
Nestle,2024-09-11,1243.4161376953125,2024,3
Nestle,2024-09-12,1243.9080810546875,2024,3
Nestle,2024-09-13,1245.655029296875,2024,3
Nestle,2024-09-16,1254.6109619140625,2024,3
Nestle,2024-09-17,1253.2576904296875,2024,3
Nestle,2024-09-18,1278.00927734375,2024,3
Nestle,2024-09-19,1296.2410888671875,2024,3
Nestle,2024-09-20,1328.3984375,2024,3
Nestle,2024-09-23,1340.9957275390625,2024,3
Nestle,2024-09-24,1326.848388671875,2024,3
Nestle,2024-09-25,1327.3160400390625,2024,3
Nestle,2024-09-26,1355.9305419921875,2024,3
Nestle,2024-09-27,1351.108154296875,2024,3
Nestle,2024-09-30,1323.674560546875,2024,3
Nestle,2024-10-01,1332.089111328125,2024,4
Nestle,2024-10-03,1316.244140625,2024,4
Nestle,2024-10-04,1278.5013427734375,2024,4
Nestle,2024-10-07,1266.5439453125,2024,4
Nestle,2024-10-08,1270.431396484375,2024,4
Nestle,2024-10-09,1238.076904296875,2024,4
Nestle,2024-10-10,1236.330078125,2024,4
Nestle,2024-10-11,1236.0103759765625,2024,4
Nestle,2024-10-14,1231.2125244140625,2024,4
Nestle,2024-10-15,1222.453369140625,2024,4
Nestle,2024-10-16,1211.6275634765625,2024,4
Nestle,2024-10-17,1170.51416015625,2024,4
Nestle,2024-10-18,1156.514404296875,2024,4
Nestle,2024-10-21,1158.6796875,2024,4
Nestle,2024-10-22,1156.514404296875,2024,4
Nestle,2024-10-23,1145.147216796875,2024,4
Nestle,2024-10-24,1111.439697265625,2024,4
Nestle,2024-10-25,1112.448486328125,2024,4
Nestle,2024-10-28,1118.03369140625,2024,4
Nestle,2024-10-29,1115.7454833984375,2024,4
Nestle,2024-10-30,1120.1251220703125,2024,4
Nestle,2024-10-31,1113.5557861328125,2024,4
Nestle,2024-11-01,1123.0775146484375,2024,4
Nestle,2024-11-04,1105.3133544921875,2024,4
Nestle,2024-11-05,1113.309814453125,2024,4
Nestle,2024-11-06,1119.7806396484375,2024,4
Nestle,2024-11-07,1113.506591796875,2024,4
Nestle,2024-11-08,1129.646728515625,2024,4
Nestle,2024-11-11,1121.478271484375,2024,4
Nestle,2024-11-12,1110.2342529296875,2024,4
Nestle,2024-11-13,1099.9251708984375,2024,4
Nestle,2024-11-14,1074.115478515625,2024,4
Nestle,2024-11-18,1089.07470703125,2024,4
Nestle,2024-11-19,1089.542236328125,2024,4
Nestle,2024-11-21,1088.0904541015625,2024,4
Nestle,2024-11-22,1105.854736328125,2024,4
Nestle,2024-11-25,1110.6031494140625,2024,4
Nestle,2024-11-26,1114.6876220703125,2024,4
Nestle,2024-11-27,1118.9686279296875,2024,4
Nestle,2024-11-28,1100.417236328125,2024,4
Nestle,2024-11-29,1099.6297607421875,2024,4
Nestle,2024-12-02,1108.0936279296875,2024,4
Nestle,2024-12-03,1112.9405517578125,2024,4
Nestle,2024-12-04,1111.0216064453125,2024,4
Nestle,2024-12-05,1114.810546875,2024,4
Nestle,2024-12-06,1115.9422607421875,2024,4
Nestle,2024-12-09,1096.7757568359375,2024,4
Nestle,2024-12-10,1089.6898193359375,2024,4
Nestle,2024-12-11,1102.779052734375,2024,4
Nestle,2024-12-12,1094.413818359375,2024,4
Nestle,2024-12-13,1108.905517578125,2024,4
Nestle,2024-12-16,1101.6473388671875,2024,4
Nestle,2024-12-17,1084.0308837890625,2024,4
Nestle,2024-12-18,1076.6988525390625,2024,4
Nestle,2024-12-19,1063.0927734375,2024,4
Nestle,2024-12-20,1064.6182861328125,2024,4
Nestle,2024-12-23,1058.7625732421875,2024,4
Nestle,2024-12-24,1066.19287109375,2024,4
Nestle,2024-12-26,1057.9259033203125,2024,4
Nestle,2024-12-27,1065.6517333984375,2024,4
Nestle,2024-12-30,1062.8466796875,2024,4
